{"type":"FeatureCollection","features":[{"type":"Feature","geometry":{"type":"Point","coordinates":[-6.36218,53.37509]},"properties":{"school_id":"00697S","name":"ST BRIGIDS MXD N S","level":"primary","enrolment":834,"projected_new_pupils":0.0,"pressure_ratio":0.0}},{"type":"Feature","geometry":{"type":"Point","coordinates":[-6.44359,53.35955]},"properties":{"school_id":"00714P","name":"LUCAN B N S","level":"primary","enrolment":501,"projected_new_pupils":0.0,"pressure_ratio":0.0}},{"type":"Feature","geometry":{"type":"Point","coordinates":[-6.27883,53.29128]},"properties":{"school_id":"00729F","name":"CLOCHAR LORETO N S","level":"primary","enrolment":445,"projected_new_pupils":0.0,"pressure_ratio":0.0}},{"type":"Feature","geometry":{"type":"Point","coordinates":[-6.25601,53.35149]},"properties":{"school_id":"00752A","name":"CENTRAL SENIOR MXD N S","level":"primary","enrolment":227,"projected_new_pupils":0.0,"pressure_ratio":0.0}},{"type":"Feature","geometry":{"type":"Point","coordinates":[-6.46639,53.5031]},"properties":{"school_id":"00885T","name":"RATOATH JUNIOR N S","level":"primary","enrolment":213,"projected_new_pupils":0.0,"pressure_ratio":0.0}},{"type":"Feature","geometry":{"type":"Point","coordinates":[-6.28564,53.57887]},"properties":{"school_id":"01170G","name":"S N na hAille","level":"primary","enrolment":163,"projected_new_pupils":0.0,"pressure_ratio":0.0}},{"type":"Feature","geometry":{"type":"Point","coordinates":[-6.25588,53.35124]},"properties":{"school_id":"01795A","name":"CENTRAL INFS SCHOOL","level":"primary","enrolment":149,"projected_new_pupils":0.0,"pressure_ratio":0.0}},{"type":"Feature","geometry":{"type":"Point","coordinates":[-6.22949,53.26422]},"properties":{"school_id":"02872U","name":"St. Mary's National School","level":"primary","enrolment":242,"projected_new_pupils":0.0,"pressure_ratio":0.0}},{"type":"Feature","geometry":{"type":"Point","coordinates":[-6.29444,53.28644]},"properties":{"school_id":"03359N","name":"BALLYROAN B N S","level":"primary","enrolment":375,"projected_new_pupils":0.0,"pressure_ratio":0.0}},{"type":"Feature","geometry":{"type":"Point","coordinates":[-6.22531,53.34343]},"properties":{"school_id":"03917V","name":"NAOMH PADRAIG BOYS","level":"primary","enrolment":137,"projected_new_pupils":0.0,"pressure_ratio":0.0}},{"type":"Feature","geometry":{"type":"Point","coordinates":[-6.27433,53.38418]},"properties":{"school_id":"04992R","name":"Scoil na Croi Naofa","level":"primary","enrolment":404,"projected_new_pupils":0.0,"pressure_ratio":0.0}},{"type":"Feature","geometry":{"type":"Point","coordinates":[-6.13806,53.29221]},"properties":{"school_id":"05600C","name":"CLOCHAR SAN DOMINIC","level":"primary","enrolment":184,"projected_new_pupils":0.0,"pressure_ratio":0.0}},{"type":"Feature","geometry":{"type":"Point","coordinates":[-6.27178,53.34831]},"properties":{"school_id":"05933G","name":"PRESENTATION PRIMARY SCHOOL","level":"primary","enrolment":165,"projected_new_pupils":0.0,"pressure_ratio":0.0}},{"type":"Feature","geometry":{"type":"Point","coordinates":[-6.54231,53.17927]},"properties":{"school_id":"06176U","name":"BLESSINGTON 1 N S","level":"primary","enrolment":195,"projected_new_pupils":0.0,"pressure_ratio":0.0}},{"type":"Feature","geometry":{"type":"Point","coordinates":[-6.19894,53.30897]},"properties":{"school_id":"06200O","name":"BOOTERSTOWN BOYS","level":"primary","enrolment":188,"projected_new_pupils":0.0,"pressure_ratio":0.0}},{"type":"Feature","geometry":{"type":"Point","coordinates":[-6.10957,53.2089]},"properties":{"school_id":"07246U","name":"Ravenswell Primary School","level":"primary","enrolment":468,"projected_new_pupils":0.0,"pressure_ratio":0.0}},{"type":"Feature","geometry":{"type":"Point","coordinates":[-6.31909,53.33668]},"properties":{"school_id":"07546J","name":"GOLDENBRIDGE CONVENT","level":"primary","enrolment":188,"projected_new_pupils":0.0,"pressure_ratio":0.0}},{"type":"Feature","geometry":{"type":"Point","coordinates":[-6.23218,53.61528]},"properties":{"school_id":"09492W","name":"BALSCADDEN N S","level":"primary","enrolment":198,"projected_new_pupils":0.0,"pressure_ratio":0.0}},{"type":"Feature","geometry":{"type":"Point","coordinates":[-6.10029,53.39129]},"properties":{"school_id":"09642P","name":"BURROW N S","level":"primary","enrolment":195,"projected_new_pupils":0.0,"pressure_ratio":0.0}},{"type":"Feature","geometry":{"type":"Point","coordinates":[-6.28205,53.30966]},"properties":{"school_id":"09750S","name":"ST JOSEPHS BOYS N S","level":"primary","enrolment":363,"projected_new_pupils":0.0,"pressure_ratio":0.0}},{"type":"Feature","geometry":{"type":"Point","coordinates":[-6.16736,53.18843]},"properties":{"school_id":"09760V","name":"POWERSCOURT N S","level":"primary","enrolment":114,"projected_new_pupils":0.0,"pressure_ratio":0.0}},{"type":"Feature","geometry":{"type":"Point","coordinates":[-6.28262,53.35237]},"properties":{"school_id":"09932B","name":"STANHOPE STREET PRIMARY SCHOOL","level":"primary","enrolment":384,"projected_new_pupils":0.0,"pressure_ratio":0.0}},{"type":"Feature","geometry":{"type":"Point","coordinates":[-6.13499,53.42222]},"properties":{"school_id":"10296G","name":"SCOIL NAOMH MEARNOG","level":"primary","enrolment":638,"projected_new_pupils":0.0,"pressure_ratio":0.0}},{"type":"Feature","geometry":{"type":"Point","coordinates":[-6.18088,53.28938]},"properties":{"school_id":"10494K","name":"ALL SAINTS N S","level":"primary","enrolment":51,"projected_new_pupils":0.0,"pressure_ratio":0.0}},{"type":"Feature","geometry":{"type":"Point","coordinates":[-6.34471,53.35027]},"properties":{"school_id":"10653E","name":"CHAPELIZOD N S","level":"primary","enrolment":30,"projected_new_pupils":0.0,"pressure_ratio":0.0}},{"type":"Feature","geometry":{"type":"Point","coordinates":[-6.46739,53.19816]},"properties":{"school_id":"10683N","name":"KILBRIDE N S","level":"primary","enrolment":97,"projected_new_pupils":0.0,"pressure_ratio":0.0}},{"type":"Feature","geometry":{"type":"Point","coordinates":[-6.25829,53.3702]},"properties":{"school_id":"11525A","name":"ST PATRICKS N SCHOOL","level":"primary","enrolment":449,"projected_new_pupils":0.0,"pressure_ratio":0.0}},{"type":"Feature","geometry":{"type":"Point","coordinates":[-6.2513,53.34661]},"properties":{"school_id":"11578V","name":"CITY QUAY NS","level":"primary","enrolment":151,"projected_new_pupils":0.0,"pressure_ratio":0.0}},{"type":"Feature","geometry":{"type":"Point","coordinates":[-6.15296,53.44891]},"properties":{"school_id":"11583O","name":"ST ANDREWS N S","level":"primary","enrolment":207,"projected_new_pupils":0.0,"pressure_ratio":0.0}},{"type":"Feature","geometry":{"type":"Point","coordinates":[-6.28228,53.27193]},"properties":{"school_id":"11638N","name":"WHITECHURCH NAT SCHOOL","level":"primary","enrolment":194,"projected_new_pupils":0.0,"pressure_ratio":0.0}},{"type":"Feature","geometry":{"type":"Point","coordinates":[-6.1277,53.23615]},"properties":{"school_id":"11873A","name":"RATHMICHAEL N S","level":"primary","enrolment":205,"projected_new_pupils":0.0,"pressure_ratio":0.0}},{"type":"Feature","geometry":{"type":"Point","coordinates":[-6.21218,53.32824]},"properties":{"school_id":"11894I","name":"SCOIL MHUIRE","level":"primary","enrolment":286,"projected_new_pupils":0.0,"pressure_ratio":0.0}},{"type":"Feature","geometry":{"type":"Point","coordinates":[-6.43519,53.36076]},"properties":{"school_id":"12014D","name":"ST ANDREWS N S","level":"primary","enrolment":374,"projected_new_pupils":0.0,"pressure_ratio":0.0}},{"type":"Feature","geometry":{"type":"Point","coordinates":[-6.22313,53.45745]},"properties":{"school_id":"12358M","name":"SWORDS BOROUGH N S","level":"primary","enrolment":84,"projected_new_pupils":0.0,"pressure_ratio":0.0}},{"type":"Feature","geometry":{"type":"Point","coordinates":[-6.25889,53.3581]},"properties":{"school_id":"12448N","name":"GARDINER STREET CONVENT","level":"primary","enrolment":298,"projected_new_pupils":0.0,"pressure_ratio":0.0}},{"type":"Feature","geometry":{"type":"Point","coordinates":[-6.26362,53.31854]},"properties":{"school_id":"12755W","name":"KILDARE PLACE N S","level":"primary","enrolment":189,"projected_new_pupils":0.0,"pressure_ratio":0.0}},{"type":"Feature","geometry":{"type":"Point","coordinates":[-6.47569,53.28023]},"properties":{"school_id":"13217W","name":"HOLY FAMILY NATIONAL SCHOOL","level":"primary","enrolment":671,"projected_new_pupils":0.0,"pressure_ratio":0.0}},{"type":"Feature","geometry":{"type":"Point","coordinates":[-6.43997,53.35894]},"properties":{"school_id":"13447Q","name":"SCOIL MHUIRE","level":"primary","enrolment":558,"projected_new_pupils":0.0,"pressure_ratio":0.0}},{"type":"Feature","geometry":{"type":"Point","coordinates":[-6.10102,53.18931]},"properties":{"school_id":"13597M","name":"ST ANDREWS N S","level":"primary","enrolment":204,"projected_new_pupils":0.0,"pressure_ratio":0.0}},{"type":"Feature","geometry":{"type":"Point","coordinates":[-6.27634,53.33565]},"properties":{"school_id":"13611D","name":"PRESENTATION PRIMARY SCHOOL","level":"primary","enrolment":223,"projected_new_pupils":0.0,"pressure_ratio":0.0}},{"type":"Feature","geometry":{"type":"Point","coordinates":[-6.28814,53.31065]},"properties":{"school_id":"13612F","name":"PRESENTATION PRIMARY SCHOOL","level":"primary","enrolment":367,"projected_new_pupils":0.0,"pressure_ratio":0.0}},{"type":"Feature","geometry":{"type":"Point","coordinates":[-6.22615,53.36422]},"properties":{"school_id":"13815T","name":"HOWTH RD MXD N S","level":"primary","enrolment":89,"projected_new_pupils":0.0,"pressure_ratio":0.0}},{"type":"Feature","geometry":{"type":"Point","coordinates":[-6.53711,53.3367]},"properties":{"school_id":"13819E","name":"PRIMROSE HILL NS","level":"primary","enrolment":109,"projected_new_pupils":0.0,"pressure_ratio":0.0}},{"type":"Feature","geometry":{"type":"Point","coordinates":[-6.10755,53.57968]},"properties":{"school_id":"14180H","name":"HOLMPATRICK N S","level":"primary","enrolment":51,"projected_new_pupils":0.0,"pressure_ratio":0.0}},{"type":"Feature","geometry":{"type":"Point","coordinates":[-6.24227,53.35872]},"properties":{"school_id":"14463T","name":"ST COLUMBAS N S MXD","level":"primary","enrolment":90,"projected_new_pupils":0.0,"pressure_ratio":0.0}},{"type":"Feature","geometry":{"type":"Point","coordinates":[-6.26716,53.34035]},"properties":{"school_id":"14556D","name":"South City CNS","level":"primary","enrolment":148,"projected_new_pupils":0.0,"pressure_ratio":0.0}},{"type":"Feature","geometry":{"type":"Point","coordinates":[-6.18304,53.2971]},"properties":{"school_id":"14586M","name":"CARYSFORT NS","level":"primary","enrolment":583,"projected_new_pupils":0.0,"pressure_ratio":0.0}},{"type":"Feature","geometry":{"type":"Point","coordinates":[-6.10303,53.28158]},"properties":{"school_id":"14647G","name":"DALKEY N S (2)","level":"primary","enrolment":101,"projected_new_pupils":0.0,"pressure_ratio":0.0}},{"type":"Feature","geometry":{"type":"Point","coordinates":[-6.27544,53.31407]},"properties":{"school_id":"14717B","name":"RATHGAR N S","level":"primary","enrolment":94,"projected_new_pupils":0.0,"pressure_ratio":0.0}},{"type":"Feature","geometry":{"type":"Point","coordinates":[-6.27468,53.30795]},"properties":{"school_id":"14917J","name":"ZION PARISH PRIMARY SCHOOL","level":"primary","enrolment":91,"projected_new_pupils":0.0,"pressure_ratio":0.0}},{"type":"Feature","geometry":{"type":"Point","coordinates":[-6.30344,53.2934]},"properties":{"school_id":"14939T","name":"RATHFARNHAM PARISH N S","level":"primary","enrolment":215,"projected_new_pupils":0.0,"pressure_ratio":0.0}},{"type":"Feature","geometry":{"type":"Point","coordinates":[-6.26746,53.3726]},"properties":{"school_id":"14980Q","name":"GLASNEVIN N S","level":"primary","enrolment":83,"projected_new_pupils":0.0,"pressure_ratio":0.0}},{"type":"Feature","geometry":{"type":"Point","coordinates":[-6.24665,53.35739]},"properties":{"school_id":"15056L","name":"S N SAN VINSEANN CAILIN","level":"primary","enrolment":208,"projected_new_pupils":0.0,"pressure_ratio":0.0}},{"type":"Feature","geometry":{"type":"Point","coordinates":[-6.10368,53.2784]},"properties":{"school_id":"15132B","name":"HAROLD BOYS N S","level":"primary","enrolment":106,"projected_new_pupils":0.0,"pressure_ratio":0.0}},{"type":"Feature","geometry":{"type":"Point","coordinates":[-6.22565,53.34333]},"properties":{"school_id":"15253N","name":"ST PATRICKS GIRLS NS","level":"primary","enrolment":143,"projected_new_pupils":0.0,"pressure_ratio":0.0}},{"type":"Feature","geometry":{"type":"Point","coordinates":[-6.23827,53.28871]},"properties":{"school_id":"15284B","name":"TANEY N S","level":"primary","enrolment":384,"projected_new_pupils":0.0,"pressure_ratio":0.0}},{"type":"Feature","geometry":{"type":"Point","coordinates":[-6.20385,53.6071]},"properties":{"school_id":"15315J","name":"ST GEORGES N S","level":"primary","enrolment":339,"projected_new_pupils":0.0,"pressure_ratio":0.0}},{"type":"Feature","geometry":{"type":"Point","coordinates":[-6.14753,53.56464]},"properties":{"school_id":"15569R","name":"SCOIL MOIBHI","level":"primary","enrolment":84,"projected_new_pupils":0.0,"pressure_ratio":0.0}},{"type":"Feature","geometry":{"type":"Point","coordinates":[-6.24817,53.32088]},"properties":{"school_id":"15618E","name":"SANDFORD PARISH NATIONAL SCHOOL","level":"primary","enrolment":196,"projected_new_pupils":0.0,"pressure_ratio":0.0}},{"type":"Feature","geometry":{"type":"Point","coordinates":[-6.34337,53.34857]},"properties":{"school_id":"15622S","name":"ST PATRICKS NS","level":"primary","enrolment":203,"projected_new_pupils":0.0,"pressure_ratio":0.0}},{"type":"Feature","geometry":{"type":"Point","coordinates":[-6.28323,53.3331]},"properties":{"school_id":"15625B","name":"ST CATHERINES WEST N S","level":"primary","enrolment":193,"projected_new_pupils":0.0,"pressure_ratio":0.0}},{"type":"Feature","geometry":{"type":"Point","coordinates":[-6.19062,53.51675]},"properties":{"school_id":"15650A","name":"CORDUFF N S","level":"primary","enrolment":83,"projected_new_pupils":0.0,"pressure_ratio":0.0}},{"type":"Feature","geometry":{"type":"Point","coordinates":[-6.24686,53.35706]},"properties":{"school_id":"15816I","name":"ST VINCENTS INF BOYS","level":"primary","enrolment":88,"projected_new_pupils":0.0,"pressure_ratio":0.0}},{"type":"Feature","geometry":{"type":"Point","coordinates":[-6.24954,53.36926]},"properties":{"school_id":"15895H","name":"DRUMCONDRA N S","level":"primary","enrolment":81,"projected_new_pupils":0.0,"pressure_ratio":0.0}},{"type":"Feature","geometry":{"type":"Point","coordinates":[-6.21813,53.33611]},"properties":{"school_id":"15995L","name":"Star of the Sea","level":"primary","enrolment":223,"projected_new_pupils":0.0,"pressure_ratio":0.0}},{"type":"Feature","geometry":{"type":"Point","coordinates":[-6.26476,53.3649]},"properties":{"school_id":"16177F","name":"LINDSAY ROAD N S","level":"primary","enrolment":95,"projected_new_pupils":0.0,"pressure_ratio":0.0}},{"type":"Feature","geometry":{"type":"Point","coordinates":[-6.13625,53.49296]},"properties":{"school_id":"16267G","name":"ST PATRICKS BOYS NATIONAL SCHOOL","level":"primary","enrolment":370,"projected_new_pupils":0.0,"pressure_ratio":0.0}},{"type":"Feature","geometry":{"type":"Point","coordinates":[-6.11017,53.578]},"properties":{"school_id":"16332O","name":"ST PATRICKS SNR MIXED","level":"primary","enrolment":338,"projected_new_pupils":0.0,"pressure_ratio":0.0}},{"type":"Feature","geometry":{"type":"Point","coordinates":[-6.10941,53.57805]},"properties":{"school_id":"16333Q","name":"ST PATRICKS JNR MIXED","level":"primary","enrolment":249,"projected_new_pupils":0.0,"pressure_ratio":0.0}},{"type":"Feature","geometry":{"type":"Point","coordinates":[-6.16925,53.26889]},"properties":{"school_id":"16352U","name":"ST BRIGIDS BOYS N S","level":"primary","enrolment":406,"projected_new_pupils":0.0,"pressure_ratio":0.0}},{"type":"Feature","geometry":{"type":"Point","coordinates":[-6.16167,53.2615]},"properties":{"school_id":"16353W","name":"ST BRIGIDS GIRLS N S","level":"primary","enrolment":499,"projected_new_pupils":0.0,"pressure_ratio":0.0}},{"type":"Feature","geometry":{"type":"Point","coordinates":[-6.50062,53.29834]},"properties":{"school_id":"16461C","name":"CAISLEAIN NUA LIAMHNA","level":"primary","enrolment":626,"projected_new_pupils":0.0,"pressure_ratio":0.0}},{"type":"Feature","geometry":{"type":"Point","coordinates":[-6.54085,53.33977]},"properties":{"school_id":"16566Q","name":"SCOIL NAOMH BRID","level":"primary","enrolment":240,"projected_new_pupils":0.0,"pressure_ratio":0.0}},{"type":"Feature","geometry":{"type":"Point","coordinates":[-6.2756,53.37686]},"properties":{"school_id":"16577V","name":"ST BRIGIDS CONVENT","level":"primary","enrolment":406,"projected_new_pupils":0.0,"pressure_ratio":0.0}},{"type":"Feature","geometry":{"type":"Point","coordinates":[-6.20017,53.24278]},"properties":{"school_id":"16629O","name":"KILTERNAN CHURCH OF IRELAND NS","level":"primary","enrolment":206,"projected_new_pupils":0.0,"pressure_ratio":0.0}},{"type":"Feature","geometry":{"type":"Point","coordinates":[-6.27569,53.32655]},"properties":{"school_id":"16651H","name":"ST CLARES CONVENT N S","level":"primary","enrolment":163,"projected_new_pupils":0.0,"pressure_ratio":0.0}},{"type":"Feature","geometry":{"type":"Point","coordinates":[-6.26352,53.36676]},"properties":{"school_id":"16659A","name":"ST COLUMBAS CON G & I","level":"primary","enrolment":378,"projected_new_pupils":0.0,"pressure_ratio":0.0}},{"type":"Feature","geometry":{"type":"Point","coordinates":[-6.38246,53.42317]},"properties":{"school_id":"16675V","name":"SCOIL NAOMH LUCAIS","level":"primary","enrolment":602,"projected_new_pupils":0.0,"pressure_ratio":0.0}},{"type":"Feature","geometry":{"type":"Point","coordinates":[-6.27676,53.3505]},"properties":{"school_id":"16695E","name":"SCOIL NA MBRATHAR BOYS SENIOR SCHOOL","level":"primary","enrolment":120,"projected_new_pupils":0.0,"pressure_ratio":0.0}},{"type":"Feature","geometry":{"type":"Point","coordinates":[-6.23041,53.37006]},"properties":{"school_id":"16753P","name":"ST VINCENT DE PAUL SENIOR SCHOOL","level":"primary","enrolment":305,"projected_new_pupils":0.0,"pressure_ratio":0.0}},{"type":"Feature","geometry":{"type":"Point","coordinates":[-6.23049,53.37]},"properties":{"school_id":"16754R","name":"ST VINCENTS DE PAUL JUNIOR N S","level":"primary","enrolment":334,"projected_new_pupils":0.0,"pressure_ratio":0.0}},{"type":"Feature","geometry":{"type":"Point","coordinates":[-6.23244,53.37074]},"properties":{"school_id":"16759E","name":"S N Mhuire na mBrathar","level":"primary","enrolment":336,"projected_new_pupils":0.0,"pressure_ratio":0.0}},{"type":"Feature","geometry":{"type":"Point","coordinates":[-6.27493,53.33875]},"properties":{"school_id":"16786H","name":"ST BRIGIDS PRIMARY SCHOOL","level":"primary","enrolment":229,"projected_new_pupils":0.0,"pressure_ratio":0.0}},{"type":"Feature","geometry":{"type":"Point","coordinates":[-6.20572,53.37857]},"properties":{"school_id":"16792C","name":"ST BRIGIDS CONVENT N S","level":"primary","enrolment":369,"projected_new_pupils":0.0,"pressure_ratio":0.0}},{"type":"Feature","geometry":{"type":"Point","coordinates":[-6.19671,53.28532]},"properties":{"school_id":"16794G","name":"ST BRIGIDS N S","level":"primary","enrolment":100,"projected_new_pupils":0.0,"pressure_ratio":0.0}},{"type":"Feature","geometry":{"type":"Point","coordinates":[-6.3941,53.4503]},"properties":{"school_id":"16825O","name":"KILBRIDE NATIONAL SCHOOL","level":"primary","enrolment":310,"projected_new_pupils":0.0,"pressure_ratio":0.0}},{"type":"Feature","geometry":{"type":"Point","coordinates":[-6.09017,53.54645]},"properties":{"school_id":"16844S","name":"SCOIL N. BREANDAN","level":"primary","enrolment":183,"projected_new_pupils":0.0,"pressure_ratio":0.0}},{"type":"Feature","geometry":{"type":"Point","coordinates":[-6.25747,53.37485]},"properties":{"school_id":"16860Q","name":"CORPUS CHRISTI N S","level":"primary","enrolment":398,"projected_new_pupils":0.0,"pressure_ratio":0.0}},{"type":"Feature","geometry":{"type":"Point","coordinates":[-6.10764,53.1991]},"properties":{"school_id":"16872A","name":"CRONAN NAOFA N S","level":"primary","enrolment":388,"projected_new_pupils":0.0,"pressure_ratio":0.0}},{"type":"Feature","geometry":{"type":"Point","coordinates":[-6.20712,53.28853]},"properties":{"school_id":"16893I","name":"S N NAOMH LORCAN","level":"primary","enrolment":390,"projected_new_pupils":0.0,"pressure_ratio":0.0}},{"type":"Feature","geometry":{"type":"Point","coordinates":[-6.29642,53.33037]},"properties":{"school_id":"16964F","name":"SCOIL MHUIRE OGH 1","level":"primary","enrolment":212,"projected_new_pupils":0.0,"pressure_ratio":0.0}},{"type":"Feature","geometry":{"type":"Point","coordinates":[-6.27486,53.30965]},"properties":{"school_id":"16966J","name":"SCOIL NAISIUNTA STRATFORD","level":"primary","enrolment":88,"projected_new_pupils":0.0,"pressure_ratio":0.0}},{"type":"Feature","geometry":{"type":"Point","coordinates":[-6.19042,53.61583]},"properties":{"school_id":"16970A","name":"ST MOLAGA SENIOR NS","level":"primary","enrolment":422,"projected_new_pupils":0.0,"pressure_ratio":0.0}},{"type":"Feature","geometry":{"type":"Point","coordinates":[-6.18844,53.60996]},"properties":{"school_id":"16972E","name":"S N PEADAR AGUS POL N","level":"primary","enrolment":357,"projected_new_pupils":0.0,"pressure_ratio":0.0}},{"type":"Feature","geometry":{"type":"Point","coordinates":[-6.34579,53.3251]},"properties":{"school_id":"16983J","name":"S N NAOMH CILLIN","level":"primary","enrolment":30,"projected_new_pupils":0.0,"pressure_ratio":0.0}},{"type":"Feature","geometry":{"type":"Point","coordinates":[-6.28525,53.36358]},"properties":{"school_id":"16988T","name":"CHRIST THE KING B N S","level":"primary","enrolment":86,"projected_new_pupils":0.0,"pressure_ratio":0.0}},{"type":"Feature","geometry":{"type":"Point","coordinates":[-6.28586,53.36366]},"properties":{"school_id":"16989V","name":"CHRIST THE KING GIRLS SENIOR SCHOOL","level":"primary","enrolment":74,"projected_new_pupils":0.0,"pressure_ratio":0.0}},{"type":"Feature","geometry":{"type":"Point","coordinates":[-6.4455,53.57433]},"properties":{"school_id":"17029S","name":"S N NAOMH CIANAIN","level":"primary","enrolment":73,"projected_new_pupils":0.0,"pressure_ratio":0.0}},{"type":"Feature","geometry":{"type":"Point","coordinates":[-6.4421,53.2801]},"properties":{"school_id":"17055T","name":"S N NAOMH MHUIRE","level":"primary","enrolment":666,"projected_new_pupils":0.0,"pressure_ratio":0.0}},{"type":"Feature","geometry":{"type":"Point","coordinates":[-6.32509,53.33763]},"properties":{"school_id":"17083B","name":"S N MUIRE GAN SMAL B","level":"primary","enrolment":331,"projected_new_pupils":0.0,"pressure_ratio":0.0}},{"type":"Feature","geometry":{"type":"Point","coordinates":[-6.52943,53.17219]},"properties":{"school_id":"17091A","name":"S N MUIRE","level":"primary","enrolment":235,"projected_new_pupils":0.0,"pressure_ratio":0.0}},{"type":"Feature","geometry":{"type":"Point","coordinates":[-6.20494,53.40352]},"properties":{"school_id":"17104G","name":"ST FRANCIS JUNIOR NATIONAL SCHOOL","level":"primary","enrolment":165,"projected_new_pupils":0.0,"pressure_ratio":0.0}},{"type":"Feature","geometry":{"type":"Point","coordinates":[-6.24377,53.35313]},"properties":{"school_id":"17110B","name":"NAOMH LORCAN O TUATHAIL SENIOR BOYS","level":"primary","enrolment":69,"projected_new_pupils":0.0,"pressure_ratio":0.0}},{"type":"Feature","geometry":{"type":"Point","coordinates":[-6.19941,53.36365]},"properties":{"school_id":"17148D","name":"S N EOIN BAISDE GIRLS SENIOR","level":"primary","enrolment":380,"projected_new_pupils":0.0,"pressure_ratio":0.0}},{"type":"Feature","geometry":{"type":"Point","coordinates":[-6.27501,53.36766]},"properties":{"school_id":"17214N","name":"St. Vincent's Primary School","level":"primary","enrolment":240,"projected_new_pupils":0.0,"pressure_ratio":0.0}},{"type":"Feature","geometry":{"type":"Point","coordinates":[-6.17448,53.1937]},"properties":{"school_id":"17223O","name":"S N MUIRE IS GEARARD","level":"primary","enrolment":206,"projected_new_pupils":0.0,"pressure_ratio":0.0}},{"type":"Feature","geometry":{"type":"Point","coordinates":[-6.31851,53.52447]},"properties":{"school_id":"17263D","name":"S N MUIRE AN SEAN BAILE","level":"primary","enrolment":78,"projected_new_pupils":0.0,"pressure_ratio":0.0}},{"type":"Feature","geometry":{"type":"Point","coordinates":[-6.24611,53.38484]},"properties":{"school_id":"17318C","name":"SCOIL AN LEINBH IOSA BOYS SENIORS","level":"primary","enrolment":297,"projected_new_pupils":0.0,"pressure_ratio":0.0}},{"type":"Feature","geometry":{"type":"Point","coordinates":[-6.31846,53.33012]},"properties":{"school_id":"17355I","name":"Our Lady of Good Counsel Girls Senior School","level":"primary","enrolment":135,"projected_new_pupils":0.0,"pressure_ratio":0.0}},{"type":"Feature","geometry":{"type":"Point","coordinates":[-6.31685,53.33063]},"properties":{"school_id":"17356K","name":"OUR LADY OF GOOD COUNSEL SCHOOL","level":"primary","enrolment":125,"projected_new_pupils":0.0,"pressure_ratio":0.0}},{"type":"Feature","geometry":{"type":"Point","coordinates":[-6.31447,53.36781]},"properties":{"school_id":"17367P","name":"Mary, Help of Christians G.N.S.","level":"primary","enrolment":352,"projected_new_pupils":0.0,"pressure_ratio":0.0}},{"type":"Feature","geometry":{"type":"Point","coordinates":[-6.28586,53.36366]},"properties":{"school_id":"17459U","name":"CHRIST THE KING I G","level":"primary","enrolment":37,"projected_new_pupils":0.0,"pressure_ratio":0.0}},{"type":"Feature","geometry":{"type":"Point","coordinates":[-6.29756,53.36911]},"properties":{"school_id":"17464N","name":"Fionnbarra Naofa B.N.S.","level":"primary","enrolment":126,"projected_new_pupils":0.0,"pressure_ratio":0.0}},{"type":"Feature","geometry":{"type":"Point","coordinates":[-6.30707,53.36991]},"properties":{"school_id":"17465P","name":"DOMINICAN CONVENT GIRLS SENIOR SCHOOL","level":"primary","enrolment":148,"projected_new_pupils":0.0,"pressure_ratio":0.0}},{"type":"Feature","geometry":{"type":"Point","coordinates":[-6.30717,53.37033]},"properties":{"school_id":"17466R","name":"ST CATHERINES INFANT SCHOOL","level":"primary","enrolment":139,"projected_new_pupils":0.0,"pressure_ratio":0.0}},{"type":"Feature","geometry":{"type":"Point","coordinates":[-6.20496,53.28187]},"properties":{"school_id":"17470I","name":"ST RAPHAELAS N S","level":"primary","enrolment":375,"projected_new_pupils":0.0,"pressure_ratio":0.0}},{"type":"Feature","geometry":{"type":"Point","coordinates":[-6.20757,53.55071]},"properties":{"school_id":"17472M","name":"BAILE FALBACH","level":"primary","enrolment":69,"projected_new_pupils":0.0,"pressure_ratio":0.0}},{"type":"Feature","geometry":{"type":"Point","coordinates":[-6.52407,53.6331]},"properties":{"school_id":"17480L","name":"S N BAILE CHEANT","level":"primary","enrolment":214,"projected_new_pupils":0.0,"pressure_ratio":0.0}},{"type":"Feature","geometry":{"type":"Point","coordinates":[-6.21733,53.22232]},"properties":{"school_id":"17507F","name":"S N PADRAIG NAOFA","level":"primary","enrolment":185,"projected_new_pupils":0.0,"pressure_ratio":0.0}},{"type":"Feature","geometry":{"type":"Point","coordinates":[-6.10915,53.19986]},"properties":{"school_id":"17537O","name":"SCOIL PADRAIG NAOFA","level":"primary","enrolment":680,"projected_new_pupils":0.0,"pressure_ratio":0.0}},{"type":"Feature","geometry":{"type":"Point","coordinates":[-6.38506,53.56278]},"properties":{"school_id":"17559B","name":"S N MHUIRE","level":"primary","enrolment":191,"projected_new_pupils":0.0,"pressure_ratio":0.0}},{"type":"Feature","geometry":{"type":"Point","coordinates":[-6.18586,53.58963]},"properties":{"school_id":"17569E","name":"BLESSED OLIVER N S","level":"primary","enrolment":298,"projected_new_pupils":0.0,"pressure_ratio":0.0}},{"type":"Feature","geometry":{"type":"Point","coordinates":[-6.34472,53.46367]},"properties":{"school_id":"17595F","name":"CILL COSCAIN","level":"primary","enrolment":107,"projected_new_pupils":0.0,"pressure_ratio":0.0}},{"type":"Feature","geometry":{"type":"Point","coordinates":[-6.28733,53.33003]},"properties":{"school_id":"17603B","name":"SCOIL IOSAGAIN BOYS SENIOR","level":"primary","enrolment":83,"projected_new_pupils":0.0,"pressure_ratio":0.0}},{"type":"Feature","geometry":{"type":"Point","coordinates":[-6.39043,53.60666]},"properties":{"school_id":"17629T","name":"S N PADRAIG NAOFA","level":"primary","enrolment":137,"projected_new_pupils":0.0,"pressure_ratio":0.0}},{"type":"Feature","geometry":{"type":"Point","coordinates":[-6.29642,53.33037]},"properties":{"school_id":"17683C","name":"MUIRE OG 2 LORETO CON","level":"primary","enrolment":191,"projected_new_pupils":0.0,"pressure_ratio":0.0}},{"type":"Feature","geometry":{"type":"Point","coordinates":[-6.18946,53.3654]},"properties":{"school_id":"17730I","name":"S N na Lanai Glasa","level":"primary","enrolment":285,"projected_new_pupils":0.0,"pressure_ratio":0.0}},{"type":"Feature","geometry":{"type":"Point","coordinates":[-6.21488,53.37398]},"properties":{"school_id":"17732M","name":"SCOIL CHIARAIN","level":"primary","enrolment":151,"projected_new_pupils":0.0,"pressure_ratio":0.0}},{"type":"Feature","geometry":{"type":"Point","coordinates":[-6.17604,53.42082]},"properties":{"school_id":"17785K","name":"SAN NIOCLAS MYRA","level":"primary","enrolment":180,"projected_new_pupils":0.0,"pressure_ratio":0.0}},{"type":"Feature","geometry":{"type":"Point","coordinates":[-6.30001,53.49145]},"properties":{"school_id":"17820J","name":"BRIGHDE NAOFA","level":"primary","enrolment":357,"projected_new_pupils":0.0,"pressure_ratio":0.0}},{"type":"Feature","geometry":{"type":"Point","coordinates":[-6.44313,53.53776]},"properties":{"school_id":"17857J","name":"S N AINDREIS NAOFA","level":"primary","enrolment":107,"projected_new_pupils":0.0,"pressure_ratio":0.0}},{"type":"Feature","geometry":{"type":"Point","coordinates":[-6.25151,53.3593]},"properties":{"school_id":"17881G","name":"SCOIL UI CHONAILL BOYS SENIORS","level":"primary","enrolment":155,"projected_new_pupils":0.0,"pressure_ratio":0.0}},{"type":"Feature","geometry":{"type":"Point","coordinates":[-6.35884,53.36026]},"properties":{"school_id":"17891J","name":"SCOIL MHUIRE","level":"primary","enrolment":176,"projected_new_pupils":0.0,"pressure_ratio":0.0}},{"type":"Feature","geometry":{"type":"Point","coordinates":[-6.26725,53.33334]},"properties":{"school_id":"17893N","name":"SANCTA MARIA C B S","level":"primary","enrolment":103,"projected_new_pupils":0.0,"pressure_ratio":0.0}},{"type":"Feature","geometry":{"type":"Point","coordinates":[-6.33729,53.28514]},"properties":{"school_id":"17899C","name":"SCOIL CARMEL","level":"primary","enrolment":313,"projected_new_pupils":0.0,"pressure_ratio":0.0}},{"type":"Feature","geometry":{"type":"Point","coordinates":[-6.31375,53.36787]},"properties":{"school_id":"17912O","name":"S N EOIN BOSCO BUACH","level":"primary","enrolment":290,"projected_new_pupils":0.0,"pressure_ratio":0.0}},{"type":"Feature","geometry":{"type":"Point","coordinates":[-6.1509,53.447]},"properties":{"school_id":"17914S","name":"ST OLIVER PLUNKETT","level":"primary","enrolment":838,"projected_new_pupils":0.0,"pressure_ratio":0.0}},{"type":"Feature","geometry":{"type":"Point","coordinates":[-6.16341,53.44951]},"properties":{"school_id":"17928G","name":"SN N SAILBHEASTAR NFA","level":"primary","enrolment":365,"projected_new_pupils":0.0,"pressure_ratio":0.0}},{"type":"Feature","geometry":{"type":"Point","coordinates":[-6.54044,53.50902]},"properties":{"school_id":"17930Q","name":"S N SEACHNAILL NAOFA","level":"primary","enrolment":622,"projected_new_pupils":0.0,"pressure_ratio":0.0}},{"type":"Feature","geometry":{"type":"Point","coordinates":[-6.19748,53.36364]},"properties":{"school_id":"17936F","name":"SN EOIN BAISDE BOYS SENIOR SCHOOL","level":"primary","enrolment":317,"projected_new_pupils":0.0,"pressure_ratio":0.0}},{"type":"Feature","geometry":{"type":"Point","coordinates":[-6.29947,53.26878]},"properties":{"school_id":"17953F","name":"S N BHAILE EAMONN","level":"primary","enrolment":75,"projected_new_pupils":0.0,"pressure_ratio":0.0}},{"type":"Feature","geometry":{"type":"Point","coordinates":[-6.20526,53.29117]},"properties":{"school_id":"17954H","name":"Oatlands Primary School, An Edmund Rice School","level":"primary","enrolment":428,"projected_new_pupils":0.0,"pressure_ratio":0.0}},{"type":"Feature","geometry":{"type":"Point","coordinates":[-6.16792,53.52919]},"properties":{"school_id":"17961E","name":"S N LUSCA","level":"primary","enrolment":413,"projected_new_pupils":0.0,"pressure_ratio":0.0}},{"type":"Feature","geometry":{"type":"Point","coordinates":[-6.5017,53.58999]},"properties":{"school_id":"17964K","name":"S N MHUIRE NAOFA","level":"primary","enrolment":81,"projected_new_pupils":0.0,"pressure_ratio":0.0}},{"type":"Feature","geometry":{"type":"Point","coordinates":[-6.20038,53.30533]},"properties":{"school_id":"17970F","name":"OUR LADY OF MERCY CONVENT SCHOOL","level":"primary","enrolment":247,"projected_new_pupils":0.0,"pressure_ratio":0.0}},{"type":"Feature","geometry":{"type":"Point","coordinates":[-6.17684,53.37848]},"properties":{"school_id":"17976R","name":"SCOIL ASSAIM BOYS SENIORS","level":"primary","enrolment":293,"projected_new_pupils":0.0,"pressure_ratio":0.0}},{"type":"Feature","geometry":{"type":"Point","coordinates":[-6.1774,53.37834]},"properties":{"school_id":"17977T","name":"SCOIL AINE CONVENT SENIOR","level":"primary","enrolment":301,"projected_new_pupils":0.0,"pressure_ratio":0.0}},{"type":"Feature","geometry":{"type":"Point","coordinates":[-6.17831,53.37791]},"properties":{"school_id":"17978V","name":"NAISCOIL IDE","level":"primary","enrolment":299,"projected_new_pupils":0.0,"pressure_ratio":0.0}},{"type":"Feature","geometry":{"type":"Point","coordinates":[-6.21775,53.2892]},"properties":{"school_id":"17979A","name":"S N CNOC AINBHIL","level":"primary","enrolment":434,"projected_new_pupils":0.0,"pressure_ratio":0.0}},{"type":"Feature","geometry":{"type":"Point","coordinates":[-6.35761,53.24547]},"properties":{"school_id":"17996A","name":"Glen na Smol N S","level":"primary","enrolment":56,"projected_new_pupils":0.0,"pressure_ratio":0.0}},{"type":"Feature","geometry":{"type":"Point","coordinates":[-6.30051,53.43019]},"properties":{"school_id":"18038B","name":"ST MARGARETS N S","level":"primary","enrolment":80,"projected_new_pupils":0.0,"pressure_ratio":0.0}},{"type":"Feature","geometry":{"type":"Point","coordinates":[-6.26429,53.63183]},"properties":{"school_id":"18044T","name":"S N NAOMH PADRAIG","level":"primary","enrolment":524,"projected_new_pupils":0.0,"pressure_ratio":0.0}},{"type":"Feature","geometry":{"type":"Point","coordinates":[-6.37252,53.38429]},"properties":{"school_id":"18046A","name":"SCOIL BRIDE B","level":"primary","enrolment":193,"projected_new_pupils":0.0,"pressure_ratio":0.0}},{"type":"Feature","geometry":{"type":"Point","coordinates":[-6.37345,53.38469]},"properties":{"school_id":"18047C","name":"SCOIL BRIDE C","level":"primary","enrolment":213,"projected_new_pupils":0.0,"pressure_ratio":0.0}},{"type":"Feature","geometry":{"type":"Point","coordinates":[-6.06893,53.38439]},"properties":{"school_id":"18080A","name":"SCOIL MHUIRE MXD","level":"primary","enrolment":349,"projected_new_pupils":0.0,"pressure_ratio":0.0}},{"type":"Feature","geometry":{"type":"Point","coordinates":[-6.30679,53.38761]},"properties":{"school_id":"18137D","name":"S N Naomh Feargal Boys Senior","level":"primary","enrolment":180,"projected_new_pupils":0.0,"pressure_ratio":0.0}},{"type":"Feature","geometry":{"type":"Point","coordinates":[-6.53468,53.46838]},"properties":{"school_id":"18169Q","name":"S N RATH RIAGAIN","level":"primary","enrolment":92,"projected_new_pupils":0.0,"pressure_ratio":0.0}},{"type":"Feature","geometry":{"type":"Point","coordinates":[-6.33235,53.32321]},"properties":{"school_id":"18170B","name":"S N Muire na Freastogala Girls Senior School","level":"primary","enrolment":230,"projected_new_pupils":0.0,"pressure_ratio":0.0}},{"type":"Feature","geometry":{"type":"Point","coordinates":[-6.45234,53.23508]},"properties":{"school_id":"18173H","name":"S N BRIOTAS","level":"primary","enrolment":57,"projected_new_pupils":0.0,"pressure_ratio":0.0}},{"type":"Feature","geometry":{"type":"Point","coordinates":[-6.3035,53.38836]},"properties":{"school_id":"18205R","name":"Finglas Parochial National School","level":"primary","enrolment":94,"projected_new_pupils":0.0,"pressure_ratio":0.0}},{"type":"Feature","geometry":{"type":"Point","coordinates":[-6.22116,53.33733]},"properties":{"school_id":"18282M","name":"SN PAROISTE MAITIU NFA","level":"primary","enrolment":212,"projected_new_pupils":0.0,"pressure_ratio":0.0}},{"type":"Feature","geometry":{"type":"Point","coordinates":[-6.36902,53.35242]},"properties":{"school_id":"18323A","name":"SCOIL LORCAIN B","level":"primary","enrolment":321,"projected_new_pupils":0.0,"pressure_ratio":0.0}},{"type":"Feature","geometry":{"type":"Point","coordinates":[-6.36962,53.35211]},"properties":{"school_id":"18324C","name":"SCOIL BRIDE C","level":"primary","enrolment":329,"projected_new_pupils":0.0,"pressure_ratio":0.0}},{"type":"Feature","geometry":{"type":"Point","coordinates":[-6.21263,53.18627]},"properties":{"school_id":"18357R","name":"S N PADRAIG NAOFA","level":"primary","enrolment":47,"projected_new_pupils":0.0,"pressure_ratio":0.0}},{"type":"Feature","geometry":{"type":"Point","coordinates":[-6.19619,53.38429]},"properties":{"school_id":"18360G","name":"SCOIL BHREANDAIN","level":"primary","enrolment":136,"projected_new_pupils":0.0,"pressure_ratio":0.0}},{"type":"Feature","geometry":{"type":"Point","coordinates":[-6.19814,53.385]},"properties":{"school_id":"18361I","name":"SN CAITRIONA GIRLS","level":"primary","enrolment":185,"projected_new_pupils":0.0,"pressure_ratio":0.0}},{"type":"Feature","geometry":{"type":"Point","coordinates":[-6.19892,53.3851]},"properties":{"school_id":"18362K","name":"S N CAITRIONA NAIONAIN","level":"primary","enrolment":178,"projected_new_pupils":0.0,"pressure_ratio":0.0}},{"type":"Feature","geometry":{"type":"Point","coordinates":[-6.29326,53.32607]},"properties":{"school_id":"18386B","name":"MARIST NATIONAL SCHOOL","level":"primary","enrolment":210,"projected_new_pupils":0.0,"pressure_ratio":0.0}},{"type":"Feature","geometry":{"type":"Point","coordinates":[-6.3573,53.29039]},"properties":{"school_id":"18411U","name":"ST MARYS SCHOOL","level":"primary","enrolment":349,"projected_new_pupils":0.0,"pressure_ratio":0.0}},{"type":"Feature","geometry":{"type":"Point","coordinates":[-6.13561,53.49272]},"properties":{"school_id":"18412W","name":"S N C NAOMH PADRAIG","level":"primary","enrolment":376,"projected_new_pupils":0.0,"pressure_ratio":0.0}},{"type":"Feature","geometry":{"type":"Point","coordinates":[-6.50347,53.47653]},"properties":{"school_id":"18448U","name":"S N RATH BEAGAIN","level":"primary","enrolment":219,"projected_new_pupils":0.0,"pressure_ratio":0.0}},{"type":"Feature","geometry":{"type":"Point","coordinates":[-6.16479,53.29663]},"properties":{"school_id":"18451J","name":"SCOIL LORCÁIN","level":"primary","enrolment":485,"projected_new_pupils":0.0,"pressure_ratio":0.0}},{"type":"Feature","geometry":{"type":"Point","coordinates":[-6.11757,53.207]},"properties":{"school_id":"18464S","name":"St. Peter's Primary School","level":"primary","enrolment":156,"projected_new_pupils":0.0,"pressure_ratio":0.0}},{"type":"Feature","geometry":{"type":"Point","coordinates":[-6.27351,53.34143]},"properties":{"school_id":"18477E","name":"Scoil na mBrathar","level":"primary","enrolment":155,"projected_new_pupils":0.0,"pressure_ratio":0.0}},{"type":"Feature","geometry":{"type":"Point","coordinates":[-6.36116,53.34642]},"properties":{"school_id":"18585H","name":"S N Banrion na nAingeal 1","level":"primary","enrolment":171,"projected_new_pupils":0.0,"pressure_ratio":0.0}},{"type":"Feature","geometry":{"type":"Point","coordinates":[-6.39439,53.31791]},"properties":{"school_id":"18602E","name":"SCOIL MHUIRE","level":"primary","enrolment":292,"projected_new_pupils":0.0,"pressure_ratio":0.0}},{"type":"Feature","geometry":{"type":"Point","coordinates":[-6.36226,53.37421]},"properties":{"school_id":"18623M","name":"SCOIL NAISUNTA CHNUACHA","level":"primary","enrolment":198,"projected_new_pupils":0.0,"pressure_ratio":0.0}},{"type":"Feature","geometry":{"type":"Point","coordinates":[-6.31443,53.36835]},"properties":{"school_id":"18632N","name":"S N EOIN BOSCO NAI BUAC","level":"primary","enrolment":146,"projected_new_pupils":0.0,"pressure_ratio":0.0}},{"type":"Feature","geometry":{"type":"Point","coordinates":[-6.39454,53.32175]},"properties":{"school_id":"18642Q","name":"S N NAOMH EOIN","level":"primary","enrolment":91,"projected_new_pupils":0.0,"pressure_ratio":0.0}},{"type":"Feature","geometry":{"type":"Point","coordinates":[-6.17954,53.38229]},"properties":{"school_id":"18646B","name":"SPRINGDALE N S","level":"primary","enrolment":198,"projected_new_pupils":0.0,"pressure_ratio":0.0}},{"type":"Feature","geometry":{"type":"Point","coordinates":[-6.21003,53.29486]},"properties":{"school_id":"18647D","name":"S N SAN TREASA","level":"primary","enrolment":430,"projected_new_pupils":0.0,"pressure_ratio":0.0}},{"type":"Feature","geometry":{"type":"Point","coordinates":[-6.39501,53.31731]},"properties":{"school_id":"18655C","name":"SCOIL NAOMH SEOSAMH","level":"primary","enrolment":360,"projected_new_pupils":0.0,"pressure_ratio":0.0}},{"type":"Feature","geometry":{"type":"Point","coordinates":[-6.29204,53.38923]},"properties":{"school_id":"18682F","name":"ST CANICES B N S","level":"primary","enrolment":355,"projected_new_pupils":0.0,"pressure_ratio":0.0}},{"type":"Feature","geometry":{"type":"Point","coordinates":[-6.29678,53.38946]},"properties":{"school_id":"18683H","name":"ST CANICES G N S","level":"primary","enrolment":473,"projected_new_pupils":0.0,"pressure_ratio":0.0}},{"type":"Feature","geometry":{"type":"Point","coordinates":[-6.23336,53.36478]},"properties":{"school_id":"18726W","name":"St Joseph¿s Primary School, An Edmund Rice School","level":"primary","enrolment":116,"projected_new_pupils":0.0,"pressure_ratio":0.0}},{"type":"Feature","geometry":{"type":"Point","coordinates":[-6.40517,53.382]},"properties":{"school_id":"18778S","name":"S N NAOMH MOCHTA","level":"primary","enrolment":805,"projected_new_pupils":0.0,"pressure_ratio":0.0}},{"type":"Feature","geometry":{"type":"Point","coordinates":[-6.19604,53.23572]},"properties":{"school_id":"18806U","name":"Our Lady of the Wayside NS","level":"primary","enrolment":292,"projected_new_pupils":0.0,"pressure_ratio":0.0}},{"type":"Feature","geometry":{"type":"Point","coordinates":[-6.25723,53.32187]},"properties":{"school_id":"18817C","name":"S N BRIGHDE","level":"primary","enrolment":358,"projected_new_pupils":0.0,"pressure_ratio":0.0}},{"type":"Feature","geometry":{"type":"Point","coordinates":[-6.36116,53.34642]},"properties":{"school_id":"18843D","name":"Bainrion na nAingal 2","level":"primary","enrolment":133,"projected_new_pupils":0.0,"pressure_ratio":0.0}},{"type":"Feature","geometry":{"type":"Point","coordinates":[-6.16183,53.27815]},"properties":{"school_id":"18886V","name":"KILL-O'-THE-GRANGE NS","level":"primary","enrolment":208,"projected_new_pupils":0.0,"pressure_ratio":0.0}},{"type":"Feature","geometry":{"type":"Point","coordinates":[-6.26828,53.38905]},"properties":{"school_id":"18910P","name":"Bantiarna na mBuanna Boys","level":"primary","enrolment":174,"projected_new_pupils":0.0,"pressure_ratio":0.0}},{"type":"Feature","geometry":{"type":"Point","coordinates":[-6.2666,53.38871]},"properties":{"school_id":"18911R","name":"Bantiarna na mBuanna Girls","level":"primary","enrolment":176,"projected_new_pupils":0.0,"pressure_ratio":0.0}},{"type":"Feature","geometry":{"type":"Point","coordinates":[-6.18057,53.38817]},"properties":{"school_id":"18968A","name":"ST MALACHYS B N S","level":"primary","enrolment":130,"projected_new_pupils":0.0,"pressure_ratio":0.0}},{"type":"Feature","geometry":{"type":"Point","coordinates":[-6.18078,53.3895]},"properties":{"school_id":"18969C","name":"ST EITHNES SENIOR GIRLS NS","level":"primary","enrolment":91,"projected_new_pupils":0.0,"pressure_ratio":0.0}},{"type":"Feature","geometry":{"type":"Point","coordinates":[-6.21477,53.45848]},"properties":{"school_id":"18976W","name":"S N CHOLMILLE B","level":"primary","enrolment":320,"projected_new_pupils":0.0,"pressure_ratio":0.0}},{"type":"Feature","geometry":{"type":"Point","coordinates":[-6.21437,53.45767]},"properties":{"school_id":"18977B","name":"S N CHOLMCILLE C","level":"primary","enrolment":326,"projected_new_pupils":0.0,"pressure_ratio":0.0}},{"type":"Feature","geometry":{"type":"Point","coordinates":[-6.26646,53.52108]},"properties":{"school_id":"19001G","name":"BALLYBOGHILL N S","level":"primary","enrolment":206,"projected_new_pupils":0.0,"pressure_ratio":0.0}},{"type":"Feature","geometry":{"type":"Point","coordinates":[-6.1978,53.36392]},"properties":{"school_id":"19006Q","name":"EOIN BAISDE B SOIS","level":"primary","enrolment":294,"projected_new_pupils":0.0,"pressure_ratio":0.0}},{"type":"Feature","geometry":{"type":"Point","coordinates":[-6.19977,53.36362]},"properties":{"school_id":"19007S","name":"EOIN BAISDE C NAOIDH","level":"primary","enrolment":215,"projected_new_pupils":0.0,"pressure_ratio":0.0}},{"type":"Feature","geometry":{"type":"Point","coordinates":[-6.30988,53.39518]},"properties":{"school_id":"19015R","name":"ST JOSEPHS G N S","level":"primary","enrolment":146,"projected_new_pupils":0.0,"pressure_ratio":0.0}},{"type":"Feature","geometry":{"type":"Point","coordinates":[-6.18059,53.38936]},"properties":{"school_id":"19037E","name":"ST MONICAS N S","level":"primary","enrolment":44,"projected_new_pupils":0.0,"pressure_ratio":0.0}},{"type":"Feature","geometry":{"type":"Point","coordinates":[-6.10137,53.28033]},"properties":{"school_id":"19066L","name":"LORETO NATIONAL SCHOOL","level":"primary","enrolment":314,"projected_new_pupils":0.0,"pressure_ratio":0.0}},{"type":"Feature","geometry":{"type":"Point","coordinates":[-6.30017,53.28636]},"properties":{"school_id":"19114T","name":"ST PATRICK GNS","level":"primary","enrolment":472,"projected_new_pupils":0.0,"pressure_ratio":0.0}},{"type":"Feature","geometry":{"type":"Point","coordinates":[-6.30545,53.30277]},"properties":{"school_id":"19177U","name":"ST PIUS X N S BOYS","level":"primary","enrolment":511,"projected_new_pupils":0.0,"pressure_ratio":0.0}},{"type":"Feature","geometry":{"type":"Point","coordinates":[-6.30473,53.30265]},"properties":{"school_id":"19178W","name":"ST PIUS X G N S","level":"primary","enrolment":540,"projected_new_pupils":0.0,"pressure_ratio":0.0}},{"type":"Feature","geometry":{"type":"Point","coordinates":[-6.30933,53.39601]},"properties":{"school_id":"19197D","name":"ST KEVINS B N S","level":"primary","enrolment":131,"projected_new_pupils":0.0,"pressure_ratio":0.0}},{"type":"Feature","geometry":{"type":"Point","coordinates":[-6.26991,53.39593]},"properties":{"school_id":"19208F","name":"HOLY SPIRIT B N S","level":"primary","enrolment":229,"projected_new_pupils":0.0,"pressure_ratio":0.0}},{"type":"Feature","geometry":{"type":"Point","coordinates":[-6.2711,53.39564]},"properties":{"school_id":"19209H","name":"SN an Spioraid Naiomh C","level":"primary","enrolment":249,"projected_new_pupils":0.0,"pressure_ratio":0.0}},{"type":"Feature","geometry":{"type":"Point","coordinates":[-6.39245,53.31765]},"properties":{"school_id":"19220S","name":"SCOIL NAOMH IDE","level":"primary","enrolment":252,"projected_new_pupils":0.0,"pressure_ratio":0.0}},{"type":"Feature","geometry":{"type":"Point","coordinates":[-6.39224,53.31711]},"properties":{"school_id":"19221U","name":"SCOIL NAOMH AINE","level":"primary","enrolment":222,"projected_new_pupils":0.0,"pressure_ratio":0.0}},{"type":"Feature","geometry":{"type":"Point","coordinates":[-6.26708,53.38869]},"properties":{"school_id":"19242F","name":"OUR LADY OF VICTORIES INFANT N S","level":"primary","enrolment":192,"projected_new_pupils":0.0,"pressure_ratio":0.0}},{"type":"Feature","geometry":{"type":"Point","coordinates":[-6.17496,53.28019]},"properties":{"school_id":"19258U","name":"SCOIL PADRAIG NAOFA B","level":"primary","enrolment":499,"projected_new_pupils":0.0,"pressure_ratio":0.0}},{"type":"Feature","geometry":{"type":"Point","coordinates":[-6.17549,53.27963]},"properties":{"school_id":"19259W","name":"ST PATRICKS GNS","level":"primary","enrolment":478,"projected_new_pupils":0.0,"pressure_ratio":0.0}},{"type":"Feature","geometry":{"type":"Point","coordinates":[-6.22001,53.39486]},"properties":{"school_id":"19297H","name":"CROMCASTLE GREEN B N S","level":"primary","enrolment":183,"projected_new_pupils":0.0,"pressure_ratio":0.0}},{"type":"Feature","geometry":{"type":"Point","coordinates":[-6.21997,53.39516]},"properties":{"school_id":"19298J","name":"SCOIL NAIS IDE CAILINI","level":"primary","enrolment":156,"projected_new_pupils":0.0,"pressure_ratio":0.0}},{"type":"Feature","geometry":{"type":"Point","coordinates":[-6.26045,53.39571]},"properties":{"school_id":"19302U","name":"S N na Maighdine Muire B","level":"primary","enrolment":151,"projected_new_pupils":0.0,"pressure_ratio":0.0}},{"type":"Feature","geometry":{"type":"Point","coordinates":[-6.26103,53.39578]},"properties":{"school_id":"19303W","name":"VIRGIN MARY GIRLS NATIONAL SCHOOL","level":"primary","enrolment":160,"projected_new_pupils":0.0,"pressure_ratio":0.0}},{"type":"Feature","geometry":{"type":"Point","coordinates":[-6.19541,53.37481]},"properties":{"school_id":"19308J","name":"ST BRIGIDS BOYS N S","level":"primary","enrolment":287,"projected_new_pupils":0.0,"pressure_ratio":0.0}},{"type":"Feature","geometry":{"type":"Point","coordinates":[-6.19642,53.38213]},"properties":{"school_id":"19309L","name":"SCOIL NEASAIN","level":"primary","enrolment":241,"projected_new_pupils":0.0,"pressure_ratio":0.0}},{"type":"Feature","geometry":{"type":"Point","coordinates":[-6.25801,53.27524]},"properties":{"school_id":"19314E","name":"Scoil an Maighdine Mhuire Boys","level":"primary","enrolment":176,"projected_new_pupils":0.0,"pressure_ratio":0.0}},{"type":"Feature","geometry":{"type":"Point","coordinates":[-6.2264,53.28256]},"properties":{"school_id":"19319O","name":"ST Olaf's National School","level":"primary","enrolment":591,"projected_new_pupils":0.0,"pressure_ratio":0.0}},{"type":"Feature","geometry":{"type":"Point","coordinates":[-6.13865,53.2646]},"properties":{"school_id":"19320W","name":"OUR LADY OF GOOD COUNSEL BOYS N S","level":"primary","enrolment":389,"projected_new_pupils":0.0,"pressure_ratio":0.0}},{"type":"Feature","geometry":{"type":"Point","coordinates":[-6.13898,53.2639]},"properties":{"school_id":"19321B","name":"OUR LADY GOOD COUNSEL GNS","level":"primary","enrolment":398,"projected_new_pupils":0.0,"pressure_ratio":0.0}},{"type":"Feature","geometry":{"type":"Point","coordinates":[-6.17146,53.29251]},"properties":{"school_id":"19335M","name":"Scoil na nAingeal","level":"primary","enrolment":410,"projected_new_pupils":0.0,"pressure_ratio":0.0}},{"type":"Feature","geometry":{"type":"Point","coordinates":[-6.23409,53.30071]},"properties":{"school_id":"19374W","name":"Our lady's Grove Primary School","level":"primary","enrolment":409,"projected_new_pupils":0.0,"pressure_ratio":0.0}},{"type":"Feature","geometry":{"type":"Point","coordinates":[-6.38729,53.28709]},"properties":{"school_id":"19390U","name":"ST MARKS SEN NS","level":"primary","enrolment":497,"projected_new_pupils":0.0,"pressure_ratio":0.0}},{"type":"Feature","geometry":{"type":"Point","coordinates":[-6.14737,53.38921]},"properties":{"school_id":"19393D","name":"MHUIRE IOSEF JUNIOR","level":"primary","enrolment":302,"projected_new_pupils":0.0,"pressure_ratio":0.0}},{"type":"Feature","geometry":{"type":"Point","coordinates":[-6.26321,53.37345]},"properties":{"school_id":"19395H","name":"SCOIL MOBHI","level":"primary","enrolment":248,"projected_new_pupils":0.0,"pressure_ratio":0.0}},{"type":"Feature","geometry":{"type":"Point","coordinates":[-6.25799,53.27502]},"properties":{"school_id":"19396J","name":"NA MAIGHDINE MUIRE GIRL","level":"primary","enrolment":200,"projected_new_pupils":0.0,"pressure_ratio":0.0}},{"type":"Feature","geometry":{"type":"Point","coordinates":[-6.11577,53.26943]},"properties":{"school_id":"19400U","name":"S N Gleann na gCaorach Iníon Léinín","level":"primary","enrolment":211,"projected_new_pupils":0.0,"pressure_ratio":0.0}},{"type":"Feature","geometry":{"type":"Point","coordinates":[-6.16129,53.39654]},"properties":{"school_id":"19406J","name":"HOLY TRINITY SEN N S","level":"primary","enrolment":397,"projected_new_pupils":0.0,"pressure_ratio":0.0}},{"type":"Feature","geometry":{"type":"Point","coordinates":[-6.50077,53.36577]},"properties":{"school_id":"19407L","name":"SCOIL BHRIDE","level":"primary","enrolment":295,"projected_new_pupils":0.0,"pressure_ratio":0.0}},{"type":"Feature","geometry":{"type":"Point","coordinates":[-6.2648,53.39266]},"properties":{"school_id":"19430G","name":"SCOIL AN TSEACHTAR LAOCH","level":"primary","enrolment":165,"projected_new_pupils":0.0,"pressure_ratio":0.0}},{"type":"Feature","geometry":{"type":"Point","coordinates":[-6.27058,53.40133]},"properties":{"school_id":"19431I","name":"ST JOSEPHS JNR","level":"primary","enrolment":138,"projected_new_pupils":0.0,"pressure_ratio":0.0}},{"type":"Feature","geometry":{"type":"Point","coordinates":[-6.38323,53.38338]},"properties":{"school_id":"19435Q","name":"ST FRANCIS XAVIER J N S","level":"primary","enrolment":357,"projected_new_pupils":0.0,"pressure_ratio":0.0}},{"type":"Feature","geometry":{"type":"Point","coordinates":[-6.26153,53.28228]},"properties":{"school_id":"19437U","name":"SCOIL NAITHI","level":"primary","enrolment":231,"projected_new_pupils":0.0,"pressure_ratio":0.0}},{"type":"Feature","geometry":{"type":"Point","coordinates":[-6.1346,53.25472]},"properties":{"school_id":"19438W","name":"SCOIL COLMCILLE SENIOR","level":"primary","enrolment":147,"projected_new_pupils":0.0,"pressure_ratio":0.0}},{"type":"Feature","geometry":{"type":"Point","coordinates":[-6.28389,53.29482]},"properties":{"school_id":"19446V","name":"SCOIL MHUIRE BOYS","level":"primary","enrolment":367,"projected_new_pupils":0.0,"pressure_ratio":0.0}},{"type":"Feature","geometry":{"type":"Point","coordinates":[-6.19345,53.40134]},"properties":{"school_id":"19454U","name":"DARNDALE NS JUNIOR","level":"primary","enrolment":159,"projected_new_pupils":0.0,"pressure_ratio":0.0}},{"type":"Feature","geometry":{"type":"Point","coordinates":[-6.23645,53.45909]},"properties":{"school_id":"19456B","name":"ST CRONANS JUNIOR NATIONAL SCHOOL","level":"primary","enrolment":498,"projected_new_pupils":0.0,"pressure_ratio":0.0}},{"type":"Feature","geometry":{"type":"Point","coordinates":[-6.50056,53.36582]},"properties":{"school_id":"19459H","name":"Scoil Mhuire","level":"primary","enrolment":289,"projected_new_pupils":0.0,"pressure_ratio":0.0}},{"type":"Feature","geometry":{"type":"Point","coordinates":[-6.36298,53.27803]},"properties":{"school_id":"19462T","name":"SCOIL MAELRUAIN JUNIOR","level":"primary","enrolment":369,"projected_new_pupils":0.0,"pressure_ratio":0.0}},{"type":"Feature","geometry":{"type":"Point","coordinates":[-6.36259,53.27782]},"properties":{"school_id":"19463V","name":"SCOIL MAELRUAIN SENIOR","level":"primary","enrolment":386,"projected_new_pupils":0.0,"pressure_ratio":0.0}},{"type":"Feature","geometry":{"type":"Point","coordinates":[-6.35769,53.30061]},"properties":{"school_id":"19465C","name":"ST KEVINS BOYS","level":"primary","enrolment":275,"projected_new_pupils":0.0,"pressure_ratio":0.0}},{"type":"Feature","geometry":{"type":"Point","coordinates":[-6.35868,53.30131]},"properties":{"school_id":"19466E","name":"ST KEVINS GIRLS","level":"primary","enrolment":257,"projected_new_pupils":0.0,"pressure_ratio":0.0}},{"type":"Feature","geometry":{"type":"Point","coordinates":[-6.38324,53.38263]},"properties":{"school_id":"19470S","name":"ST FRANCIS XAVIER SENIOR N S","level":"primary","enrolment":388,"projected_new_pupils":0.0,"pressure_ratio":0.0}},{"type":"Feature","geometry":{"type":"Point","coordinates":[-6.18363,53.39496]},"properties":{"school_id":"19471U","name":"ST PAULS JUNIOR NATIONAL SCHOOL","level":"primary","enrolment":206,"projected_new_pupils":0.0,"pressure_ratio":0.0}},{"type":"Feature","geometry":{"type":"Point","coordinates":[-6.38685,53.28694]},"properties":{"school_id":"19472W","name":"ST MARKS JUNIOR MIXED","level":"primary","enrolment":449,"projected_new_pupils":0.0,"pressure_ratio":0.0}},{"type":"Feature","geometry":{"type":"Point","coordinates":[-6.16111,53.39718]},"properties":{"school_id":"19473B","name":"SCOIL BHRIDE","level":"primary","enrolment":365,"projected_new_pupils":0.0,"pressure_ratio":0.0}},{"type":"Feature","geometry":{"type":"Point","coordinates":[-6.3163,53.28411]},"properties":{"school_id":"19474D","name":"SCOIL COLMCILLE NAOFA","level":"primary","enrolment":721,"projected_new_pupils":0.0,"pressure_ratio":0.0}},{"type":"Feature","geometry":{"type":"Point","coordinates":[-6.27159,53.33898]},"properties":{"school_id":"19480V","name":"ST PATRICKS","level":"primary","enrolment":24,"projected_new_pupils":0.0,"pressure_ratio":0.0}},{"type":"Feature","geometry":{"type":"Point","coordinates":[-6.40084,53.50582]},"properties":{"school_id":"19486K","name":"SCOIL NAIS DEAGLAIN","level":"primary","enrolment":621,"projected_new_pupils":0.0,"pressure_ratio":0.0}},{"type":"Feature","geometry":{"type":"Point","coordinates":[-6.31211,53.38061]},"properties":{"school_id":"19489Q","name":"S N Naomh Finnin","level":"primary","enrolment":266,"projected_new_pupils":0.0,"pressure_ratio":0.0}},{"type":"Feature","geometry":{"type":"Point","coordinates":[-6.28934,53.27937]},"properties":{"school_id":"19490B","name":"SCOIL MHUIRE","level":"primary","enrolment":187,"projected_new_pupils":0.0,"pressure_ratio":0.0}},{"type":"Feature","geometry":{"type":"Point","coordinates":[-6.31864,53.29807]},"properties":{"school_id":"19494J","name":"BISHOP GALVIN NS","level":"primary","enrolment":461,"projected_new_pupils":0.0,"pressure_ratio":0.0}},{"type":"Feature","geometry":{"type":"Point","coordinates":[-6.2263,53.38775]},"properties":{"school_id":"19496N","name":"SCOIL FHIACHRA SOISIR","level":"primary","enrolment":557,"projected_new_pupils":0.0,"pressure_ratio":0.0}},{"type":"Feature","geometry":{"type":"Point","coordinates":[-6.12189,53.2362]},"properties":{"school_id":"19497P","name":"SCOIL MHUIRE","level":"primary","enrolment":249,"projected_new_pupils":0.0,"pressure_ratio":0.0}},{"type":"Feature","geometry":{"type":"Point","coordinates":[-6.34539,53.29305]},"properties":{"school_id":"19502F","name":"SCOIL AENGHUSA JUN NS","level":"primary","enrolment":159,"projected_new_pupils":0.0,"pressure_ratio":0.0}},{"type":"Feature","geometry":{"type":"Point","coordinates":[-6.46774,53.28178]},"properties":{"school_id":"19503H","name":"SCOIL CHRONAIN","level":"primary","enrolment":354,"projected_new_pupils":0.0,"pressure_ratio":0.0}},{"type":"Feature","geometry":{"type":"Point","coordinates":[-6.3978,53.38737]},"properties":{"school_id":"19505L","name":"SN OILIBHEIR","level":"primary","enrolment":266,"projected_new_pupils":0.0,"pressure_ratio":0.0}},{"type":"Feature","geometry":{"type":"Point","coordinates":[-6.41341,53.32617]},"properties":{"school_id":"19509T","name":"SCOIL NANO NAGLE","level":"primary","enrolment":261,"projected_new_pupils":0.0,"pressure_ratio":0.0}},{"type":"Feature","geometry":{"type":"Point","coordinates":[-6.41315,53.3261]},"properties":{"school_id":"19510E","name":"TALBOT SENIOR NS","level":"primary","enrolment":286,"projected_new_pupils":0.0,"pressure_ratio":0.0}},{"type":"Feature","geometry":{"type":"Point","coordinates":[-6.17402,53.60355]},"properties":{"school_id":"19515O","name":"S N Naomh Teresa","level":"primary","enrolment":364,"projected_new_pupils":0.0,"pressure_ratio":0.0}},{"type":"Feature","geometry":{"type":"Point","coordinates":[-6.19341,53.4018]},"properties":{"school_id":"19524P","name":"OUR LADY IMMAC SEN N S","level":"primary","enrolment":182,"projected_new_pupils":0.0,"pressure_ratio":0.0}},{"type":"Feature","geometry":{"type":"Point","coordinates":[-6.14713,53.38956]},"properties":{"school_id":"19533Q","name":"S N MUIRE AGUS IOSEF","level":"primary","enrolment":396,"projected_new_pupils":0.0,"pressure_ratio":0.0}},{"type":"Feature","geometry":{"type":"Point","coordinates":[-6.23549,53.4589]},"properties":{"school_id":"19535U","name":"BRACKENSTOWN SENIOR N S","level":"primary","enrolment":530,"projected_new_pupils":0.0,"pressure_ratio":0.0}},{"type":"Feature","geometry":{"type":"Point","coordinates":[-6.25632,53.28091]},"properties":{"school_id":"19537B","name":"ST ATTRACTAS JUNIOR N S","level":"primary","enrolment":337,"projected_new_pupils":0.0,"pressure_ratio":0.0}},{"type":"Feature","geometry":{"type":"Point","coordinates":[-6.15784,53.39656]},"properties":{"school_id":"19538D","name":"ST KEVINS JUNIOR N S","level":"primary","enrolment":149,"projected_new_pupils":0.0,"pressure_ratio":0.0}},{"type":"Feature","geometry":{"type":"Point","coordinates":[-6.38572,53.29835]},"properties":{"school_id":"19541P","name":"BELGARD HEIGHTS N S","level":"primary","enrolment":372,"projected_new_pupils":0.0,"pressure_ratio":0.0}},{"type":"Feature","geometry":{"type":"Point","coordinates":[-6.44899,53.34866]},"properties":{"school_id":"19542R","name":"ST THOMAS JUNIOR NATIONAL SCHOOL","level":"primary","enrolment":573,"projected_new_pupils":0.0,"pressure_ratio":0.0}},{"type":"Feature","geometry":{"type":"Point","coordinates":[-6.38197,53.27647]},"properties":{"school_id":"19543T","name":"S N an Croi Ro Naofa","level":"primary","enrolment":213,"projected_new_pupils":0.0,"pressure_ratio":0.0}},{"type":"Feature","geometry":{"type":"Point","coordinates":[-6.377,53.39891]},"properties":{"school_id":"19545A","name":"St. Patrick's Junior NS","level":"primary","enrolment":162,"projected_new_pupils":0.0,"pressure_ratio":0.0}},{"type":"Feature","geometry":{"type":"Point","coordinates":[-6.29978,53.38185]},"properties":{"school_id":"19546C","name":"ST OLIVER PLUNKETT N S","level":"primary","enrolment":110,"projected_new_pupils":0.0,"pressure_ratio":0.0}},{"type":"Feature","geometry":{"type":"Point","coordinates":[-6.09516,53.38038]},"properties":{"school_id":"19549I","name":"ST FINTANS NS","level":"primary","enrolment":431,"projected_new_pupils":0.0,"pressure_ratio":0.0}},{"type":"Feature","geometry":{"type":"Point","coordinates":[-6.36951,53.30689]},"properties":{"school_id":"19556F","name":"ST KILIANS JUNIOR SCHOOL","level":"primary","enrolment":281,"projected_new_pupils":0.0,"pressure_ratio":0.0}},{"type":"Feature","geometry":{"type":"Point","coordinates":[-6.33902,53.2808]},"properties":{"school_id":"19565G","name":"SCOIL TREASA FIRHOUSE","level":"primary","enrolment":377,"projected_new_pupils":0.0,"pressure_ratio":0.0}},{"type":"Feature","geometry":{"type":"Point","coordinates":[-6.40126,53.32663]},"properties":{"school_id":"19566I","name":"OUR LADY QUEEN OF APOSTLES","level":"primary","enrolment":469,"projected_new_pupils":0.0,"pressure_ratio":0.0}},{"type":"Feature","geometry":{"type":"Point","coordinates":[-6.40092,53.33691]},"properties":{"school_id":"19569O","name":"NEILLSTOWN N S","level":"primary","enrolment":231,"projected_new_pupils":0.0,"pressure_ratio":0.0}},{"type":"Feature","geometry":{"type":"Point","coordinates":[-6.27326,53.28408]},"properties":{"school_id":"19574H","name":"MARLEY GRANGE NS","level":"primary","enrolment":461,"projected_new_pupils":0.0,"pressure_ratio":0.0}},{"type":"Feature","geometry":{"type":"Point","coordinates":[-6.39515,53.34337]},"properties":{"school_id":"19575J","name":"ST MARYS JUNIOR N S","level":"primary","enrolment":183,"projected_new_pupils":0.0,"pressure_ratio":0.0}},{"type":"Feature","geometry":{"type":"Point","coordinates":[-6.34596,53.29256]},"properties":{"school_id":"19576L","name":"S N AENGHUSA","level":"primary","enrolment":209,"projected_new_pupils":0.0,"pressure_ratio":0.0}},{"type":"Feature","geometry":{"type":"Point","coordinates":[-6.34057,53.29521]},"properties":{"school_id":"19577N","name":"SCOIL IOSA","level":"primary","enrolment":109,"projected_new_pupils":0.0,"pressure_ratio":0.0}},{"type":"Feature","geometry":{"type":"Point","coordinates":[-6.13581,53.43899]},"properties":{"school_id":"19578P","name":"ST HELENS JUNIOR N S","level":"primary","enrolment":319,"projected_new_pupils":0.0,"pressure_ratio":0.0}},{"type":"Feature","geometry":{"type":"Point","coordinates":[-6.39214,53.28247]},"properties":{"school_id":"19582G","name":"TALLAGHT COMMUNITY NATIONAL SCHOOL","level":"primary","enrolment":151,"projected_new_pupils":0.0,"pressure_ratio":0.0}},{"type":"Feature","geometry":{"type":"Point","coordinates":[-6.27191,53.40136]},"properties":{"school_id":"19583I","name":"ST JOSEPHS SENIOR N S","level":"primary","enrolment":161,"projected_new_pupils":0.0,"pressure_ratio":0.0}},{"type":"Feature","geometry":{"type":"Point","coordinates":[-6.10401,53.19219]},"properties":{"school_id":"19584K","name":"SCOIL CHUALANN","level":"primary","enrolment":185,"projected_new_pupils":0.0,"pressure_ratio":0.0}},{"type":"Feature","geometry":{"type":"Point","coordinates":[-6.31183,53.34404]},"properties":{"school_id":"19589U","name":"GAELSCOIL INSE CHOR","level":"primary","enrolment":209,"projected_new_pupils":0.0,"pressure_ratio":0.0}},{"type":"Feature","geometry":{"type":"Point","coordinates":[-6.40679,53.3899]},"properties":{"school_id":"19601H","name":"ST PHILIP THE APOSTLE JUNIOR N S","level":"primary","enrolment":184,"projected_new_pupils":0.0,"pressure_ratio":0.0}},{"type":"Feature","geometry":{"type":"Point","coordinates":[-6.40098,53.39754]},"properties":{"school_id":"19605P","name":"SCOIL NAIS MHUIRE SOIS","level":"primary","enrolment":176,"projected_new_pupils":0.0,"pressure_ratio":0.0}},{"type":"Feature","geometry":{"type":"Point","coordinates":[-6.15914,53.39678]},"properties":{"school_id":"19611K","name":"SCOIL NAOMH COLMCILLE","level":"primary","enrolment":217,"projected_new_pupils":0.0,"pressure_ratio":0.0}},{"type":"Feature","geometry":{"type":"Point","coordinates":[-6.13302,53.27476]},"properties":{"school_id":"19612M","name":"DALKEY SCHOOL PROJECT","level":"primary","enrolment":220,"projected_new_pupils":0.0,"pressure_ratio":0.0}},{"type":"Feature","geometry":{"type":"Point","coordinates":[-6.39184,53.27581]},"properties":{"school_id":"19613O","name":"SCOIL CNOC MHUIRE SIN","level":"primary","enrolment":145,"projected_new_pupils":0.0,"pressure_ratio":0.0}},{"type":"Feature","geometry":{"type":"Point","coordinates":[-6.37151,53.27506]},"properties":{"school_id":"19617W","name":"ST MARTIN DE PORRES N S","level":"primary","enrolment":383,"projected_new_pupils":0.0,"pressure_ratio":0.0}},{"type":"Feature","geometry":{"type":"Point","coordinates":[-6.18367,53.39523]},"properties":{"school_id":"19618B","name":"ST PAULS SEN NS","level":"primary","enrolment":236,"projected_new_pupils":0.0,"pressure_ratio":0.0}},{"type":"Feature","geometry":{"type":"Point","coordinates":[-6.2998,53.38239]},"properties":{"school_id":"19619D","name":"ST MALACHYS NS","level":"primary","enrolment":131,"projected_new_pupils":0.0,"pressure_ratio":0.0}},{"type":"Feature","geometry":{"type":"Point","coordinates":[-6.09919,53.53505]},"properties":{"school_id":"19624T","name":"SCOIL NAIS CAITRIONA","level":"primary","enrolment":274,"projected_new_pupils":0.0,"pressure_ratio":0.0}},{"type":"Feature","geometry":{"type":"Point","coordinates":[-6.1207,53.58031]},"properties":{"school_id":"19625V","name":"Scoil Réalt na Mara","level":"primary","enrolment":338,"projected_new_pupils":0.0,"pressure_ratio":0.0}},{"type":"Feature","geometry":{"type":"Point","coordinates":[-6.16919,53.45405]},"properties":{"school_id":"19627C","name":"JOHN PAUL II N S","level":"primary","enrolment":663,"projected_new_pupils":0.0,"pressure_ratio":0.0}},{"type":"Feature","geometry":{"type":"Point","coordinates":[-6.2244,53.38767]},"properties":{"school_id":"19628E","name":"ST FIACHRAS SEN N S","level":"primary","enrolment":609,"projected_new_pupils":0.0,"pressure_ratio":0.0}},{"type":"Feature","geometry":{"type":"Point","coordinates":[-6.37652,53.3985]},"properties":{"school_id":"19636D","name":"ST PATRICKS SENIOR SCHOOL","level":"primary","enrolment":184,"projected_new_pupils":0.0,"pressure_ratio":0.0}},{"type":"Feature","geometry":{"type":"Point","coordinates":[-6.13473,53.25429]},"properties":{"school_id":"19641T","name":"SCOIL CHOLMCILLE JUNIOR NS","level":"primary","enrolment":124,"projected_new_pupils":0.0,"pressure_ratio":0.0}},{"type":"Feature","geometry":{"type":"Point","coordinates":[-6.4021,53.33691]},"properties":{"school_id":"19642V","name":"ST PETER APOSTLE SEN NS","level":"primary","enrolment":278,"projected_new_pupils":0.0,"pressure_ratio":0.0}},{"type":"Feature","geometry":{"type":"Point","coordinates":[-6.40712,53.38967]},"properties":{"school_id":"19643A","name":"ST PHILIPS SENIOR N S","level":"primary","enrolment":231,"projected_new_pupils":0.0,"pressure_ratio":0.0}},{"type":"Feature","geometry":{"type":"Point","coordinates":[-6.42076,53.39377]},"properties":{"school_id":"19644C","name":"ST CIARANS N S","level":"primary","enrolment":530,"projected_new_pupils":0.0,"pressure_ratio":0.0}},{"type":"Feature","geometry":{"type":"Point","coordinates":[-6.34751,53.28415]},"properties":{"school_id":"19646G","name":"SCOIL SANTAIN","level":"primary","enrolment":262,"projected_new_pupils":0.0,"pressure_ratio":0.0}},{"type":"Feature","geometry":{"type":"Point","coordinates":[-6.39631,53.34289]},"properties":{"school_id":"19647I","name":"ST MARYS SEN N S","level":"primary","enrolment":204,"projected_new_pupils":0.0,"pressure_ratio":0.0}},{"type":"Feature","geometry":{"type":"Point","coordinates":[-6.38233,53.27685]},"properties":{"school_id":"19652B","name":"AN CHROI RO NAOFA SOIS","level":"primary","enrolment":167,"projected_new_pupils":0.0,"pressure_ratio":0.0}},{"type":"Feature","geometry":{"type":"Point","coordinates":[-6.48735,53.37055]},"properties":{"school_id":"19653D","name":"SAN CARLO JUNIOR NS","level":"primary","enrolment":265,"projected_new_pupils":0.0,"pressure_ratio":0.0}},{"type":"Feature","geometry":{"type":"Point","coordinates":[-6.31842,53.29843]},"properties":{"school_id":"19658N","name":"BISHOP SHANAHAN NS","level":"primary","enrolment":437,"projected_new_pupils":0.0,"pressure_ratio":0.0}},{"type":"Feature","geometry":{"type":"Point","coordinates":[-6.10433,53.52067]},"properties":{"school_id":"19660A","name":"RUSH NS","level":"primary","enrolment":698,"projected_new_pupils":0.0,"pressure_ratio":0.0}},{"type":"Feature","geometry":{"type":"Point","coordinates":[-6.34731,53.34297]},"properties":{"school_id":"19661C","name":"ST GABRIELS NS","level":"primary","enrolment":211,"projected_new_pupils":0.0,"pressure_ratio":0.0}},{"type":"Feature","geometry":{"type":"Point","coordinates":[-6.34806,53.34338]},"properties":{"school_id":"19662E","name":"ST MICHAELS NS","level":"primary","enrolment":314,"projected_new_pupils":0.0,"pressure_ratio":0.0}},{"type":"Feature","geometry":{"type":"Point","coordinates":[-6.34772,53.34319]},"properties":{"school_id":"19663G","name":"ST RAPHAELS NS","level":"primary","enrolment":380,"projected_new_pupils":0.0,"pressure_ratio":0.0}},{"type":"Feature","geometry":{"type":"Point","coordinates":[-6.20591,53.40383]},"properties":{"school_id":"19668Q","name":"ST FRANCIS SENIOR N S","level":"primary","enrolment":198,"projected_new_pupils":0.0,"pressure_ratio":0.0}},{"type":"Feature","geometry":{"type":"Point","coordinates":[-6.31704,53.33034]},"properties":{"school_id":"19669S","name":"LADY OF GOOD COUNSEL BOYS SENIOR NS","level":"primary","enrolment":120,"projected_new_pupils":0.0,"pressure_ratio":0.0}},{"type":"Feature","geometry":{"type":"Point","coordinates":[-6.44899,53.34866]},"properties":{"school_id":"19676P","name":"SCOIL AINE NAOFA","level":"primary","enrolment":614,"projected_new_pupils":0.0,"pressure_ratio":0.0}},{"type":"Feature","geometry":{"type":"Point","coordinates":[-6.49491,53.36544]},"properties":{"school_id":"19680G","name":"SCOIL C.UI DHALAIGH","level":"primary","enrolment":376,"projected_new_pupils":0.0,"pressure_ratio":0.0}},{"type":"Feature","geometry":{"type":"Point","coordinates":[-6.50211,53.36566]},"properties":{"school_id":"19684O","name":"SCOIL EOIN PHOIL","level":"primary","enrolment":264,"projected_new_pupils":0.0,"pressure_ratio":0.0}},{"type":"Feature","geometry":{"type":"Point","coordinates":[-6.29255,53.45258]},"properties":{"school_id":"19693P","name":"MARY QUEEN OF IRELAND N S","level":"primary","enrolment":95,"projected_new_pupils":0.0,"pressure_ratio":0.0}},{"type":"Feature","geometry":{"type":"Point","coordinates":[-6.39994,53.39787]},"properties":{"school_id":"19694R","name":"SCOIL MHUIRE SIN","level":"primary","enrolment":207,"projected_new_pupils":0.0,"pressure_ratio":0.0}},{"type":"Feature","geometry":{"type":"Point","coordinates":[-6.40442,53.27882]},"properties":{"school_id":"19702N","name":"ST THOMAS JUNIOR N S","level":"primary","enrolment":300,"projected_new_pupils":0.0,"pressure_ratio":0.0}},{"type":"Feature","geometry":{"type":"Point","coordinates":[-6.42629,53.32325]},"properties":{"school_id":"19707A","name":"ST RONANS N S","level":"primary","enrolment":396,"projected_new_pupils":0.0,"pressure_ratio":0.0}},{"type":"Feature","geometry":{"type":"Point","coordinates":[-6.2557,53.28132]},"properties":{"school_id":"19716B","name":"ST ATTRACTAS SENIOR N S","level":"primary","enrolment":371,"projected_new_pupils":0.0,"pressure_ratio":0.0}},{"type":"Feature","geometry":{"type":"Point","coordinates":[-6.24194,53.4524]},"properties":{"school_id":"19721R","name":"HOLY FAMILY JUNIOR N S","level":"primary","enrolment":565,"projected_new_pupils":0.0,"pressure_ratio":0.0}},{"type":"Feature","geometry":{"type":"Point","coordinates":[-6.22605,53.27632]},"properties":{"school_id":"19723V","name":"QUEEN OF ANGELS PRIMARY SCHOOL","level":"primary","enrolment":224,"projected_new_pupils":0.0,"pressure_ratio":0.0}},{"type":"Feature","geometry":{"type":"Point","coordinates":[-6.23893,53.32106]},"properties":{"school_id":"19727G","name":"ST MARYS CENTRAL N S","level":"primary","enrolment":587,"projected_new_pupils":0.0,"pressure_ratio":0.0}},{"type":"Feature","geometry":{"type":"Point","coordinates":[-6.3163,53.28411]},"properties":{"school_id":"19742C","name":"ST COLMCILLE SENIOR N S","level":"primary","enrolment":744,"projected_new_pupils":0.0,"pressure_ratio":0.0}},{"type":"Feature","geometry":{"type":"Point","coordinates":[-6.39789,53.34964]},"properties":{"school_id":"19743E","name":"ST BERNADETTES JUNIOR N S","level":"primary","enrolment":173,"projected_new_pupils":0.0,"pressure_ratio":0.0}},{"type":"Feature","geometry":{"type":"Point","coordinates":[-6.12617,53.18838]},"properties":{"school_id":"19754J","name":"BRAY SCHOOL PROJECT N S","level":"primary","enrolment":223,"projected_new_pupils":0.0,"pressure_ratio":0.0}},{"type":"Feature","geometry":{"type":"Point","coordinates":[-6.41005,53.40256]},"properties":{"school_id":"19755L","name":"SACRED HEART N S","level":"primary","enrolment":632,"projected_new_pupils":0.0,"pressure_ratio":0.0}},{"type":"Feature","geometry":{"type":"Point","coordinates":[-6.13612,53.43993]},"properties":{"school_id":"19762I","name":"ST HELENS SENIOR N S","level":"primary","enrolment":381,"projected_new_pupils":0.0,"pressure_ratio":0.0}},{"type":"Feature","geometry":{"type":"Point","coordinates":[-6.33789,53.3313]},"properties":{"school_id":"19764M","name":"OUR LADY OF WAYSIDE N S","level":"primary","enrolment":114,"projected_new_pupils":0.0,"pressure_ratio":0.0}},{"type":"Feature","geometry":{"type":"Point","coordinates":[-6.40323,53.27888]},"properties":{"school_id":"19765O","name":"ST THOMAS SENIOR N S","level":"primary","enrolment":331,"projected_new_pupils":0.0,"pressure_ratio":0.0}},{"type":"Feature","geometry":{"type":"Point","coordinates":[-6.39873,53.51599]},"properties":{"school_id":"19768U","name":"SCOIL MHUIRE","level":"primary","enrolment":479,"projected_new_pupils":0.0,"pressure_ratio":0.0}},{"type":"Feature","geometry":{"type":"Point","coordinates":[-6.37781,53.37819]},"properties":{"school_id":"19769W","name":"SCOIL THOMAIS","level":"primary","enrolment":622,"projected_new_pupils":0.0,"pressure_ratio":0.0}},{"type":"Feature","geometry":{"type":"Point","coordinates":[-6.22879,53.3544]},"properties":{"school_id":"19774P","name":"ST JOSEPHS MXD N S","level":"primary","enrolment":211,"projected_new_pupils":0.0,"pressure_ratio":0.0}},{"type":"Feature","geometry":{"type":"Point","coordinates":[-6.3932,53.27614]},"properties":{"school_id":"19775R","name":"SCOIL CNOC MHUIRE JUNIOR","level":"primary","enrolment":141,"projected_new_pupils":0.0,"pressure_ratio":0.0}},{"type":"Feature","geometry":{"type":"Point","coordinates":[-6.15291,53.38551]},"properties":{"school_id":"19777V","name":"GAELSCOIL MIDE","level":"primary","enrolment":218,"projected_new_pupils":0.0,"pressure_ratio":0.0}},{"type":"Feature","geometry":{"type":"Point","coordinates":[-6.38688,53.50487]},"properties":{"school_id":"19779C","name":"Gaelscoil na Cille","level":"primary","enrolment":227,"projected_new_pupils":0.0,"pressure_ratio":0.0}},{"type":"Feature","geometry":{"type":"Point","coordinates":[-6.4043,53.28715]},"properties":{"school_id":"19782O","name":"ST BRIGIDS N S","level":"primary","enrolment":206,"projected_new_pupils":0.0,"pressure_ratio":0.0}},{"type":"Feature","geometry":{"type":"Point","coordinates":[-6.39732,53.35039]},"properties":{"school_id":"19785U","name":"ST BERNADETTES SENIOR N S","level":"primary","enrolment":194,"projected_new_pupils":0.0,"pressure_ratio":0.0}},{"type":"Feature","geometry":{"type":"Point","coordinates":[-6.54941,53.3488]},"properties":{"school_id":"19794V","name":"AGHARDS N S","level":"primary","enrolment":660,"projected_new_pupils":0.0,"pressure_ratio":0.0}},{"type":"Feature","geometry":{"type":"Point","coordinates":[-6.40216,53.31451]},"properties":{"school_id":"19799I","name":"SACRED HEART N S","level":"primary","enrolment":463,"projected_new_pupils":0.0,"pressure_ratio":0.0}},{"type":"Feature","geometry":{"type":"Point","coordinates":[-6.4672,53.35098]},"properties":{"school_id":"19817H","name":"ST MARYS N S","level":"primary","enrolment":483,"projected_new_pupils":0.0,"pressure_ratio":0.0}},{"type":"Feature","geometry":{"type":"Point","coordinates":[-6.2577,53.3513]},"properties":{"school_id":"19831B","name":"SCOIL CHAOIMHIN","level":"primary","enrolment":68,"projected_new_pupils":0.0,"pressure_ratio":0.0}},{"type":"Feature","geometry":{"type":"Point","coordinates":[-6.40464,53.28639]},"properties":{"school_id":"19834H","name":"ST AIDANS NS","level":"primary","enrolment":244,"projected_new_pupils":0.0,"pressure_ratio":0.0}},{"type":"Feature","geometry":{"type":"Point","coordinates":[-6.33092,53.32436]},"properties":{"school_id":"19837N","name":"DRIMNAGH CASTLE CBS N S","level":"primary","enrolment":342,"projected_new_pupils":0.0,"pressure_ratio":0.0}},{"type":"Feature","geometry":{"type":"Point","coordinates":[-6.15377,53.28633]},"properties":{"school_id":"19840C","name":"HOLY FAMILY SCHOOL","level":"primary","enrolment":149,"projected_new_pupils":0.0,"pressure_ratio":0.0}},{"type":"Feature","geometry":{"type":"Point","coordinates":[-6.26829,53.38193]},"properties":{"school_id":"19845M","name":"NORTH DUBLIN NS PROJECT","level":"primary","enrolment":214,"projected_new_pupils":0.0,"pressure_ratio":0.0}},{"type":"Feature","geometry":{"type":"Point","coordinates":[-6.39204,53.40598]},"properties":{"school_id":"19850F","name":"LADYSWELL N S","level":"primary","enrolment":447,"projected_new_pupils":0.0,"pressure_ratio":0.0}},{"type":"Feature","geometry":{"type":"Point","coordinates":[-6.4022,53.32335]},"properties":{"school_id":"19855P","name":"GAELSCOIL CHLUAIN DOLCAIN","level":"primary","enrolment":445,"projected_new_pupils":0.0,"pressure_ratio":0.0}},{"type":"Feature","geometry":{"type":"Point","coordinates":[-6.41578,53.34057]},"properties":{"school_id":"19865S","name":"DIVINE MERCY JUNIOR NATIONAL SCHOOL","level":"primary","enrolment":204,"projected_new_pupils":0.0,"pressure_ratio":0.0}},{"type":"Feature","geometry":{"type":"Point","coordinates":[-6.54328,53.51393]},"properties":{"school_id":"19867W","name":"Scoil na Rithe","level":"primary","enrolment":222,"projected_new_pupils":0.0,"pressure_ratio":0.0}},{"type":"Feature","geometry":{"type":"Point","coordinates":[-6.39858,53.27403]},"properties":{"school_id":"19872P","name":"SCOIL CHAITLIN MAUDE","level":"primary","enrolment":284,"projected_new_pupils":0.0,"pressure_ratio":0.0}},{"type":"Feature","geometry":{"type":"Point","coordinates":[-6.48735,53.37055]},"properties":{"school_id":"19875V","name":"SAN CARLO SENIOR N S","level":"primary","enrolment":301,"projected_new_pupils":0.0,"pressure_ratio":0.0}},{"type":"Feature","geometry":{"type":"Point","coordinates":[-6.24149,53.45182]},"properties":{"school_id":"19877C","name":"HOLY FAMILY SENIOR N S","level":"primary","enrolment":624,"projected_new_pupils":0.0,"pressure_ratio":0.0}},{"type":"Feature","geometry":{"type":"Point","coordinates":[-6.34867,53.27289]},"properties":{"school_id":"19878E","name":"Holy Rosary Primary School","level":"primary","enrolment":525,"projected_new_pupils":0.0,"pressure_ratio":0.0}},{"type":"Feature","geometry":{"type":"Point","coordinates":[-6.12899,53.23427]},"properties":{"school_id":"19888H","name":"ST ANNES MXD N S","level":"primary","enrolment":440,"projected_new_pupils":0.0,"pressure_ratio":0.0}},{"type":"Feature","geometry":{"type":"Point","coordinates":[-6.37035,53.30629]},"properties":{"school_id":"19893A","name":"ST KILIANS SENIOR N S","level":"primary","enrolment":296,"projected_new_pupils":0.0,"pressure_ratio":0.0}},{"type":"Feature","geometry":{"type":"Point","coordinates":[-6.24582,53.3362]},"properties":{"school_id":"19896G","name":"Scoil Caitriona na mBraithre","level":"primary","enrolment":134,"projected_new_pupils":0.0,"pressure_ratio":0.0}},{"type":"Feature","geometry":{"type":"Point","coordinates":[-6.20044,53.44661]},"properties":{"school_id":"19898K","name":"GAELSCOIL AN DUINNINIGH","level":"primary","enrolment":380,"projected_new_pupils":0.0,"pressure_ratio":0.0}},{"type":"Feature","geometry":{"type":"Point","coordinates":[-6.191,53.30054]},"properties":{"school_id":"19901T","name":"BOOTERSTOWN N S","level":"primary","enrolment":85,"projected_new_pupils":0.0,"pressure_ratio":0.0}},{"type":"Feature","geometry":{"type":"Point","coordinates":[-6.24137,53.28851]},"properties":{"school_id":"19904C","name":"HOLY CROSS N S","level":"primary","enrolment":260,"projected_new_pupils":0.0,"pressure_ratio":0.0}},{"type":"Feature","geometry":{"type":"Point","coordinates":[-6.28536,53.31735]},"properties":{"school_id":"19907I","name":"GAELSCOIL MOLOGA","level":"primary","enrolment":229,"projected_new_pupils":0.0,"pressure_ratio":0.0}},{"type":"Feature","geometry":{"type":"Point","coordinates":[-6.20322,53.39812]},"properties":{"school_id":"19913D","name":"ST JOSEPHS NS","level":"primary","enrolment":294,"projected_new_pupils":0.0,"pressure_ratio":0.0}},{"type":"Feature","geometry":{"type":"Point","coordinates":[-6.21725,53.38581]},"properties":{"school_id":"19919P","name":"ST DAVIDS N S","level":"primary","enrolment":308,"projected_new_pupils":0.0,"pressure_ratio":0.0}},{"type":"Feature","geometry":{"type":"Point","coordinates":[-6.21732,53.38965]},"properties":{"school_id":"19920A","name":"ST JOHN OF GOD N S","level":"primary","enrolment":182,"projected_new_pupils":0.0,"pressure_ratio":0.0}},{"type":"Feature","geometry":{"type":"Point","coordinates":[-6.24993,53.30162]},"properties":{"school_id":"19922E","name":"OUR LADYS N S","level":"primary","enrolment":176,"projected_new_pupils":0.0,"pressure_ratio":0.0}},{"type":"Feature","geometry":{"type":"Point","coordinates":[-6.28575,53.31736]},"properties":{"school_id":"19924I","name":"HAROLDS CROSS N S","level":"primary","enrolment":398,"projected_new_pupils":0.0,"pressure_ratio":0.0}},{"type":"Feature","geometry":{"type":"Point","coordinates":[-6.2621,53.35359]},"properties":{"school_id":"19926M","name":"GAELSCOIL CHOLAISTE MHUIRE","level":"primary","enrolment":161,"projected_new_pupils":0.0,"pressure_ratio":0.0}},{"type":"Feature","geometry":{"type":"Point","coordinates":[-6.25769,53.3268]},"properties":{"school_id":"19928Q","name":"RANELAGH MULTI DENOM NS","level":"primary","enrolment":221,"projected_new_pupils":0.0,"pressure_ratio":0.0}},{"type":"Feature","geometry":{"type":"Point","coordinates":[-6.31021,53.38627]},"properties":{"school_id":"19929S","name":"ST BRIGIDS SENIOR GIRLS","level":"primary","enrolment":137,"projected_new_pupils":0.0,"pressure_ratio":0.0}},{"type":"Feature","geometry":{"type":"Point","coordinates":[-6.27936,53.33446]},"properties":{"school_id":"19933J","name":"SCOIL TREASA NAOFA","level":"primary","enrolment":175,"projected_new_pupils":0.0,"pressure_ratio":0.0}},{"type":"Feature","geometry":{"type":"Point","coordinates":[-6.15667,53.38689]},"properties":{"school_id":"19935N","name":"SCOIL EOIN","level":"primary","enrolment":143,"projected_new_pupils":0.0,"pressure_ratio":0.0}},{"type":"Feature","geometry":{"type":"Point","coordinates":[-6.14001,53.28668]},"properties":{"school_id":"19938T","name":"ST JOSEPHS","level":"primary","enrolment":370,"projected_new_pupils":0.0,"pressure_ratio":0.0}},{"type":"Feature","geometry":{"type":"Point","coordinates":[-6.26948,53.29364]},"properties":{"school_id":"19939V","name":"Scoil Naisiunta an Dea Aoire","level":"primary","enrolment":209,"projected_new_pupils":0.0,"pressure_ratio":0.0}},{"type":"Feature","geometry":{"type":"Point","coordinates":[-6.43548,53.35063]},"properties":{"school_id":"19940G","name":"GAELSCOIL NAOMH PADRAIG","level":"primary","enrolment":367,"projected_new_pupils":0.0,"pressure_ratio":0.0}},{"type":"Feature","geometry":{"type":"Point","coordinates":[-6.32129,53.31423]},"properties":{"school_id":"19943M","name":"ST DAMIENS NS","level":"primary","enrolment":231,"projected_new_pupils":0.0,"pressure_ratio":0.0}},{"type":"Feature","geometry":{"type":"Point","coordinates":[-6.27509,53.29176]},"properties":{"school_id":"19945Q","name":"RATHFARNHAM EDUCATE TOGETHER","level":"primary","enrolment":188,"projected_new_pupils":0.0,"pressure_ratio":0.0}},{"type":"Feature","geometry":{"type":"Point","coordinates":[-6.2551,53.35337]},"properties":{"school_id":"19946S","name":"RUTLAND NATIONAL SCHOOL","level":"primary","enrolment":152,"projected_new_pupils":0.0,"pressure_ratio":0.0}},{"type":"Feature","geometry":{"type":"Point","coordinates":[-6.23423,53.30396]},"properties":{"school_id":"19949B","name":"ISLAMIC NATIONAL SCHOOL","level":"primary","enrolment":414,"projected_new_pupils":0.0,"pressure_ratio":0.0}},{"type":"Feature","geometry":{"type":"Point","coordinates":[-6.15257,53.38532]},"properties":{"school_id":"19954R","name":"North Bay Educate Together NS","level":"primary","enrolment":196,"projected_new_pupils":0.0,"pressure_ratio":0.0}},{"type":"Feature","geometry":{"type":"Point","coordinates":[-6.12827,53.25608]},"properties":{"school_id":"19960M","name":"ST JOHNS N S","level":"primary","enrolment":165,"projected_new_pupils":0.0,"pressure_ratio":0.0}},{"type":"Feature","geometry":{"type":"Point","coordinates":[-6.13832,53.27649]},"properties":{"school_id":"19979K","name":"ST KEVINS N S","level":"primary","enrolment":229,"projected_new_pupils":0.0,"pressure_ratio":0.0}},{"type":"Feature","geometry":{"type":"Point","coordinates":[-6.23828,53.36417]},"properties":{"school_id":"19981U","name":"ST MARYS N S","level":"primary","enrolment":212,"projected_new_pupils":0.0,"pressure_ratio":0.0}},{"type":"Feature","geometry":{"type":"Point","coordinates":[-6.39292,53.32365]},"properties":{"school_id":"19991A","name":"Gaelscoil na Camoige","level":"primary","enrolment":215,"projected_new_pupils":0.0,"pressure_ratio":0.0}},{"type":"Feature","geometry":{"type":"Point","coordinates":[-6.27948,53.3308]},"properties":{"school_id":"20012S","name":"GRIFFITH BARRACKS MULTI D SCHOOL","level":"primary","enrolment":403,"projected_new_pupils":0.0,"pressure_ratio":0.0}},{"type":"Feature","geometry":{"type":"Point","coordinates":[-6.25606,53.3983]},"properties":{"school_id":"20015B","name":"GAELSCOIL BHAILE MUNNA","level":"primary","enrolment":164,"projected_new_pupils":0.0,"pressure_ratio":0.0}},{"type":"Feature","geometry":{"type":"Point","coordinates":[-6.10932,53.19936]},"properties":{"school_id":"20016D","name":"GAELSCOIL UI CHEADAIGH","level":"primary","enrolment":166,"projected_new_pupils":0.0,"pressure_ratio":0.0}},{"type":"Feature","geometry":{"type":"Point","coordinates":[-6.21535,53.25956]},"properties":{"school_id":"20020R","name":"Gaelscoil Thaobh na Coille","level":"primary","enrolment":402,"projected_new_pupils":0.0,"pressure_ratio":0.0}},{"type":"Feature","geometry":{"type":"Point","coordinates":[-6.30841,53.38619]},"properties":{"school_id":"20029M","name":"ST BRIGIDS INFANT N S","level":"primary","enrolment":140,"projected_new_pupils":0.0,"pressure_ratio":0.0}},{"type":"Feature","geometry":{"type":"Point","coordinates":[-6.4704,53.41961]},"properties":{"school_id":"20032B","name":"DUNBOYNE JUNIOR N S","level":"primary","enrolment":397,"projected_new_pupils":0.0,"pressure_ratio":0.0}},{"type":"Feature","geometry":{"type":"Point","coordinates":[-6.4712,53.41887]},"properties":{"school_id":"20033D","name":"DUNBOYNE SENIOR N S","level":"primary","enrolment":470,"projected_new_pupils":0.0,"pressure_ratio":0.0}},{"type":"Feature","geometry":{"type":"Point","coordinates":[-6.29067,53.35385]},"properties":{"school_id":"20035H","name":"ST GABRIELS N S","level":"primary","enrolment":168,"projected_new_pupils":0.0,"pressure_ratio":0.0}},{"type":"Feature","geometry":{"type":"Point","coordinates":[-6.32712,53.28567]},"properties":{"school_id":"20043G","name":"GAELSCOIL CHNOC LIAMHNA","level":"primary","enrolment":233,"projected_new_pupils":0.0,"pressure_ratio":0.0}},{"type":"Feature","geometry":{"type":"Point","coordinates":[-6.28918,53.36488]},"properties":{"school_id":"20047O","name":"GAELSCOIL BHARRA","level":"primary","enrolment":212,"projected_new_pupils":0.0,"pressure_ratio":0.0}},{"type":"Feature","geometry":{"type":"Point","coordinates":[-6.25679,53.32216]},"properties":{"school_id":"20048Q","name":"Gaelscoil Lios na nOg","level":"primary","enrolment":188,"projected_new_pupils":0.0,"pressure_ratio":0.0}},{"type":"Feature","geometry":{"type":"Point","coordinates":[-6.2306,53.39601]},"properties":{"school_id":"20052H","name":"GAELSCOIL CHOLMCILLE","level":"primary","enrolment":209,"projected_new_pupils":0.0,"pressure_ratio":0.0}},{"type":"Feature","geometry":{"type":"Point","coordinates":[-6.12459,53.24837]},"properties":{"school_id":"20056P","name":"GAELSCOIL PHADRAIG","level":"primary","enrolment":118,"projected_new_pupils":0.0,"pressure_ratio":0.0}},{"type":"Feature","geometry":{"type":"Point","coordinates":[-6.28745,53.38633]},"properties":{"school_id":"20059V","name":"MOTHER OF DIVINE GRACE","level":"primary","enrolment":480,"projected_new_pupils":0.0,"pressure_ratio":0.0}},{"type":"Feature","geometry":{"type":"Point","coordinates":[-6.15034,53.28065]},"properties":{"school_id":"20060G","name":"Monkstown Eucate Together NS","level":"primary","enrolment":415,"projected_new_pupils":0.0,"pressure_ratio":0.0}},{"type":"Feature","geometry":{"type":"Point","coordinates":[-6.21686,53.37438]},"properties":{"school_id":"20064O","name":"OUR LADY OF CONSOLATION NS","level":"primary","enrolment":310,"projected_new_pupils":0.0,"pressure_ratio":0.0}},{"type":"Feature","geometry":{"type":"Point","coordinates":[-6.42544,53.35121]},"properties":{"school_id":"20066S","name":"Lucan Educate Together NS","level":"primary","enrolment":384,"projected_new_pupils":0.0,"pressure_ratio":0.0}},{"type":"Feature","geometry":{"type":"Point","coordinates":[-6.47361,53.41507]},"properties":{"school_id":"20082Q","name":"Gaelscoil Thulach na nÓg","level":"primary","enrolment":360,"projected_new_pupils":0.0,"pressure_ratio":0.0}},{"type":"Feature","geometry":{"type":"Point","coordinates":[-6.27655,53.36176]},"properties":{"school_id":"20091R","name":"ST PETERS NS","level":"primary","enrolment":409,"projected_new_pupils":0.0,"pressure_ratio":0.0}},{"type":"Feature","geometry":{"type":"Point","coordinates":[-6.37387,53.3368]},"properties":{"school_id":"20092T","name":"ST ULTANS NS","level":"primary","enrolment":359,"projected_new_pupils":0.0,"pressure_ratio":0.0}},{"type":"Feature","geometry":{"type":"Point","coordinates":[-6.24623,53.47183]},"properties":{"school_id":"20095C","name":"GAELSCOIL BHRIAN BÓROIMHE","level":"primary","enrolment":441,"projected_new_pupils":0.0,"pressure_ratio":0.0}},{"type":"Feature","geometry":{"type":"Point","coordinates":[-6.36282,53.37995]},"properties":{"school_id":"20098I","name":"Castleknock Educate Together NS","level":"primary","enrolment":374,"projected_new_pupils":0.0,"pressure_ratio":0.0}},{"type":"Feature","geometry":{"type":"Point","coordinates":[-6.23732,53.33442]},"properties":{"school_id":"20103V","name":"JOHN SCOTTUS NS","level":"primary","enrolment":136,"projected_new_pupils":0.0,"pressure_ratio":0.0}},{"type":"Feature","geometry":{"type":"Point","coordinates":[-6.27437,53.34433]},"properties":{"school_id":"20104A","name":"ST AUDOENS NS","level":"primary","enrolment":171,"projected_new_pupils":0.0,"pressure_ratio":0.0}},{"type":"Feature","geometry":{"type":"Point","coordinates":[-6.53072,53.17377]},"properties":{"school_id":"20110S","name":"S N MHUIRE SENIOR SCHOOL","level":"primary","enrolment":296,"projected_new_pupils":0.0,"pressure_ratio":0.0}},{"type":"Feature","geometry":{"type":"Point","coordinates":[-6.38799,53.36908]},"properties":{"school_id":"20130B","name":"ST PATRICKS NS","level":"primary","enrolment":867,"projected_new_pupils":0.0,"pressure_ratio":0.0}},{"type":"Feature","geometry":{"type":"Point","coordinates":[-6.27987,53.35674]},"properties":{"school_id":"20131D","name":"Dublin 7 Educate Together NS","level":"primary","enrolment":515,"projected_new_pupils":0.0,"pressure_ratio":0.0}},{"type":"Feature","geometry":{"type":"Point","coordinates":[-6.42475,53.40446]},"properties":{"school_id":"20137P","name":"Mary Mother of Hope Senior NS","level":"primary","enrolment":429,"projected_new_pupils":0.0,"pressure_ratio":0.0}},{"type":"Feature","geometry":{"type":"Point","coordinates":[-6.3201,53.34139]},"properties":{"school_id":"20139T","name":"INCHICORE NS","level":"primary","enrolment":201,"projected_new_pupils":0.0,"pressure_ratio":0.0}},{"type":"Feature","geometry":{"type":"Point","coordinates":[-6.12562,53.28606]},"properties":{"school_id":"20141G","name":"THE HAROLD SCHOOL","level":"primary","enrolment":642,"projected_new_pupils":0.0,"pressure_ratio":0.0}},{"type":"Feature","geometry":{"type":"Point","coordinates":[-6.24703,53.47138]},"properties":{"school_id":"20145O","name":"Swords Educate Together NS","level":"primary","enrolment":394,"projected_new_pupils":0.0,"pressure_ratio":0.0}},{"type":"Feature","geometry":{"type":"Point","coordinates":[-6.3117,53.36865]},"properties":{"school_id":"20152L","name":"NORTH DUBLIN MUSLIM NS","level":"primary","enrolment":391,"projected_new_pupils":0.0,"pressure_ratio":0.0}},{"type":"Feature","geometry":{"type":"Point","coordinates":[-6.1457,53.49171]},"properties":{"school_id":"20161M","name":"Donabate/Portrane Educate Together NS","level":"primary","enrolment":414,"projected_new_pupils":0.0,"pressure_ratio":0.0}},{"type":"Feature","geometry":{"type":"Point","coordinates":[-6.43378,53.34134]},"properties":{"school_id":"20166W","name":"Griffeen Valley Educate Together NS","level":"primary","enrolment":466,"projected_new_pupils":0.0,"pressure_ratio":0.0}},{"type":"Feature","geometry":{"type":"Point","coordinates":[-6.26924,53.37875]},"properties":{"school_id":"20168D","name":"Glasnevin Educate Together NS","level":"primary","enrolment":410,"projected_new_pupils":0.0,"pressure_ratio":0.0}},{"type":"Feature","geometry":{"type":"Point","coordinates":[-6.392,53.29066]},"properties":{"school_id":"20173T","name":"ST ANNES PRIMARY SCHOOL","level":"primary","enrolment":301,"projected_new_pupils":0.0,"pressure_ratio":0.0}},{"type":"Feature","geometry":{"type":"Point","coordinates":[-6.15691,53.52893]},"properties":{"school_id":"20176C","name":"Rush and Lusk Educate Together NS","level":"primary","enrolment":393,"projected_new_pupils":0.0,"pressure_ratio":0.0}},{"type":"Feature","geometry":{"type":"Point","coordinates":[-6.44268,53.39339]},"properties":{"school_id":"20186F","name":"Castaheany Educate Together NS","level":"primary","enrolment":362,"projected_new_pupils":0.0,"pressure_ratio":0.0}},{"type":"Feature","geometry":{"type":"Point","coordinates":[-6.41676,53.33987]},"properties":{"school_id":"20187H","name":"DIVINE MERCY SENIOR NATIONAL SCHOOL","level":"primary","enrolment":274,"projected_new_pupils":0.0,"pressure_ratio":0.0}},{"type":"Feature","geometry":{"type":"Point","coordinates":[-6.19643,53.26182]},"properties":{"school_id":"20190T","name":"HOLY TRINITY NATIONAL SCHOOL","level":"primary","enrolment":586,"projected_new_pupils":0.0,"pressure_ratio":0.0}},{"type":"Feature","geometry":{"type":"Point","coordinates":[-6.47399,53.41546]},"properties":{"school_id":"20191V","name":"ST PETERS NATIONAL SCHOOL","level":"primary","enrolment":97,"projected_new_pupils":0.0,"pressure_ratio":0.0}},{"type":"Feature","geometry":{"type":"Point","coordinates":[-6.46087,53.3363]},"properties":{"school_id":"20194E","name":"St. John the Evangelist National School","level":"primary","enrolment":417,"projected_new_pupils":0.0,"pressure_ratio":0.0}},{"type":"Feature","geometry":{"type":"Point","coordinates":[-6.46503,53.50238]},"properties":{"school_id":"20200T","name":"RATOATH SENIOR NS","level":"primary","enrolment":319,"projected_new_pupils":0.0,"pressure_ratio":0.0}},{"type":"Feature","geometry":{"type":"Point","coordinates":[-6.38246,53.42317]},"properties":{"school_id":"20201V","name":"TYRRELSTOWN EDUCATE TOGETHER NATIONAL SCHOOL","level":"primary","enrolment":511,"projected_new_pupils":0.0,"pressure_ratio":0.0}},{"type":"Feature","geometry":{"type":"Point","coordinates":[-6.20671,53.61136]},"properties":{"school_id":"20202A","name":"Balbriggan Educate Together NS","level":"primary","enrolment":356,"projected_new_pupils":0.0,"pressure_ratio":0.0}},{"type":"Feature","geometry":{"type":"Point","coordinates":[-6.45237,53.50259]},"properties":{"school_id":"20215J","name":"ST PAULS NS","level":"primary","enrolment":565,"projected_new_pupils":0.0,"pressure_ratio":0.0}},{"type":"Feature","geometry":{"type":"Point","coordinates":[-6.12697,53.2471]},"properties":{"school_id":"20218P","name":"St Columbanus National School","level":"primary","enrolment":113,"projected_new_pupils":0.0,"pressure_ratio":0.0}},{"type":"Feature","geometry":{"type":"Point","coordinates":[-6.28994,53.38741]},"properties":{"school_id":"20220C","name":"GAELSCOIL UI EARCAIN","level":"primary","enrolment":248,"projected_new_pupils":0.0,"pressure_ratio":0.0}},{"type":"Feature","geometry":{"type":"Point","coordinates":[-6.43665,53.34813]},"properties":{"school_id":"20223I","name":"GAELSCOIL EISCIR RIADA","level":"primary","enrolment":376,"projected_new_pupils":0.0,"pressure_ratio":0.0}},{"type":"Feature","geometry":{"type":"Point","coordinates":[-6.44085,53.39318]},"properties":{"school_id":"20231H","name":"ST BENEDICTS NATIONAL SCHOOL","level":"primary","enrolment":622,"projected_new_pupils":0.0,"pressure_ratio":0.0}},{"type":"Feature","geometry":{"type":"Point","coordinates":[-6.40884,53.37605]},"properties":{"school_id":"20241K","name":"Scoil Choilm Community NS","level":"primary","enrolment":698,"projected_new_pupils":0.0,"pressure_ratio":0.0}},{"type":"Feature","geometry":{"type":"Point","coordinates":[-6.5068,53.17934]},"properties":{"school_id":"20242M","name":"Blessington Educate Together NS","level":"primary","enrolment":95,"projected_new_pupils":0.0,"pressure_ratio":0.0}},{"type":"Feature","geometry":{"type":"Point","coordinates":[-6.4371,53.39752]},"properties":{"school_id":"20247W","name":"Scoil Ghrainne Community National School","level":"primary","enrolment":585,"projected_new_pupils":0.0,"pressure_ratio":0.0}},{"type":"Feature","geometry":{"type":"Point","coordinates":[-6.17912,53.60059]},"properties":{"school_id":"20252P","name":"GAELSCOIL BHAILE BRIGIN","level":"primary","enrolment":306,"projected_new_pupils":0.0,"pressure_ratio":0.0}},{"type":"Feature","geometry":{"type":"Point","coordinates":[-6.52867,53.33255]},"properties":{"school_id":"20257C","name":"Scoil Naomh Padraig","level":"primary","enrolment":374,"projected_new_pupils":0.0,"pressure_ratio":0.0}},{"type":"Feature","geometry":{"type":"Point","coordinates":[-6.45998,53.33625]},"properties":{"school_id":"20268H","name":"Adamstown Castle Educate Together National School","level":"primary","enrolment":431,"projected_new_pupils":0.0,"pressure_ratio":0.0}},{"type":"Feature","geometry":{"type":"Point","coordinates":[-6.2018,53.6047]},"properties":{"school_id":"20269J","name":"Scoil Chormaic","level":"primary","enrolment":362,"projected_new_pupils":0.0,"pressure_ratio":0.0}},{"type":"Feature","geometry":{"type":"Point","coordinates":[-6.43724,53.35094]},"properties":{"school_id":"20274C","name":"Esker Educate Together NS","level":"primary","enrolment":382,"projected_new_pupils":0.0,"pressure_ratio":0.0}},{"type":"Feature","geometry":{"type":"Point","coordinates":[-6.1643,53.3886]},"properties":{"school_id":"20281W","name":"St Benedicts and St Marys National School","level":"primary","enrolment":165,"projected_new_pupils":0.0,"pressure_ratio":0.0}},{"type":"Feature","geometry":{"type":"Point","coordinates":[-6.17818,53.60084]},"properties":{"school_id":"20282B","name":"Bracken Educate Together NS","level":"primary","enrolment":375,"projected_new_pupils":0.0,"pressure_ratio":0.0}},{"type":"Feature","geometry":{"type":"Point","coordinates":[-6.23373,53.47227]},"properties":{"school_id":"20302E","name":"Thornleigh Educate Together National School","level":"primary","enrolment":313,"projected_new_pupils":0.0,"pressure_ratio":0.0}},{"type":"Feature","geometry":{"type":"Point","coordinates":[-6.43251,53.33831]},"properties":{"school_id":"20303G","name":"Lucan East ETNS","level":"primary","enrolment":416,"projected_new_pupils":0.0,"pressure_ratio":0.0}},{"type":"Feature","geometry":{"type":"Point","coordinates":[-6.16992,53.40491]},"properties":{"school_id":"20304I","name":"St. Francis of Assisi National School","level":"primary","enrolment":434,"projected_new_pupils":0.0,"pressure_ratio":0.0}},{"type":"Feature","geometry":{"type":"Point","coordinates":[-6.1345,53.58332]},"properties":{"school_id":"20307O","name":"Skerries Educate Together National School","level":"primary","enrolment":333,"projected_new_pupils":0.0,"pressure_ratio":0.0}},{"type":"Feature","geometry":{"type":"Point","coordinates":[-6.16833,53.40436]},"properties":{"school_id":"20308Q","name":"Belmayne Educate Together National School","level":"primary","enrolment":413,"projected_new_pupils":0.0,"pressure_ratio":0.0}},{"type":"Feature","geometry":{"type":"Point","coordinates":[-6.42389,53.40476]},"properties":{"school_id":"20309S","name":"Mary Mother of Hope Junior National School","level":"primary","enrolment":349,"projected_new_pupils":0.0,"pressure_ratio":0.0}},{"type":"Feature","geometry":{"type":"Point","coordinates":[-6.10566,53.53242]},"properties":{"school_id":"20334R","name":"Gaelscoil Ros Eo","level":"primary","enrolment":167,"projected_new_pupils":0.0,"pressure_ratio":0.0}},{"type":"Feature","geometry":{"type":"Point","coordinates":[-6.24512,53.38593]},"properties":{"school_id":"20338C","name":"Holy Child National School","level":"primary","enrolment":495,"projected_new_pupils":0.0,"pressure_ratio":0.0}},{"type":"Feature","geometry":{"type":"Point","coordinates":[-6.20863,53.44452]},"properties":{"school_id":"20348F","name":"Holywell Educate Together National School","level":"primary","enrolment":613,"projected_new_pupils":0.0,"pressure_ratio":0.0}},{"type":"Feature","geometry":{"type":"Point","coordinates":[-6.4134,53.51094]},"properties":{"school_id":"20382F","name":"Gaelscoil na Mí","level":"primary","enrolment":242,"projected_new_pupils":0.0,"pressure_ratio":0.0}},{"type":"Feature","geometry":{"type":"Point","coordinates":[-6.44505,53.39168]},"properties":{"school_id":"20383H","name":"Hansfield Educate Together National School","level":"primary","enrolment":575,"projected_new_pupils":0.0,"pressure_ratio":0.0}},{"type":"Feature","geometry":{"type":"Point","coordinates":[-6.39177,53.4145]},"properties":{"school_id":"20384J","name":"Powerstown Educate Together National School","level":"primary","enrolment":348,"projected_new_pupils":0.0,"pressure_ratio":0.0}},{"type":"Feature","geometry":{"type":"Point","coordinates":[-6.32186,53.37859]},"properties":{"school_id":"20392I","name":"Pelletstown ETNS","level":"primary","enrolment":386,"projected_new_pupils":0.0,"pressure_ratio":0.0}},{"type":"Feature","geometry":{"type":"Point","coordinates":[-6.39016,53.41441]},"properties":{"school_id":"20394M","name":"Gaelscoil an Chuilinn","level":"primary","enrolment":282,"projected_new_pupils":0.0,"pressure_ratio":0.0}},{"type":"Feature","geometry":{"type":"Point","coordinates":[-6.41148,53.51098]},"properties":{"school_id":"20396Q","name":"Ashbourne Educate Together National School","level":"primary","enrolment":410,"projected_new_pupils":0.0,"pressure_ratio":0.0}},{"type":"Feature","geometry":{"type":"Point","coordinates":[-6.35956,53.34819]},"properties":{"school_id":"20397S","name":"St Louise de Marillac Primary School","level":"primary","enrolment":256,"projected_new_pupils":0.0,"pressure_ratio":0.0}},{"type":"Feature","geometry":{"type":"Point","coordinates":[-6.43814,53.28366]},"properties":{"school_id":"20398U","name":"Citywest & Saggart Community National School","level":"primary","enrolment":413,"projected_new_pupils":0.0,"pressure_ratio":0.0}},{"type":"Feature","geometry":{"type":"Point","coordinates":[-6.24089,53.28216]},"properties":{"school_id":"20400E","name":"Ballinteer Educate Together National School","level":"primary","enrolment":399,"projected_new_pupils":0.0,"pressure_ratio":0.0}},{"type":"Feature","geometry":{"type":"Point","coordinates":[-6.21692,53.26021]},"properties":{"school_id":"20401G","name":"Stepaside Educate Together National School","level":"primary","enrolment":542,"projected_new_pupils":0.0,"pressure_ratio":0.0}},{"type":"Feature","geometry":{"type":"Point","coordinates":[-6.43344,53.28747]},"properties":{"school_id":"20402I","name":"City West Educate Together National School","level":"primary","enrolment":376,"projected_new_pupils":0.0,"pressure_ratio":0.0}},{"type":"Feature","geometry":{"type":"Point","coordinates":[-6.33629,53.27697]},"properties":{"school_id":"20411J","name":"Firhouse Educate Together National School","level":"primary","enrolment":355,"projected_new_pupils":0.0,"pressure_ratio":0.0}},{"type":"Feature","geometry":{"type":"Point","coordinates":[-6.33809,53.2766]},"properties":{"school_id":"20412L","name":"Gaelscoil na Giúise","level":"primary","enrolment":278,"projected_new_pupils":0.0,"pressure_ratio":0.0}},{"type":"Feature","geometry":{"type":"Point","coordinates":[-6.41805,53.28479]},"properties":{"school_id":"20422O","name":"Scoil Aoife CNS","level":"primary","enrolment":342,"projected_new_pupils":0.0,"pressure_ratio":0.0}},{"type":"Feature","geometry":{"type":"Point","coordinates":[-6.1882,53.25629]},"properties":{"school_id":"20425U","name":"Gaelscoil Shliabh Rua","level":"primary","enrolment":359,"projected_new_pupils":0.0,"pressure_ratio":0.0}},{"type":"Feature","geometry":{"type":"Point","coordinates":[-6.41986,53.34028]},"properties":{"school_id":"20426W","name":"Lucan Community National School","level":"primary","enrolment":375,"projected_new_pupils":0.0,"pressure_ratio":0.0}},{"type":"Feature","geometry":{"type":"Point","coordinates":[-6.29017,53.34039]},"properties":{"school_id":"20429F","name":"ST. JAMES'S PRIMARY SCHOOL","level":"primary","enrolment":278,"projected_new_pupils":0.0,"pressure_ratio":0.0}},{"type":"Feature","geometry":{"type":"Point","coordinates":[-6.28944,53.34036]},"properties":{"school_id":"20430N","name":"Canal Way Educate Together National School","level":"primary","enrolment":391,"projected_new_pupils":0.0,"pressure_ratio":0.0}},{"type":"Feature","geometry":{"type":"Point","coordinates":[-6.26729,53.35481]},"properties":{"school_id":"20436C","name":"Paradise Place ETNS","level":"primary","enrolment":239,"projected_new_pupils":0.0,"pressure_ratio":0.0}},{"type":"Feature","geometry":{"type":"Point","coordinates":[-6.13289,53.39643]},"properties":{"school_id":"20437E","name":"St Laurence's National School","level":"primary","enrolment":413,"projected_new_pupils":0.0,"pressure_ratio":0.0}},{"type":"Feature","geometry":{"type":"Point","coordinates":[-6.21388,53.3329]},"properties":{"school_id":"20441S","name":"Shellybanks Educate Together National School","level":"primary","enrolment":333,"projected_new_pupils":0.0,"pressure_ratio":0.0}},{"type":"Feature","geometry":{"type":"Point","coordinates":[-6.17571,53.42238]},"properties":{"school_id":"20445D","name":"Malahide / Portmarnock Educate Together National School","level":"primary","enrolment":377,"projected_new_pupils":0.0,"pressure_ratio":0.0}},{"type":"Feature","geometry":{"type":"Point","coordinates":[-6.33212,53.3229]},"properties":{"school_id":"20450T","name":"Assumption Junior School","level":"primary","enrolment":434,"projected_new_pupils":0.0,"pressure_ratio":0.0}},{"type":"Feature","geometry":{"type":"Point","coordinates":[-6.29391,53.37081]},"properties":{"school_id":"20453C","name":"Broombridge Educate Together National School","level":"primary","enrolment":387,"projected_new_pupils":0.0,"pressure_ratio":0.0}},{"type":"Feature","geometry":{"type":"Point","coordinates":[-6.32839,53.30886]},"properties":{"school_id":"20463F","name":"Holy Spirit Junior Primary School","level":"primary","enrolment":270,"projected_new_pupils":0.0,"pressure_ratio":0.0}},{"type":"Feature","geometry":{"type":"Point","coordinates":[-6.3293,53.3086]},"properties":{"school_id":"20464H","name":"Holy Spirit Senior Primary School","level":"primary","enrolment":269,"projected_new_pupils":0.0,"pressure_ratio":0.0}},{"type":"Feature","geometry":{"type":"Point","coordinates":[-6.12493,53.18689]},"properties":{"school_id":"20466L","name":"St Fergal's National School","level":"primary","enrolment":373,"projected_new_pupils":0.0,"pressure_ratio":0.0}},{"type":"Feature","geometry":{"type":"Point","coordinates":[-6.35742,53.28595]},"properties":{"school_id":"20468P","name":"St Dominic's National School","level":"primary","enrolment":410,"projected_new_pupils":0.0,"pressure_ratio":0.0}},{"type":"Feature","geometry":{"type":"Point","coordinates":[-6.2476,53.3724]},"properties":{"school_id":"20486R","name":"Grace Park Educate Together National School","level":"primary","enrolment":409,"projected_new_pupils":0.0,"pressure_ratio":0.0}},{"type":"Feature","geometry":{"type":"Point","coordinates":[-6.25237,53.29334]},"properties":{"school_id":"20487T","name":"Gaelscoil na Fuinseoige","level":"primary","enrolment":441,"projected_new_pupils":0.0,"pressure_ratio":0.0}},{"type":"Feature","geometry":{"type":"Point","coordinates":[-6.30691,53.32009]},"properties":{"school_id":"20488V","name":"Scoil Úna Naofa","level":"primary","enrolment":356,"projected_new_pupils":0.0,"pressure_ratio":0.0}},{"type":"Feature","geometry":{"type":"Point","coordinates":[-6.32839,53.30506]},"properties":{"school_id":"20494Q","name":"Riverview Educate Together National School","level":"primary","enrolment":242,"projected_new_pupils":0.0,"pressure_ratio":0.0}},{"type":"Feature","geometry":{"type":"Point","coordinates":[-6.25732,53.33178]},"properties":{"school_id":"20501K","name":"HARCOURT TERRACE EDUCATE TOGETHER NATIONAL SCHOOL","level":"primary","enrolment":294,"projected_new_pupils":0.0,"pressure_ratio":0.0}},{"type":"Feature","geometry":{"type":"Point","coordinates":[-6.31801,53.3841]},"properties":{"school_id":"20502M","name":"Scoil Sinead NS","level":"primary","enrolment":62,"projected_new_pupils":0.0,"pressure_ratio":0.0}},{"type":"Feature","geometry":{"type":"Point","coordinates":[-6.15497,53.28726]},"properties":{"school_id":"20503O","name":"Dun Laoghaire ETNS","level":"primary","enrolment":177,"projected_new_pupils":0.0,"pressure_ratio":0.0}},{"type":"Feature","geometry":{"type":"Point","coordinates":[-6.24246,53.35114]},"properties":{"school_id":"20507W","name":"St Laurence O'Toole's National School","level":"primary","enrolment":159,"projected_new_pupils":0.0,"pressure_ratio":0.0}},{"type":"Feature","geometry":{"type":"Point","coordinates":[-6.16792,53.52919]},"properties":{"school_id":"20509D","name":"Lusk Junior National School St Maccullins","level":"primary","enrolment":366,"projected_new_pupils":0.0,"pressure_ratio":0.0}},{"type":"Feature","geometry":{"type":"Point","coordinates":[-6.26366,53.37308]},"properties":{"school_id":"20517C","name":"Gaelscoil Áine","level":"primary","enrolment":176,"projected_new_pupils":0.0,"pressure_ratio":0.0}},{"type":"Feature","geometry":{"type":"Point","coordinates":[-6.22047,53.29565]},"properties":{"school_id":"20518E","name":"Gaelscoil Laighean","level":"primary","enrolment":130,"projected_new_pupils":0.0,"pressure_ratio":0.0}},{"type":"Feature","geometry":{"type":"Point","coordinates":[-6.14838,53.39813]},"properties":{"school_id":"20519G","name":"Stapolin Educate Together National School","level":"primary","enrolment":340,"projected_new_pupils":0.0,"pressure_ratio":0.0}},{"type":"Feature","geometry":{"type":"Point","coordinates":[-6.27766,53.32365]},"properties":{"school_id":"20520O","name":"Dublin 6 Clonskeagh and Dublin 6W Primary School","level":"primary","enrolment":174,"projected_new_pupils":0.0,"pressure_ratio":0.0}},{"type":"Feature","geometry":{"type":"Point","coordinates":[-6.2514,53.29366]},"properties":{"school_id":"20523U","name":"Goatstown Stillorgan Primary School","level":"primary","enrolment":170,"projected_new_pupils":0.0,"pressure_ratio":0.0}},{"type":"Feature","geometry":{"type":"Point","coordinates":[-6.20809,53.37122]},"properties":{"school_id":"20525B","name":"Killester Raheny Clontarf Educate Together National School","level":"primary","enrolment":176,"projected_new_pupils":0.0,"pressure_ratio":0.0}},{"type":"Feature","geometry":{"type":"Point","coordinates":[-6.49979,53.36322]},"properties":{"school_id":"20526D","name":"LEIXLIP EDUCATE TOGETHER NATIONAL SCHOOL","level":"primary","enrolment":207,"projected_new_pupils":0.0,"pressure_ratio":0.0}},{"type":"Feature","geometry":{"type":"Point","coordinates":[-6.22224,53.4551]},"properties":{"school_id":"20528H","name":"River Valley CNS","level":"primary","enrolment":142,"projected_new_pupils":0.0,"pressure_ratio":0.0}},{"type":"Feature","geometry":{"type":"Point","coordinates":[-6.25095,53.46636]},"properties":{"school_id":"20529J","name":"Broadmeadow Community National School","level":"primary","enrolment":80,"projected_new_pupils":0.0,"pressure_ratio":0.0}},{"type":"Feature","geometry":{"type":"Point","coordinates":[-6.14611,53.48968]},"properties":{"school_id":"20530R","name":"Gaelscoil na Mara","level":"primary","enrolment":123,"projected_new_pupils":0.0,"pressure_ratio":0.0}},{"type":"Feature","geometry":{"type":"Point","coordinates":[-6.43814,53.28366]},"properties":{"school_id":"20531T","name":"Gaelscoil Lir","level":"primary","enrolment":53,"projected_new_pupils":0.0,"pressure_ratio":0.0}},{"type":"Feature","geometry":{"type":"Point","coordinates":[-6.15374,53.24521]},"properties":{"school_id":"20535E","name":"Cherrywood Educate Together National School","level":"primary","enrolment":220,"projected_new_pupils":0.0,"pressure_ratio":0.0}},{"type":"Feature","geometry":{"type":"Point","coordinates":[-6.15653,53.39961]},"properties":{"school_id":"20538K","name":"Gaelscoil Ghráinne Mhaol","level":"primary","enrolment":84,"projected_new_pupils":0.0,"pressure_ratio":0.0}},{"type":"Feature","geometry":{"type":"Point","coordinates":[-6.24061,53.3343]},"properties":{"school_id":"20539M","name":"Gaelscoil Eoin","level":"primary","enrolment":64,"projected_new_pupils":0.0,"pressure_ratio":0.0}},{"type":"Feature","geometry":{"type":"Point","coordinates":[-6.13572,53.27594]},"properties":{"school_id":"20543D","name":"Sallynoggin Educate Together National School","level":"primary","enrolment":45,"projected_new_pupils":0.0,"pressure_ratio":0.0}},{"type":"Feature","geometry":{"type":"Point","coordinates":[-6.24021,53.33508]},"properties":{"school_id":"20545H","name":"St Christopher's NS","level":"primary","enrolment":598,"projected_new_pupils":0.0,"pressure_ratio":0.0}},{"type":"Feature","geometry":{"type":"Point","coordinates":[-6.40821,53.51247]},"properties":{"school_id":"20546J","name":"Ashbourne Community National School","level":"primary","enrolment":341,"projected_new_pupils":0.0,"pressure_ratio":0.0}},{"type":"Feature","geometry":{"type":"Point","coordinates":[-6.43895,53.28353]},"properties":{"school_id":"20549P","name":"Rathcoole ETNS","level":"primary","enrolment":114,"projected_new_pupils":0.0,"pressure_ratio":0.0}},{"type":"Feature","geometry":{"type":"Point","coordinates":[-6.2676,53.32464]},"properties":{"school_id":"20571I","name":"St. Louis National School","level":"primary","enrolment":590,"projected_new_pupils":0.0,"pressure_ratio":0.0}},{"type":"Feature","geometry":{"type":"Point","coordinates":[-6.18511,53.61226]},"properties":{"school_id":"60010P","name":"Loreto Secondary School","level":"post-primary","enrolment":1220,"projected_new_pupils":0.0,"pressure_ratio":0.0}},{"type":"Feature","geometry":{"type":"Point","coordinates":[-6.12765,53.39691]},"properties":{"school_id":"60021U","name":"St Marys Secondary School","level":"post-primary","enrolment":230,"projected_new_pupils":0.0,"pressure_ratio":0.0}},{"type":"Feature","geometry":{"type":"Point","coordinates":[-6.19034,53.30365]},"properties":{"school_id":"60030V","name":"Blackrock College","level":"post-primary","enrolment":1041,"projected_new_pupils":0.0,"pressure_ratio":0.0}},{"type":"Feature","geometry":{"type":"Point","coordinates":[-6.19536,53.30604]},"properties":{"school_id":"60040B","name":"Willow Park School","level":"post-primary","enrolment":206,"projected_new_pupils":0.0,"pressure_ratio":0.0}},{"type":"Feature","geometry":{"type":"Point","coordinates":[-6.20495,53.30263]},"properties":{"school_id":"60041D","name":"Coláiste Eoin","level":"post-primary","enrolment":517,"projected_new_pupils":0.0,"pressure_ratio":0.0}},{"type":"Feature","geometry":{"type":"Point","coordinates":[-6.20408,53.3024]},"properties":{"school_id":"60042F","name":"Coláiste Íosagáin","level":"post-primary","enrolment":488,"projected_new_pupils":0.0,"pressure_ratio":0.0}},{"type":"Feature","geometry":{"type":"Point","coordinates":[-6.20249,53.29248]},"properties":{"school_id":"60050E","name":"Oatlands College","level":"post-primary","enrolment":623,"projected_new_pupils":0.0,"pressure_ratio":0.0}},{"type":"Feature","geometry":{"type":"Point","coordinates":[-6.18968,53.30159]},"properties":{"school_id":"60070K","name":"Dominican College","level":"post-primary","enrolment":521,"projected_new_pupils":0.0,"pressure_ratio":0.0}},{"type":"Feature","geometry":{"type":"Point","coordinates":[-6.16301,53.28706]},"properties":{"school_id":"60081P","name":"Rockford Manor Secondary School","level":"post-primary","enrolment":273,"projected_new_pupils":0.0,"pressure_ratio":0.0}},{"type":"Feature","geometry":{"type":"Point","coordinates":[-6.12983,53.27646]},"properties":{"school_id":"60090Q","name":"Rathdown School","level":"post-primary","enrolment":364,"projected_new_pupils":0.0,"pressure_ratio":0.0}},{"type":"Feature","geometry":{"type":"Point","coordinates":[-6.15734,53.26983]},"properties":{"school_id":"60092U","name":"Clonkeen College","level":"post-primary","enrolment":635,"projected_new_pupils":0.0,"pressure_ratio":0.0}},{"type":"Feature","geometry":{"type":"Point","coordinates":[-6.36861,53.36841]},"properties":{"school_id":"60100Q","name":"Castleknock College","level":"post-primary","enrolment":771,"projected_new_pupils":0.0,"pressure_ratio":0.0}},{"type":"Feature","geometry":{"type":"Point","coordinates":[-6.35709,53.35983]},"properties":{"school_id":"60120W","name":"Mount Sackville Secondary School","level":"post-primary","enrolment":636,"projected_new_pupils":0.0,"pressure_ratio":0.0}},{"type":"Feature","geometry":{"type":"Point","coordinates":[-6.39736,53.32028]},"properties":{"school_id":"60121B","name":"Moyle Park College","level":"post-primary","enrolment":763,"projected_new_pupils":0.0,"pressure_ratio":0.0}},{"type":"Feature","geometry":{"type":"Point","coordinates":[-6.38961,53.31742]},"properties":{"school_id":"60122D","name":"Coláiste Bríde","level":"post-primary","enrolment":993,"projected_new_pupils":0.0,"pressure_ratio":0.0}},{"type":"Feature","geometry":{"type":"Point","coordinates":[-6.09983,53.27952]},"properties":{"school_id":"60130C","name":"Loreto Abbey Secondary School","level":"post-primary","enrolment":757,"projected_new_pupils":0.0,"pressure_ratio":0.0}},{"type":"Feature","geometry":{"type":"Point","coordinates":[-6.22261,53.29328]},"properties":{"school_id":"60140F","name":"Mount Anville Secondary School","level":"post-primary","enrolment":726,"projected_new_pupils":0.0,"pressure_ratio":0.0}},{"type":"Feature","geometry":{"type":"Point","coordinates":[-6.14805,53.28977]},"properties":{"school_id":"60180R","name":"Christian Brothers College","level":"post-primary","enrolment":549,"projected_new_pupils":0.0,"pressure_ratio":0.0}},{"type":"Feature","geometry":{"type":"Point","coordinates":[-6.17683,53.2728]},"properties":{"school_id":"60240J","name":"Loreto College Foxrock","level":"post-primary","enrolment":660,"projected_new_pupils":0.0,"pressure_ratio":0.0}},{"type":"Feature","geometry":{"type":"Point","coordinates":[-6.11477,53.25285]},"properties":{"school_id":"60250M","name":"Holy Child Killiney","level":"post-primary","enrolment":382,"projected_new_pupils":0.0,"pressure_ratio":0.0}},{"type":"Feature","geometry":{"type":"Point","coordinates":[-6.12359,53.27069]},"properties":{"school_id":"60260P","name":"St Joseph Of Cluny Secondary School","level":"post-primary","enrolment":270,"projected_new_pupils":0.0,"pressure_ratio":0.0}},{"type":"Feature","geometry":{"type":"Point","coordinates":[-6.22138,53.28464]},"properties":{"school_id":"60261R","name":"St Benildus College","level":"post-primary","enrolment":949,"projected_new_pupils":0.0,"pressure_ratio":0.0}},{"type":"Feature","geometry":{"type":"Point","coordinates":[-6.1384,53.25094]},"properties":{"school_id":"60262T","name":"St Laurence College","level":"post-primary","enrolment":302,"projected_new_pupils":0.0,"pressure_ratio":0.0}},{"type":"Feature","geometry":{"type":"Point","coordinates":[-6.44036,53.35806]},"properties":{"school_id":"60263V","name":"St Joseph's College","level":"post-primary","enrolment":934,"projected_new_pupils":0.0,"pressure_ratio":0.0}},{"type":"Feature","geometry":{"type":"Point","coordinates":[-6.43268,53.3569]},"properties":{"school_id":"60264A","name":"Coláiste Phádraig CBS","level":"post-primary","enrolment":745,"projected_new_pupils":0.0,"pressure_ratio":0.0}},{"type":"Feature","geometry":{"type":"Point","coordinates":[-6.38596,53.35882]},"properties":{"school_id":"60272W","name":"The Kings Hospital","level":"post-primary","enrolment":732,"projected_new_pupils":0.0,"pressure_ratio":0.0}},{"type":"Feature","geometry":{"type":"Point","coordinates":[-6.19326,53.37313]},"properties":{"school_id":"60290B","name":"St Pauls College","level":"post-primary","enrolment":650,"projected_new_pupils":0.0,"pressure_ratio":0.0}},{"type":"Feature","geometry":{"type":"Point","coordinates":[-6.16968,53.38896]},"properties":{"school_id":"60291D","name":"Árdscoil La Salle","level":"post-primary","enrolment":289,"projected_new_pupils":0.0,"pressure_ratio":0.0}},{"type":"Feature","geometry":{"type":"Point","coordinates":[-6.17307,53.37854]},"properties":{"school_id":"60300B","name":"Manor House School","level":"post-primary","enrolment":652,"projected_new_pupils":0.0,"pressure_ratio":0.0}},{"type":"Feature","geometry":{"type":"Point","coordinates":[-6.26429,53.29699]},"properties":{"school_id":"60310E","name":"De La Salle College","level":"post-primary","enrolment":463,"projected_new_pupils":0.0,"pressure_ratio":0.0}},{"type":"Feature","geometry":{"type":"Point","coordinates":[-6.26897,53.26646]},"properties":{"school_id":"60320H","name":"St Columba's College","level":"post-primary","enrolment":357,"projected_new_pupils":0.0,"pressure_ratio":0.0}},{"type":"Feature","geometry":{"type":"Point","coordinates":[-6.30068,53.26242]},"properties":{"school_id":"60321J","name":"Rockbrook Park School","level":"post-primary","enrolment":186,"projected_new_pupils":0.0,"pressure_ratio":0.0}},{"type":"Feature","geometry":{"type":"Point","coordinates":[-6.28378,53.29242]},"properties":{"school_id":"60340N","name":"Loreto High School","level":"post-primary","enrolment":625,"projected_new_pupils":0.0,"pressure_ratio":0.0}},{"type":"Feature","geometry":{"type":"Point","coordinates":[-6.30393,53.28474]},"properties":{"school_id":"60341P","name":"Sancta Maria College","level":"post-primary","enrolment":577,"projected_new_pupils":0.0,"pressure_ratio":0.0}},{"type":"Feature","geometry":{"type":"Point","coordinates":[-6.29894,53.2863]},"properties":{"school_id":"60342R","name":"Coláiste Éanna","level":"post-primary","enrolment":618,"projected_new_pupils":0.0,"pressure_ratio":0.0}},{"type":"Feature","geometry":{"type":"Point","coordinates":[-6.09089,53.51992]},"properties":{"school_id":"60343T","name":"St Joseph's Secondary School","level":"post-primary","enrolment":945,"projected_new_pupils":0.0,"pressure_ratio":0.0}},{"type":"Feature","geometry":{"type":"Point","coordinates":[-6.20534,53.2831]},"properties":{"school_id":"60361V","name":"St Raphaela's Secondary School","level":"post-primary","enrolment":637,"projected_new_pupils":0.0,"pressure_ratio":0.0}},{"type":"Feature","geometry":{"type":"Point","coordinates":[-6.11795,53.38918]},"properties":{"school_id":"60370W","name":"St. Fintan's High School","level":"post-primary","enrolment":714,"projected_new_pupils":0.0,"pressure_ratio":0.0}},{"type":"Feature","geometry":{"type":"Point","coordinates":[-6.10056,53.38713]},"properties":{"school_id":"60380C","name":"Santa Sabina Dominican College","level":"post-primary","enrolment":754,"projected_new_pupils":0.0,"pressure_ratio":0.0}},{"type":"Feature","geometry":{"type":"Point","coordinates":[-6.09326,53.37658]},"properties":{"school_id":"60381E","name":"Sutton Park School","level":"post-primary","enrolment":503,"projected_new_pupils":0.0,"pressure_ratio":0.0}},{"type":"Feature","geometry":{"type":"Point","coordinates":[-6.22552,53.45251]},"properties":{"school_id":"60383I","name":"Coláiste Choilm","level":"post-primary","enrolment":421,"projected_new_pupils":0.0,"pressure_ratio":0.0}},{"type":"Feature","geometry":{"type":"Point","coordinates":[-6.23367,53.3639]},"properties":{"school_id":"60390F","name":"St Josephs C.B.S.","level":"post-primary","enrolment":310,"projected_new_pupils":0.0,"pressure_ratio":0.0}},{"type":"Feature","geometry":{"type":"Point","coordinates":[-6.27498,53.36826]},"properties":{"school_id":"60400F","name":"St Vincents C.B.S. Glasnevin","level":"post-primary","enrolment":408,"projected_new_pupils":0.0,"pressure_ratio":0.0}},{"type":"Feature","geometry":{"type":"Point","coordinates":[-6.28944,53.34036]},"properties":{"school_id":"60410I","name":"C.B.S. James Street","level":"post-primary","enrolment":251,"projected_new_pupils":0.0,"pressure_ratio":0.0}},{"type":"Feature","geometry":{"type":"Point","coordinates":[-6.22808,53.36924]},"properties":{"school_id":"60420L","name":"Árdscoil Rís","level":"post-primary","enrolment":563,"projected_new_pupils":0.0,"pressure_ratio":0.0}},{"type":"Feature","geometry":{"type":"Point","coordinates":[-6.27571,53.35059]},"properties":{"school_id":"60430O","name":"St Pauls C.B.S.","level":"post-primary","enrolment":244,"projected_new_pupils":0.0,"pressure_ratio":0.0}},{"type":"Feature","geometry":{"type":"Point","coordinates":[-6.2508,53.35825]},"properties":{"school_id":"60440R","name":"O'Connell School","level":"post-primary","enrolment":222,"projected_new_pupils":0.0,"pressure_ratio":0.0}},{"type":"Feature","geometry":{"type":"Point","coordinates":[-6.30242,53.36603]},"properties":{"school_id":"60450U","name":"Coláiste Mhuire","level":"post-primary","enrolment":272,"projected_new_pupils":0.0,"pressure_ratio":0.0}},{"type":"Feature","geometry":{"type":"Point","coordinates":[-6.26822,53.33349]},"properties":{"school_id":"60470D","name":"Christian Brothers, Synge St.","level":"post-primary","enrolment":256,"projected_new_pupils":0.0,"pressure_ratio":0.0}},{"type":"Feature","geometry":{"type":"Point","coordinates":[-6.21764,53.38103]},"properties":{"school_id":"60471F","name":"St. David's College","level":"post-primary","enrolment":550,"projected_new_pupils":0.0,"pressure_ratio":0.0}},{"type":"Feature","geometry":{"type":"Point","coordinates":[-6.33373,53.32421]},"properties":{"school_id":"60480G","name":"Meanscoil Iognáid Rís","level":"post-primary","enrolment":521,"projected_new_pupils":0.0,"pressure_ratio":0.0}},{"type":"Feature","geometry":{"type":"Point","coordinates":[-6.25213,53.38435]},"properties":{"school_id":"60481I","name":"St. Aidan's C.B.S.","level":"post-primary","enrolment":725,"projected_new_pupils":0.0,"pressure_ratio":0.0}},{"type":"Feature","geometry":{"type":"Point","coordinates":[-6.24908,53.3428]},"properties":{"school_id":"60490J","name":"C.B.S. Westland Row","level":"post-primary","enrolment":205,"projected_new_pupils":0.0,"pressure_ratio":0.0}},{"type":"Feature","geometry":{"type":"Point","coordinates":[-6.30307,53.36684]},"properties":{"school_id":"60491L","name":"St Declan's College","level":"post-primary","enrolment":651,"projected_new_pupils":0.0,"pressure_ratio":0.0}},{"type":"Feature","geometry":{"type":"Point","coordinates":[-6.22679,53.33314]},"properties":{"school_id":"60500J","name":"Marian College","level":"post-primary","enrolment":318,"projected_new_pupils":0.0,"pressure_ratio":0.0}},{"type":"Feature","geometry":{"type":"Point","coordinates":[-6.28661,53.38922]},"properties":{"school_id":"60511O","name":"Beneavin De La Salle College","level":"post-primary","enrolment":585,"projected_new_pupils":0.0,"pressure_ratio":0.0}},{"type":"Feature","geometry":{"type":"Point","coordinates":[-6.26212,53.35551]},"properties":{"school_id":"60520P","name":"Belvedere College S.J","level":"post-primary","enrolment":1011,"projected_new_pupils":0.0,"pressure_ratio":0.0}},{"type":"Feature","geometry":{"type":"Point","coordinates":[-6.2494,53.31682]},"properties":{"school_id":"60530S","name":"Gonzaga College","level":"post-primary","enrolment":576,"projected_new_pupils":0.0,"pressure_ratio":0.0}},{"type":"Feature","geometry":{"type":"Point","coordinates":[-6.25588,53.3353]},"properties":{"school_id":"60540V","name":"Catholic University School","level":"post-primary","enrolment":544,"projected_new_pupils":0.0,"pressure_ratio":0.0}},{"type":"Feature","geometry":{"type":"Point","coordinates":[-6.20398,53.38802]},"properties":{"school_id":"60550B","name":"Chanel College","level":"post-primary","enrolment":451,"projected_new_pupils":0.0,"pressure_ratio":0.0}},{"type":"Feature","geometry":{"type":"Point","coordinates":[-6.2667,53.32741]},"properties":{"school_id":"60560E","name":"St. Mary's College C.S.Sp., Rathmines","level":"post-primary","enrolment":500,"projected_new_pupils":0.0,"pressure_ratio":0.0}},{"type":"Feature","geometry":{"type":"Point","coordinates":[-6.21742,53.31931]},"properties":{"school_id":"60561G","name":"St Michaels College","level":"post-primary","enrolment":731,"projected_new_pupils":0.0,"pressure_ratio":0.0}},{"type":"Feature","geometry":{"type":"Point","coordinates":[-6.31199,53.30416]},"properties":{"school_id":"60562I","name":"Templeogue College","level":"post-primary","enrolment":637,"projected_new_pupils":0.0,"pressure_ratio":0.0}},{"type":"Feature","geometry":{"type":"Point","coordinates":[-6.29738,53.30425]},"properties":{"school_id":"60570H","name":"Terenure College","level":"post-primary","enrolment":800,"projected_new_pupils":0.0,"pressure_ratio":0.0}},{"type":"Feature","geometry":{"type":"Point","coordinates":[-6.27738,53.38545]},"properties":{"school_id":"60581M","name":"St Kevins College","level":"post-primary","enrolment":503,"projected_new_pupils":0.0,"pressure_ratio":0.0}},{"type":"Feature","geometry":{"type":"Point","coordinates":[-6.24035,53.32796]},"properties":{"school_id":"60590N","name":"St Conleths College","level":"post-primary","enrolment":339,"projected_new_pupils":0.0,"pressure_ratio":0.0}},{"type":"Feature","geometry":{"type":"Point","coordinates":[-6.22918,53.3038]},"properties":{"school_id":"60630W","name":"St Kilian's Deutsche Schule","level":"post-primary","enrolment":475,"projected_new_pupils":0.0,"pressure_ratio":0.0}},{"type":"Feature","geometry":{"type":"Point","coordinates":[-6.25048,53.32187]},"properties":{"school_id":"60640C","name":"Sandford Park School Ltd","level":"post-primary","enrolment":437,"projected_new_pupils":0.0,"pressure_ratio":0.0}},{"type":"Feature","geometry":{"type":"Point","coordinates":[-6.2016,53.30561]},"properties":{"school_id":"60650F","name":"St Andrews College","level":"post-primary","enrolment":1011,"projected_new_pupils":0.0,"pressure_ratio":0.0}},{"type":"Feature","geometry":{"type":"Point","coordinates":[-6.27159,53.33898]},"properties":{"school_id":"60660I","name":"St Patricks Cathedral Grammar School","level":"post-primary","enrolment":302,"projected_new_pupils":0.0,"pressure_ratio":0.0}},{"type":"Feature","geometry":{"type":"Point","coordinates":[-6.27328,53.30579]},"properties":{"school_id":"60670L","name":"The High School","level":"post-primary","enrolment":811,"projected_new_pupils":0.0,"pressure_ratio":0.0}},{"type":"Feature","geometry":{"type":"Point","coordinates":[-6.24927,53.37434]},"properties":{"school_id":"60690R","name":"Dominican College","level":"post-primary","enrolment":799,"projected_new_pupils":0.0,"pressure_ratio":0.0}},{"type":"Feature","geometry":{"type":"Point","coordinates":[-6.26231,53.37462]},"properties":{"school_id":"60700R","name":"Scoil Chaitriona","level":"post-primary","enrolment":523,"projected_new_pupils":0.0,"pressure_ratio":0.0}},{"type":"Feature","geometry":{"type":"Point","coordinates":[-6.24255,53.32167]},"properties":{"school_id":"60710U","name":"Muckross Park College","level":"post-primary","enrolment":709,"projected_new_pupils":0.0,"pressure_ratio":0.0}},{"type":"Feature","geometry":{"type":"Point","coordinates":[-6.30716,53.37136]},"properties":{"school_id":"60731F","name":"St Dominics College","level":"post-primary","enrolment":790,"projected_new_pupils":0.0,"pressure_ratio":0.0}},{"type":"Feature","geometry":{"type":"Point","coordinates":[-6.30162,53.3872]},"properties":{"school_id":"60741I","name":"St Michaels Secondary School","level":"post-primary","enrolment":646,"projected_new_pupils":0.0,"pressure_ratio":0.0}},{"type":"Feature","geometry":{"type":"Point","coordinates":[-6.1975,53.36018]},"properties":{"school_id":"60750J","name":"Holy Faith Secondary School","level":"post-primary","enrolment":647,"projected_new_pupils":0.0,"pressure_ratio":0.0}},{"type":"Feature","geometry":{"type":"Point","coordinates":[-6.2726,53.3759]},"properties":{"school_id":"60770P","name":"St Mary's Secondary School","level":"post-primary","enrolment":830,"projected_new_pupils":0.0,"pressure_ratio":0.0}},{"type":"Feature","geometry":{"type":"Point","coordinates":[-6.20207,53.379]},"properties":{"school_id":"60791A","name":"St Marys Secondary School","level":"post-primary","enrolment":320,"projected_new_pupils":0.0,"pressure_ratio":0.0}},{"type":"Feature","geometry":{"type":"Point","coordinates":[-6.27781,53.33598]},"properties":{"school_id":"60792C","name":"Presentation College","level":"post-primary","enrolment":262,"projected_new_pupils":0.0,"pressure_ratio":0.0}},{"type":"Feature","geometry":{"type":"Point","coordinates":[-6.2977,53.32979]},"properties":{"school_id":"60800V","name":"Loreto College","level":"post-primary","enrolment":320,"projected_new_pupils":0.0,"pressure_ratio":0.0}},{"type":"Feature","geometry":{"type":"Point","coordinates":[-6.24561,53.45432]},"properties":{"school_id":"60810B","name":"Loreto College","level":"post-primary","enrolment":655,"projected_new_pupils":0.0,"pressure_ratio":0.0}},{"type":"Feature","geometry":{"type":"Point","coordinates":[-6.25636,53.33683]},"properties":{"school_id":"60820E","name":"Loreto College","level":"post-primary","enrolment":588,"projected_new_pupils":0.0,"pressure_ratio":0.0}},{"type":"Feature","geometry":{"type":"Point","coordinates":[-6.23514,53.37598]},"properties":{"school_id":"60840K","name":"Maryfield College","level":"post-primary","enrolment":527,"projected_new_pupils":0.0,"pressure_ratio":0.0}},{"type":"Feature","geometry":{"type":"Point","coordinates":[-6.30747,53.31868]},"properties":{"school_id":"60841M","name":"Rosary College","level":"post-primary","enrolment":250,"projected_new_pupils":0.0,"pressure_ratio":0.0}},{"type":"Feature","geometry":{"type":"Point","coordinates":[-6.28175,53.35265]},"properties":{"school_id":"60843Q","name":"St Josephs Secondary School","level":"post-primary","enrolment":283,"projected_new_pupils":0.0,"pressure_ratio":0.0}},{"type":"Feature","geometry":{"type":"Point","coordinates":[-6.33163,53.32223]},"properties":{"school_id":"60851P","name":"Assumption Secondary School","level":"post-primary","enrolment":270,"projected_new_pupils":0.0,"pressure_ratio":0.0}},{"type":"Feature","geometry":{"type":"Point","coordinates":[-6.26834,53.35202]},"properties":{"school_id":"60853T","name":"Mount Carmel Secondary School","level":"post-primary","enrolment":386,"projected_new_pupils":0.0,"pressure_ratio":0.0}},{"type":"Feature","geometry":{"type":"Point","coordinates":[-6.29623,53.3002]},"properties":{"school_id":"60860Q","name":"Our Ladys School","level":"post-primary","enrolment":799,"projected_new_pupils":0.0,"pressure_ratio":0.0}},{"type":"Feature","geometry":{"type":"Point","coordinates":[-6.23073,53.38674]},"properties":{"school_id":"60870T","name":"Our Lady Of Mercy College","level":"post-primary","enrolment":407,"projected_new_pupils":0.0,"pressure_ratio":0.0}},{"type":"Feature","geometry":{"type":"Point","coordinates":[-6.19832,53.38604]},"properties":{"school_id":"60871V","name":"Mercy College Coolock","level":"post-primary","enrolment":402,"projected_new_pupils":0.0,"pressure_ratio":0.0}},{"type":"Feature","geometry":{"type":"Point","coordinates":[-6.322,53.33677]},"properties":{"school_id":"60872A","name":"Mercy Secondary School","level":"post-primary","enrolment":349,"projected_new_pupils":0.0,"pressure_ratio":0.0}},{"type":"Feature","geometry":{"type":"Point","coordinates":[-6.2704,53.32139]},"properties":{"school_id":"60890C","name":"St Louis High School","level":"post-primary","enrolment":690,"projected_new_pupils":0.0,"pressure_ratio":0.0}},{"type":"Feature","geometry":{"type":"Point","coordinates":[-6.23506,53.30072]},"properties":{"school_id":"60891E","name":"Our Lady's Grove Secondary School","level":"post-primary","enrolment":295,"projected_new_pupils":0.0,"pressure_ratio":0.0}},{"type":"Feature","geometry":{"type":"Point","coordinates":[-6.22796,53.31494]},"properties":{"school_id":"60892G","name":"The Teresian School","level":"post-primary","enrolment":230,"projected_new_pupils":0.0,"pressure_ratio":0.0}},{"type":"Feature","geometry":{"type":"Point","coordinates":[-6.33199,53.30785]},"properties":{"school_id":"60902G","name":"St Pauls Secondary School","level":"post-primary","enrolment":466,"projected_new_pupils":0.0,"pressure_ratio":0.0}},{"type":"Feature","geometry":{"type":"Point","coordinates":[-6.25001,53.31049]},"properties":{"school_id":"60910F","name":"Alexandra College","level":"post-primary","enrolment":664,"projected_new_pupils":0.0,"pressure_ratio":0.0}},{"type":"Feature","geometry":{"type":"Point","coordinates":[-6.22927,53.26009]},"properties":{"school_id":"60930L","name":"Rosemont School","level":"post-primary","enrolment":307,"projected_new_pupils":0.0,"pressure_ratio":0.0}},{"type":"Feature","geometry":{"type":"Point","coordinates":[-6.31922,53.33096]},"properties":{"school_id":"60991I","name":"Our Lady Of Mercy Secondary School","level":"post-primary","enrolment":289,"projected_new_pupils":0.0,"pressure_ratio":0.0}},{"type":"Feature","geometry":{"type":"Point","coordinates":[-6.24296,53.27758]},"properties":{"school_id":"61010U","name":"Wesley College","level":"post-primary","enrolment":942,"projected_new_pupils":0.0,"pressure_ratio":0.0}},{"type":"Feature","geometry":{"type":"Point","coordinates":[-6.27432,53.3097]},"properties":{"school_id":"61020A","name":"Stratford College","level":"post-primary","enrolment":189,"projected_new_pupils":0.0,"pressure_ratio":0.0}},{"type":"Feature","geometry":{"type":"Point","coordinates":[-6.12084,53.21547]},"properties":{"school_id":"61790D","name":"Woodbrook College","level":"post-primary","enrolment":623,"projected_new_pupils":0.0,"pressure_ratio":0.0}},{"type":"Feature","geometry":{"type":"Point","coordinates":[-6.10265,53.19231]},"properties":{"school_id":"61800D","name":"Presentation College","level":"post-primary","enrolment":667,"projected_new_pupils":0.0,"pressure_ratio":0.0}},{"type":"Feature","geometry":{"type":"Point","coordinates":[-6.13528,53.20323]},"properties":{"school_id":"61811I","name":"St. Gerard's School","level":"post-primary","enrolment":623,"projected_new_pupils":0.0,"pressure_ratio":0.0}},{"type":"Feature","geometry":{"type":"Point","coordinates":[-6.10651,53.19684]},"properties":{"school_id":"61820J","name":"Loreto Secondary School","level":"post-primary","enrolment":747,"projected_new_pupils":0.0,"pressure_ratio":0.0}},{"type":"Feature","geometry":{"type":"Point","coordinates":[-6.23585,53.63443]},"properties":{"school_id":"64420I","name":"Franciscan College","level":"post-primary","enrolment":321,"projected_new_pupils":0.0,"pressure_ratio":0.0}},{"type":"Feature","geometry":{"type":"Point","coordinates":[-6.13793,53.21759]},"properties":{"school_id":"68071G","name":"John Scottus Secondary School","level":"post-primary","enrolment":211,"projected_new_pupils":0.0,"pressure_ratio":0.0}},{"type":"Feature","geometry":{"type":"Point","coordinates":[-6.20791,53.60732]},"properties":{"school_id":"68082L","name":"Coláiste Ghlór na Mara","level":"post-primary","enrolment":520,"projected_new_pupils":0.0,"pressure_ratio":0.0}},{"type":"Feature","geometry":{"type":"Point","coordinates":[-6.37273,53.38954]},"properties":{"school_id":"68083N","name":"Le Cheile Secondary School","level":"post-primary","enrolment":944,"projected_new_pupils":0.0,"pressure_ratio":0.0}},{"type":"Feature","geometry":{"type":"Point","coordinates":[-6.44563,53.39064]},"properties":{"school_id":"68101M","name":"Hansfield ETSS","level":"post-primary","enrolment":867,"projected_new_pupils":0.0,"pressure_ratio":0.0}},{"type":"Feature","geometry":{"type":"Point","coordinates":[-6.27987,53.29236]},"properties":{"school_id":"68161H","name":"Gaelcholáiste an Phiarsaigh","level":"post-primary","enrolment":296,"projected_new_pupils":0.0,"pressure_ratio":0.0}},{"type":"Feature","geometry":{"type":"Point","coordinates":[-6.32281,53.39211]},"properties":{"school_id":"68181N","name":"New Cross College","level":"post-primary","enrolment":417,"projected_new_pupils":0.0,"pressure_ratio":0.0}},{"type":"Feature","geometry":{"type":"Point","coordinates":[-6.19398,53.26114]},"properties":{"school_id":"68241F","name":"Stepaside Educate Together Secondary School","level":"post-primary","enrolment":741,"projected_new_pupils":0.0,"pressure_ratio":0.0}},{"type":"Feature","geometry":{"type":"Point","coordinates":[-6.11238,53.20838]},"properties":{"school_id":"68261L","name":"North Wicklow Educate Together Secondary School","level":"post-primary","enrolment":324,"projected_new_pupils":0.0,"pressure_ratio":0.0}},{"type":"Feature","geometry":{"type":"Point","coordinates":[-6.20367,53.60498]},"properties":{"school_id":"68262N","name":"Bremore Educate Together Secondary School","level":"post-primary","enrolment":824,"projected_new_pupils":0.0,"pressure_ratio":0.0}},{"type":"Feature","geometry":{"type":"Point","coordinates":[-6.21266,53.33301]},"properties":{"school_id":"68305F","name":"Sandymount Park Educate Together Secondary School","level":"post-primary","enrolment":437,"projected_new_pupils":0.0,"pressure_ratio":0.0}},{"type":"Feature","geometry":{"type":"Point","coordinates":[-6.34976,53.37615]},"properties":{"school_id":"68306H","name":"Edmund Rice College","level":"post-primary","enrolment":912,"projected_new_pupils":0.0,"pressure_ratio":0.0}},{"type":"Feature","geometry":{"type":"Point","coordinates":[-6.33282,53.26781]},"properties":{"school_id":"68307J","name":"Firhouse Educate Together Secondary School","level":"post-primary","enrolment":411,"projected_new_pupils":0.0,"pressure_ratio":0.0}},{"type":"Feature","geometry":{"type":"Point","coordinates":[-6.19675,53.44817]},"properties":{"school_id":"68308L","name":"Malahide & Portmarnock Secondary School","level":"post-primary","enrolment":696,"projected_new_pupils":0.0,"pressure_ratio":0.0}},{"type":"Feature","geometry":{"type":"Point","coordinates":[-6.17004,53.40296]},"properties":{"school_id":"68346T","name":"BELMAYNE EDUCATE TOGETHER SECONDARY SCHOOL","level":"post-primary","enrolment":595,"projected_new_pupils":0.0,"pressure_ratio":0.0}},{"type":"Feature","geometry":{"type":"Point","coordinates":[-6.27766,53.32365]},"properties":{"school_id":"68365A","name":"Harolds Cross Educate Together Secondary School","level":"post-primary","enrolment":437,"projected_new_pupils":0.0,"pressure_ratio":0.0}},{"type":"Feature","geometry":{"type":"Point","coordinates":[-6.23287,53.29492]},"properties":{"school_id":"68366C","name":"Goatstown Educate Together Secondary School","level":"post-primary","enrolment":366,"projected_new_pupils":0.0,"pressure_ratio":0.0}},{"type":"Feature","geometry":{"type":"Point","coordinates":[-6.15449,53.2454]},"properties":{"school_id":"68387K","name":"Blackrock Educate Together Secondary School","level":"post-primary","enrolment":236,"projected_new_pupils":0.0,"pressure_ratio":0.0}},{"type":"Feature","geometry":{"type":"Point","coordinates":[-6.35469,53.3448]},"properties":{"school_id":"68445V","name":"St. Seton's Secondary School","level":"post-primary","enrolment":741,"projected_new_pupils":0.0,"pressure_ratio":0.0}},{"type":"Feature","geometry":{"type":"Point","coordinates":[-6.18823,53.61125]},"properties":{"school_id":"70010V","name":"Balbriggan Community College","level":"post-primary","enrolment":686,"projected_new_pupils":0.0,"pressure_ratio":0.0}},{"type":"Feature","geometry":{"type":"Point","coordinates":[-6.15706,53.40048]},"properties":{"school_id":"70020B","name":"Grange Community College","level":"post-primary","enrolment":553,"projected_new_pupils":0.0,"pressure_ratio":0.0}},{"type":"Feature","geometry":{"type":"Point","coordinates":[-6.34929,53.30125]},"properties":{"school_id":"70021D","name":"Coláiste de hÍde","level":"post-primary","enrolment":266,"projected_new_pupils":0.0,"pressure_ratio":0.0}},{"type":"Feature","geometry":{"type":"Point","coordinates":[-6.42043,53.32414]},"properties":{"school_id":"70040H","name":"Deansrath Community College","level":"post-primary","enrolment":425,"projected_new_pupils":0.0,"pressure_ratio":0.0}},{"type":"Feature","geometry":{"type":"Point","coordinates":[-6.39613,53.34129]},"properties":{"school_id":"70041J","name":"Collinstown Park Community College","level":"post-primary","enrolment":630,"projected_new_pupils":0.0,"pressure_ratio":0.0}},{"type":"Feature","geometry":{"type":"Point","coordinates":[-6.40544,53.35291]},"properties":{"school_id":"70042L","name":"St Kevin's Community College","level":"post-primary","enrolment":525,"projected_new_pupils":0.0,"pressure_ratio":0.0}},{"type":"Feature","geometry":{"type":"Point","coordinates":[-6.44976,53.34767]},"properties":{"school_id":"70080T","name":"Lucan Community College","level":"post-primary","enrolment":966,"projected_new_pupils":0.0,"pressure_ratio":0.0}},{"type":"Feature","geometry":{"type":"Point","coordinates":[-6.37935,53.40192]},"properties":{"school_id":"70081V","name":"Rath Dara Community College","level":"post-primary","enrolment":323,"projected_new_pupils":0.0,"pressure_ratio":0.0}},{"type":"Feature","geometry":{"type":"Point","coordinates":[-6.40256,53.32382]},"properties":{"school_id":"70100W","name":"Coláiste Chilliain","level":"post-primary","enrolment":400,"projected_new_pupils":0.0,"pressure_ratio":0.0}},{"type":"Feature","geometry":{"type":"Point","coordinates":[-6.2246,53.46523]},"properties":{"school_id":"70120F","name":"St Finians Community College","level":"post-primary","enrolment":671,"projected_new_pupils":0.0,"pressure_ratio":0.0}},{"type":"Feature","geometry":{"type":"Point","coordinates":[-6.21678,53.4607]},"properties":{"school_id":"70121H","name":"Fingal Community College","level":"post-primary","enrolment":864,"projected_new_pupils":0.0,"pressure_ratio":0.0}},{"type":"Feature","geometry":{"type":"Point","coordinates":[-6.33514,53.3072]},"properties":{"school_id":"70130I","name":"Greenhills College","level":"post-primary","enrolment":186,"projected_new_pupils":0.0,"pressure_ratio":0.0}},{"type":"Feature","geometry":{"type":"Point","coordinates":[-6.34868,53.2762]},"properties":{"school_id":"70140L","name":"Firhouse Community College","level":"post-primary","enrolment":825,"projected_new_pupils":0.0,"pressure_ratio":0.0}},{"type":"Feature","geometry":{"type":"Point","coordinates":[-6.41018,53.2788]},"properties":{"school_id":"70141N","name":"Mount Seskin Community College","level":"post-primary","enrolment":350,"projected_new_pupils":0.0,"pressure_ratio":0.0}},{"type":"Feature","geometry":{"type":"Point","coordinates":[-6.29427,53.36877]},"properties":{"school_id":"70150O","name":"Cabra Community College","level":"post-primary","enrolment":264,"projected_new_pupils":0.0,"pressure_ratio":0.0}},{"type":"Feature","geometry":{"type":"Point","coordinates":[-6.2946,53.32731]},"properties":{"school_id":"70160R","name":"Clogher Road Community College","level":"post-primary","enrolment":297,"projected_new_pupils":0.0,"pressure_ratio":0.0}},{"type":"Feature","geometry":{"type":"Point","coordinates":[-6.30938,53.38804]},"properties":{"school_id":"70180A","name":"Coláiste Eoin","level":"post-primary","enrolment":257,"projected_new_pupils":0.0,"pressure_ratio":0.0}},{"type":"Feature","geometry":{"type":"Point","coordinates":[-6.22404,53.3438]},"properties":{"school_id":"70200D","name":"Ringsend College","level":"post-primary","enrolment":191,"projected_new_pupils":0.0,"pressure_ratio":0.0}},{"type":"Feature","geometry":{"type":"Point","coordinates":[-6.35167,53.34512]},"properties":{"school_id":"70240P","name":"Kylemore College","level":"post-primary","enrolment":479,"projected_new_pupils":0.0,"pressure_ratio":0.0}},{"type":"Feature","geometry":{"type":"Point","coordinates":[-6.23158,53.36441]},"properties":{"school_id":"70250S","name":"Marino College","level":"post-primary","enrolment":297,"projected_new_pupils":0.0,"pressure_ratio":0.0}},{"type":"Feature","geometry":{"type":"Point","coordinates":[-6.32758,53.2973]},"properties":{"school_id":"70260V","name":"St Mac Dara's Community College","level":"post-primary","enrolment":915,"projected_new_pupils":0.0,"pressure_ratio":0.0}},{"type":"Feature","geometry":{"type":"Point","coordinates":[-6.2405,53.384]},"properties":{"school_id":"70321P","name":"Ellenfield Community College","level":"post-primary","enrolment":150,"projected_new_pupils":0.0,"pressure_ratio":0.0}},{"type":"Feature","geometry":{"type":"Point","coordinates":[-6.21312,53.3968]},"properties":{"school_id":"70330Q","name":"Coolock Community College","level":"post-primary","enrolment":205,"projected_new_pupils":0.0,"pressure_ratio":0.0}},{"type":"Feature","geometry":{"type":"Point","coordinates":[-6.49852,53.37323]},"properties":{"school_id":"70691C","name":"Confey Community College","level":"post-primary","enrolment":934,"projected_new_pupils":0.0,"pressure_ratio":0.0}},{"type":"Feature","geometry":{"type":"Point","coordinates":[-6.53943,53.17029]},"properties":{"school_id":"70760S","name":"Blessington Community College","level":"post-primary","enrolment":737,"projected_new_pupils":0.0,"pressure_ratio":0.0}},{"type":"Feature","geometry":{"type":"Point","coordinates":[-6.10828,53.21002]},"properties":{"school_id":"70821M","name":"Coláiste Raithín","level":"post-primary","enrolment":326,"projected_new_pupils":0.0,"pressure_ratio":0.0}},{"type":"Feature","geometry":{"type":"Point","coordinates":[-6.4689,53.41844]},"properties":{"school_id":"71950F","name":"St Peter's College","level":"post-primary","enrolment":1214,"projected_new_pupils":0.0,"pressure_ratio":0.0}},{"type":"Feature","geometry":{"type":"Point","coordinates":[-6.54901,53.51397]},"properties":{"school_id":"71960I","name":"Community College Dunshaughlin","level":"post-primary","enrolment":1120,"projected_new_pupils":0.0,"pressure_ratio":0.0}},{"type":"Feature","geometry":{"type":"Point","coordinates":[-6.39106,53.37199]},"properties":{"school_id":"76062B","name":"Castleknock Community College","level":"post-primary","enrolment":1318,"projected_new_pupils":0.0,"pressure_ratio":0.0}},{"type":"Feature","geometry":{"type":"Point","coordinates":[-6.43565,53.34968]},"properties":{"school_id":"76065H","name":"Coláiste Cois Life","level":"post-primary","enrolment":592,"projected_new_pupils":0.0,"pressure_ratio":0.0}},{"type":"Feature","geometry":{"type":"Point","coordinates":[-6.2578,53.35226]},"properties":{"school_id":"76077O","name":"Larkin Community College","level":"post-primary","enrolment":403,"projected_new_pupils":0.0,"pressure_ratio":0.0}},{"type":"Feature","geometry":{"type":"Point","coordinates":[-6.11589,53.57919]},"properties":{"school_id":"76078Q","name":"Skerries Community College","level":"post-primary","enrolment":1025,"projected_new_pupils":0.0,"pressure_ratio":0.0}},{"type":"Feature","geometry":{"type":"Point","coordinates":[-6.15668,53.40026]},"properties":{"school_id":"76085N","name":"Gaelcholáiste Reachrann","level":"post-primary","enrolment":453,"projected_new_pupils":0.0,"pressure_ratio":0.0}},{"type":"Feature","geometry":{"type":"Point","coordinates":[-6.45827,53.49963]},"properties":{"school_id":"76088T","name":"Ratoath College","level":"post-primary","enrolment":1132,"projected_new_pupils":0.0,"pressure_ratio":0.0}},{"type":"Feature","geometry":{"type":"Point","coordinates":[-6.28685,53.31096]},"properties":{"school_id":"76092K","name":"PRESENTATION COMMUNITY COLLEGE","level":"post-primary","enrolment":443,"projected_new_pupils":0.0,"pressure_ratio":0.0}},{"type":"Feature","geometry":{"type":"Point","coordinates":[-6.46229,53.33653]},"properties":{"school_id":"76097U","name":"ADAMSTOWN COMMUNITY COLLEGE","level":"post-primary","enrolment":981,"projected_new_pupils":0.0,"pressure_ratio":0.0}},{"type":"Feature","geometry":{"type":"Point","coordinates":[-6.43509,53.39778]},"properties":{"school_id":"76098W","name":"Coláiste Pobail Setanta","level":"post-primary","enrolment":1079,"projected_new_pupils":0.0,"pressure_ratio":0.0}},{"type":"Feature","geometry":{"type":"Point","coordinates":[-6.14423,53.49009]},"properties":{"school_id":"76104O","name":"Donabate Community College","level":"post-primary","enrolment":799,"projected_new_pupils":0.0,"pressure_ratio":0.0}},{"type":"Feature","geometry":{"type":"Point","coordinates":[-6.18052,53.60066]},"properties":{"school_id":"76129H","name":"Ardgillan Community College","level":"post-primary","enrolment":1014,"projected_new_pupils":0.0,"pressure_ratio":0.0}},{"type":"Feature","geometry":{"type":"Point","coordinates":[-6.40902,53.37521]},"properties":{"school_id":"76130P","name":"Luttrellstown Community College","level":"post-primary","enrolment":1027,"projected_new_pupils":0.0,"pressure_ratio":0.0}},{"type":"Feature","geometry":{"type":"Point","coordinates":[-6.42574,53.33626]},"properties":{"school_id":"76152C","name":"Kishoge Community College","level":"post-primary","enrolment":937,"projected_new_pupils":0.0,"pressure_ratio":0.0}},{"type":"Feature","geometry":{"type":"Point","coordinates":[-6.41523,53.51156]},"properties":{"school_id":"76196W","name":"DE LACY COLLEGE","level":"post-primary","enrolment":929,"projected_new_pupils":0.0,"pressure_ratio":0.0}},{"type":"Feature","geometry":{"type":"Point","coordinates":[-6.15731,53.53031]},"properties":{"school_id":"76213T","name":"Lusk Community College","level":"post-primary","enrolment":1104,"projected_new_pupils":0.0,"pressure_ratio":0.0}},{"type":"Feature","geometry":{"type":"Point","coordinates":[-6.37209,53.3064]},"properties":{"school_id":"76293U","name":"Kingswood Community College","level":"post-primary","enrolment":1006,"projected_new_pupils":0.0,"pressure_ratio":0.0}},{"type":"Feature","geometry":{"type":"Point","coordinates":[-6.24827,53.37945]},"properties":{"school_id":"76394D","name":"Clonturk College","level":"post-primary","enrolment":968,"projected_new_pupils":0.0,"pressure_ratio":0.0}},{"type":"Feature","geometry":{"type":"Point","coordinates":[-6.42574,53.33626]},"properties":{"school_id":"76454S","name":"Griffeen Community College","level":"post-primary","enrolment":576,"projected_new_pupils":0.0,"pressure_ratio":0.0}},{"type":"Feature","geometry":{"type":"Point","coordinates":[-6.24901,53.46637]},"properties":{"school_id":"76475D","name":"Swords Community College","level":"post-primary","enrolment":952,"projected_new_pupils":0.0,"pressure_ratio":0.0}},{"type":"Feature","geometry":{"type":"Point","coordinates":[-6.44571,53.38953]},"properties":{"school_id":"76574F","name":"Eriu Community College","level":"post-primary","enrolment":193,"projected_new_pupils":0.0,"pressure_ratio":0.0}},{"type":"Feature","geometry":{"type":"Point","coordinates":[-6.43787,53.28409]},"properties":{"school_id":"76594L","name":"Coláiste pobail Fóla","level":"post-primary","enrolment":758,"projected_new_pupils":0.0,"pressure_ratio":0.0}},{"type":"Feature","geometry":{"type":"Point","coordinates":[-6.53598,53.50427]},"properties":{"school_id":"76614O","name":"Coláiste Rioga","level":"post-primary","enrolment":267,"projected_new_pupils":0.0,"pressure_ratio":0.0}},{"type":"Feature","geometry":{"type":"Point","coordinates":[-6.17299,53.2895]},"properties":{"school_id":"81001I","name":"Newpark Comprehensive School","level":"post-primary","enrolment":884,"projected_new_pupils":0.0,"pressure_ratio":0.0}},{"type":"Feature","geometry":{"type":"Point","coordinates":[-6.2227,53.36868]},"properties":{"school_id":"81002K","name":"Mount Temple Comprehensive School","level":"post-primary","enrolment":903,"projected_new_pupils":0.0,"pressure_ratio":0.0}},{"type":"Feature","geometry":{"type":"Point","coordinates":[-6.26284,53.39267]},"properties":{"school_id":"81017A","name":"TRINITY COMPREHENSIVE SCHOOL","level":"post-primary","enrolment":564,"projected_new_pupils":0.0,"pressure_ratio":0.0}},{"type":"Feature","geometry":{"type":"Point","coordinates":[-6.48002,53.27682]},"properties":{"school_id":"91301D","name":"Holy Family Community School","level":"post-primary","enrolment":998,"projected_new_pupils":0.0,"pressure_ratio":0.0}},{"type":"Feature","geometry":{"type":"Point","coordinates":[-6.37692,53.34847]},"properties":{"school_id":"91302F","name":"Phobailscoil Iosolde","level":"post-primary","enrolment":764,"projected_new_pupils":0.0,"pressure_ratio":0.0}},{"type":"Feature","geometry":{"type":"Point","coordinates":[-6.26079,53.28146]},"properties":{"school_id":"91305L","name":"Ballinteer Community School","level":"post-primary","enrolment":415,"projected_new_pupils":0.0,"pressure_ratio":0.0}},{"type":"Feature","geometry":{"type":"Point","coordinates":[-6.14626,53.26195]},"properties":{"school_id":"91310E","name":"Cabinteely Community School","level":"post-primary","enrolment":511,"projected_new_pupils":0.0,"pressure_ratio":0.0}},{"type":"Feature","geometry":{"type":"Point","coordinates":[-6.39572,53.38874]},"properties":{"school_id":"91315O","name":"Scoil Phobail Chuil Mhin","level":"post-primary","enrolment":1014,"projected_new_pupils":0.0,"pressure_ratio":0.0}},{"type":"Feature","geometry":{"type":"Point","coordinates":[-6.40342,53.39604]},"properties":{"school_id":"91316Q","name":"Blakestown Community School","level":"post-primary","enrolment":563,"projected_new_pupils":0.0,"pressure_ratio":0.0}},{"type":"Feature","geometry":{"type":"Point","coordinates":[-6.17313,53.39313]},"properties":{"school_id":"91318U","name":"The Donahies Community School","level":"post-primary","enrolment":488,"projected_new_pupils":0.0,"pressure_ratio":0.0}},{"type":"Feature","geometry":{"type":"Point","coordinates":[-6.13778,53.43164]},"properties":{"school_id":"91324P","name":"Portmarnock Community School","level":"post-primary","enrolment":955,"projected_new_pupils":0.0,"pressure_ratio":0.0}},{"type":"Feature","geometry":{"type":"Point","coordinates":[-6.1525,53.43824]},"properties":{"school_id":"91325R","name":"Malahide Community School","level":"post-primary","enrolment":1248,"projected_new_pupils":0.0,"pressure_ratio":0.0}},{"type":"Feature","geometry":{"type":"Point","coordinates":[-6.13652,53.27596]},"properties":{"school_id":"91330K","name":"Holy Child Community School","level":"post-primary","enrolment":275,"projected_new_pupils":0.0,"pressure_ratio":0.0}},{"type":"Feature","geometry":{"type":"Point","coordinates":[-6.38891,53.2914]},"properties":{"school_id":"91332O","name":"St Marks Community School","level":"post-primary","enrolment":931,"projected_new_pupils":0.0,"pressure_ratio":0.0}},{"type":"Feature","geometry":{"type":"Point","coordinates":[-6.33856,53.29472]},"properties":{"school_id":"91335U","name":"Tallaght Community School","level":"post-primary","enrolment":840,"projected_new_pupils":0.0,"pressure_ratio":0.0}},{"type":"Feature","geometry":{"type":"Point","coordinates":[-6.37072,53.28346]},"properties":{"school_id":"91336W","name":"Old Bawn Community School","level":"post-primary","enrolment":1024,"projected_new_pupils":0.0,"pressure_ratio":0.0}},{"type":"Feature","geometry":{"type":"Point","coordinates":[-6.39734,53.27609]},"properties":{"school_id":"91337B","name":"Killinarden Community School","level":"post-primary","enrolment":471,"projected_new_pupils":0.0,"pressure_ratio":0.0}},{"type":"Feature","geometry":{"type":"Point","coordinates":[-6.41254,53.2866]},"properties":{"school_id":"91338D","name":"St Aidan's Community School","level":"post-primary","enrolment":561,"projected_new_pupils":0.0,"pressure_ratio":0.0}},{"type":"Feature","geometry":{"type":"Point","coordinates":[-6.41612,53.39613]},"properties":{"school_id":"91339F","name":"Hartstown Community School","level":"post-primary","enrolment":1120,"projected_new_pupils":0.0,"pressure_ratio":0.0}},{"type":"Feature","geometry":{"type":"Point","coordinates":[-6.13113,53.39202]},"properties":{"school_id":"91342R","name":"Pobalscoil Neasáin","level":"post-primary","enrolment":831,"projected_new_pupils":0.0,"pressure_ratio":0.0}},{"type":"Feature","geometry":{"type":"Point","coordinates":[-6.23897,53.28158]},"properties":{"school_id":"91343T","name":"St. Tiernan's Community School","level":"post-primary","enrolment":368,"projected_new_pupils":0.0,"pressure_ratio":0.0}},{"type":"Feature","geometry":{"type":"Point","coordinates":[-6.24496,53.37117]},"properties":{"school_id":"91344V","name":"Grace Park Community School","level":"post-primary","enrolment":139,"projected_new_pupils":0.0,"pressure_ratio":0.0}},{"type":"Feature","geometry":{"type":"Point","coordinates":[-6.49926,53.36389]},"properties":{"school_id":"91371B","name":"Coláiste Chiaráin","level":"post-primary","enrolment":676,"projected_new_pupils":0.0,"pressure_ratio":0.0}},{"type":"Feature","geometry":{"type":"Point","coordinates":[-6.12678,53.18531]},"properties":{"school_id":"91376L","name":"St. Kilian's Community School","level":"post-primary","enrolment":427,"projected_new_pupils":0.0,"pressure_ratio":0.0}},{"type":"Feature","geometry":{"type":"Point","coordinates":[-6.38821,53.50413]},"properties":{"school_id":"91495T","name":"Ashbourne Community School","level":"post-primary","enrolment":1109,"projected_new_pupils":0.0,"pressure_ratio":0.0}},{"type":"Feature","geometry":{"type":"Point","coordinates":[-6.31479,53.27869]},"properties":{"school_id":"91510M","name":"St. Colmcille's Community School","level":"post-primary","enrolment":727,"projected_new_pupils":0.0,"pressure_ratio":0.0}},{"type":"Feature","geometry":{"type":"Point","coordinates":[-6.54941,53.35926]},"properties":{"school_id":"91614B","name":"Celbridge Community School","level":"post-primary","enrolment":712,"projected_new_pupils":0.0,"pressure_ratio":0.0}}]}