{"type":"FeatureCollection","features":[{"type":"Feature","geometry":{"type":"Point","coordinates":[-6.23204,53.30832]},"properties":{"asset_id":"osm:node/71824199","kind":"water_tower","source":"OpenStreetMap","name":"UCD Water Tower","evidence_level":NaN,"details":{"operator":"University College Dublin"}}},{"type":"Feature","geometry":{"type":"Point","coordinates":[-6.31519,53.26504]},"properties":{"asset_id":"osm:node/286836501","kind":"drinking_fountain","source":"OpenStreetMap","name":NaN,"evidence_level":"medium","details":{}}},{"type":"Feature","geometry":{"type":"Point","coordinates":[-6.53069,53.34889]},"properties":{"asset_id":"osm:node/327145089","kind":"drinking_fountain","source":"OpenStreetMap","name":"CHC at The West Wing","evidence_level":"medium","details":{}}},{"type":"Feature","geometry":{"type":"Point","coordinates":[-6.49655,53.34606]},"properties":{"asset_id":"osm:node/619261569","kind":"water_tower","source":"OpenStreetMap","name":NaN,"evidence_level":NaN,"details":{}}},{"type":"Feature","geometry":{"type":"Point","coordinates":[-6.23094,53.25367]},"properties":{"asset_id":"osm:node/854763500","kind":"drinking_fountain","source":"OpenStreetMap","name":NaN,"evidence_level":"medium","details":{}}},{"type":"Feature","geometry":{"type":"Point","coordinates":[-6.21706,53.4491]},"properties":{"asset_id":"osm:node/929271295","kind":"water_well","source":"OpenStreetMap","name":"Saint Werburgh's Well","evidence_level":NaN,"details":{}}},{"type":"Feature","geometry":{"type":"Point","coordinates":[-6.22203,53.24091]},"properties":{"asset_id":"osm:node/973752001","kind":"drinking_fountain","source":"OpenStreetMap","name":NaN,"evidence_level":"medium","details":{}}},{"type":"Feature","geometry":{"type":"Point","coordinates":[-6.21337,53.22352]},"properties":{"asset_id":"osm:node/1345048427","kind":"drinking_fountain","source":"OpenStreetMap","name":NaN,"evidence_level":"medium","details":{}}},{"type":"Feature","geometry":{"type":"Point","coordinates":[-6.16067,53.25503]},"properties":{"asset_id":"osm:node/1345724303","kind":"drinking_fountain","source":"OpenStreetMap","name":NaN,"evidence_level":"medium","details":{}}},{"type":"Feature","geometry":{"type":"Point","coordinates":[-6.12397,53.42904]},"properties":{"asset_id":"osm:node/1396468070","kind":"drinking_fountain","source":"OpenStreetMap","name":NaN,"evidence_level":"medium","details":{}}},{"type":"Feature","geometry":{"type":"Point","coordinates":[-6.22701,53.21822]},"properties":{"asset_id":"osm:node/1891367682","kind":"water_well","source":"OpenStreetMap","name":"Butter Well","evidence_level":NaN,"details":{}}},{"type":"Feature","geometry":{"type":"Point","coordinates":[-6.19683,53.23787]},"properties":{"asset_id":"osm:node/2613339448","kind":"drinking_fountain","source":"OpenStreetMap","name":NaN,"evidence_level":"medium","details":{}}},{"type":"Feature","geometry":{"type":"Point","coordinates":[-6.37657,53.39297]},"properties":{"asset_id":"osm:node/2670721509","kind":"hydrant","source":"OpenStreetMap","name":NaN,"evidence_level":"high","details":{"fire_hydrant:type":"underground","fire_hydrant:position":"sidewalk","fire_hydrant:diameter":"100","water_source":"main","operator":"Dublin Fire Brigade"}}},{"type":"Feature","geometry":{"type":"Point","coordinates":[-6.37961,53.388]},"properties":{"asset_id":"osm:node/2670733466","kind":"hydrant","source":"OpenStreetMap","name":NaN,"evidence_level":"high","details":{"fire_hydrant:type":"underground","fire_hydrant:diameter":"110","water_source":"main","operator":"Dublin Fire Brigade"}}},{"type":"Feature","geometry":{"type":"Point","coordinates":[-6.25189,53.34712]},"properties":{"asset_id":"osm:node/2670749647","kind":"hydrant","source":"OpenStreetMap","name":NaN,"evidence_level":"high","details":{"fire_hydrant:type":"underground","fire_hydrant:position":"sidewalk","water_source":"main","operator":"Dublin Fire Brigade"}}},{"type":"Feature","geometry":{"type":"Point","coordinates":[-6.25203,53.34612]},"properties":{"asset_id":"osm:node/2677000352","kind":"hydrant","source":"OpenStreetMap","name":NaN,"evidence_level":"high","details":{"fire_hydrant:type":"underground","fire_hydrant:position":"sidewalk","fire_hydrant:diameter":"250","water_source":"main","operator":"Dublin Fire Brigade"}}},{"type":"Feature","geometry":{"type":"Point","coordinates":[-6.25199,53.34643]},"properties":{"asset_id":"osm:node/2677000353","kind":"hydrant","source":"OpenStreetMap","name":NaN,"evidence_level":"high","details":{"fire_hydrant:type":"underground","fire_hydrant:position":"sidewalk","fire_hydrant:diameter":"250","water_source":"main","operator":"Dublin Fire Brigade"}}},{"type":"Feature","geometry":{"type":"Point","coordinates":[-6.25193,53.34667]},"properties":{"asset_id":"osm:node/2677000354","kind":"hydrant","source":"OpenStreetMap","name":NaN,"evidence_level":"high","details":{"fire_hydrant:type":"underground","fire_hydrant:position":"sidewalk","water_source":"main","operator":"Dublin Fire Brigade"}}},{"type":"Feature","geometry":{"type":"Point","coordinates":[-6.37693,53.39358]},"properties":{"asset_id":"osm:node/2681226917","kind":"hydrant","source":"OpenStreetMap","name":NaN,"evidence_level":"high","details":{"fire_hydrant:type":"underground","fire_hydrant:position":"green","fire_hydrant:diameter":"100","water_source":"main","operator":"Dublin Fire Brigade"}}},{"type":"Feature","geometry":{"type":"Point","coordinates":[-6.37766,53.39315]},"properties":{"asset_id":"osm:node/2690186794","kind":"hydrant","source":"OpenStreetMap","name":NaN,"evidence_level":"high","details":{"fire_hydrant:type":"underground","fire_hydrant:position":"green","fire_hydrant:diameter":"100","water_source":"main","operator":"Dublin Fire Brigade"}}},{"type":"Feature","geometry":{"type":"Point","coordinates":[-6.25398,53.34678]},"properties":{"asset_id":"osm:node/2690850605","kind":"hydrant","source":"OpenStreetMap","name":NaN,"evidence_level":"high","details":{"fire_hydrant:type":"underground","fire_hydrant:position":"sidewalk","water_source":"main","operator":"Dublin Fire Brigade"}}},{"type":"Feature","geometry":{"type":"Point","coordinates":[-6.25389,53.34988]},"properties":{"asset_id":"osm:node/2703122245","kind":"hydrant","source":"OpenStreetMap","name":NaN,"evidence_level":"high","details":{"fire_hydrant:type":"underground","fire_hydrant:position":"sidewalk","water_source":"main","operator":"Dublin Fire Brigade"}}},{"type":"Feature","geometry":{"type":"Point","coordinates":[-6.25729,53.34694]},"properties":{"asset_id":"osm:node/2703142406","kind":"hydrant","source":"OpenStreetMap","name":NaN,"evidence_level":"high","details":{"fire_hydrant:type":"underground","fire_hydrant:position":"sidewalk","water_source":"main","operator":"Dublin Fire Brigade"}}},{"type":"Feature","geometry":{"type":"Point","coordinates":[-6.26132,53.34826]},"properties":{"asset_id":"osm:node/2724345638","kind":"hydrant","source":"OpenStreetMap","name":NaN,"evidence_level":"high","details":{"fire_hydrant:type":"underground","fire_hydrant:position":"sidewalk","fire_hydrant:diameter":"100","water_source":"main","operator":"Dublin Fire Brigade"}}},{"type":"Feature","geometry":{"type":"Point","coordinates":[-6.2669,53.34379]},"properties":{"asset_id":"osm:node/2724366806","kind":"hydrant","source":"OpenStreetMap","name":NaN,"evidence_level":"high","details":{"fire_hydrant:type":"underground","fire_hydrant:position":"sidewalk","fire_hydrant:diameter":"100"}}},{"type":"Feature","geometry":{"type":"Point","coordinates":[-6.15198,53.18114]},"properties":{"asset_id":"osm:node/2823540960","kind":"manhole_water","source":"OpenStreetMap","name":NaN,"evidence_level":"medium","details":{"manhole":"water"}}},{"type":"Feature","geometry":{"type":"Point","coordinates":[-6.15179,53.19597]},"properties":{"asset_id":"osm:node/2823541695","kind":"manhole_water","source":"OpenStreetMap","name":NaN,"evidence_level":"medium","details":{"manhole":"water"}}},{"type":"Feature","geometry":{"type":"Point","coordinates":[-6.28989,53.58624]},"properties":{"asset_id":"osm:node/2833778831","kind":"water_well","source":"OpenStreetMap","name":NaN,"evidence_level":NaN,"details":{}}},{"type":"Feature","geometry":{"type":"Point","coordinates":[-6.27918,53.26583]},"properties":{"asset_id":"osm:node/3024483966","kind":"drinking_fountain","source":"OpenStreetMap","name":NaN,"evidence_level":"medium","details":{}}},{"type":"Feature","geometry":{"type":"Point","coordinates":[-6.25774,53.34298]},"properties":{"asset_id":"osm:node/3163775632","kind":"water_well","source":"OpenStreetMap","name":"St Patrick's Well","evidence_level":NaN,"details":{}}},{"type":"Feature","geometry":{"type":"Point","coordinates":[-6.39177,53.4084]},"properties":{"asset_id":"osm:node/3234606193","kind":"water_well","source":"OpenStreetMap","name":"Our Lady’s Well","evidence_level":NaN,"details":{}}},{"type":"Feature","geometry":{"type":"Point","coordinates":[-6.3551,53.26626]},"properties":{"asset_id":"osm:node/3247518646","kind":"drinking_fountain","source":"OpenStreetMap","name":NaN,"evidence_level":"medium","details":{}}},{"type":"Feature","geometry":{"type":"Point","coordinates":[-6.35619,53.26625]},"properties":{"asset_id":"osm:node/3247518733","kind":"drinking_fountain","source":"OpenStreetMap","name":NaN,"evidence_level":"medium","details":{}}},{"type":"Feature","geometry":{"type":"Point","coordinates":[-6.18509,53.18575]},"properties":{"asset_id":"osm:node/3678077776","kind":"water_well","source":"OpenStreetMap","name":NaN,"evidence_level":NaN,"details":{}}},{"type":"Feature","geometry":{"type":"Point","coordinates":[-6.08181,53.52247]},"properties":{"asset_id":"osm:node/4351820210","kind":"water_well","source":"OpenStreetMap","name":"Water Pump","evidence_level":NaN,"details":{"material":"metal"}}},{"type":"Feature","geometry":{"type":"Point","coordinates":[-6.22811,53.34493]},"properties":{"asset_id":"osm:node/4398300745","kind":"manhole_unspecified","source":"OpenStreetMap","name":NaN,"evidence_level":"medium","details":{}}},{"type":"Feature","geometry":{"type":"Point","coordinates":[-6.35942,53.3658]},"properties":{"asset_id":"osm:node/4428014838","kind":"drinking_fountain","source":"OpenStreetMap","name":NaN,"evidence_level":"medium","details":{}}},{"type":"Feature","geometry":{"type":"Point","coordinates":[-6.41184,53.27577]},"properties":{"asset_id":"osm:node/4485905872","kind":"hydrant","source":"OpenStreetMap","name":NaN,"evidence_level":"high","details":{"fire_hydrant:type":"underground","water_source":"main","operator":"Dublin Fire Brigade"}}},{"type":"Feature","geometry":{"type":"Point","coordinates":[-6.41238,53.27615]},"properties":{"asset_id":"osm:node/4485905880","kind":"hydrant","source":"OpenStreetMap","name":NaN,"evidence_level":"high","details":{"fire_hydrant:type":"underground","water_source":"main","operator":"Dublin Fire Brigade"}}},{"type":"Feature","geometry":{"type":"Point","coordinates":[-6.26691,53.34407]},"properties":{"asset_id":"osm:node/4755787180","kind":"hydrant","source":"OpenStreetMap","name":NaN,"evidence_level":"high","details":{"fire_hydrant:type":"underground","fire_hydrant:position":"sidewalk","fire_hydrant:diameter":"100"}}},{"type":"Feature","geometry":{"type":"Point","coordinates":[-6.1392,53.52715]},"properties":{"asset_id":"osm:node/4918991252","kind":"water_well","source":"OpenStreetMap","name":"Rory's Well","evidence_level":NaN,"details":{}}},{"type":"Feature","geometry":{"type":"Point","coordinates":[-6.24448,53.4639]},"properties":{"asset_id":"osm:node/4952714309","kind":"water_well","source":"OpenStreetMap","name":"St Cronans Well","evidence_level":NaN,"details":{}}},{"type":"Feature","geometry":{"type":"Point","coordinates":[-6.25035,53.34326]},"properties":{"asset_id":"osm:node/4960236112","kind":"drinking_fountain","source":"OpenStreetMap","name":NaN,"evidence_level":"medium","details":{"location":"indoor"}}},{"type":"Feature","geometry":{"type":"Point","coordinates":[-6.20389,53.29731]},"properties":{"asset_id":"osm:node/5171529298","kind":"hydrant","source":"OpenStreetMap","name":NaN,"evidence_level":"high","details":{"fire_hydrant:type":"underground","fire_hydrant:position":"sidewalk","water_source":"main","operator":"Dublin Fire Brigade"}}},{"type":"Feature","geometry":{"type":"Point","coordinates":[-6.25078,53.53173]},"properties":{"asset_id":"osm:node/5268042826","kind":"water_well","source":"OpenStreetMap","name":NaN,"evidence_level":NaN,"details":{}}},{"type":"Feature","geometry":{"type":"Point","coordinates":[-6.22627,53.22069]},"properties":{"asset_id":"osm:node/5317274948","kind":"drinking_fountain","source":"OpenStreetMap","name":NaN,"evidence_level":"medium","details":{}}},{"type":"Feature","geometry":{"type":"Point","coordinates":[-6.26263,53.38886]},"properties":{"asset_id":"osm:node/5419174367","kind":"hydrant","source":"OpenStreetMap","name":NaN,"evidence_level":"high","details":{"fire_hydrant:type":"underground","fire_hydrant:position":"sidewalk","water_source":"main","operator":"Dublin Fire Brigade"}}},{"type":"Feature","geometry":{"type":"Point","coordinates":[-6.2435,53.32673]},"properties":{"asset_id":"osm:node/5494700080","kind":"hydrant","source":"OpenStreetMap","name":NaN,"evidence_level":"high","details":{"fire_hydrant:type":"underground","fire_hydrant:position":"sidewalk","water_source":"main","operator":"Dublin Fire Brigade"}}},{"type":"Feature","geometry":{"type":"Point","coordinates":[-6.24257,53.32606]},"properties":{"asset_id":"osm:node/5495191226","kind":"hydrant","source":"OpenStreetMap","name":NaN,"evidence_level":"high","details":{"fire_hydrant:type":"underground","fire_hydrant:position":"sidewalk","water_source":"main","operator":"Dublin Fire Brigade"}}},{"type":"Feature","geometry":{"type":"Point","coordinates":[-6.27641,53.31741]},"properties":{"asset_id":"osm:node/5533808885","kind":"hydrant","source":"OpenStreetMap","name":NaN,"evidence_level":"high","details":{"fire_hydrant:type":"underground","fire_hydrant:position":"sidewalk","water_source":"main","operator":"Dublin Fire Brigade"}}},{"type":"Feature","geometry":{"type":"Point","coordinates":[-6.27696,53.31801]},"properties":{"asset_id":"osm:node/5533808886","kind":"hydrant","source":"OpenStreetMap","name":NaN,"evidence_level":"high","details":{"fire_hydrant:type":"underground","fire_hydrant:position":"sidewalk","water_source":"main","operator":"Dublin Fire Brigade"}}},{"type":"Feature","geometry":{"type":"Point","coordinates":[-6.27764,53.31878]},"properties":{"asset_id":"osm:node/5535478039","kind":"hydrant","source":"OpenStreetMap","name":NaN,"evidence_level":"high","details":{"fire_hydrant:type":"underground","fire_hydrant:position":"sidewalk","water_source":"main","operator":"Dublin Fire Brigade"}}},{"type":"Feature","geometry":{"type":"Point","coordinates":[-6.27681,53.31687]},"properties":{"asset_id":"osm:node/5541381289","kind":"hydrant","source":"OpenStreetMap","name":NaN,"evidence_level":"high","details":{"fire_hydrant:type":"underground","fire_hydrant:position":"sidewalk","water_source":"main","operator":"Dublin Fire Brigade"}}},{"type":"Feature","geometry":{"type":"Point","coordinates":[-6.27545,53.31717]},"properties":{"asset_id":"osm:node/5541381290","kind":"hydrant","source":"OpenStreetMap","name":NaN,"evidence_level":"high","details":{"fire_hydrant:type":"underground","fire_hydrant:position":"sidewalk","water_source":"main","operator":"Dublin Fire Brigade"}}},{"type":"Feature","geometry":{"type":"Point","coordinates":[-6.27421,53.31742]},"properties":{"asset_id":"osm:node/5541381291","kind":"hydrant","source":"OpenStreetMap","name":NaN,"evidence_level":"high","details":{"fire_hydrant:type":"underground","fire_hydrant:position":"sidewalk","water_source":"main","operator":"Dublin Fire Brigade"}}},{"type":"Feature","geometry":{"type":"Point","coordinates":[-6.27306,53.31764]},"properties":{"asset_id":"osm:node/5550156509","kind":"hydrant","source":"OpenStreetMap","name":NaN,"evidence_level":"high","details":{"fire_hydrant:type":"underground","fire_hydrant:position":"sidewalk","water_source":"main","operator":"Dublin Fire Brigade"}}},{"type":"Feature","geometry":{"type":"Point","coordinates":[-6.2787,53.31871]},"properties":{"asset_id":"osm:node/5555097339","kind":"hydrant","source":"OpenStreetMap","name":NaN,"evidence_level":"high","details":{"fire_hydrant:type":"underground","fire_hydrant:position":"sidewalk","water_source":"main","operator":"Dublin Fire Brigade"}}},{"type":"Feature","geometry":{"type":"Point","coordinates":[-6.2763,53.31931]},"properties":{"asset_id":"osm:node/5555097340","kind":"hydrant","source":"OpenStreetMap","name":NaN,"evidence_level":"high","details":{"fire_hydrant:type":"underground","fire_hydrant:position":"sidewalk","water_source":"main","operator":"Dublin Fire Brigade"}}},{"type":"Feature","geometry":{"type":"Point","coordinates":[-6.27495,53.31946]},"properties":{"asset_id":"osm:node/5555097341","kind":"hydrant","source":"OpenStreetMap","name":NaN,"evidence_level":"high","details":{"fire_hydrant:type":"underground","fire_hydrant:position":"sidewalk","water_source":"main","operator":"Dublin Fire Brigade"}}},{"type":"Feature","geometry":{"type":"Point","coordinates":[-6.27442,53.31774]},"properties":{"asset_id":"osm:node/5555097342","kind":"hydrant","source":"OpenStreetMap","name":NaN,"evidence_level":"high","details":{"fire_hydrant:type":"underground","fire_hydrant:position":"sidewalk","water_source":"main","operator":"Dublin Fire Brigade"}}},{"type":"Feature","geometry":{"type":"Point","coordinates":[-6.27473,53.31871]},"properties":{"asset_id":"osm:node/5555097343","kind":"hydrant","source":"OpenStreetMap","name":NaN,"evidence_level":"high","details":{"fire_hydrant:type":"underground","fire_hydrant:position":"sidewalk","water_source":"main","operator":"Dublin Fire Brigade"}}},{"type":"Feature","geometry":{"type":"Point","coordinates":[-6.27719,53.31691]},"properties":{"asset_id":"osm:node/5555097344","kind":"hydrant","source":"OpenStreetMap","name":NaN,"evidence_level":"high","details":{"fire_hydrant:type":"underground","fire_hydrant:position":"sidewalk","water_source":"main","operator":"Dublin Fire Brigade"}}},{"type":"Feature","geometry":{"type":"Point","coordinates":[-6.27778,53.31756]},"properties":{"asset_id":"osm:node/5555097345","kind":"hydrant","source":"OpenStreetMap","name":NaN,"evidence_level":"high","details":{"fire_hydrant:type":"underground","fire_hydrant:position":"sidewalk","water_source":"main","operator":"Dublin Fire Brigade"}}},{"type":"Feature","geometry":{"type":"Point","coordinates":[-6.2637,53.35439]},"properties":{"asset_id":"osm:node/5583583663","kind":"hydrant","source":"OpenStreetMap","name":NaN,"evidence_level":"high","details":{"fire_hydrant:type":"underground","fire_hydrant:position":"sidewalk","water_source":"main","operator":"Dublin Fire Brigade"}}},{"type":"Feature","geometry":{"type":"Point","coordinates":[-6.26371,53.35439]},"properties":{"asset_id":"osm:node/5583583664","kind":"hydrant","source":"OpenStreetMap","name":NaN,"evidence_level":"high","details":{"fire_hydrant:type":"underground","fire_hydrant:position":"sidewalk","water_source":"main","operator":"Dublin Fire Brigade"}}},{"type":"Feature","geometry":{"type":"Point","coordinates":[-6.2792,53.31834]},"properties":{"asset_id":"osm:node/5584225179","kind":"hydrant","source":"OpenStreetMap","name":NaN,"evidence_level":"high","details":{"fire_hydrant:type":"underground","fire_hydrant:position":"sidewalk","water_source":"main","operator":"Dublin Fire Brigade"}}},{"type":"Feature","geometry":{"type":"Point","coordinates":[-6.27726,53.31718]},"properties":{"asset_id":"osm:node/5584225180","kind":"hydrant","source":"OpenStreetMap","name":NaN,"evidence_level":"high","details":{"fire_hydrant:type":"underground","fire_hydrant:position":"sidewalk","water_source":"main","operator":"Dublin Fire Brigade"}}},{"type":"Feature","geometry":{"type":"Point","coordinates":[-6.27243,53.3202]},"properties":{"asset_id":"osm:node/5584225181","kind":"hydrant","source":"OpenStreetMap","name":NaN,"evidence_level":"high","details":{"fire_hydrant:type":"underground","fire_hydrant:position":"sidewalk","water_source":"main","operator":"Dublin Fire Brigade"}}},{"type":"Feature","geometry":{"type":"Point","coordinates":[-6.27341,53.3177]},"properties":{"asset_id":"osm:node/5584225182","kind":"hydrant","source":"OpenStreetMap","name":NaN,"evidence_level":"high","details":{"fire_hydrant:type":"underground","fire_hydrant:position":"sidewalk","water_source":"main","operator":"Dublin Fire Brigade"}}},{"type":"Feature","geometry":{"type":"Point","coordinates":[-6.25789,53.34193]},"properties":{"asset_id":"osm:node/5591580793","kind":"hydrant","source":"OpenStreetMap","name":NaN,"evidence_level":"high","details":{"fire_hydrant:type":"wall","fire_hydrant:position":"sidewalk"}}},{"type":"Feature","geometry":{"type":"Point","coordinates":[-6.27285,53.32017]},"properties":{"asset_id":"osm:node/5603569722","kind":"hydrant","source":"OpenStreetMap","name":NaN,"evidence_level":"high","details":{"fire_hydrant:type":"underground","fire_hydrant:position":"sidewalk","water_source":"main","operator":"Dublin Fire Brigade"}}},{"type":"Feature","geometry":{"type":"Point","coordinates":[-6.27108,53.32006]},"properties":{"asset_id":"osm:node/5603569723","kind":"hydrant","source":"OpenStreetMap","name":NaN,"evidence_level":"high","details":{"fire_hydrant:type":"underground","fire_hydrant:position":"sidewalk","water_source":"main","operator":"Dublin Fire Brigade"}}},{"type":"Feature","geometry":{"type":"Point","coordinates":[-6.26963,53.32057]},"properties":{"asset_id":"osm:node/5603569724","kind":"hydrant","source":"OpenStreetMap","name":NaN,"evidence_level":"high","details":{"fire_hydrant:type":"underground","fire_hydrant:position":"sidewalk","water_source":"main","operator":"Dublin Fire Brigade"}}},{"type":"Feature","geometry":{"type":"Point","coordinates":[-6.26579,53.32276]},"properties":{"asset_id":"osm:node/5603569725","kind":"hydrant","source":"OpenStreetMap","name":NaN,"evidence_level":"high","details":{"fire_hydrant:type":"underground","fire_hydrant:position":"street","water_source":"main","operator":"Dublin Fire Brigade"}}},{"type":"Feature","geometry":{"type":"Point","coordinates":[-6.26566,53.32307]},"properties":{"asset_id":"osm:node/5603569726","kind":"hydrant","source":"OpenStreetMap","name":NaN,"evidence_level":"high","details":{"fire_hydrant:type":"underground","fire_hydrant:position":"sidewalk","water_source":"main","operator":"Dublin Fire Brigade"}}},{"type":"Feature","geometry":{"type":"Point","coordinates":[-6.26277,53.32348]},"properties":{"asset_id":"osm:node/5603569728","kind":"hydrant","source":"OpenStreetMap","name":NaN,"evidence_level":"high","details":{"fire_hydrant:type":"underground","fire_hydrant:position":"sidewalk","water_source":"main","operator":"Dublin Fire Brigade"}}},{"type":"Feature","geometry":{"type":"Point","coordinates":[-6.26242,53.32376]},"properties":{"asset_id":"osm:node/5603569729","kind":"hydrant","source":"OpenStreetMap","name":NaN,"evidence_level":"high","details":{"fire_hydrant:type":"underground","fire_hydrant:position":"sidewalk","water_source":"main","operator":"Dublin Fire Brigade"}}},{"type":"Feature","geometry":{"type":"Point","coordinates":[-6.26218,53.32393]},"properties":{"asset_id":"osm:node/5603569730","kind":"hydrant","source":"OpenStreetMap","name":NaN,"evidence_level":"high","details":{"fire_hydrant:type":"underground","fire_hydrant:position":"sidewalk","water_source":"main","operator":"Dublin Fire Brigade"}}},{"type":"Feature","geometry":{"type":"Point","coordinates":[-6.2605,53.34729]},"properties":{"asset_id":"osm:node/5628766212","kind":"hydrant","source":"OpenStreetMap","name":NaN,"evidence_level":"high","details":{"fire_hydrant:type":"underground","fire_hydrant:position":"sidewalk","water_source":"main","operator":"Dublin Fire Brigade"}}},{"type":"Feature","geometry":{"type":"Point","coordinates":[-6.26103,53.35209]},"properties":{"asset_id":"osm:node/5628766216","kind":"hydrant","source":"OpenStreetMap","name":NaN,"evidence_level":"high","details":{"fire_hydrant:type":"underground","fire_hydrant:position":"sidewalk","water_source":"main","operator":"Dublin Fire Brigade"}}},{"type":"Feature","geometry":{"type":"Point","coordinates":[-6.26104,53.3521]},"properties":{"asset_id":"osm:node/5628766217","kind":"hydrant","source":"OpenStreetMap","name":NaN,"evidence_level":"high","details":{"fire_hydrant:type":"underground","fire_hydrant:position":"sidewalk","water_source":"main","operator":"Dublin Fire Brigade"}}},{"type":"Feature","geometry":{"type":"Point","coordinates":[-6.26229,53.34689]},"properties":{"asset_id":"osm:node/5631333856","kind":"hydrant","source":"OpenStreetMap","name":NaN,"evidence_level":"high","details":{"fire_hydrant:type":"underground","fire_hydrant:position":"sidewalk","water_source":"main","operator":"Dublin Fire Brigade"}}},{"type":"Feature","geometry":{"type":"Point","coordinates":[-6.11484,53.26543]},"properties":{"asset_id":"osm:node/5641893858","kind":"reservoir_covered","source":"OpenStreetMap","name":NaN,"evidence_level":NaN,"details":{"operator":"Irish Water"}}},{"type":"Feature","geometry":{"type":"Point","coordinates":[-6.24822,53.32765]},"properties":{"asset_id":"osm:node/5659006216","kind":"hydrant","source":"OpenStreetMap","name":NaN,"evidence_level":"high","details":{"fire_hydrant:type":"underground","fire_hydrant:position":"sidewalk","water_source":"main","operator":"Dublin Fire Brigade"}}},{"type":"Feature","geometry":{"type":"Point","coordinates":[-6.24902,53.32707]},"properties":{"asset_id":"osm:node/5659006217","kind":"hydrant","source":"OpenStreetMap","name":NaN,"evidence_level":"high","details":{"fire_hydrant:type":"underground","fire_hydrant:position":"sidewalk","water_source":"main","operator":"Dublin Fire Brigade"}}},{"type":"Feature","geometry":{"type":"Point","coordinates":[-6.24905,53.32705]},"properties":{"asset_id":"osm:node/5659006218","kind":"hydrant","source":"OpenStreetMap","name":NaN,"evidence_level":"high","details":{"fire_hydrant:type":"underground","fire_hydrant:position":"sidewalk","water_source":"main","operator":"Dublin Fire Brigade"}}},{"type":"Feature","geometry":{"type":"Point","coordinates":[-6.24942,53.32685]},"properties":{"asset_id":"osm:node/5659006219","kind":"hydrant","source":"OpenStreetMap","name":NaN,"evidence_level":"high","details":{"fire_hydrant:type":"underground","fire_hydrant:position":"sidewalk","water_source":"main","operator":"Dublin Fire Brigade"}}},{"type":"Feature","geometry":{"type":"Point","coordinates":[-6.25148,53.32591]},"properties":{"asset_id":"osm:node/5659006421","kind":"hydrant","source":"OpenStreetMap","name":NaN,"evidence_level":"high","details":{"fire_hydrant:type":"underground","fire_hydrant:position":"sidewalk","water_source":"main","operator":"Dublin Fire Brigade"}}},{"type":"Feature","geometry":{"type":"Point","coordinates":[-6.24359,53.31962]},"properties":{"asset_id":"osm:node/5659027546","kind":"hydrant","source":"OpenStreetMap","name":NaN,"evidence_level":"high","details":{"fire_hydrant:type":"underground","fire_hydrant:position":"sidewalk","water_source":"main","operator":"Dublin Fire Brigade"}}},{"type":"Feature","geometry":{"type":"Point","coordinates":[-6.1635,53.44927]},"properties":{"asset_id":"osm:node/5712190790","kind":"hydrant","source":"OpenStreetMap","name":NaN,"evidence_level":"high","details":{"fire_hydrant:type":"underground","fire_hydrant:position":"sidewalk","water_source":"main","operator":"Dublin Fire Brigade"}}},{"type":"Feature","geometry":{"type":"Point","coordinates":[-6.16352,53.44927]},"properties":{"asset_id":"osm:node/5712190791","kind":"hydrant","source":"OpenStreetMap","name":NaN,"evidence_level":"high","details":{"fire_hydrant:type":"underground","fire_hydrant:position":"sidewalk","water_source":"main","operator":"Dublin Fire Brigade"}}},{"type":"Feature","geometry":{"type":"Point","coordinates":[-6.15062,53.40225]},"properties":{"asset_id":"osm:node/6077789670","kind":"hydrant","source":"OpenStreetMap","name":NaN,"evidence_level":"high","details":{"fire_hydrant:type":"underground","fire_hydrant:position":"sidewalk","water_source":"main","operator":"Dublin Fire Brigade"}}},{"type":"Feature","geometry":{"type":"Point","coordinates":[-6.15022,53.40298]},"properties":{"asset_id":"osm:node/6077789671","kind":"hydrant","source":"OpenStreetMap","name":NaN,"evidence_level":"high","details":{"fire_hydrant:type":"underground","fire_hydrant:position":"sidewalk","water_source":"main","operator":"Dublin Fire Brigade"}}},{"type":"Feature","geometry":{"type":"Point","coordinates":[-6.15117,53.4043]},"properties":{"asset_id":"osm:node/6077853449","kind":"hydrant","source":"OpenStreetMap","name":NaN,"evidence_level":"high","details":{"fire_hydrant:type":"underground","fire_hydrant:position":"sidewalk","water_source":"main","operator":"Dublin Fire Brigade"}}},{"type":"Feature","geometry":{"type":"Point","coordinates":[-6.15489,53.40513]},"properties":{"asset_id":"osm:node/6077950083","kind":"hydrant","source":"OpenStreetMap","name":NaN,"evidence_level":"high","details":{"fire_hydrant:type":"underground","fire_hydrant:position":"sidewalk","water_source":"main","operator":"Dublin Fire Brigade"}}},{"type":"Feature","geometry":{"type":"Point","coordinates":[-6.15819,53.40608]},"properties":{"asset_id":"osm:node/6077982469","kind":"hydrant","source":"OpenStreetMap","name":NaN,"evidence_level":"high","details":{"fire_hydrant:type":"underground","fire_hydrant:position":"green","water_source":"main","operator":"Dublin Fire Brigade"}}},{"type":"Feature","geometry":{"type":"Point","coordinates":[-6.24672,53.33114]},"properties":{"asset_id":"osm:node/6089168329","kind":"hydrant","source":"OpenStreetMap","name":NaN,"evidence_level":"high","details":{"fire_hydrant:type":"underground","fire_hydrant:position":"sidewalk"}}},{"type":"Feature","geometry":{"type":"Point","coordinates":[-6.25404,53.33035]},"properties":{"asset_id":"osm:node/6140955606","kind":"hydrant","source":"OpenStreetMap","name":NaN,"evidence_level":"high","details":{"fire_hydrant:type":"underground","fire_hydrant:position":"sidewalk","water_source":"main","operator":"Dublin Fire Brigade"}}},{"type":"Feature","geometry":{"type":"Point","coordinates":[-6.25861,53.34047]},"properties":{"asset_id":"osm:node/6141199714","kind":"hydrant","source":"OpenStreetMap","name":NaN,"evidence_level":"high","details":{"fire_hydrant:type":"underground","fire_hydrant:position":"sidewalk","water_source":"main","operator":"Dublin Fire Brigade"}}},{"type":"Feature","geometry":{"type":"Point","coordinates":[-6.32409,53.32966]},"properties":{"asset_id":"osm:node/6179374966","kind":"hydrant","source":"OpenStreetMap","name":NaN,"evidence_level":"high","details":{"fire_hydrant:type":"underground","fire_hydrant:position":"sidewalk","water_source":"main","operator":"Dublin Fire Brigade"}}},{"type":"Feature","geometry":{"type":"Point","coordinates":[-6.32325,53.32834]},"properties":{"asset_id":"osm:node/6179374968","kind":"hydrant","source":"OpenStreetMap","name":NaN,"evidence_level":"high","details":{"fire_hydrant:type":"underground","fire_hydrant:position":"sidewalk","water_source":"main","operator":"Dublin Fire Brigade"}}},{"type":"Feature","geometry":{"type":"Point","coordinates":[-6.32394,53.33012]},"properties":{"asset_id":"osm:node/6179589037","kind":"hydrant","source":"OpenStreetMap","name":NaN,"evidence_level":"high","details":{"fire_hydrant:type":"underground","fire_hydrant:position":"sidewalk","water_source":"main","operator":"Dublin Fire Brigade"}}},{"type":"Feature","geometry":{"type":"Point","coordinates":[-6.30892,53.33677]},"properties":{"asset_id":"osm:node/6191163275","kind":"sewage_pumping_station","source":"OpenStreetMap","name":NaN,"evidence_level":NaN,"details":{"substance":"sewage","operator":"Irish Water"}}},{"type":"Feature","geometry":{"type":"Point","coordinates":[-6.30799,53.34058]},"properties":{"asset_id":"osm:node/6196929752","kind":"hydrant","source":"OpenStreetMap","name":NaN,"evidence_level":"high","details":{"fire_hydrant:type":"underground","fire_hydrant:position":"sidewalk","water_source":"main","operator":"Dublin Fire Brigade"}}},{"type":"Feature","geometry":{"type":"Point","coordinates":[-6.29707,53.35119]},"properties":{"asset_id":"osm:node/6203447607","kind":"hydrant","source":"OpenStreetMap","name":NaN,"evidence_level":"high","details":{"fire_hydrant:type":"underground","fire_hydrant:position":"sidewalk","water_source":"main","operator":"Dublin Fire Brigade"}}},{"type":"Feature","geometry":{"type":"Point","coordinates":[-6.26565,53.38061]},"properties":{"asset_id":"osm:node/6253113324","kind":"hydrant","source":"OpenStreetMap","name":NaN,"evidence_level":"high","details":{"fire_hydrant:type":"underground","water_source":"main"}}},{"type":"Feature","geometry":{"type":"Point","coordinates":[-6.26422,53.34427]},"properties":{"asset_id":"osm:node/6258707116","kind":"hydrant","source":"OpenStreetMap","name":NaN,"evidence_level":"high","details":{"fire_hydrant:type":"underground","fire_hydrant:position":"sidewalk","water_source":"main"}}},{"type":"Feature","geometry":{"type":"Point","coordinates":[-6.11763,53.22188]},"properties":{"asset_id":"osm:node/6313124380","kind":"drinking_fountain","source":"OpenStreetMap","name":NaN,"evidence_level":"medium","details":{}}},{"type":"Feature","geometry":{"type":"Point","coordinates":[-6.12923,53.28975]},"properties":{"asset_id":"osm:node/6326062357","kind":"drinking_fountain","source":"OpenStreetMap","name":NaN,"evidence_level":"medium","details":{"operator":"Dun Laoghaire-Rathdown County Council"}}},{"type":"Feature","geometry":{"type":"Point","coordinates":[-6.44149,53.3959]},"properties":{"asset_id":"osm:node/6343961410","kind":"hydrant","source":"OpenStreetMap","name":NaN,"evidence_level":"high","details":{"fire_hydrant:type":"underground","water_source":"main"}}},{"type":"Feature","geometry":{"type":"Point","coordinates":[-6.43992,53.3958]},"properties":{"asset_id":"osm:node/6344025095","kind":"hydrant","source":"OpenStreetMap","name":NaN,"evidence_level":"high","details":{"fire_hydrant:type":"underground","water_source":"main"}}},{"type":"Feature","geometry":{"type":"Point","coordinates":[-6.43007,53.39737]},"properties":{"asset_id":"osm:node/6356102805","kind":"hydrant","source":"OpenStreetMap","name":NaN,"evidence_level":"high","details":{"fire_hydrant:type":"underground","water_source":"main","operator":"Dublin Fire Brigade"}}},{"type":"Feature","geometry":{"type":"Point","coordinates":[-6.24458,53.30516]},"properties":{"asset_id":"osm:node/6384322567","kind":"hydrant","source":"OpenStreetMap","name":NaN,"evidence_level":"high","details":{"fire_hydrant:type":"underground","water_source":"main"}}},{"type":"Feature","geometry":{"type":"Point","coordinates":[-6.2638,53.31375]},"properties":{"asset_id":"osm:node/6412537135","kind":"hydrant","source":"OpenStreetMap","name":NaN,"evidence_level":"high","details":{"fire_hydrant:type":"underground","water_source":"main"}}},{"type":"Feature","geometry":{"type":"Point","coordinates":[-6.15879,53.44708]},"properties":{"asset_id":"osm:node/6654807251","kind":"drinking_fountain","source":"OpenStreetMap","name":NaN,"evidence_level":"medium","details":{}}},{"type":"Feature","geometry":{"type":"Point","coordinates":[-6.05615,53.3739]},"properties":{"asset_id":"osm:node/6657333497","kind":"hydrant","source":"OpenStreetMap","name":NaN,"evidence_level":"high","details":{"fire_hydrant:type":"underground","water_source":"main"}}},{"type":"Feature","geometry":{"type":"Point","coordinates":[-6.15698,53.58483]},"properties":{"asset_id":"osm:node/6673699855","kind":"drinking_fountain","source":"OpenStreetMap","name":NaN,"evidence_level":"medium","details":{}}},{"type":"Feature","geometry":{"type":"Point","coordinates":[-6.36079,53.36423]},"properties":{"asset_id":"osm:node/6681224353","kind":"drinking_fountain","source":"OpenStreetMap","name":NaN,"evidence_level":"medium","details":{}}},{"type":"Feature","geometry":{"type":"Point","coordinates":[-6.24157,53.42554]},"properties":{"asset_id":"osm:node/6684926086","kind":"drinking_fountain","source":"OpenStreetMap","name":"Hydration Station","evidence_level":"medium","details":{}}},{"type":"Feature","geometry":{"type":"Point","coordinates":[-6.09546,53.37325]},"properties":{"asset_id":"osm:node/6711051285","kind":"hydrant","source":"OpenStreetMap","name":NaN,"evidence_level":"high","details":{"fire_hydrant:type":"underground","water_source":"main"}}},{"type":"Feature","geometry":{"type":"Point","coordinates":[-6.09647,53.37317]},"properties":{"asset_id":"osm:node/6711051286","kind":"hydrant","source":"OpenStreetMap","name":NaN,"evidence_level":"high","details":{"fire_hydrant:type":"underground","water_source":"main"}}},{"type":"Feature","geometry":{"type":"Point","coordinates":[-6.09761,53.37292]},"properties":{"asset_id":"osm:node/6711051303","kind":"hydrant","source":"OpenStreetMap","name":NaN,"evidence_level":"high","details":{"fire_hydrant:type":"underground","water_source":"main"}}},{"type":"Feature","geometry":{"type":"Point","coordinates":[-6.10219,53.38197]},"properties":{"asset_id":"osm:node/6720079383","kind":"manhole_sewer","source":"OpenStreetMap","name":NaN,"evidence_level":"medium","details":{"manhole":"sewer"}}},{"type":"Feature","geometry":{"type":"Point","coordinates":[-6.06452,53.38838]},"properties":{"asset_id":"osm:node/6723613722","kind":"drinking_fountain","source":"OpenStreetMap","name":NaN,"evidence_level":"medium","details":{"operator":"Fingal County Council"}}},{"type":"Feature","geometry":{"type":"Point","coordinates":[-6.37251,53.28837]},"properties":{"asset_id":"osm:node/6777746826","kind":"drinking_fountain","source":"OpenStreetMap","name":"Tallaght Public Drinking Water Station","evidence_level":"medium","details":{"operator":"Water Station Ireland"}}},{"type":"Feature","geometry":{"type":"Point","coordinates":[-6.30567,53.369]},"properties":{"asset_id":"osm:node/6794362326","kind":"hydrant","source":"OpenStreetMap","name":NaN,"evidence_level":"high","details":{"fire_hydrant:type":"underground","water_source":"main"}}},{"type":"Feature","geometry":{"type":"Point","coordinates":[-6.16181,53.26054]},"properties":{"asset_id":"osm:node/6834534187","kind":"drinking_fountain","source":"OpenStreetMap","name":NaN,"evidence_level":"medium","details":{}}},{"type":"Feature","geometry":{"type":"Point","coordinates":[-6.20827,53.2978]},"properties":{"asset_id":"osm:node/7088251258","kind":"hydrant","source":"OpenStreetMap","name":NaN,"evidence_level":"high","details":{"fire_hydrant:type":"underground","fire_hydrant:position":"sidewalk","fire_hydrant:diameter":"110"}}},{"type":"Feature","geometry":{"type":"Point","coordinates":[-6.20898,53.29776]},"properties":{"asset_id":"osm:node/7088251259","kind":"hydrant","source":"OpenStreetMap","name":NaN,"evidence_level":"high","details":{"fire_hydrant:type":"underground","fire_hydrant:position":"sidewalk","fire_hydrant:diameter":"125"}}},{"type":"Feature","geometry":{"type":"Point","coordinates":[-6.20493,53.29813]},"properties":{"asset_id":"osm:node/7088251260","kind":"hydrant","source":"OpenStreetMap","name":NaN,"evidence_level":"high","details":{"fire_hydrant:type":"underground","fire_hydrant:position":"sidewalk","fire_hydrant:diameter":"090"}}},{"type":"Feature","geometry":{"type":"Point","coordinates":[-6.20694,53.298]},"properties":{"asset_id":"osm:node/7093085120","kind":"hydrant","source":"OpenStreetMap","name":NaN,"evidence_level":"high","details":{"fire_hydrant:type":"underground","fire_hydrant:position":"sidewalk","fire_hydrant:diameter":"110"}}},{"type":"Feature","geometry":{"type":"Point","coordinates":[-6.20669,53.29778]},"properties":{"asset_id":"osm:node/7093085121","kind":"hydrant","source":"OpenStreetMap","name":NaN,"evidence_level":"high","details":{"fire_hydrant:type":"underground","fire_hydrant:position":"sidewalk","fire_hydrant:diameter":"110"}}},{"type":"Feature","geometry":{"type":"Point","coordinates":[-6.20566,53.29807]},"properties":{"asset_id":"osm:node/7093085122","kind":"hydrant","source":"OpenStreetMap","name":NaN,"evidence_level":"high","details":{"fire_hydrant:type":"underground","fire_hydrant:position":"sidewalk","fire_hydrant:diameter":"110"}}},{"type":"Feature","geometry":{"type":"Point","coordinates":[-6.20492,53.29799]},"properties":{"asset_id":"osm:node/7093085123","kind":"hydrant","source":"OpenStreetMap","name":NaN,"evidence_level":"high","details":{"fire_hydrant:type":"underground","fire_hydrant:position":"sidewalk"}}},{"type":"Feature","geometry":{"type":"Point","coordinates":[-6.20512,53.2986]},"properties":{"asset_id":"osm:node/7093085124","kind":"hydrant","source":"OpenStreetMap","name":NaN,"evidence_level":"high","details":{"fire_hydrant:type":"underground","fire_hydrant:position":"sidewalk"}}},{"type":"Feature","geometry":{"type":"Point","coordinates":[-6.20541,53.29899]},"properties":{"asset_id":"osm:node/7093085125","kind":"hydrant","source":"OpenStreetMap","name":NaN,"evidence_level":"high","details":{"fire_hydrant:type":"underground","fire_hydrant:position":"sidewalk"}}},{"type":"Feature","geometry":{"type":"Point","coordinates":[-6.2062,53.30048]},"properties":{"asset_id":"osm:node/7093085126","kind":"hydrant","source":"OpenStreetMap","name":NaN,"evidence_level":"high","details":{"fire_hydrant:type":"underground","fire_hydrant:position":"sidewalk","fire_hydrant:diameter":"90"}}},{"type":"Feature","geometry":{"type":"Point","coordinates":[-6.20655,53.30082]},"properties":{"asset_id":"osm:node/7093085127","kind":"hydrant","source":"OpenStreetMap","name":NaN,"evidence_level":"high","details":{"fire_hydrant:type":"underground","fire_hydrant:position":"sidewalk"}}},{"type":"Feature","geometry":{"type":"Point","coordinates":[-6.20703,53.3013]},"properties":{"asset_id":"osm:node/7093085128","kind":"hydrant","source":"OpenStreetMap","name":NaN,"evidence_level":"high","details":{"fire_hydrant:type":"underground","fire_hydrant:position":"sidewalk","fire_hydrant:diameter":"90"}}},{"type":"Feature","geometry":{"type":"Point","coordinates":[-6.20823,53.30185]},"properties":{"asset_id":"osm:node/7093085129","kind":"hydrant","source":"OpenStreetMap","name":NaN,"evidence_level":"high","details":{"fire_hydrant:type":"underground","fire_hydrant:position":"sidewalk"}}},{"type":"Feature","geometry":{"type":"Point","coordinates":[-6.20817,53.30166]},"properties":{"asset_id":"osm:node/7093085130","kind":"hydrant","source":"OpenStreetMap","name":NaN,"evidence_level":"high","details":{"fire_hydrant:type":"underground","fire_hydrant:position":"sidewalk","fire_hydrant:diameter":"125"}}},{"type":"Feature","geometry":{"type":"Point","coordinates":[-6.20839,53.30119]},"properties":{"asset_id":"osm:node/7093085131","kind":"hydrant","source":"OpenStreetMap","name":NaN,"evidence_level":"high","details":{"fire_hydrant:type":"underground","fire_hydrant:position":"sidewalk"}}},{"type":"Feature","geometry":{"type":"Point","coordinates":[-6.20845,53.30073]},"properties":{"asset_id":"osm:node/7093085132","kind":"hydrant","source":"OpenStreetMap","name":NaN,"evidence_level":"high","details":{"fire_hydrant:type":"underground","fire_hydrant:position":"sidewalk","fire_hydrant:diameter":"090"}}},{"type":"Feature","geometry":{"type":"Point","coordinates":[-6.20839,53.30034]},"properties":{"asset_id":"osm:node/7093085133","kind":"hydrant","source":"OpenStreetMap","name":NaN,"evidence_level":"high","details":{"fire_hydrant:type":"underground","fire_hydrant:position":"sidewalk"}}},{"type":"Feature","geometry":{"type":"Point","coordinates":[-6.2095,53.29962]},"properties":{"asset_id":"osm:node/7093085134","kind":"hydrant","source":"OpenStreetMap","name":NaN,"evidence_level":"high","details":{"fire_hydrant:type":"underground","fire_hydrant:position":"sidewalk"}}},{"type":"Feature","geometry":{"type":"Point","coordinates":[-6.21107,53.29933]},"properties":{"asset_id":"osm:node/7093085135","kind":"hydrant","source":"OpenStreetMap","name":NaN,"evidence_level":"high","details":{"fire_hydrant:type":"underground","fire_hydrant:position":"sidewalk","fire_hydrant:diameter":"090"}}},{"type":"Feature","geometry":{"type":"Point","coordinates":[-6.21025,53.29945]},"properties":{"asset_id":"osm:node/7093085136","kind":"hydrant","source":"OpenStreetMap","name":NaN,"evidence_level":"high","details":{"fire_hydrant:type":"underground","fire_hydrant:position":"sidewalk","fire_hydrant:diameter":"090"}}},{"type":"Feature","geometry":{"type":"Point","coordinates":[-6.20813,53.29918]},"properties":{"asset_id":"osm:node/7093085137","kind":"hydrant","source":"OpenStreetMap","name":NaN,"evidence_level":"high","details":{"fire_hydrant:type":"underground","fire_hydrant:position":"sidewalk","fire_hydrant:diameter":"090"}}},{"type":"Feature","geometry":{"type":"Point","coordinates":[-6.20889,53.29918]},"properties":{"asset_id":"osm:node/7093085138","kind":"hydrant","source":"OpenStreetMap","name":NaN,"evidence_level":"high","details":{"fire_hydrant:type":"underground","fire_hydrant:position":"sidewalk","fire_hydrant:diameter":"125"}}},{"type":"Feature","geometry":{"type":"Point","coordinates":[-6.21069,53.29872]},"properties":{"asset_id":"osm:node/7093085139","kind":"hydrant","source":"OpenStreetMap","name":NaN,"evidence_level":"high","details":{"fire_hydrant:type":"underground","fire_hydrant:position":"sidewalk","fire_hydrant:diameter":"090"}}},{"type":"Feature","geometry":{"type":"Point","coordinates":[-6.20958,53.29869]},"properties":{"asset_id":"osm:node/7093085140","kind":"hydrant","source":"OpenStreetMap","name":NaN,"evidence_level":"high","details":{"fire_hydrant:type":"underground","fire_hydrant:position":"sidewalk","fire_hydrant:diameter":"090"}}},{"type":"Feature","geometry":{"type":"Point","coordinates":[-6.20873,53.29756]},"properties":{"asset_id":"osm:node/7093085141","kind":"hydrant","source":"OpenStreetMap","name":NaN,"evidence_level":"high","details":{"fire_hydrant:type":"underground","fire_hydrant:position":"sidewalk","fire_hydrant:diameter":"125"}}},{"type":"Feature","geometry":{"type":"Point","coordinates":[-6.21207,53.29931]},"properties":{"asset_id":"osm:node/7099915634","kind":"hydrant","source":"OpenStreetMap","name":NaN,"evidence_level":"high","details":{"fire_hydrant:type":"underground","fire_hydrant:position":"sidewalk","fire_hydrant:diameter":"110"}}},{"type":"Feature","geometry":{"type":"Point","coordinates":[-6.21258,53.29953]},"properties":{"asset_id":"osm:node/7099915635","kind":"hydrant","source":"OpenStreetMap","name":NaN,"evidence_level":"high","details":{"fire_hydrant:type":"underground","fire_hydrant:position":"sidewalk","fire_hydrant:diameter":"110"}}},{"type":"Feature","geometry":{"type":"Point","coordinates":[-6.21179,53.29848]},"properties":{"asset_id":"osm:node/7099915637","kind":"hydrant","source":"OpenStreetMap","name":NaN,"evidence_level":"high","details":{"fire_hydrant:type":"underground","fire_hydrant:position":"sidewalk","fire_hydrant:diameter":"125","water_source":"main"}}},{"type":"Feature","geometry":{"type":"Point","coordinates":[-6.21245,53.29776]},"properties":{"asset_id":"osm:node/7099915638","kind":"hydrant","source":"OpenStreetMap","name":NaN,"evidence_level":"high","details":{"fire_hydrant:type":"underground","fire_hydrant:position":"sidewalk"}}},{"type":"Feature","geometry":{"type":"Point","coordinates":[-6.21141,53.29769]},"properties":{"asset_id":"osm:node/7099915639","kind":"hydrant","source":"OpenStreetMap","name":NaN,"evidence_level":"high","details":{"fire_hydrant:type":"underground","fire_hydrant:position":"sidewalk"}}},{"type":"Feature","geometry":{"type":"Point","coordinates":[-6.21025,53.2978]},"properties":{"asset_id":"osm:node/7099915640","kind":"hydrant","source":"OpenStreetMap","name":NaN,"evidence_level":"high","details":{"fire_hydrant:type":"underground","fire_hydrant:position":"sidewalk"}}},{"type":"Feature","geometry":{"type":"Point","coordinates":[-6.20883,53.29659]},"properties":{"asset_id":"osm:node/7099915641","kind":"hydrant","source":"OpenStreetMap","name":NaN,"evidence_level":"high","details":{"fire_hydrant:type":"underground","fire_hydrant:position":"sidewalk","water_source":"main"}}},{"type":"Feature","geometry":{"type":"Point","coordinates":[-6.20798,53.2955]},"properties":{"asset_id":"osm:node/7099915642","kind":"hydrant","source":"OpenStreetMap","name":NaN,"evidence_level":"high","details":{"fire_hydrant:type":"underground","fire_hydrant:position":"sidewalk"}}},{"type":"Feature","geometry":{"type":"Point","coordinates":[-6.20782,53.29555]},"properties":{"asset_id":"osm:node/7099915643","kind":"hydrant","source":"OpenStreetMap","name":NaN,"evidence_level":"high","details":{"fire_hydrant:type":"underground","fire_hydrant:position":"sidewalk"}}},{"type":"Feature","geometry":{"type":"Point","coordinates":[-6.20554,53.29528]},"properties":{"asset_id":"osm:node/7099915644","kind":"hydrant","source":"OpenStreetMap","name":NaN,"evidence_level":"high","details":{"fire_hydrant:type":"underground","fire_hydrant:position":"sidewalk"}}},{"type":"Feature","geometry":{"type":"Point","coordinates":[-6.20481,53.29387]},"properties":{"asset_id":"osm:node/7099915645","kind":"hydrant","source":"OpenStreetMap","name":NaN,"evidence_level":"high","details":{"fire_hydrant:type":"underground","fire_hydrant:position":"sidewalk"}}},{"type":"Feature","geometry":{"type":"Point","coordinates":[-6.20546,53.29339]},"properties":{"asset_id":"osm:node/7099915646","kind":"hydrant","source":"OpenStreetMap","name":NaN,"evidence_level":"high","details":{"fire_hydrant:type":"underground","fire_hydrant:position":"sidewalk"}}},{"type":"Feature","geometry":{"type":"Point","coordinates":[-6.2042,53.29376]},"properties":{"asset_id":"osm:node/7099915647","kind":"hydrant","source":"OpenStreetMap","name":NaN,"evidence_level":"high","details":{"fire_hydrant:type":"underground","fire_hydrant:position":"sidewalk"}}},{"type":"Feature","geometry":{"type":"Point","coordinates":[-6.20264,53.2938]},"properties":{"asset_id":"osm:node/7099915648","kind":"hydrant","source":"OpenStreetMap","name":NaN,"evidence_level":"high","details":{"fire_hydrant:type":"underground","fire_hydrant:position":"sidewalk"}}},{"type":"Feature","geometry":{"type":"Point","coordinates":[-6.20327,53.29395]},"properties":{"asset_id":"osm:node/7099915649","kind":"hydrant","source":"OpenStreetMap","name":NaN,"evidence_level":"high","details":{"fire_hydrant:type":"underground","fire_hydrant:position":"sidewalk"}}},{"type":"Feature","geometry":{"type":"Point","coordinates":[-6.20298,53.29419]},"properties":{"asset_id":"osm:node/7099915650","kind":"hydrant","source":"OpenStreetMap","name":NaN,"evidence_level":"high","details":{"fire_hydrant:type":"underground","fire_hydrant:position":"sidewalk"}}},{"type":"Feature","geometry":{"type":"Point","coordinates":[-6.20354,53.29492]},"properties":{"asset_id":"osm:node/7099915651","kind":"hydrant","source":"OpenStreetMap","name":NaN,"evidence_level":"high","details":{"fire_hydrant:type":"underground","fire_hydrant:position":"sidewalk"}}},{"type":"Feature","geometry":{"type":"Point","coordinates":[-6.20396,53.29546]},"properties":{"asset_id":"osm:node/7099915652","kind":"hydrant","source":"OpenStreetMap","name":NaN,"evidence_level":"high","details":{"fire_hydrant:type":"underground","fire_hydrant:position":"sidewalk"}}},{"type":"Feature","geometry":{"type":"Point","coordinates":[-6.20417,53.29613]},"properties":{"asset_id":"osm:node/7099915653","kind":"hydrant","source":"OpenStreetMap","name":NaN,"evidence_level":"high","details":{"fire_hydrant:type":"underground","fire_hydrant:position":"sidewalk"}}},{"type":"Feature","geometry":{"type":"Point","coordinates":[-6.20422,53.29634]},"properties":{"asset_id":"osm:node/7099915654","kind":"hydrant","source":"OpenStreetMap","name":NaN,"evidence_level":"high","details":{"fire_hydrant:type":"underground","fire_hydrant:position":"sidewalk"}}},{"type":"Feature","geometry":{"type":"Point","coordinates":[-6.20906,53.2978]},"properties":{"asset_id":"osm:node/7099915655","kind":"hydrant","source":"OpenStreetMap","name":NaN,"evidence_level":"high","details":{"fire_hydrant:type":"underground","fire_hydrant:position":"sidewalk","fire_hydrant:diameter":"125"}}},{"type":"Feature","geometry":{"type":"Point","coordinates":[-6.21554,53.28984]},"properties":{"asset_id":"osm:node/7123014831","kind":"hydrant","source":"OpenStreetMap","name":NaN,"evidence_level":"high","details":{"fire_hydrant:type":"underground","fire_hydrant:position":"sidewalk"}}},{"type":"Feature","geometry":{"type":"Point","coordinates":[-6.21583,53.28923]},"properties":{"asset_id":"osm:node/7123014832","kind":"hydrant","source":"OpenStreetMap","name":NaN,"evidence_level":"high","details":{"fire_hydrant:type":"underground","fire_hydrant:position":"sidewalk"}}},{"type":"Feature","geometry":{"type":"Point","coordinates":[-6.21908,53.28884]},"properties":{"asset_id":"osm:node/7123014833","kind":"hydrant","source":"OpenStreetMap","name":NaN,"evidence_level":"high","details":{"fire_hydrant:type":"underground","fire_hydrant:position":"sidewalk"}}},{"type":"Feature","geometry":{"type":"Point","coordinates":[-6.2159,53.28886]},"properties":{"asset_id":"osm:node/7123014834","kind":"hydrant","source":"OpenStreetMap","name":NaN,"evidence_level":"high","details":{"fire_hydrant:type":"underground","fire_hydrant:position":"sidewalk"}}},{"type":"Feature","geometry":{"type":"Point","coordinates":[-6.20969,53.28926]},"properties":{"asset_id":"osm:node/7123014835","kind":"hydrant","source":"OpenStreetMap","name":NaN,"evidence_level":"high","details":{"fire_hydrant:type":"underground","fire_hydrant:position":"sidewalk"}}},{"type":"Feature","geometry":{"type":"Point","coordinates":[-6.20924,53.29031]},"properties":{"asset_id":"osm:node/7123014836","kind":"hydrant","source":"OpenStreetMap","name":NaN,"evidence_level":"high","details":{"fire_hydrant:type":"underground","fire_hydrant:position":"sidewalk"}}},{"type":"Feature","geometry":{"type":"Point","coordinates":[-6.21011,53.29026]},"properties":{"asset_id":"osm:node/7123014837","kind":"hydrant","source":"OpenStreetMap","name":NaN,"evidence_level":"high","details":{"fire_hydrant:type":"underground","fire_hydrant:position":"sidewalk"}}},{"type":"Feature","geometry":{"type":"Point","coordinates":[-6.21168,53.29019]},"properties":{"asset_id":"osm:node/7123014838","kind":"hydrant","source":"OpenStreetMap","name":NaN,"evidence_level":"high","details":{"fire_hydrant:type":"underground","fire_hydrant:position":"sidewalk"}}},{"type":"Feature","geometry":{"type":"Point","coordinates":[-6.21331,53.28996]},"properties":{"asset_id":"osm:node/7123014839","kind":"hydrant","source":"OpenStreetMap","name":NaN,"evidence_level":"high","details":{"fire_hydrant:type":"underground","fire_hydrant:position":"sidewalk"}}},{"type":"Feature","geometry":{"type":"Point","coordinates":[-6.21407,53.28998]},"properties":{"asset_id":"osm:node/7123014840","kind":"hydrant","source":"OpenStreetMap","name":NaN,"evidence_level":"high","details":{"fire_hydrant:type":"underground","fire_hydrant:position":"sidewalk"}}},{"type":"Feature","geometry":{"type":"Point","coordinates":[-6.2033,53.29516]},"properties":{"asset_id":"osm:node/7146870278","kind":"hydrant","source":"OpenStreetMap","name":NaN,"evidence_level":"high","details":{"fire_hydrant:type":"underground","fire_hydrant:position":"sidewalk"}}},{"type":"Feature","geometry":{"type":"Point","coordinates":[-6.2134,53.2983]},"properties":{"asset_id":"osm:node/7146870279","kind":"hydrant","source":"OpenStreetMap","name":NaN,"evidence_level":"high","details":{"fire_hydrant:type":"underground","fire_hydrant:position":"sidewalk"}}},{"type":"Feature","geometry":{"type":"Point","coordinates":[-6.21369,53.29869]},"properties":{"asset_id":"osm:node/7146870280","kind":"hydrant","source":"OpenStreetMap","name":NaN,"evidence_level":"high","details":{"fire_hydrant:type":"underground","fire_hydrant:position":"sidewalk"}}},{"type":"Feature","geometry":{"type":"Point","coordinates":[-6.21396,53.29926]},"properties":{"asset_id":"osm:node/7146870281","kind":"hydrant","source":"OpenStreetMap","name":NaN,"evidence_level":"high","details":{"fire_hydrant:type":"underground","fire_hydrant:position":"sidewalk"}}},{"type":"Feature","geometry":{"type":"Point","coordinates":[-6.21688,53.29898]},"properties":{"asset_id":"osm:node/7146870282","kind":"hydrant","source":"OpenStreetMap","name":NaN,"evidence_level":"high","details":{"fire_hydrant:type":"underground","fire_hydrant:position":"sidewalk"}}},{"type":"Feature","geometry":{"type":"Point","coordinates":[-6.21557,53.29946]},"properties":{"asset_id":"osm:node/7146870283","kind":"hydrant","source":"OpenStreetMap","name":NaN,"evidence_level":"high","details":{"fire_hydrant:type":"underground","fire_hydrant:position":"sidewalk"}}},{"type":"Feature","geometry":{"type":"Point","coordinates":[-6.2148,53.29966]},"properties":{"asset_id":"osm:node/7146870284","kind":"hydrant","source":"OpenStreetMap","name":NaN,"evidence_level":"high","details":{"fire_hydrant:type":"underground","fire_hydrant:position":"sidewalk"}}},{"type":"Feature","geometry":{"type":"Point","coordinates":[-6.21419,53.29965]},"properties":{"asset_id":"osm:node/7146909485","kind":"hydrant","source":"OpenStreetMap","name":NaN,"evidence_level":"high","details":{"fire_hydrant:type":"underground","fire_hydrant:position":"sidewalk"}}},{"type":"Feature","geometry":{"type":"Point","coordinates":[-6.21362,53.29801]},"properties":{"asset_id":"osm:node/7146909486","kind":"hydrant","source":"OpenStreetMap","name":NaN,"evidence_level":"high","details":{"fire_hydrant:type":"underground","fire_hydrant:position":"sidewalk"}}},{"type":"Feature","geometry":{"type":"Point","coordinates":[-6.21497,53.2983]},"properties":{"asset_id":"osm:node/7146909487","kind":"hydrant","source":"OpenStreetMap","name":NaN,"evidence_level":"high","details":{"fire_hydrant:type":"underground","fire_hydrant:position":"sidewalk"}}},{"type":"Feature","geometry":{"type":"Point","coordinates":[-6.21702,53.29875]},"properties":{"asset_id":"osm:node/7146909488","kind":"hydrant","source":"OpenStreetMap","name":NaN,"evidence_level":"high","details":{"fire_hydrant:type":"underground","fire_hydrant:position":"sidewalk"}}},{"type":"Feature","geometry":{"type":"Point","coordinates":[-6.2178,53.2989]},"properties":{"asset_id":"osm:node/7146909489","kind":"hydrant","source":"OpenStreetMap","name":NaN,"evidence_level":"high","details":{"fire_hydrant:type":"underground","fire_hydrant:position":"sidewalk"}}},{"type":"Feature","geometry":{"type":"Point","coordinates":[-6.21074,53.30106]},"properties":{"asset_id":"osm:node/7148702061","kind":"hydrant","source":"OpenStreetMap","name":NaN,"evidence_level":"high","details":{"fire_hydrant:type":"underground","fire_hydrant:position":"sidewalk","fire_hydrant:diameter":"125"}}},{"type":"Feature","geometry":{"type":"Point","coordinates":[-6.20953,53.30144]},"properties":{"asset_id":"osm:node/7148702062","kind":"hydrant","source":"OpenStreetMap","name":NaN,"evidence_level":"high","details":{"fire_hydrant:type":"underground","fire_hydrant:position":"sidewalk","fire_hydrant:diameter":"125"}}},{"type":"Feature","geometry":{"type":"Point","coordinates":[-6.21111,53.30079]},"properties":{"asset_id":"osm:node/7148702063","kind":"hydrant","source":"OpenStreetMap","name":NaN,"evidence_level":"high","details":{"fire_hydrant:type":"underground","fire_hydrant:position":"sidewalk","fire_hydrant:diameter":"110"}}},{"type":"Feature","geometry":{"type":"Point","coordinates":[-6.21044,53.30004]},"properties":{"asset_id":"osm:node/7148702065","kind":"hydrant","source":"OpenStreetMap","name":NaN,"evidence_level":"high","details":{"fire_hydrant:type":"underground","fire_hydrant:position":"sidewalk","fire_hydrant:diameter":"110"}}},{"type":"Feature","geometry":{"type":"Point","coordinates":[-6.21068,53.3003]},"properties":{"asset_id":"osm:node/7148702066","kind":"hydrant","source":"OpenStreetMap","name":NaN,"evidence_level":"high","details":{"fire_hydrant:type":"underground","fire_hydrant:position":"sidewalk","fire_hydrant:diameter":"110"}}},{"type":"Feature","geometry":{"type":"Point","coordinates":[-6.21303,53.30013]},"properties":{"asset_id":"osm:node/7148702067","kind":"hydrant","source":"OpenStreetMap","name":NaN,"evidence_level":"high","details":{"fire_hydrant:type":"underground","fire_hydrant:position":"sidewalk","fire_hydrant:diameter":"160"}}},{"type":"Feature","geometry":{"type":"Point","coordinates":[-6.21328,53.30052]},"properties":{"asset_id":"osm:node/7148702068","kind":"hydrant","source":"OpenStreetMap","name":NaN,"evidence_level":"high","details":{"fire_hydrant:type":"underground","fire_hydrant:position":"sidewalk"}}},{"type":"Feature","geometry":{"type":"Point","coordinates":[-6.21311,53.30169]},"properties":{"asset_id":"osm:node/7148702069","kind":"hydrant","source":"OpenStreetMap","name":NaN,"evidence_level":"high","details":{"fire_hydrant:type":"underground","fire_hydrant:position":"sidewalk"}}},{"type":"Feature","geometry":{"type":"Point","coordinates":[-6.2119,53.3022]},"properties":{"asset_id":"osm:node/7148702070","kind":"hydrant","source":"OpenStreetMap","name":NaN,"evidence_level":"high","details":{"fire_hydrant:type":"underground","fire_hydrant:position":"sidewalk"}}},{"type":"Feature","geometry":{"type":"Point","coordinates":[-6.20941,53.30317]},"properties":{"asset_id":"osm:node/7148702071","kind":"hydrant","source":"OpenStreetMap","name":NaN,"evidence_level":"high","details":{"fire_hydrant:type":"underground","fire_hydrant:position":"sidewalk"}}},{"type":"Feature","geometry":{"type":"Point","coordinates":[-6.21044,53.30212]},"properties":{"asset_id":"osm:node/7148702072","kind":"hydrant","source":"OpenStreetMap","name":NaN,"evidence_level":"high","details":{"fire_hydrant:type":"underground","fire_hydrant:position":"sidewalk","fire_hydrant:diameter":"090"}}},{"type":"Feature","geometry":{"type":"Point","coordinates":[-6.21088,53.30259]},"properties":{"asset_id":"osm:node/7148702073","kind":"hydrant","source":"OpenStreetMap","name":NaN,"evidence_level":"high","details":{"fire_hydrant:type":"underground","fire_hydrant:position":"sidewalk"}}},{"type":"Feature","geometry":{"type":"Point","coordinates":[-6.20931,53.30223]},"properties":{"asset_id":"osm:node/7148702074","kind":"hydrant","source":"OpenStreetMap","name":NaN,"evidence_level":"high","details":{"fire_hydrant:type":"underground","fire_hydrant:position":"sidewalk","fire_hydrant:diameter":"090"}}},{"type":"Feature","geometry":{"type":"Point","coordinates":[-6.20873,53.30241]},"properties":{"asset_id":"osm:node/7148702075","kind":"hydrant","source":"OpenStreetMap","name":NaN,"evidence_level":"high","details":{"fire_hydrant:type":"underground","fire_hydrant:position":"sidewalk","fire_hydrant:diameter":"090"}}},{"type":"Feature","geometry":{"type":"Point","coordinates":[-6.26801,53.29629]},"properties":{"asset_id":"osm:node/7167243870","kind":"hydrant","source":"OpenStreetMap","name":NaN,"evidence_level":"high","details":{"fire_hydrant:type":"underground","fire_hydrant:position":"sidewalk"}}},{"type":"Feature","geometry":{"type":"Point","coordinates":[-6.26502,53.29547]},"properties":{"asset_id":"osm:node/7167243871","kind":"hydrant","source":"OpenStreetMap","name":NaN,"evidence_level":"high","details":{"fire_hydrant:type":"underground","fire_hydrant:position":"sidewalk"}}},{"type":"Feature","geometry":{"type":"Point","coordinates":[-6.26383,53.29443]},"properties":{"asset_id":"osm:node/7167243872","kind":"hydrant","source":"OpenStreetMap","name":NaN,"evidence_level":"high","details":{"fire_hydrant:type":"underground","fire_hydrant:position":"sidewalk"}}},{"type":"Feature","geometry":{"type":"Point","coordinates":[-6.21147,53.29695]},"properties":{"asset_id":"osm:node/7171798039","kind":"hydrant","source":"OpenStreetMap","name":NaN,"evidence_level":"high","details":{"fire_hydrant:type":"underground","fire_hydrant:position":"sidewalk"}}},{"type":"Feature","geometry":{"type":"Point","coordinates":[-6.21246,53.29693]},"properties":{"asset_id":"osm:node/7171798040","kind":"hydrant","source":"OpenStreetMap","name":NaN,"evidence_level":"high","details":{"fire_hydrant:type":"underground","fire_hydrant:position":"sidewalk"}}},{"type":"Feature","geometry":{"type":"Point","coordinates":[-6.21397,53.29725]},"properties":{"asset_id":"osm:node/7171798041","kind":"hydrant","source":"OpenStreetMap","name":NaN,"evidence_level":"high","details":{"fire_hydrant:type":"underground","fire_hydrant:position":"sidewalk"}}},{"type":"Feature","geometry":{"type":"Point","coordinates":[-6.2159,53.29761]},"properties":{"asset_id":"osm:node/7171798042","kind":"hydrant","source":"OpenStreetMap","name":NaN,"evidence_level":"high","details":{"fire_hydrant:type":"underground","fire_hydrant:position":"sidewalk"}}},{"type":"Feature","geometry":{"type":"Point","coordinates":[-6.21689,53.29728]},"properties":{"asset_id":"osm:node/7171798043","kind":"hydrant","source":"OpenStreetMap","name":NaN,"evidence_level":"high","details":{"fire_hydrant:type":"underground","fire_hydrant:position":"sidewalk"}}},{"type":"Feature","geometry":{"type":"Point","coordinates":[-6.21696,53.29779]},"properties":{"asset_id":"osm:node/7171798044","kind":"hydrant","source":"OpenStreetMap","name":NaN,"evidence_level":"high","details":{"fire_hydrant:type":"underground","fire_hydrant:position":"sidewalk"}}},{"type":"Feature","geometry":{"type":"Point","coordinates":[-6.21785,53.29798]},"properties":{"asset_id":"osm:node/7171798045","kind":"hydrant","source":"OpenStreetMap","name":NaN,"evidence_level":"high","details":{"fire_hydrant:type":"underground","fire_hydrant:position":"sidewalk"}}},{"type":"Feature","geometry":{"type":"Point","coordinates":[-6.21824,53.29724]},"properties":{"asset_id":"osm:node/7171798046","kind":"hydrant","source":"OpenStreetMap","name":NaN,"evidence_level":"high","details":{"fire_hydrant:type":"underground","fire_hydrant:position":"sidewalk"}}},{"type":"Feature","geometry":{"type":"Point","coordinates":[-6.2183,53.29757]},"properties":{"asset_id":"osm:node/7171798047","kind":"hydrant","source":"OpenStreetMap","name":NaN,"evidence_level":"high","details":{"fire_hydrant:type":"underground","fire_hydrant:position":"sidewalk"}}},{"type":"Feature","geometry":{"type":"Point","coordinates":[-6.21916,53.29913]},"properties":{"asset_id":"osm:node/7171798048","kind":"hydrant","source":"OpenStreetMap","name":NaN,"evidence_level":"high","details":{"fire_hydrant:type":"underground","fire_hydrant:position":"sidewalk"}}},{"type":"Feature","geometry":{"type":"Point","coordinates":[-6.22012,53.29789]},"properties":{"asset_id":"osm:node/7171798049","kind":"hydrant","source":"OpenStreetMap","name":NaN,"evidence_level":"high","details":{"fire_hydrant:type":"underground","fire_hydrant:position":"sidewalk"}}},{"type":"Feature","geometry":{"type":"Point","coordinates":[-6.22221,53.29594]},"properties":{"asset_id":"osm:node/7171798050","kind":"hydrant","source":"OpenStreetMap","name":NaN,"evidence_level":"high","details":{"fire_hydrant:type":"underground","fire_hydrant:position":"sidewalk"}}},{"type":"Feature","geometry":{"type":"Point","coordinates":[-6.2216,53.29551]},"properties":{"asset_id":"osm:node/7171798051","kind":"hydrant","source":"OpenStreetMap","name":NaN,"evidence_level":"high","details":{"fire_hydrant:type":"underground","fire_hydrant:position":"sidewalk"}}},{"type":"Feature","geometry":{"type":"Point","coordinates":[-6.22201,53.29683]},"properties":{"asset_id":"osm:node/7171798052","kind":"hydrant","source":"OpenStreetMap","name":NaN,"evidence_level":"high","details":{"fire_hydrant:type":"underground","fire_hydrant:position":"sidewalk"}}},{"type":"Feature","geometry":{"type":"Point","coordinates":[-6.22022,53.29687]},"properties":{"asset_id":"osm:node/7171798053","kind":"hydrant","source":"OpenStreetMap","name":NaN,"evidence_level":"high","details":{"fire_hydrant:type":"underground","fire_hydrant:position":"sidewalk"}}},{"type":"Feature","geometry":{"type":"Point","coordinates":[-6.21994,53.29655]},"properties":{"asset_id":"osm:node/7171798054","kind":"hydrant","source":"OpenStreetMap","name":NaN,"evidence_level":"high","details":{"fire_hydrant:type":"underground","fire_hydrant:position":"sidewalk"}}},{"type":"Feature","geometry":{"type":"Point","coordinates":[-6.2196,53.29618]},"properties":{"asset_id":"osm:node/7171798055","kind":"hydrant","source":"OpenStreetMap","name":NaN,"evidence_level":"high","details":{"fire_hydrant:type":"underground","fire_hydrant:position":"sidewalk"}}},{"type":"Feature","geometry":{"type":"Point","coordinates":[-6.21877,53.2963]},"properties":{"asset_id":"osm:node/7171798056","kind":"hydrant","source":"OpenStreetMap","name":NaN,"evidence_level":"high","details":{"fire_hydrant:type":"underground","fire_hydrant:position":"sidewalk"}}},{"type":"Feature","geometry":{"type":"Point","coordinates":[-6.21772,53.29628]},"properties":{"asset_id":"osm:node/7171798057","kind":"hydrant","source":"OpenStreetMap","name":NaN,"evidence_level":"high","details":{"fire_hydrant:type":"underground","fire_hydrant:position":"sidewalk"}}},{"type":"Feature","geometry":{"type":"Point","coordinates":[-6.21655,53.29644]},"properties":{"asset_id":"osm:node/7171798058","kind":"hydrant","source":"OpenStreetMap","name":NaN,"evidence_level":"high","details":{"fire_hydrant:type":"underground","fire_hydrant:position":"sidewalk"}}},{"type":"Feature","geometry":{"type":"Point","coordinates":[-6.21111,53.29761]},"properties":{"asset_id":"osm:node/7171798060","kind":"hydrant","source":"OpenStreetMap","name":NaN,"evidence_level":"high","details":{"fire_hydrant:type":"underground","fire_hydrant:position":"sidewalk"}}},{"type":"Feature","geometry":{"type":"Point","coordinates":[-6.20986,53.29637]},"properties":{"asset_id":"osm:node/7171798061","kind":"hydrant","source":"OpenStreetMap","name":NaN,"evidence_level":"high","details":{"fire_hydrant:type":"underground","fire_hydrant:position":"sidewalk","water_source":"main"}}},{"type":"Feature","geometry":{"type":"Point","coordinates":[-6.24262,53.28809]},"properties":{"asset_id":"osm:node/7173100706","kind":"drinking_fountain","source":"OpenStreetMap","name":NaN,"evidence_level":"medium","details":{}}},{"type":"Feature","geometry":{"type":"Point","coordinates":[-6.24314,53.3267]},"properties":{"asset_id":"osm:node/7184828594","kind":"hydrant","source":"OpenStreetMap","name":NaN,"evidence_level":"high","details":{"fire_hydrant:type":"underground","fire_hydrant:position":"sidewalk"}}},{"type":"Feature","geometry":{"type":"Point","coordinates":[-6.26135,53.34011]},"properties":{"asset_id":"osm:node/7184828595","kind":"hydrant","source":"OpenStreetMap","name":NaN,"evidence_level":"high","details":{"fire_hydrant:type":"underground","fire_hydrant:position":"sidewalk"}}},{"type":"Feature","geometry":{"type":"Point","coordinates":[-6.25903,53.33955]},"properties":{"asset_id":"osm:node/7184828596","kind":"hydrant","source":"OpenStreetMap","name":NaN,"evidence_level":"high","details":{"fire_hydrant:type":"underground","fire_hydrant:position":"sidewalk"}}},{"type":"Feature","geometry":{"type":"Point","coordinates":[-6.25863,53.34013]},"properties":{"asset_id":"osm:node/7184828597","kind":"hydrant","source":"OpenStreetMap","name":NaN,"evidence_level":"high","details":{"fire_hydrant:type":"underground","fire_hydrant:position":"sidewalk"}}},{"type":"Feature","geometry":{"type":"Point","coordinates":[-6.21469,53.2907]},"properties":{"asset_id":"osm:node/7184828598","kind":"hydrant","source":"OpenStreetMap","name":NaN,"evidence_level":"high","details":{"fire_hydrant:type":"underground","fire_hydrant:position":"sidewalk"}}},{"type":"Feature","geometry":{"type":"Point","coordinates":[-6.21375,53.29095]},"properties":{"asset_id":"osm:node/7184828599","kind":"hydrant","source":"OpenStreetMap","name":NaN,"evidence_level":"high","details":{"fire_hydrant:type":"underground","fire_hydrant:position":"sidewalk"}}},{"type":"Feature","geometry":{"type":"Point","coordinates":[-6.21235,53.291]},"properties":{"asset_id":"osm:node/7184828600","kind":"hydrant","source":"OpenStreetMap","name":NaN,"evidence_level":"high","details":{"fire_hydrant:type":"underground","fire_hydrant:position":"sidewalk"}}},{"type":"Feature","geometry":{"type":"Point","coordinates":[-6.21155,53.2911]},"properties":{"asset_id":"osm:node/7184828601","kind":"hydrant","source":"OpenStreetMap","name":NaN,"evidence_level":"high","details":{"fire_hydrant:type":"underground","fire_hydrant:position":"sidewalk"}}},{"type":"Feature","geometry":{"type":"Point","coordinates":[-6.21229,53.29155]},"properties":{"asset_id":"osm:node/7184828602","kind":"hydrant","source":"OpenStreetMap","name":NaN,"evidence_level":"high","details":{"fire_hydrant:type":"underground","fire_hydrant:position":"sidewalk"}}},{"type":"Feature","geometry":{"type":"Point","coordinates":[-6.21256,53.29204]},"properties":{"asset_id":"osm:node/7184828603","kind":"hydrant","source":"OpenStreetMap","name":NaN,"evidence_level":"high","details":{"fire_hydrant:type":"underground","fire_hydrant:position":"sidewalk"}}},{"type":"Feature","geometry":{"type":"Point","coordinates":[-6.21148,53.29202]},"properties":{"asset_id":"osm:node/7184828604","kind":"hydrant","source":"OpenStreetMap","name":NaN,"evidence_level":"high","details":{"fire_hydrant:type":"underground","fire_hydrant:position":"sidewalk"}}},{"type":"Feature","geometry":{"type":"Point","coordinates":[-6.20929,53.29059]},"properties":{"asset_id":"osm:node/7184828605","kind":"hydrant","source":"OpenStreetMap","name":NaN,"evidence_level":"high","details":{"fire_hydrant:type":"underground","fire_hydrant:position":"sidewalk"}}},{"type":"Feature","geometry":{"type":"Point","coordinates":[-6.21081,53.29202]},"properties":{"asset_id":"osm:node/7184828606","kind":"hydrant","source":"OpenStreetMap","name":NaN,"evidence_level":"high","details":{"fire_hydrant:type":"underground","fire_hydrant:position":"sidewalk"}}},{"type":"Feature","geometry":{"type":"Point","coordinates":[-6.20982,53.29092]},"properties":{"asset_id":"osm:node/7184828607","kind":"hydrant","source":"OpenStreetMap","name":NaN,"evidence_level":"high","details":{"fire_hydrant:type":"underground","fire_hydrant:position":"sidewalk"}}},{"type":"Feature","geometry":{"type":"Point","coordinates":[-6.21031,53.29162]},"properties":{"asset_id":"osm:node/7184828608","kind":"hydrant","source":"OpenStreetMap","name":NaN,"evidence_level":"high","details":{"fire_hydrant:type":"underground","fire_hydrant:position":"sidewalk"}}},{"type":"Feature","geometry":{"type":"Point","coordinates":[-6.20814,53.29095]},"properties":{"asset_id":"osm:node/7184828609","kind":"hydrant","source":"OpenStreetMap","name":NaN,"evidence_level":"high","details":{"fire_hydrant:type":"underground","fire_hydrant:position":"sidewalk"}}},{"type":"Feature","geometry":{"type":"Point","coordinates":[-6.20795,53.29088]},"properties":{"asset_id":"osm:node/7184828611","kind":"hydrant","source":"OpenStreetMap","name":NaN,"evidence_level":"high","details":{"fire_hydrant:type":"underground","fire_hydrant:position":"sidewalk"}}},{"type":"Feature","geometry":{"type":"Point","coordinates":[-6.20777,53.29053]},"properties":{"asset_id":"osm:node/7184828612","kind":"hydrant","source":"OpenStreetMap","name":NaN,"evidence_level":"high","details":{"fire_hydrant:type":"underground","fire_hydrant:position":"sidewalk"}}},{"type":"Feature","geometry":{"type":"Point","coordinates":[-6.2071,53.29]},"properties":{"asset_id":"osm:node/7184828613","kind":"hydrant","source":"OpenStreetMap","name":NaN,"evidence_level":"high","details":{"fire_hydrant:type":"underground","fire_hydrant:position":"sidewalk"}}},{"type":"Feature","geometry":{"type":"Point","coordinates":[-6.2057,53.29022]},"properties":{"asset_id":"osm:node/7184828614","kind":"hydrant","source":"OpenStreetMap","name":NaN,"evidence_level":"high","details":{"fire_hydrant:type":"underground","fire_hydrant:position":"sidewalk"}}},{"type":"Feature","geometry":{"type":"Point","coordinates":[-6.20635,53.29074]},"properties":{"asset_id":"osm:node/7184828615","kind":"hydrant","source":"OpenStreetMap","name":NaN,"evidence_level":"high","details":{"fire_hydrant:type":"underground","fire_hydrant:position":"sidewalk"}}},{"type":"Feature","geometry":{"type":"Point","coordinates":[-6.20689,53.29129]},"properties":{"asset_id":"osm:node/7184828616","kind":"hydrant","source":"OpenStreetMap","name":NaN,"evidence_level":"high","details":{"fire_hydrant:type":"underground","fire_hydrant:position":"sidewalk"}}},{"type":"Feature","geometry":{"type":"Point","coordinates":[-6.20684,53.29148]},"properties":{"asset_id":"osm:node/7184828617","kind":"hydrant","source":"OpenStreetMap","name":NaN,"evidence_level":"high","details":{"fire_hydrant:type":"underground","fire_hydrant:position":"sidewalk"}}},{"type":"Feature","geometry":{"type":"Point","coordinates":[-6.21033,53.2923]},"properties":{"asset_id":"osm:node/7184828618","kind":"hydrant","source":"OpenStreetMap","name":NaN,"evidence_level":"high","details":{"fire_hydrant:type":"underground","fire_hydrant:position":"sidewalk"}}},{"type":"Feature","geometry":{"type":"Point","coordinates":[-6.20919,53.29258]},"properties":{"asset_id":"osm:node/7184828619","kind":"hydrant","source":"OpenStreetMap","name":NaN,"evidence_level":"high","details":{"fire_hydrant:type":"underground","fire_hydrant:position":"sidewalk"}}},{"type":"Feature","geometry":{"type":"Point","coordinates":[-6.20632,53.29316]},"properties":{"asset_id":"osm:node/7184828620","kind":"hydrant","source":"OpenStreetMap","name":NaN,"evidence_level":"high","details":{"fire_hydrant:type":"underground","fire_hydrant:position":"sidewalk"}}},{"type":"Feature","geometry":{"type":"Point","coordinates":[-6.20726,53.29392]},"properties":{"asset_id":"osm:node/7184828621","kind":"hydrant","source":"OpenStreetMap","name":NaN,"evidence_level":"high","details":{"fire_hydrant:type":"underground","fire_hydrant:position":"sidewalk"}}},{"type":"Feature","geometry":{"type":"Point","coordinates":[-6.20733,53.29455]},"properties":{"asset_id":"osm:node/7184828622","kind":"hydrant","source":"OpenStreetMap","name":NaN,"evidence_level":"high","details":{"fire_hydrant:type":"underground","fire_hydrant:position":"sidewalk"}}},{"type":"Feature","geometry":{"type":"Point","coordinates":[-6.23225,53.29725]},"properties":{"asset_id":"osm:node/7193152759","kind":"hydrant","source":"OpenStreetMap","name":NaN,"evidence_level":"high","details":{"fire_hydrant:type":"underground","fire_hydrant:position":"sidewalk"}}},{"type":"Feature","geometry":{"type":"Point","coordinates":[-6.232,53.29736]},"properties":{"asset_id":"osm:node/7193152760","kind":"hydrant","source":"OpenStreetMap","name":NaN,"evidence_level":"high","details":{"fire_hydrant:type":"underground","fire_hydrant:position":"sidewalk"}}},{"type":"Feature","geometry":{"type":"Point","coordinates":[-6.23171,53.2962]},"properties":{"asset_id":"osm:node/7193152761","kind":"hydrant","source":"OpenStreetMap","name":NaN,"evidence_level":"high","details":{"fire_hydrant:type":"underground","fire_hydrant:position":"sidewalk"}}},{"type":"Feature","geometry":{"type":"Point","coordinates":[-6.23024,53.2953]},"properties":{"asset_id":"osm:node/7193152762","kind":"hydrant","source":"OpenStreetMap","name":NaN,"evidence_level":"high","details":{"fire_hydrant:type":"underground","fire_hydrant:position":"sidewalk"}}},{"type":"Feature","geometry":{"type":"Point","coordinates":[-6.23013,53.29637]},"properties":{"asset_id":"osm:node/7193152763","kind":"hydrant","source":"OpenStreetMap","name":NaN,"evidence_level":"high","details":{"fire_hydrant:type":"underground","fire_hydrant:position":"sidewalk"}}},{"type":"Feature","geometry":{"type":"Point","coordinates":[-6.2306,53.29713]},"properties":{"asset_id":"osm:node/7193152764","kind":"hydrant","source":"OpenStreetMap","name":NaN,"evidence_level":"high","details":{"fire_hydrant:type":"underground","fire_hydrant:position":"sidewalk"}}},{"type":"Feature","geometry":{"type":"Point","coordinates":[-6.23114,53.29793]},"properties":{"asset_id":"osm:node/7193152765","kind":"hydrant","source":"OpenStreetMap","name":NaN,"evidence_level":"high","details":{"fire_hydrant:type":"underground","fire_hydrant:position":"sidewalk"}}},{"type":"Feature","geometry":{"type":"Point","coordinates":[-6.22923,53.29447]},"properties":{"asset_id":"osm:node/7193152766","kind":"hydrant","source":"OpenStreetMap","name":NaN,"evidence_level":"high","details":{"fire_hydrant:type":"underground","fire_hydrant:position":"sidewalk"}}},{"type":"Feature","geometry":{"type":"Point","coordinates":[-6.22997,53.29495]},"properties":{"asset_id":"osm:node/7193152767","kind":"hydrant","source":"OpenStreetMap","name":NaN,"evidence_level":"high","details":{"fire_hydrant:type":"underground","fire_hydrant:position":"sidewalk"}}},{"type":"Feature","geometry":{"type":"Point","coordinates":[-6.22914,53.29347]},"properties":{"asset_id":"osm:node/7193152768","kind":"hydrant","source":"OpenStreetMap","name":NaN,"evidence_level":"high","details":{"fire_hydrant:type":"underground","fire_hydrant:position":"sidewalk"}}},{"type":"Feature","geometry":{"type":"Point","coordinates":[-6.22991,53.29423]},"properties":{"asset_id":"osm:node/7193152769","kind":"hydrant","source":"OpenStreetMap","name":NaN,"evidence_level":"high","details":{"fire_hydrant:type":"underground","fire_hydrant:position":"sidewalk"}}},{"type":"Feature","geometry":{"type":"Point","coordinates":[-6.23094,53.29418]},"properties":{"asset_id":"osm:node/7193152770","kind":"hydrant","source":"OpenStreetMap","name":NaN,"evidence_level":"high","details":{"fire_hydrant:type":"underground","fire_hydrant:position":"sidewalk"}}},{"type":"Feature","geometry":{"type":"Point","coordinates":[-6.27622,53.30017]},"properties":{"asset_id":"osm:node/7200336146","kind":"hydrant","source":"OpenStreetMap","name":NaN,"evidence_level":"high","details":{"fire_hydrant:type":"underground","fire_hydrant:position":"sidewalk"}}},{"type":"Feature","geometry":{"type":"Point","coordinates":[-6.27552,53.30086]},"properties":{"asset_id":"osm:node/7200336147","kind":"hydrant","source":"OpenStreetMap","name":NaN,"evidence_level":"high","details":{"fire_hydrant:type":"underground","fire_hydrant:position":"sidewalk"}}},{"type":"Feature","geometry":{"type":"Point","coordinates":[-6.27419,53.30157]},"properties":{"asset_id":"osm:node/7200336148","kind":"hydrant","source":"OpenStreetMap","name":NaN,"evidence_level":"high","details":{"fire_hydrant:type":"underground","fire_hydrant:position":"sidewalk"}}},{"type":"Feature","geometry":{"type":"Point","coordinates":[-6.27431,53.30193]},"properties":{"asset_id":"osm:node/7200336149","kind":"hydrant","source":"OpenStreetMap","name":NaN,"evidence_level":"high","details":{"fire_hydrant:type":"underground","fire_hydrant:position":"sidewalk"}}},{"type":"Feature","geometry":{"type":"Point","coordinates":[-6.27336,53.30224]},"properties":{"asset_id":"osm:node/7200336150","kind":"hydrant","source":"OpenStreetMap","name":NaN,"evidence_level":"high","details":{"fire_hydrant:type":"underground","fire_hydrant:position":"sidewalk"}}},{"type":"Feature","geometry":{"type":"Point","coordinates":[-6.27299,53.30281]},"properties":{"asset_id":"osm:node/7200336151","kind":"hydrant","source":"OpenStreetMap","name":NaN,"evidence_level":"high","details":{"fire_hydrant:type":"underground","fire_hydrant:position":"sidewalk"}}},{"type":"Feature","geometry":{"type":"Point","coordinates":[-6.27225,53.30258]},"properties":{"asset_id":"osm:node/7200336152","kind":"hydrant","source":"OpenStreetMap","name":NaN,"evidence_level":"high","details":{"fire_hydrant:type":"underground","fire_hydrant:position":"sidewalk"}}},{"type":"Feature","geometry":{"type":"Point","coordinates":[-6.2719,53.3031]},"properties":{"asset_id":"osm:node/7200336153","kind":"hydrant","source":"OpenStreetMap","name":NaN,"evidence_level":"high","details":{"fire_hydrant:type":"underground","fire_hydrant:position":"sidewalk"}}},{"type":"Feature","geometry":{"type":"Point","coordinates":[-6.21648,53.29229]},"properties":{"asset_id":"osm:node/7204113212","kind":"hydrant","source":"OpenStreetMap","name":NaN,"evidence_level":"high","details":{"fire_hydrant:type":"underground","fire_hydrant:position":"sidewalk"}}},{"type":"Feature","geometry":{"type":"Point","coordinates":[-6.21716,53.29131]},"properties":{"asset_id":"osm:node/7204113213","kind":"hydrant","source":"OpenStreetMap","name":NaN,"evidence_level":"high","details":{"fire_hydrant:type":"underground","fire_hydrant:position":"sidewalk"}}},{"type":"Feature","geometry":{"type":"Point","coordinates":[-6.21622,53.29062]},"properties":{"asset_id":"osm:node/7204113214","kind":"hydrant","source":"OpenStreetMap","name":NaN,"evidence_level":"high","details":{"fire_hydrant:type":"underground","fire_hydrant:position":"sidewalk"}}},{"type":"Feature","geometry":{"type":"Point","coordinates":[-6.216,53.29029]},"properties":{"asset_id":"osm:node/7204113215","kind":"hydrant","source":"OpenStreetMap","name":NaN,"evidence_level":"high","details":{"fire_hydrant:type":"underground","fire_hydrant:position":"sidewalk"}}},{"type":"Feature","geometry":{"type":"Point","coordinates":[-6.21911,53.29239]},"properties":{"asset_id":"osm:node/7204113216","kind":"hydrant","source":"OpenStreetMap","name":NaN,"evidence_level":"high","details":{"fire_hydrant:type":"underground","fire_hydrant:position":"sidewalk"}}},{"type":"Feature","geometry":{"type":"Point","coordinates":[-6.21994,53.29155]},"properties":{"asset_id":"osm:node/7204113217","kind":"hydrant","source":"OpenStreetMap","name":NaN,"evidence_level":"high","details":{"fire_hydrant:type":"underground","fire_hydrant:position":"sidewalk"}}},{"type":"Feature","geometry":{"type":"Point","coordinates":[-6.21851,53.2911]},"properties":{"asset_id":"osm:node/7204113218","kind":"hydrant","source":"OpenStreetMap","name":NaN,"evidence_level":"high","details":{"fire_hydrant:type":"underground","fire_hydrant:position":"sidewalk"}}},{"type":"Feature","geometry":{"type":"Point","coordinates":[-6.2206,53.29089]},"properties":{"asset_id":"osm:node/7204113219","kind":"hydrant","source":"OpenStreetMap","name":NaN,"evidence_level":"high","details":{"fire_hydrant:type":"underground","fire_hydrant:position":"sidewalk"}}},{"type":"Feature","geometry":{"type":"Point","coordinates":[-6.21829,53.29191]},"properties":{"asset_id":"osm:node/7204113220","kind":"hydrant","source":"OpenStreetMap","name":NaN,"evidence_level":"high","details":{"fire_hydrant:type":"underground","fire_hydrant:position":"sidewalk"}}},{"type":"Feature","geometry":{"type":"Point","coordinates":[-6.22019,53.29213]},"properties":{"asset_id":"osm:node/7204113221","kind":"hydrant","source":"OpenStreetMap","name":NaN,"evidence_level":"high","details":{"fire_hydrant:type":"underground","fire_hydrant:position":"sidewalk"}}},{"type":"Feature","geometry":{"type":"Point","coordinates":[-6.21868,53.29211]},"properties":{"asset_id":"osm:node/7204113222","kind":"hydrant","source":"OpenStreetMap","name":NaN,"evidence_level":"high","details":{"fire_hydrant:type":"underground","fire_hydrant:position":"sidewalk"}}},{"type":"Feature","geometry":{"type":"Point","coordinates":[-6.21766,53.29225]},"properties":{"asset_id":"osm:node/7204113223","kind":"hydrant","source":"OpenStreetMap","name":NaN,"evidence_level":"high","details":{"fire_hydrant:type":"underground","fire_hydrant:position":"sidewalk"}}},{"type":"Feature","geometry":{"type":"Point","coordinates":[-6.22003,53.29272]},"properties":{"asset_id":"osm:node/7204113224","kind":"hydrant","source":"OpenStreetMap","name":NaN,"evidence_level":"high","details":{"fire_hydrant:type":"underground","fire_hydrant:position":"sidewalk"}}},{"type":"Feature","geometry":{"type":"Point","coordinates":[-6.21918,53.29273]},"properties":{"asset_id":"osm:node/7204113225","kind":"hydrant","source":"OpenStreetMap","name":NaN,"evidence_level":"high","details":{"fire_hydrant:type":"underground","fire_hydrant:position":"sidewalk"}}},{"type":"Feature","geometry":{"type":"Point","coordinates":[-6.21624,53.29377]},"properties":{"asset_id":"osm:node/7204113226","kind":"hydrant","source":"OpenStreetMap","name":NaN,"evidence_level":"high","details":{"fire_hydrant:type":"underground","fire_hydrant:position":"sidewalk"}}},{"type":"Feature","geometry":{"type":"Point","coordinates":[-6.21472,53.29383]},"properties":{"asset_id":"osm:node/7204113227","kind":"hydrant","source":"OpenStreetMap","name":NaN,"evidence_level":"high","details":{"fire_hydrant:type":"underground","fire_hydrant:position":"sidewalk"}}},{"type":"Feature","geometry":{"type":"Point","coordinates":[-6.21352,53.29379]},"properties":{"asset_id":"osm:node/7204113228","kind":"hydrant","source":"OpenStreetMap","name":NaN,"evidence_level":"high","details":{"fire_hydrant:type":"underground","fire_hydrant:position":"sidewalk"}}},{"type":"Feature","geometry":{"type":"Point","coordinates":[-6.21188,53.29386]},"properties":{"asset_id":"osm:node/7204113229","kind":"hydrant","source":"OpenStreetMap","name":NaN,"evidence_level":"high","details":{"fire_hydrant:type":"underground","fire_hydrant:position":"sidewalk"}}},{"type":"Feature","geometry":{"type":"Point","coordinates":[-6.2538,53.34837]},"properties":{"asset_id":"osm:node/7223006682","kind":"hydrant","source":"OpenStreetMap","name":NaN,"evidence_level":"high","details":{"fire_hydrant:type":"underground","fire_hydrant:position":"sidewalk","water_source":"main","operator":"Dublin Fire Brigade"}}},{"type":"Feature","geometry":{"type":"Point","coordinates":[-6.25234,53.34836]},"properties":{"asset_id":"osm:node/7223006683","kind":"hydrant","source":"OpenStreetMap","name":NaN,"evidence_level":"high","details":{"fire_hydrant:type":"underground","fire_hydrant:position":"sidewalk","water_source":"main","operator":"Dublin Fire Brigade"}}},{"type":"Feature","geometry":{"type":"Point","coordinates":[-6.25928,53.3439]},"properties":{"asset_id":"osm:node/7223006684","kind":"hydrant","source":"OpenStreetMap","name":NaN,"evidence_level":"high","details":{"fire_hydrant:type":"underground","fire_hydrant:position":"sidewalk"}}},{"type":"Feature","geometry":{"type":"Point","coordinates":[-6.25936,53.34337]},"properties":{"asset_id":"osm:node/7223026485","kind":"hydrant","source":"OpenStreetMap","name":NaN,"evidence_level":"high","details":{"fire_hydrant:type":"underground","fire_hydrant:position":"sidewalk"}}},{"type":"Feature","geometry":{"type":"Point","coordinates":[-6.26065,53.34103]},"properties":{"asset_id":"osm:node/7223026486","kind":"hydrant","source":"OpenStreetMap","name":NaN,"evidence_level":"high","details":{"fire_hydrant:type":"underground","fire_hydrant:position":"sidewalk"}}},{"type":"Feature","geometry":{"type":"Point","coordinates":[-6.26086,53.34056]},"properties":{"asset_id":"osm:node/7223026487","kind":"hydrant","source":"OpenStreetMap","name":NaN,"evidence_level":"high","details":{"fire_hydrant:type":"underground","fire_hydrant:position":"sidewalk"}}},{"type":"Feature","geometry":{"type":"Point","coordinates":[-6.26085,53.34008]},"properties":{"asset_id":"osm:node/7223026488","kind":"hydrant","source":"OpenStreetMap","name":NaN,"evidence_level":"high","details":{"fire_hydrant:type":"underground","fire_hydrant:position":"sidewalk"}}},{"type":"Feature","geometry":{"type":"Point","coordinates":[-6.26086,53.34007]},"properties":{"asset_id":"osm:node/7223026489","kind":"hydrant","source":"OpenStreetMap","name":NaN,"evidence_level":"high","details":{"fire_hydrant:type":"underground","fire_hydrant:position":"sidewalk"}}},{"type":"Feature","geometry":{"type":"Point","coordinates":[-6.26055,53.33994]},"properties":{"asset_id":"osm:node/7223026490","kind":"hydrant","source":"OpenStreetMap","name":NaN,"evidence_level":"high","details":{"fire_hydrant:type":"underground","fire_hydrant:position":"sidewalk"}}},{"type":"Feature","geometry":{"type":"Point","coordinates":[-6.20257,53.29997]},"properties":{"asset_id":"osm:node/7232675450","kind":"hydrant","source":"OpenStreetMap","name":NaN,"evidence_level":"high","details":{"fire_hydrant:type":"underground","fire_hydrant:position":"sidewalk"}}},{"type":"Feature","geometry":{"type":"Point","coordinates":[-6.20016,53.30201]},"properties":{"asset_id":"osm:node/7232675451","kind":"hydrant","source":"OpenStreetMap","name":NaN,"evidence_level":"high","details":{"fire_hydrant:type":"underground","fire_hydrant:position":"sidewalk"}}},{"type":"Feature","geometry":{"type":"Point","coordinates":[-6.20124,53.30074]},"properties":{"asset_id":"osm:node/7232675452","kind":"hydrant","source":"OpenStreetMap","name":NaN,"evidence_level":"high","details":{"fire_hydrant:type":"underground","fire_hydrant:position":"sidewalk"}}},{"type":"Feature","geometry":{"type":"Point","coordinates":[-6.2004,53.30307]},"properties":{"asset_id":"osm:node/7232675453","kind":"hydrant","source":"OpenStreetMap","name":NaN,"evidence_level":"high","details":{"fire_hydrant:type":"underground","fire_hydrant:position":"sidewalk"}}},{"type":"Feature","geometry":{"type":"Point","coordinates":[-6.20124,53.30304]},"properties":{"asset_id":"osm:node/7232675454","kind":"hydrant","source":"OpenStreetMap","name":NaN,"evidence_level":"high","details":{"fire_hydrant:type":"underground","fire_hydrant:position":"sidewalk"}}},{"type":"Feature","geometry":{"type":"Point","coordinates":[-6.2017,53.30282]},"properties":{"asset_id":"osm:node/7232675455","kind":"hydrant","source":"OpenStreetMap","name":NaN,"evidence_level":"high","details":{"fire_hydrant:type":"underground","fire_hydrant:position":"sidewalk"}}},{"type":"Feature","geometry":{"type":"Point","coordinates":[-6.2017,53.3026]},"properties":{"asset_id":"osm:node/7232675456","kind":"hydrant","source":"OpenStreetMap","name":NaN,"evidence_level":"high","details":{"fire_hydrant:type":"underground","fire_hydrant:position":"sidewalk"}}},{"type":"Feature","geometry":{"type":"Point","coordinates":[-6.20123,53.30245]},"properties":{"asset_id":"osm:node/7232675457","kind":"hydrant","source":"OpenStreetMap","name":NaN,"evidence_level":"high","details":{"fire_hydrant:type":"underground","fire_hydrant:position":"sidewalk"}}},{"type":"Feature","geometry":{"type":"Point","coordinates":[-6.20217,53.30199]},"properties":{"asset_id":"osm:node/7232675458","kind":"hydrant","source":"OpenStreetMap","name":NaN,"evidence_level":"high","details":{"fire_hydrant:type":"underground","fire_hydrant:position":"sidewalk"}}},{"type":"Feature","geometry":{"type":"Point","coordinates":[-6.20289,53.30201]},"properties":{"asset_id":"osm:node/7232675459","kind":"hydrant","source":"OpenStreetMap","name":NaN,"evidence_level":"high","details":{"fire_hydrant:type":"underground","fire_hydrant:position":"sidewalk"}}},{"type":"Feature","geometry":{"type":"Point","coordinates":[-6.20133,53.30196]},"properties":{"asset_id":"osm:node/7232675460","kind":"hydrant","source":"OpenStreetMap","name":NaN,"evidence_level":"high","details":{"fire_hydrant:type":"underground","fire_hydrant:position":"sidewalk"}}},{"type":"Feature","geometry":{"type":"Point","coordinates":[-6.20161,53.30158]},"properties":{"asset_id":"osm:node/7232675461","kind":"hydrant","source":"OpenStreetMap","name":NaN,"evidence_level":"high","details":{"fire_hydrant:type":"underground","fire_hydrant:position":"sidewalk"}}},{"type":"Feature","geometry":{"type":"Point","coordinates":[-6.20237,53.30102]},"properties":{"asset_id":"osm:node/7232675462","kind":"hydrant","source":"OpenStreetMap","name":NaN,"evidence_level":"high","details":{"fire_hydrant:type":"underground","fire_hydrant:position":"sidewalk"}}},{"type":"Feature","geometry":{"type":"Point","coordinates":[-6.20345,53.30164]},"properties":{"asset_id":"osm:node/7232675463","kind":"hydrant","source":"OpenStreetMap","name":NaN,"evidence_level":"high","details":{"fire_hydrant:type":"underground","fire_hydrant:position":"sidewalk"}}},{"type":"Feature","geometry":{"type":"Point","coordinates":[-6.20326,53.3013]},"properties":{"asset_id":"osm:node/7232675464","kind":"hydrant","source":"OpenStreetMap","name":NaN,"evidence_level":"high","details":{"fire_hydrant:type":"underground","fire_hydrant:position":"sidewalk"}}},{"type":"Feature","geometry":{"type":"Point","coordinates":[-6.20428,53.30111]},"properties":{"asset_id":"osm:node/7232675465","kind":"hydrant","source":"OpenStreetMap","name":NaN,"evidence_level":"high","details":{"fire_hydrant:type":"underground","fire_hydrant:position":"sidewalk"}}},{"type":"Feature","geometry":{"type":"Point","coordinates":[-6.2038,53.30038]},"properties":{"asset_id":"osm:node/7232675466","kind":"hydrant","source":"OpenStreetMap","name":NaN,"evidence_level":"high","details":{"fire_hydrant:type":"underground","fire_hydrant:position":"sidewalk"}}},{"type":"Feature","geometry":{"type":"Point","coordinates":[-6.21852,53.28637]},"properties":{"asset_id":"osm:node/7239609826","kind":"hydrant","source":"OpenStreetMap","name":NaN,"evidence_level":"high","details":{"fire_hydrant:type":"underground","fire_hydrant:position":"sidewalk"}}},{"type":"Feature","geometry":{"type":"Point","coordinates":[-6.21939,53.28717]},"properties":{"asset_id":"osm:node/7239609827","kind":"hydrant","source":"OpenStreetMap","name":NaN,"evidence_level":"high","details":{"fire_hydrant:type":"underground","fire_hydrant:position":"sidewalk"}}},{"type":"Feature","geometry":{"type":"Point","coordinates":[-6.21826,53.28721]},"properties":{"asset_id":"osm:node/7239609828","kind":"hydrant","source":"OpenStreetMap","name":NaN,"evidence_level":"high","details":{"fire_hydrant:type":"underground","fire_hydrant:position":"sidewalk"}}},{"type":"Feature","geometry":{"type":"Point","coordinates":[-6.21684,53.28746]},"properties":{"asset_id":"osm:node/7239609829","kind":"hydrant","source":"OpenStreetMap","name":NaN,"evidence_level":"high","details":{"fire_hydrant:type":"underground","fire_hydrant:position":"sidewalk"}}},{"type":"Feature","geometry":{"type":"Point","coordinates":[-6.21553,53.28788]},"properties":{"asset_id":"osm:node/7239609830","kind":"hydrant","source":"OpenStreetMap","name":NaN,"evidence_level":"high","details":{"fire_hydrant:type":"underground","fire_hydrant:position":"sidewalk"}}},{"type":"Feature","geometry":{"type":"Point","coordinates":[-6.21312,53.28808]},"properties":{"asset_id":"osm:node/7239609831","kind":"hydrant","source":"OpenStreetMap","name":NaN,"evidence_level":"high","details":{"fire_hydrant:type":"underground","fire_hydrant:position":"sidewalk"}}},{"type":"Feature","geometry":{"type":"Point","coordinates":[-6.20978,53.28819]},"properties":{"asset_id":"osm:node/7239609832","kind":"hydrant","source":"OpenStreetMap","name":NaN,"evidence_level":"high","details":{"fire_hydrant:type":"underground","fire_hydrant:position":"sidewalk"}}},{"type":"Feature","geometry":{"type":"Point","coordinates":[-6.20931,53.28822]},"properties":{"asset_id":"osm:node/7239609833","kind":"hydrant","source":"OpenStreetMap","name":NaN,"evidence_level":"high","details":{"fire_hydrant:type":"underground","fire_hydrant:position":"sidewalk"}}},{"type":"Feature","geometry":{"type":"Point","coordinates":[-6.20805,53.28737]},"properties":{"asset_id":"osm:node/7239609834","kind":"hydrant","source":"OpenStreetMap","name":NaN,"evidence_level":"high","details":{"fire_hydrant:type":"underground","fire_hydrant:position":"sidewalk"}}},{"type":"Feature","geometry":{"type":"Point","coordinates":[-6.20768,53.28833]},"properties":{"asset_id":"osm:node/7239609835","kind":"hydrant","source":"OpenStreetMap","name":NaN,"evidence_level":"high","details":{"fire_hydrant:type":"underground","fire_hydrant:position":"sidewalk"}}},{"type":"Feature","geometry":{"type":"Point","coordinates":[-6.20941,53.28906]},"properties":{"asset_id":"osm:node/7248209979","kind":"hydrant","source":"OpenStreetMap","name":NaN,"evidence_level":"high","details":{"fire_hydrant:type":"underground","fire_hydrant:position":"sidewalk"}}},{"type":"Feature","geometry":{"type":"Point","coordinates":[-6.21112,53.28914]},"properties":{"asset_id":"osm:node/7248209980","kind":"hydrant","source":"OpenStreetMap","name":NaN,"evidence_level":"high","details":{"fire_hydrant:type":"underground","fire_hydrant:position":"sidewalk"}}},{"type":"Feature","geometry":{"type":"Point","coordinates":[-6.21197,53.2886]},"properties":{"asset_id":"osm:node/7248209981","kind":"hydrant","source":"OpenStreetMap","name":NaN,"evidence_level":"high","details":{"fire_hydrant:type":"underground","fire_hydrant:position":"sidewalk"}}},{"type":"Feature","geometry":{"type":"Point","coordinates":[-6.26036,53.32386]},"properties":{"asset_id":"osm:node/7248209982","kind":"hydrant","source":"OpenStreetMap","name":NaN,"evidence_level":"high","details":{"fire_hydrant:type":"underground","fire_hydrant:position":"sidewalk","water_source":"main","operator":"Dublin Fire Brigade"}}},{"type":"Feature","geometry":{"type":"Point","coordinates":[-6.2605,53.32482]},"properties":{"asset_id":"osm:node/7248209983","kind":"hydrant","source":"OpenStreetMap","name":NaN,"evidence_level":"high","details":{"fire_hydrant:type":"underground","fire_hydrant:position":"sidewalk","water_source":"main","operator":"Dublin Fire Brigade"}}},{"type":"Feature","geometry":{"type":"Point","coordinates":[-6.2606,53.32557]},"properties":{"asset_id":"osm:node/7248209984","kind":"hydrant","source":"OpenStreetMap","name":NaN,"evidence_level":"high","details":{"fire_hydrant:type":"underground","fire_hydrant:position":"sidewalk","water_source":"main","operator":"Dublin Fire Brigade"}}},{"type":"Feature","geometry":{"type":"Point","coordinates":[-6.26114,53.32628]},"properties":{"asset_id":"osm:node/7248241285","kind":"hydrant","source":"OpenStreetMap","name":NaN,"evidence_level":"high","details":{"fire_hydrant:type":"underground","fire_hydrant:position":"sidewalk","water_source":"main","operator":"Dublin Fire Brigade"}}},{"type":"Feature","geometry":{"type":"Point","coordinates":[-6.26144,53.32683]},"properties":{"asset_id":"osm:node/7248241286","kind":"hydrant","source":"OpenStreetMap","name":NaN,"evidence_level":"high","details":{"fire_hydrant:type":"underground","fire_hydrant:position":"sidewalk","water_source":"main","operator":"Dublin Fire Brigade"}}},{"type":"Feature","geometry":{"type":"Point","coordinates":[-6.26154,53.32722]},"properties":{"asset_id":"osm:node/7248241287","kind":"hydrant","source":"OpenStreetMap","name":NaN,"evidence_level":"high","details":{"fire_hydrant:type":"underground","fire_hydrant:position":"sidewalk","water_source":"main","operator":"Dublin Fire Brigade"}}},{"type":"Feature","geometry":{"type":"Point","coordinates":[-6.26176,53.32777]},"properties":{"asset_id":"osm:node/7248241288","kind":"hydrant","source":"OpenStreetMap","name":NaN,"evidence_level":"high","details":{"fire_hydrant:type":"underground","fire_hydrant:position":"sidewalk","water_source":"main","operator":"Dublin Fire Brigade"}}},{"type":"Feature","geometry":{"type":"Point","coordinates":[-6.26271,53.32881]},"properties":{"asset_id":"osm:node/7248241289","kind":"hydrant","source":"OpenStreetMap","name":NaN,"evidence_level":"high","details":{"fire_hydrant:type":"underground","fire_hydrant:position":"sidewalk","water_source":"main","operator":"Dublin Fire Brigade"}}},{"type":"Feature","geometry":{"type":"Point","coordinates":[-6.26342,53.32979]},"properties":{"asset_id":"osm:node/7248241290","kind":"hydrant","source":"OpenStreetMap","name":NaN,"evidence_level":"high","details":{"fire_hydrant:type":"underground","fire_hydrant:position":"sidewalk","water_source":"main","operator":"Dublin Fire Brigade"}}},{"type":"Feature","geometry":{"type":"Point","coordinates":[-6.22416,53.29799]},"properties":{"asset_id":"osm:node/7259053712","kind":"hydrant","source":"OpenStreetMap","name":NaN,"evidence_level":"high","details":{"fire_hydrant:type":"underground","fire_hydrant:position":"sidewalk"}}},{"type":"Feature","geometry":{"type":"Point","coordinates":[-6.22436,53.298]},"properties":{"asset_id":"osm:node/7259053713","kind":"hydrant","source":"OpenStreetMap","name":NaN,"evidence_level":"high","details":{"fire_hydrant:type":"underground","fire_hydrant:position":"sidewalk"}}},{"type":"Feature","geometry":{"type":"Point","coordinates":[-6.22318,53.29851]},"properties":{"asset_id":"osm:node/7259053714","kind":"hydrant","source":"OpenStreetMap","name":NaN,"evidence_level":"high","details":{"fire_hydrant:type":"underground","fire_hydrant:position":"sidewalk"}}},{"type":"Feature","geometry":{"type":"Point","coordinates":[-6.22259,53.29907]},"properties":{"asset_id":"osm:node/7259053715","kind":"hydrant","source":"OpenStreetMap","name":NaN,"evidence_level":"high","details":{"fire_hydrant:type":"underground","fire_hydrant:position":"sidewalk"}}},{"type":"Feature","geometry":{"type":"Point","coordinates":[-6.18471,53.29827]},"properties":{"asset_id":"osm:node/7275374134","kind":"hydrant","source":"OpenStreetMap","name":NaN,"evidence_level":"high","details":{"fire_hydrant:type":"underground","fire_hydrant:position":"sidewalk"}}},{"type":"Feature","geometry":{"type":"Point","coordinates":[-6.18365,53.29752]},"properties":{"asset_id":"osm:node/7275374135","kind":"hydrant","source":"OpenStreetMap","name":NaN,"evidence_level":"high","details":{"fire_hydrant:type":"underground","fire_hydrant:position":"sidewalk"}}},{"type":"Feature","geometry":{"type":"Point","coordinates":[-6.19416,53.29541]},"properties":{"asset_id":"osm:node/7275374136","kind":"hydrant","source":"OpenStreetMap","name":NaN,"evidence_level":"high","details":{"fire_hydrant:type":"underground","fire_hydrant:position":"sidewalk"}}},{"type":"Feature","geometry":{"type":"Point","coordinates":[-6.19205,53.29522]},"properties":{"asset_id":"osm:node/7275374137","kind":"hydrant","source":"OpenStreetMap","name":NaN,"evidence_level":"high","details":{"fire_hydrant:type":"underground","fire_hydrant:position":"sidewalk"}}},{"type":"Feature","geometry":{"type":"Point","coordinates":[-6.18994,53.29501]},"properties":{"asset_id":"osm:node/7275374138","kind":"hydrant","source":"OpenStreetMap","name":NaN,"evidence_level":"high","details":{"fire_hydrant:type":"underground","fire_hydrant:position":"sidewalk"}}},{"type":"Feature","geometry":{"type":"Point","coordinates":[-6.18957,53.2962]},"properties":{"asset_id":"osm:node/7275374139","kind":"hydrant","source":"OpenStreetMap","name":NaN,"evidence_level":"high","details":{"fire_hydrant:type":"underground","fire_hydrant:position":"sidewalk"}}},{"type":"Feature","geometry":{"type":"Point","coordinates":[-6.2644,53.30405]},"properties":{"asset_id":"osm:node/7288869247","kind":"hydrant","source":"OpenStreetMap","name":NaN,"evidence_level":"high","details":{"fire_hydrant:type":"underground","fire_hydrant:position":"sidewalk"}}},{"type":"Feature","geometry":{"type":"Point","coordinates":[-6.26355,53.3046]},"properties":{"asset_id":"osm:node/7288919463","kind":"hydrant","source":"OpenStreetMap","name":NaN,"evidence_level":"high","details":{"fire_hydrant:type":"underground","fire_hydrant:position":"sidewalk","fire_hydrant:diameter":"225"}}},{"type":"Feature","geometry":{"type":"Point","coordinates":[-6.26392,53.30335]},"properties":{"asset_id":"osm:node/7288920509","kind":"hydrant","source":"OpenStreetMap","name":NaN,"evidence_level":"high","details":{"fire_hydrant:type":"underground","fire_hydrant:position":"sidewalk","water_source":"main","operator":"Dublin Fire Brigade"}}},{"type":"Feature","geometry":{"type":"Point","coordinates":[-6.26714,53.30261]},"properties":{"asset_id":"osm:node/7288936176","kind":"hydrant","source":"OpenStreetMap","name":NaN,"evidence_level":"high","details":{"fire_hydrant:type":"underground","fire_hydrant:position":"sidewalk","water_source":"main","operator":"Dublin Fire Brigade"}}},{"type":"Feature","geometry":{"type":"Point","coordinates":[-6.26658,53.30361]},"properties":{"asset_id":"osm:node/7288936177","kind":"hydrant","source":"OpenStreetMap","name":NaN,"evidence_level":"high","details":{"fire_hydrant:type":"underground","fire_hydrant:position":"sidewalk","water_source":"main","operator":"Dublin Fire Brigade"}}},{"type":"Feature","geometry":{"type":"Point","coordinates":[-6.19986,53.29683]},"properties":{"asset_id":"osm:node/7305580900","kind":"hydrant","source":"OpenStreetMap","name":NaN,"evidence_level":"high","details":{"fire_hydrant:type":"underground","fire_hydrant:position":"sidewalk"}}},{"type":"Feature","geometry":{"type":"Point","coordinates":[-6.20046,53.29627]},"properties":{"asset_id":"osm:node/7305580901","kind":"hydrant","source":"OpenStreetMap","name":NaN,"evidence_level":"high","details":{"fire_hydrant:type":"underground","fire_hydrant:position":"sidewalk"}}},{"type":"Feature","geometry":{"type":"Point","coordinates":[-6.20185,53.29585]},"properties":{"asset_id":"osm:node/7305580902","kind":"hydrant","source":"OpenStreetMap","name":NaN,"evidence_level":"high","details":{"fire_hydrant:type":"underground","fire_hydrant:position":"sidewalk"}}},{"type":"Feature","geometry":{"type":"Point","coordinates":[-6.19839,53.29699]},"properties":{"asset_id":"osm:node/7305580903","kind":"hydrant","source":"OpenStreetMap","name":NaN,"evidence_level":"high","details":{"fire_hydrant:type":"underground","fire_hydrant:position":"sidewalk"}}},{"type":"Feature","geometry":{"type":"Point","coordinates":[-6.19789,53.29608]},"properties":{"asset_id":"osm:node/7305580904","kind":"hydrant","source":"OpenStreetMap","name":NaN,"evidence_level":"high","details":{"fire_hydrant:type":"underground","fire_hydrant:position":"sidewalk"}}},{"type":"Feature","geometry":{"type":"Point","coordinates":[-6.1978,53.29552]},"properties":{"asset_id":"osm:node/7305580905","kind":"hydrant","source":"OpenStreetMap","name":NaN,"evidence_level":"high","details":{"fire_hydrant:type":"underground","fire_hydrant:position":"sidewalk"}}},{"type":"Feature","geometry":{"type":"Point","coordinates":[-6.19736,53.29504]},"properties":{"asset_id":"osm:node/7305580906","kind":"hydrant","source":"OpenStreetMap","name":NaN,"evidence_level":"high","details":{"fire_hydrant:type":"underground","fire_hydrant:position":"sidewalk"}}},{"type":"Feature","geometry":{"type":"Point","coordinates":[-6.19889,53.29384]},"properties":{"asset_id":"osm:node/7305580907","kind":"hydrant","source":"OpenStreetMap","name":NaN,"evidence_level":"high","details":{"fire_hydrant:type":"underground","fire_hydrant:position":"sidewalk"}}},{"type":"Feature","geometry":{"type":"Point","coordinates":[-6.2004,53.29345]},"properties":{"asset_id":"osm:node/7305580908","kind":"hydrant","source":"OpenStreetMap","name":NaN,"evidence_level":"high","details":{"fire_hydrant:type":"underground","fire_hydrant:position":"sidewalk"}}},{"type":"Feature","geometry":{"type":"Point","coordinates":[-6.20051,53.29434]},"properties":{"asset_id":"osm:node/7305580909","kind":"hydrant","source":"OpenStreetMap","name":NaN,"evidence_level":"high","details":{"fire_hydrant:type":"underground","fire_hydrant:position":"sidewalk"}}},{"type":"Feature","geometry":{"type":"Point","coordinates":[-6.2001,53.29464]},"properties":{"asset_id":"osm:node/7305580910","kind":"hydrant","source":"OpenStreetMap","name":NaN,"evidence_level":"high","details":{"fire_hydrant:type":"underground","fire_hydrant:position":"sidewalk"}}},{"type":"Feature","geometry":{"type":"Point","coordinates":[-6.20054,53.29494]},"properties":{"asset_id":"osm:node/7305580911","kind":"hydrant","source":"OpenStreetMap","name":NaN,"evidence_level":"high","details":{"fire_hydrant:type":"underground","fire_hydrant:position":"sidewalk"}}},{"type":"Feature","geometry":{"type":"Point","coordinates":[-6.20088,53.29452]},"properties":{"asset_id":"osm:node/7305580912","kind":"hydrant","source":"OpenStreetMap","name":NaN,"evidence_level":"high","details":{"fire_hydrant:type":"underground","fire_hydrant:position":"sidewalk"}}},{"type":"Feature","geometry":{"type":"Point","coordinates":[-6.20246,53.29415]},"properties":{"asset_id":"osm:node/7305580913","kind":"hydrant","source":"OpenStreetMap","name":NaN,"evidence_level":"high","details":{"fire_hydrant:type":"underground","fire_hydrant:position":"sidewalk"}}},{"type":"Feature","geometry":{"type":"Point","coordinates":[-6.20383,53.29652]},"properties":{"asset_id":"osm:node/7305580914","kind":"hydrant","source":"OpenStreetMap","name":NaN,"evidence_level":"high","details":{"fire_hydrant:type":"underground","fire_hydrant:position":"sidewalk"}}},{"type":"Feature","geometry":{"type":"Point","coordinates":[-6.21664,53.29377]},"properties":{"asset_id":"osm:node/7599599654","kind":"hydrant","source":"OpenStreetMap","name":NaN,"evidence_level":"high","details":{"fire_hydrant:type":"underground","fire_hydrant:position":"sidewalk"}}},{"type":"Feature","geometry":{"type":"Point","coordinates":[-6.277,53.30062]},"properties":{"asset_id":"osm:node/7720837596","kind":"hydrant","source":"OpenStreetMap","name":NaN,"evidence_level":"high","details":{"fire_hydrant:type":"underground","fire_hydrant:position":"sidewalk"}}},{"type":"Feature","geometry":{"type":"Point","coordinates":[-6.27678,53.3015]},"properties":{"asset_id":"osm:node/7720837597","kind":"hydrant","source":"OpenStreetMap","name":NaN,"evidence_level":"high","details":{"fire_hydrant:type":"underground","fire_hydrant:position":"sidewalk"}}},{"type":"Feature","geometry":{"type":"Point","coordinates":[-6.38559,53.4167]},"properties":{"asset_id":"osm:node/7725417846","kind":"hydrant","source":"OpenStreetMap","name":NaN,"evidence_level":"high","details":{"fire_hydrant:type":"underground","fire_hydrant:diameter":"100","water_source":"main","operator":"Dublin Fire Brigade"}}},{"type":"Feature","geometry":{"type":"Point","coordinates":[-6.38568,53.41898]},"properties":{"asset_id":"osm:node/7731940085","kind":"hydrant","source":"OpenStreetMap","name":NaN,"evidence_level":"high","details":{"fire_hydrant:type":"underground","water_source":"main","operator":"Dublin Fire Brigade"}}},{"type":"Feature","geometry":{"type":"Point","coordinates":[-6.38723,53.41828]},"properties":{"asset_id":"osm:node/7733807085","kind":"hydrant","source":"OpenStreetMap","name":NaN,"evidence_level":"high","details":{"fire_hydrant:type":"underground","fire_hydrant:position":"sidewalk","fire_hydrant:diameter":"100","water_source":"main","operator":"Dublin Fire Brigade"}}},{"type":"Feature","geometry":{"type":"Point","coordinates":[-6.38799,53.41847]},"properties":{"asset_id":"osm:node/7733810885","kind":"hydrant","source":"OpenStreetMap","name":NaN,"evidence_level":"high","details":{"fire_hydrant:type":"underground","fire_hydrant:position":"green","fire_hydrant:diameter":"100","water_source":"main","operator":"Dublin Fire Brigade"}}},{"type":"Feature","geometry":{"type":"Point","coordinates":[-6.38799,53.41933]},"properties":{"asset_id":"osm:node/7733828185","kind":"hydrant","source":"OpenStreetMap","name":NaN,"evidence_level":"high","details":{"fire_hydrant:type":"underground","fire_hydrant:diameter":"150","water_source":"main","operator":"Dublin Fire Brigade"}}},{"type":"Feature","geometry":{"type":"Point","coordinates":[-6.38656,53.41927]},"properties":{"asset_id":"osm:node/7733828285","kind":"hydrant","source":"OpenStreetMap","name":NaN,"evidence_level":"high","details":{"fire_hydrant:type":"underground","water_source":"main","operator":"Dublin Fire Brigade"}}},{"type":"Feature","geometry":{"type":"Point","coordinates":[-6.38547,53.41857]},"properties":{"asset_id":"osm:node/7733832985","kind":"hydrant","source":"OpenStreetMap","name":NaN,"evidence_level":"high","details":{"fire_hydrant:type":"underground","fire_hydrant:position":"sidewalk","fire_hydrant:diameter":"100","water_source":"main","operator":"Dublin Fire Brigade"}}},{"type":"Feature","geometry":{"type":"Point","coordinates":[-6.38543,53.4183]},"properties":{"asset_id":"osm:node/7733833785","kind":"hydrant","source":"OpenStreetMap","name":NaN,"evidence_level":"high","details":{"fire_hydrant:type":"underground","fire_hydrant:position":"sidewalk","fire_hydrant:diameter":"100","water_source":"main","operator":"Dublin Fire Brigade"}}},{"type":"Feature","geometry":{"type":"Point","coordinates":[-6.38309,53.41921]},"properties":{"asset_id":"osm:node/7734747685","kind":"hydrant","source":"OpenStreetMap","name":NaN,"evidence_level":"high","details":{"fire_hydrant:type":"underground","fire_hydrant:position":"sidewalk","fire_hydrant:diameter":"200","water_source":"main","operator":"Dublin Fire Brigade"}}},{"type":"Feature","geometry":{"type":"Point","coordinates":[-6.38422,53.41889]},"properties":{"asset_id":"osm:node/7734752085","kind":"hydrant","source":"OpenStreetMap","name":NaN,"evidence_level":"high","details":{"fire_hydrant:type":"underground","water_source":"main","operator":"Dublin Fire Brigade"}}},{"type":"Feature","geometry":{"type":"Point","coordinates":[-6.38642,53.4184]},"properties":{"asset_id":"osm:node/7737522585","kind":"hydrant","source":"OpenStreetMap","name":NaN,"evidence_level":"high","details":{"fire_hydrant:type":"underground","water_source":"main","operator":"Dublin Fire Brigade"}}},{"type":"Feature","geometry":{"type":"Point","coordinates":[-6.38337,53.4172]},"properties":{"asset_id":"osm:node/7745262085","kind":"hydrant","source":"OpenStreetMap","name":NaN,"evidence_level":"high","details":{"fire_hydrant:type":"underground","water_source":"main","operator":"Dublin Fire Brigade"}}},{"type":"Feature","geometry":{"type":"Point","coordinates":[-6.38327,53.41773]},"properties":{"asset_id":"osm:node/7770450685","kind":"hydrant","source":"OpenStreetMap","name":NaN,"evidence_level":"high","details":{"fire_hydrant:type":"underground","water_source":"main","operator":"Dublin Fire Brigade"}}},{"type":"Feature","geometry":{"type":"Point","coordinates":[-6.38392,53.4177]},"properties":{"asset_id":"osm:node/7770453685","kind":"hydrant","source":"OpenStreetMap","name":NaN,"evidence_level":"high","details":{"fire_hydrant:type":"underground","water_source":"main","operator":"Dublin Fire Brigade"}}},{"type":"Feature","geometry":{"type":"Point","coordinates":[-6.38511,53.41906]},"properties":{"asset_id":"osm:node/7770453686","kind":"hydrant","source":"OpenStreetMap","name":NaN,"evidence_level":"high","details":{"fire_hydrant:type":"underground","water_source":"main","operator":"Dublin Fire Brigade"}}},{"type":"Feature","geometry":{"type":"Point","coordinates":[-6.38487,53.41796]},"properties":{"asset_id":"osm:node/7770457485","kind":"hydrant","source":"OpenStreetMap","name":NaN,"evidence_level":"high","details":{"fire_hydrant:type":"underground","fire_hydrant:position":"sidewalk","fire_hydrant:diameter":"100","water_source":"main","operator":"Dublin Fire Brigade"}}},{"type":"Feature","geometry":{"type":"Point","coordinates":[-6.38463,53.41919]},"properties":{"asset_id":"osm:node/7770467785","kind":"hydrant","source":"OpenStreetMap","name":NaN,"evidence_level":"high","details":{"fire_hydrant:type":"underground","water_source":"main","operator":"Dublin Fire Brigade"}}},{"type":"Feature","geometry":{"type":"Point","coordinates":[-6.38524,53.41813]},"properties":{"asset_id":"osm:node/7770473585","kind":"hydrant","source":"OpenStreetMap","name":NaN,"evidence_level":"high","details":{"fire_hydrant:type":"underground","fire_hydrant:position":"sidewalk","fire_hydrant:diameter":"150","water_source":"main","operator":"Dublin Fire Brigade"}}},{"type":"Feature","geometry":{"type":"Point","coordinates":[-6.39326,53.41999]},"properties":{"asset_id":"osm:node/7788178786","kind":"hydrant","source":"OpenStreetMap","name":NaN,"evidence_level":"high","details":{"fire_hydrant:type":"underground","fire_hydrant:position":"sidewalk","fire_hydrant:diameter":"200","water_source":"main","operator":"Dublin Fire Brigade"}}},{"type":"Feature","geometry":{"type":"Point","coordinates":[-6.39108,53.42069]},"properties":{"asset_id":"osm:node/7788178886","kind":"hydrant","source":"OpenStreetMap","name":NaN,"evidence_level":"high","details":{"fire_hydrant:type":"underground","water_source":"main","operator":"Dublin Fire Brigade"}}},{"type":"Feature","geometry":{"type":"Point","coordinates":[-6.38859,53.41613]},"properties":{"asset_id":"osm:node/7792342386","kind":"hydrant","source":"OpenStreetMap","name":NaN,"evidence_level":"high","details":{"fire_hydrant:type":"underground","water_source":"main","operator":"Dublin Fire Brigade"}}},{"type":"Feature","geometry":{"type":"Point","coordinates":[-6.38585,53.41603]},"properties":{"asset_id":"osm:node/7792349485","kind":"hydrant","source":"OpenStreetMap","name":NaN,"evidence_level":"high","details":{"fire_hydrant:type":"underground","water_source":"main","operator":"Dublin Fire Brigade"}}},{"type":"Feature","geometry":{"type":"Point","coordinates":[-6.38928,53.4155]},"properties":{"asset_id":"osm:node/7792349486","kind":"hydrant","source":"OpenStreetMap","name":NaN,"evidence_level":"high","details":{"fire_hydrant:type":"underground","water_source":"main","operator":"Dublin Fire Brigade"}}},{"type":"Feature","geometry":{"type":"Point","coordinates":[-6.38781,53.41637]},"properties":{"asset_id":"osm:node/7792349585","kind":"hydrant","source":"OpenStreetMap","name":NaN,"evidence_level":"high","details":{"fire_hydrant:type":"underground","water_source":"main","operator":"Dublin Fire Brigade"}}},{"type":"Feature","geometry":{"type":"Point","coordinates":[-6.53687,53.51884]},"properties":{"asset_id":"osm:node/7807263486","kind":"water_well","source":"OpenStreetMap","name":"St. Shaughlin's Well","evidence_level":NaN,"details":{}}},{"type":"Feature","geometry":{"type":"Point","coordinates":[-6.38917,53.41916]},"properties":{"asset_id":"osm:node/7815534585","kind":"hydrant","source":"OpenStreetMap","name":NaN,"evidence_level":"high","details":{"fire_hydrant:type":"underground","fire_hydrant:position":"sidewalk","fire_hydrant:diameter":"200","water_source":"main","operator":"Dublin Fire Brigade"}}},{"type":"Feature","geometry":{"type":"Point","coordinates":[-6.38954,53.4197]},"properties":{"asset_id":"osm:node/7824191285","kind":"hydrant","source":"OpenStreetMap","name":NaN,"evidence_level":"high","details":{"fire_hydrant:type":"underground","fire_hydrant:position":"sidewalk","fire_hydrant:diameter":"200","water_source":"main","operator":"Dublin Fire Brigade"}}},{"type":"Feature","geometry":{"type":"Point","coordinates":[-6.3943,53.41968]},"properties":{"asset_id":"osm:node/7824191385","kind":"hydrant","source":"OpenStreetMap","name":NaN,"evidence_level":"high","details":{"fire_hydrant:type":"underground","water_source":"main","operator":"Dublin Fire Brigade"}}},{"type":"Feature","geometry":{"type":"Point","coordinates":[-6.39915,53.40843]},"properties":{"asset_id":"osm:node/7853766685","kind":"hydrant","source":"OpenStreetMap","name":NaN,"evidence_level":"high","details":{"fire_hydrant:type":"underground","water_source":"main","operator":"Dublin Fire Brigade"}}},{"type":"Feature","geometry":{"type":"Point","coordinates":[-6.38813,53.41744]},"properties":{"asset_id":"osm:node/7873143285","kind":"hydrant","source":"OpenStreetMap","name":NaN,"evidence_level":"high","details":{"fire_hydrant:type":"underground","water_source":"main","operator":"Dublin Fire Brigade"}}},{"type":"Feature","geometry":{"type":"Point","coordinates":[-6.38773,53.41485]},"properties":{"asset_id":"osm:node/7881294686","kind":"hydrant","source":"OpenStreetMap","name":NaN,"evidence_level":"high","details":{"fire_hydrant:type":"underground","water_source":"main","operator":"Dublin Fire Brigade"}}},{"type":"Feature","geometry":{"type":"Point","coordinates":[-6.38538,53.41776]},"properties":{"asset_id":"osm:node/7886356285","kind":"hydrant","source":"OpenStreetMap","name":NaN,"evidence_level":"high","details":{"fire_hydrant:type":"underground","water_source":"main","operator":"Dublin Fire Brigade"}}},{"type":"Feature","geometry":{"type":"Point","coordinates":[-6.36278,53.37277]},"properties":{"asset_id":"osm:node/7963695409","kind":"water_well","source":"OpenStreetMap","name":NaN,"evidence_level":NaN,"details":{}}},{"type":"Feature","geometry":{"type":"Point","coordinates":[-6.19117,53.23978]},"properties":{"asset_id":"osm:node/7981302247","kind":"water_well","source":"OpenStreetMap","name":NaN,"evidence_level":NaN,"details":{}}},{"type":"Feature","geometry":{"type":"Point","coordinates":[-6.53912,53.33902]},"properties":{"asset_id":"osm:node/8402588267","kind":"wastewater_plant","source":"OpenStreetMap","name":NaN,"evidence_level":NaN,"details":{}}},{"type":"Feature","geometry":{"type":"Point","coordinates":[-6.26358,53.30201]},"properties":{"asset_id":"osm:node/8457544334","kind":"hydrant","source":"OpenStreetMap","name":NaN,"evidence_level":"high","details":{"fire_hydrant:type":"underground","fire_hydrant:position":"sidewalk","water_source":"main","operator":"Dublin Fire Brigade"}}},{"type":"Feature","geometry":{"type":"Point","coordinates":[-6.2629,53.30159]},"properties":{"asset_id":"osm:node/8457544335","kind":"hydrant","source":"OpenStreetMap","name":NaN,"evidence_level":"high","details":{"fire_hydrant:type":"underground","fire_hydrant:position":"sidewalk","water_source":"main","operator":"Dublin Fire Brigade"}}},{"type":"Feature","geometry":{"type":"Point","coordinates":[-6.26238,53.30142]},"properties":{"asset_id":"osm:node/8457544336","kind":"hydrant","source":"OpenStreetMap","name":NaN,"evidence_level":"high","details":{"fire_hydrant:type":"underground","fire_hydrant:position":"sidewalk","water_source":"main","operator":"Dublin Fire Brigade"}}},{"type":"Feature","geometry":{"type":"Point","coordinates":[-6.26126,53.30077]},"properties":{"asset_id":"osm:node/8457544337","kind":"hydrant","source":"OpenStreetMap","name":NaN,"evidence_level":"high","details":{"fire_hydrant:type":"underground","fire_hydrant:position":"sidewalk","water_source":"main","operator":"Dublin Fire Brigade"}}},{"type":"Feature","geometry":{"type":"Point","coordinates":[-6.39111,53.42007]},"properties":{"asset_id":"osm:node/8465658317","kind":"hydrant","source":"OpenStreetMap","name":NaN,"evidence_level":"high","details":{"fire_hydrant:type":"underground","water_source":"main","operator":"Dublin Fire Brigade"}}},{"type":"Feature","geometry":{"type":"Point","coordinates":[-6.26425,53.30238]},"properties":{"asset_id":"osm:node/8503591799","kind":"hydrant","source":"OpenStreetMap","name":NaN,"evidence_level":"high","details":{"fire_hydrant:type":"underground","fire_hydrant:position":"sidewalk","water_source":"main","operator":"Dublin Fire Brigade"}}},{"type":"Feature","geometry":{"type":"Point","coordinates":[-6.26398,53.3029]},"properties":{"asset_id":"osm:node/8503591800","kind":"hydrant","source":"OpenStreetMap","name":NaN,"evidence_level":"high","details":{"fire_hydrant:type":"underground","fire_hydrant:position":"sidewalk","water_source":"main","operator":"Dublin Fire Brigade"}}},{"type":"Feature","geometry":{"type":"Point","coordinates":[-6.26004,53.30132]},"properties":{"asset_id":"osm:node/8503591801","kind":"hydrant","source":"OpenStreetMap","name":NaN,"evidence_level":"high","details":{"fire_hydrant:type":"underground","fire_hydrant:position":"sidewalk","water_source":"main","operator":"Dublin Fire Brigade"}}},{"type":"Feature","geometry":{"type":"Point","coordinates":[-6.20972,53.29506]},"properties":{"asset_id":"osm:node/8524527611","kind":"manhole_drain","source":"OpenStreetMap","name":NaN,"evidence_level":"medium","details":{"manhole":"drain"}}},{"type":"Feature","geometry":{"type":"Point","coordinates":[-6.20885,53.29567]},"properties":{"asset_id":"osm:node/8524579820","kind":"hydrant","source":"OpenStreetMap","name":NaN,"evidence_level":"high","details":{"fire_hydrant:type":"underground","fire_hydrant:position":"sidewalk"}}},{"type":"Feature","geometry":{"type":"Point","coordinates":[-6.20928,53.29603]},"properties":{"asset_id":"osm:node/8524579825","kind":"manhole_drain","source":"OpenStreetMap","name":NaN,"evidence_level":"medium","details":{"manhole":"drain"}}},{"type":"Feature","geometry":{"type":"Point","coordinates":[-6.2093,53.29602]},"properties":{"asset_id":"osm:node/8524579826","kind":"manhole_drain","source":"OpenStreetMap","name":NaN,"evidence_level":"medium","details":{"manhole":"drain"}}},{"type":"Feature","geometry":{"type":"Point","coordinates":[-6.20973,53.29618]},"properties":{"asset_id":"osm:node/8524579827","kind":"manhole_drain","source":"OpenStreetMap","name":NaN,"evidence_level":"medium","details":{"manhole":"drain"}}},{"type":"Feature","geometry":{"type":"Point","coordinates":[-6.20969,53.29618]},"properties":{"asset_id":"osm:node/8524579828","kind":"manhole_drain","source":"OpenStreetMap","name":NaN,"evidence_level":"medium","details":{"manhole":"drain"}}},{"type":"Feature","geometry":{"type":"Point","coordinates":[-6.20964,53.29612]},"properties":{"asset_id":"osm:node/8524579829","kind":"manhole_drain","source":"OpenStreetMap","name":NaN,"evidence_level":"medium","details":{"manhole":"drain"}}},{"type":"Feature","geometry":{"type":"Point","coordinates":[-6.20957,53.29596]},"properties":{"asset_id":"osm:node/8524579830","kind":"manhole_drain","source":"OpenStreetMap","name":NaN,"evidence_level":"medium","details":{"manhole":"drain"}}},{"type":"Feature","geometry":{"type":"Point","coordinates":[-6.20947,53.29584]},"properties":{"asset_id":"osm:node/8524579832","kind":"manhole_drain","source":"OpenStreetMap","name":NaN,"evidence_level":"medium","details":{"manhole":"drain"}}},{"type":"Feature","geometry":{"type":"Point","coordinates":[-6.2101,53.29621]},"properties":{"asset_id":"osm:node/8524579833","kind":"manhole_drain","source":"OpenStreetMap","name":NaN,"evidence_level":"medium","details":{"manhole":"drain"}}},{"type":"Feature","geometry":{"type":"Point","coordinates":[-6.21011,53.29623]},"properties":{"asset_id":"osm:node/8524579834","kind":"manhole_drain","source":"OpenStreetMap","name":NaN,"evidence_level":"medium","details":{"manhole":"drain"}}},{"type":"Feature","geometry":{"type":"Point","coordinates":[-6.20989,53.29552]},"properties":{"asset_id":"osm:node/8524579835","kind":"manhole_drain","source":"OpenStreetMap","name":NaN,"evidence_level":"medium","details":{"manhole":"drain"}}},{"type":"Feature","geometry":{"type":"Point","coordinates":[-6.21023,53.29557]},"properties":{"asset_id":"osm:node/8524579836","kind":"manhole_drain","source":"OpenStreetMap","name":NaN,"evidence_level":"medium","details":{"manhole":"drain"}}},{"type":"Feature","geometry":{"type":"Point","coordinates":[-6.2103,53.29521]},"properties":{"asset_id":"osm:node/8524579837","kind":"manhole_drain","source":"OpenStreetMap","name":NaN,"evidence_level":"medium","details":{"manhole":"drain"}}},{"type":"Feature","geometry":{"type":"Point","coordinates":[-6.21042,53.29521]},"properties":{"asset_id":"osm:node/8524579838","kind":"manhole_drain","source":"OpenStreetMap","name":NaN,"evidence_level":"medium","details":{"manhole":"drain"}}},{"type":"Feature","geometry":{"type":"Point","coordinates":[-6.21058,53.2955]},"properties":{"asset_id":"osm:node/8524579839","kind":"manhole_drain","source":"OpenStreetMap","name":NaN,"evidence_level":"medium","details":{"manhole":"drain"}}},{"type":"Feature","geometry":{"type":"Point","coordinates":[-6.21053,53.29555]},"properties":{"asset_id":"osm:node/8524579840","kind":"manhole_drain","source":"OpenStreetMap","name":NaN,"evidence_level":"medium","details":{"manhole":"drain"}}},{"type":"Feature","geometry":{"type":"Point","coordinates":[-6.21047,53.29556]},"properties":{"asset_id":"osm:node/8524579841","kind":"manhole_drain","source":"OpenStreetMap","name":NaN,"evidence_level":"medium","details":{"manhole":"drain"}}},{"type":"Feature","geometry":{"type":"Point","coordinates":[-6.21042,53.29564]},"properties":{"asset_id":"osm:node/8524579842","kind":"manhole_drain","source":"OpenStreetMap","name":NaN,"evidence_level":"medium","details":{"manhole":"drain"}}},{"type":"Feature","geometry":{"type":"Point","coordinates":[-6.2104,53.29562]},"properties":{"asset_id":"osm:node/8524579843","kind":"manhole_drain","source":"OpenStreetMap","name":NaN,"evidence_level":"medium","details":{"manhole":"drain"}}},{"type":"Feature","geometry":{"type":"Point","coordinates":[-6.20868,53.29531]},"properties":{"asset_id":"osm:node/8528920295","kind":"manhole_drain","source":"OpenStreetMap","name":NaN,"evidence_level":"medium","details":{"manhole":"drain"}}},{"type":"Feature","geometry":{"type":"Point","coordinates":[-6.21046,53.29523]},"properties":{"asset_id":"osm:node/8528920296","kind":"manhole_drain","source":"OpenStreetMap","name":NaN,"evidence_level":"medium","details":{"manhole":"drain"}}},{"type":"Feature","geometry":{"type":"Point","coordinates":[-6.21065,53.29542]},"properties":{"asset_id":"osm:node/8528920297","kind":"manhole_drain","source":"OpenStreetMap","name":NaN,"evidence_level":"medium","details":{"manhole":"drain"}}},{"type":"Feature","geometry":{"type":"Point","coordinates":[-6.21054,53.29536]},"properties":{"asset_id":"osm:node/8528920301","kind":"manhole_drain","source":"OpenStreetMap","name":NaN,"evidence_level":"medium","details":{"manhole":"drain"}}},{"type":"Feature","geometry":{"type":"Point","coordinates":[-6.21045,53.29555]},"properties":{"asset_id":"osm:node/8528920302","kind":"manhole_drain","source":"OpenStreetMap","name":NaN,"evidence_level":"medium","details":{"manhole":"drain"}}},{"type":"Feature","geometry":{"type":"Point","coordinates":[-6.20874,53.29545]},"properties":{"asset_id":"osm:node/8528920307","kind":"manhole_drain","source":"OpenStreetMap","name":NaN,"evidence_level":"medium","details":{"manhole":"drain"}}},{"type":"Feature","geometry":{"type":"Point","coordinates":[-6.20875,53.29539]},"properties":{"asset_id":"osm:node/8528920308","kind":"manhole_drain","source":"OpenStreetMap","name":NaN,"evidence_level":"medium","details":{"manhole":"drain"}}},{"type":"Feature","geometry":{"type":"Point","coordinates":[-6.20942,53.29451]},"properties":{"asset_id":"osm:node/8528920309","kind":"hydrant","source":"OpenStreetMap","name":NaN,"evidence_level":"high","details":{"fire_hydrant:type":"underground"}}},{"type":"Feature","geometry":{"type":"Point","coordinates":[-6.20916,53.29587]},"properties":{"asset_id":"osm:node/8537139841","kind":"manhole_drain","source":"OpenStreetMap","name":NaN,"evidence_level":"medium","details":{"manhole":"drain"}}},{"type":"Feature","geometry":{"type":"Point","coordinates":[-6.20969,53.29563]},"properties":{"asset_id":"osm:node/8537139868","kind":"manhole_drain","source":"OpenStreetMap","name":NaN,"evidence_level":"medium","details":{"manhole":"drain"}}},{"type":"Feature","geometry":{"type":"Point","coordinates":[-6.20969,53.29561]},"properties":{"asset_id":"osm:node/8537139869","kind":"manhole_drain","source":"OpenStreetMap","name":NaN,"evidence_level":"medium","details":{"manhole":"drain"}}},{"type":"Feature","geometry":{"type":"Point","coordinates":[-6.20967,53.29536]},"properties":{"asset_id":"osm:node/8537139870","kind":"manhole_pump","source":"OpenStreetMap","name":NaN,"evidence_level":"medium","details":{"manhole":"pump"}}},{"type":"Feature","geometry":{"type":"Point","coordinates":[-6.20832,53.29586]},"properties":{"asset_id":"osm:node/8551060188","kind":"manhole_drain","source":"OpenStreetMap","name":NaN,"evidence_level":"medium","details":{"manhole":"drain"}}},{"type":"Feature","geometry":{"type":"Point","coordinates":[-6.20838,53.29579]},"properties":{"asset_id":"osm:node/8551060190","kind":"manhole_drain","source":"OpenStreetMap","name":NaN,"evidence_level":"medium","details":{"manhole":"drain"}}},{"type":"Feature","geometry":{"type":"Point","coordinates":[-6.20852,53.29555]},"properties":{"asset_id":"osm:node/8551060191","kind":"manhole_drain","source":"OpenStreetMap","name":NaN,"evidence_level":"medium","details":{"manhole":"drain"}}},{"type":"Feature","geometry":{"type":"Point","coordinates":[-6.20986,53.29553]},"properties":{"asset_id":"osm:node/8551060196","kind":"manhole_drain","source":"OpenStreetMap","name":NaN,"evidence_level":"medium","details":{"manhole":"drain"}}},{"type":"Feature","geometry":{"type":"Point","coordinates":[-6.20989,53.29581]},"properties":{"asset_id":"osm:node/8551060197","kind":"manhole_drain","source":"OpenStreetMap","name":NaN,"evidence_level":"medium","details":{"manhole":"drain"}}},{"type":"Feature","geometry":{"type":"Point","coordinates":[-6.20987,53.29583]},"properties":{"asset_id":"osm:node/8551060198","kind":"manhole_drain","source":"OpenStreetMap","name":NaN,"evidence_level":"medium","details":{"manhole":"drain"}}},{"type":"Feature","geometry":{"type":"Point","coordinates":[-6.20997,53.296]},"properties":{"asset_id":"osm:node/8551060199","kind":"manhole_drain","source":"OpenStreetMap","name":NaN,"evidence_level":"medium","details":{"manhole":"drain"}}},{"type":"Feature","geometry":{"type":"Point","coordinates":[-6.20995,53.29601]},"properties":{"asset_id":"osm:node/8551060200","kind":"manhole_drain","source":"OpenStreetMap","name":NaN,"evidence_level":"medium","details":{"manhole":"drain"}}},{"type":"Feature","geometry":{"type":"Point","coordinates":[-6.21022,53.29558]},"properties":{"asset_id":"osm:node/8551060209","kind":"manhole_drain","source":"OpenStreetMap","name":NaN,"evidence_level":"medium","details":{"manhole":"drain"}}},{"type":"Feature","geometry":{"type":"Point","coordinates":[-6.20072,53.29136]},"properties":{"asset_id":"osm:node/8755800818","kind":"hydrant","source":"OpenStreetMap","name":NaN,"evidence_level":"high","details":{"fire_hydrant:type":"underground","fire_hydrant:position":"sidewalk"}}},{"type":"Feature","geometry":{"type":"Point","coordinates":[-6.20221,53.29289]},"properties":{"asset_id":"osm:node/8755800819","kind":"hydrant","source":"OpenStreetMap","name":NaN,"evidence_level":"high","details":{"fire_hydrant:type":"underground","fire_hydrant:position":"sidewalk"}}},{"type":"Feature","geometry":{"type":"Point","coordinates":[-6.20086,53.28866]},"properties":{"asset_id":"osm:node/8796449937","kind":"hydrant","source":"OpenStreetMap","name":NaN,"evidence_level":"high","details":{"fire_hydrant:type":"underground","fire_hydrant:position":"lane"}}},{"type":"Feature","geometry":{"type":"Point","coordinates":[-6.20133,53.28947]},"properties":{"asset_id":"osm:node/8796449938","kind":"hydrant","source":"OpenStreetMap","name":NaN,"evidence_level":"high","details":{"fire_hydrant:type":"underground","fire_hydrant:position":"sidewalk"}}},{"type":"Feature","geometry":{"type":"Point","coordinates":[-6.20163,53.28986]},"properties":{"asset_id":"osm:node/8796449939","kind":"hydrant","source":"OpenStreetMap","name":NaN,"evidence_level":"high","details":{"fire_hydrant:position":"sidewalk"}}},{"type":"Feature","geometry":{"type":"Point","coordinates":[-6.2011,53.29007]},"properties":{"asset_id":"osm:node/8796449940","kind":"hydrant","source":"OpenStreetMap","name":NaN,"evidence_level":"high","details":{"fire_hydrant:position":"lane"}}},{"type":"Feature","geometry":{"type":"Point","coordinates":[-6.20057,53.2902]},"properties":{"asset_id":"osm:node/8796449941","kind":"hydrant","source":"OpenStreetMap","name":NaN,"evidence_level":"high","details":{"fire_hydrant:position":"lane"}}},{"type":"Feature","geometry":{"type":"Point","coordinates":[-6.20003,53.28996]},"properties":{"asset_id":"osm:node/8796449942","kind":"hydrant","source":"OpenStreetMap","name":NaN,"evidence_level":"high","details":{"fire_hydrant:position":"sidewalk"}}},{"type":"Feature","geometry":{"type":"Point","coordinates":[-6.20091,53.28965]},"properties":{"asset_id":"osm:node/8796449943","kind":"hydrant","source":"OpenStreetMap","name":NaN,"evidence_level":"high","details":{"fire_hydrant:position":"sidewalk"}}},{"type":"Feature","geometry":{"type":"Point","coordinates":[-6.19977,53.28907]},"properties":{"asset_id":"osm:node/8796449944","kind":"hydrant","source":"OpenStreetMap","name":NaN,"evidence_level":"high","details":{"fire_hydrant:type":"underground","fire_hydrant:position":"sidewalk","water_source":"main","operator":"Dublin Fire Brigade"}}},{"type":"Feature","geometry":{"type":"Point","coordinates":[-6.21074,53.29575]},"properties":{"asset_id":"osm:node/8825794597","kind":"hydrant","source":"OpenStreetMap","name":NaN,"evidence_level":"high","details":{"fire_hydrant:type":"underground","fire_hydrant:position":"sidewalk","fire_hydrant:diameter":"160"}}},{"type":"Feature","geometry":{"type":"Point","coordinates":[-6.20235,53.2911]},"properties":{"asset_id":"osm:node/8829303013","kind":"hydrant","source":"OpenStreetMap","name":NaN,"evidence_level":"high","details":{"fire_hydrant:type":"underground","fire_hydrant:position":"sidewalk"}}},{"type":"Feature","geometry":{"type":"Point","coordinates":[-6.20192,53.29102]},"properties":{"asset_id":"osm:node/8829303015","kind":"hydrant","source":"OpenStreetMap","name":NaN,"evidence_level":"high","details":{"fire_hydrant:type":"underground","fire_hydrant:position":"sidewalk"}}},{"type":"Feature","geometry":{"type":"Point","coordinates":[-6.20324,53.29157]},"properties":{"asset_id":"osm:node/8829303016","kind":"hydrant","source":"OpenStreetMap","name":NaN,"evidence_level":"high","details":{"fire_hydrant:type":"underground","fire_hydrant:position":"sidewalk"}}},{"type":"Feature","geometry":{"type":"Point","coordinates":[-6.20437,53.29108]},"properties":{"asset_id":"osm:node/8829323217","kind":"hydrant","source":"OpenStreetMap","name":NaN,"evidence_level":"high","details":{"fire_hydrant:type":"underground","fire_hydrant:position":"sidewalk"}}},{"type":"Feature","geometry":{"type":"Point","coordinates":[-6.2023,53.29105]},"properties":{"asset_id":"osm:node/8829323225","kind":"hydrant","source":"OpenStreetMap","name":NaN,"evidence_level":"high","details":{"fire_hydrant:type":"underground","fire_hydrant:position":"sidewalk"}}},{"type":"Feature","geometry":{"type":"Point","coordinates":[-6.20293,53.29102]},"properties":{"asset_id":"osm:node/8829323234","kind":"hydrant","source":"OpenStreetMap","name":NaN,"evidence_level":"high","details":{"fire_hydrant:type":"underground","fire_hydrant:position":"sidewalk"}}},{"type":"Feature","geometry":{"type":"Point","coordinates":[-6.20178,53.29068]},"properties":{"asset_id":"osm:node/8829323242","kind":"hydrant","source":"OpenStreetMap","name":NaN,"evidence_level":"high","details":{"fire_hydrant:type":"underground","fire_hydrant:position":"sidewalk"}}},{"type":"Feature","geometry":{"type":"Point","coordinates":[-6.20149,53.29051]},"properties":{"asset_id":"osm:node/8829323251","kind":"hydrant","source":"OpenStreetMap","name":NaN,"evidence_level":"high","details":{"fire_hydrant:type":"underground","fire_hydrant:position":"sidewalk"}}},{"type":"Feature","geometry":{"type":"Point","coordinates":[-6.22452,53.29084]},"properties":{"asset_id":"osm:node/8829859233","kind":"hydrant","source":"OpenStreetMap","name":NaN,"evidence_level":"high","details":{"fire_hydrant:type":"underground","fire_hydrant:position":"sidewalk"}}},{"type":"Feature","geometry":{"type":"Point","coordinates":[-6.22579,53.29065]},"properties":{"asset_id":"osm:node/8829859243","kind":"hydrant","source":"OpenStreetMap","name":NaN,"evidence_level":"high","details":{"fire_hydrant:type":"underground","fire_hydrant:position":"sidewalk"}}},{"type":"Feature","geometry":{"type":"Point","coordinates":[-6.22677,53.2907]},"properties":{"asset_id":"osm:node/8829859249","kind":"hydrant","source":"OpenStreetMap","name":NaN,"evidence_level":"high","details":{"fire_hydrant:type":"underground","fire_hydrant:position":"sidewalk"}}},{"type":"Feature","geometry":{"type":"Point","coordinates":[-6.20264,53.29101]},"properties":{"asset_id":"osm:node/8829859253","kind":"hydrant","source":"OpenStreetMap","name":NaN,"evidence_level":"high","details":{"fire_hydrant:type":"underground","fire_hydrant:position":"sidewalk"}}},{"type":"Feature","geometry":{"type":"Point","coordinates":[-6.22412,53.29024]},"properties":{"asset_id":"osm:node/8829859259","kind":"hydrant","source":"OpenStreetMap","name":NaN,"evidence_level":"high","details":{"fire_hydrant:type":"underground","fire_hydrant:position":"sidewalk"}}},{"type":"Feature","geometry":{"type":"Point","coordinates":[-6.26565,53.32125]},"properties":{"asset_id":"osm:node/8871825378","kind":"hydrant","source":"OpenStreetMap","name":NaN,"evidence_level":"high","details":{"fire_hydrant:type":"underground","fire_hydrant:position":"sidewalk","water_source":"main","operator":"Dublin Fire Brigade"}}},{"type":"Feature","geometry":{"type":"Point","coordinates":[-6.21808,53.30666]},"properties":{"asset_id":"osm:node/8909958764","kind":"hydrant","source":"OpenStreetMap","name":NaN,"evidence_level":"high","details":{"fire_hydrant:type":"underground","fire_hydrant:position":"sidewalk"}}},{"type":"Feature","geometry":{"type":"Point","coordinates":[-6.21574,53.30662]},"properties":{"asset_id":"osm:node/8922153410","kind":"hydrant","source":"OpenStreetMap","name":NaN,"evidence_level":"high","details":{}}},{"type":"Feature","geometry":{"type":"Point","coordinates":[-6.21958,53.30646]},"properties":{"asset_id":"osm:node/8922188323","kind":"hydrant","source":"OpenStreetMap","name":NaN,"evidence_level":"high","details":{}}},{"type":"Feature","geometry":{"type":"Point","coordinates":[-6.21884,53.306]},"properties":{"asset_id":"osm:node/8922188333","kind":"hydrant","source":"OpenStreetMap","name":NaN,"evidence_level":"high","details":{}}},{"type":"Feature","geometry":{"type":"Point","coordinates":[-6.22997,53.29047]},"properties":{"asset_id":"osm:node/8927385380","kind":"hydrant","source":"OpenStreetMap","name":NaN,"evidence_level":"high","details":{}}},{"type":"Feature","geometry":{"type":"Point","coordinates":[-6.23107,53.29048]},"properties":{"asset_id":"osm:node/8927385388","kind":"hydrant","source":"OpenStreetMap","name":NaN,"evidence_level":"high","details":{}}},{"type":"Feature","geometry":{"type":"Point","coordinates":[-6.23215,53.2894]},"properties":{"asset_id":"osm:node/8927385396","kind":"hydrant","source":"OpenStreetMap","name":NaN,"evidence_level":"high","details":{}}},{"type":"Feature","geometry":{"type":"Point","coordinates":[-6.23088,53.28928]},"properties":{"asset_id":"osm:node/8928138813","kind":"hydrant","source":"OpenStreetMap","name":NaN,"evidence_level":"high","details":{}}},{"type":"Feature","geometry":{"type":"Point","coordinates":[-6.22905,53.28872]},"properties":{"asset_id":"osm:node/8931125012","kind":"hydrant","source":"OpenStreetMap","name":NaN,"evidence_level":"high","details":{}}},{"type":"Feature","geometry":{"type":"Point","coordinates":[-6.22739,53.2886]},"properties":{"asset_id":"osm:node/8931134461","kind":"hydrant","source":"OpenStreetMap","name":NaN,"evidence_level":"high","details":{}}},{"type":"Feature","geometry":{"type":"Point","coordinates":[-6.22999,53.28981]},"properties":{"asset_id":"osm:node/8931143915","kind":"hydrant","source":"OpenStreetMap","name":NaN,"evidence_level":"high","details":{}}},{"type":"Feature","geometry":{"type":"Point","coordinates":[-6.22799,53.28999]},"properties":{"asset_id":"osm:node/8932285935","kind":"hydrant","source":"OpenStreetMap","name":NaN,"evidence_level":"high","details":{}}},{"type":"Feature","geometry":{"type":"Point","coordinates":[-6.22865,53.28929]},"properties":{"asset_id":"osm:node/8932285962","kind":"hydrant","source":"OpenStreetMap","name":NaN,"evidence_level":"high","details":{}}},{"type":"Feature","geometry":{"type":"Point","coordinates":[-6.23246,53.2905]},"properties":{"asset_id":"osm:node/8933782638","kind":"hydrant","source":"OpenStreetMap","name":NaN,"evidence_level":"high","details":{}}},{"type":"Feature","geometry":{"type":"Point","coordinates":[-6.23358,53.29048]},"properties":{"asset_id":"osm:node/8933782642","kind":"hydrant","source":"OpenStreetMap","name":NaN,"evidence_level":"high","details":{}}},{"type":"Feature","geometry":{"type":"Point","coordinates":[-6.23349,53.28988]},"properties":{"asset_id":"osm:node/8933782645","kind":"hydrant","source":"OpenStreetMap","name":NaN,"evidence_level":"high","details":{}}},{"type":"Feature","geometry":{"type":"Point","coordinates":[-6.23293,53.29]},"properties":{"asset_id":"osm:node/8933782648","kind":"hydrant","source":"OpenStreetMap","name":NaN,"evidence_level":"high","details":{}}},{"type":"Feature","geometry":{"type":"Point","coordinates":[-6.2317,53.29143]},"properties":{"asset_id":"osm:node/8933782672","kind":"hydrant","source":"OpenStreetMap","name":NaN,"evidence_level":"high","details":{}}},{"type":"Feature","geometry":{"type":"Point","coordinates":[-6.23199,53.29103]},"properties":{"asset_id":"osm:node/8933782680","kind":"hydrant","source":"OpenStreetMap","name":NaN,"evidence_level":"high","details":{}}},{"type":"Feature","geometry":{"type":"Point","coordinates":[-6.442,53.34904]},"properties":{"asset_id":"osm:node/8935863585","kind":"hydrant","source":"OpenStreetMap","name":NaN,"evidence_level":"high","details":{"fire_hydrant:type":"underground","water_source":"main","operator":"Dublin Fire Brigade"}}},{"type":"Feature","geometry":{"type":"Point","coordinates":[-6.4408,53.34863]},"properties":{"asset_id":"osm:node/8935863586","kind":"hydrant","source":"OpenStreetMap","name":NaN,"evidence_level":"high","details":{"fire_hydrant:type":"underground","water_source":"main","operator":"Dublin Fire Brigade"}}},{"type":"Feature","geometry":{"type":"Point","coordinates":[-6.2154,53.33239]},"properties":{"asset_id":"osm:node/8950459411","kind":"hydrant","source":"OpenStreetMap","name":NaN,"evidence_level":"high","details":{"fire_hydrant:type":"underground","water_source":"main","operator":"Dublin Fire Brigade"}}},{"type":"Feature","geometry":{"type":"Point","coordinates":[-6.22771,53.29972]},"properties":{"asset_id":"osm:node/8950738686","kind":"hydrant","source":"OpenStreetMap","name":NaN,"evidence_level":"high","details":{}}},{"type":"Feature","geometry":{"type":"Point","coordinates":[-6.22631,53.29995]},"properties":{"asset_id":"osm:node/8950738687","kind":"hydrant","source":"OpenStreetMap","name":NaN,"evidence_level":"high","details":{}}},{"type":"Feature","geometry":{"type":"Point","coordinates":[-6.22689,53.29921]},"properties":{"asset_id":"osm:node/8950743237","kind":"hydrant","source":"OpenStreetMap","name":NaN,"evidence_level":"high","details":{}}},{"type":"Feature","geometry":{"type":"Point","coordinates":[-6.1923,53.29938]},"properties":{"asset_id":"osm:node/8968316302","kind":"hydrant","source":"OpenStreetMap","name":NaN,"evidence_level":"high","details":{}}},{"type":"Feature","geometry":{"type":"Point","coordinates":[-6.19131,53.30015]},"properties":{"asset_id":"osm:node/8972328078","kind":"hydrant","source":"OpenStreetMap","name":NaN,"evidence_level":"high","details":{}}},{"type":"Feature","geometry":{"type":"Point","coordinates":[-6.19357,53.30145]},"properties":{"asset_id":"osm:node/8972328105","kind":"hydrant","source":"OpenStreetMap","name":NaN,"evidence_level":"high","details":{}}},{"type":"Feature","geometry":{"type":"Point","coordinates":[-6.19406,53.30229]},"properties":{"asset_id":"osm:node/8972344623","kind":"hydrant","source":"OpenStreetMap","name":NaN,"evidence_level":"high","details":{}}},{"type":"Feature","geometry":{"type":"Point","coordinates":[-6.19458,53.30231]},"properties":{"asset_id":"osm:node/8972344656","kind":"hydrant","source":"OpenStreetMap","name":NaN,"evidence_level":"high","details":{}}},{"type":"Feature","geometry":{"type":"Point","coordinates":[-6.22249,53.30866]},"properties":{"asset_id":"osm:node/8975009086","kind":"hydrant","source":"OpenStreetMap","name":NaN,"evidence_level":"high","details":{"fire_hydrant:type":"underground"}}},{"type":"Feature","geometry":{"type":"Point","coordinates":[-6.22452,53.31006]},"properties":{"asset_id":"osm:node/8975009088","kind":"hydrant","source":"OpenStreetMap","name":NaN,"evidence_level":"high","details":{}}},{"type":"Feature","geometry":{"type":"Point","coordinates":[-6.18541,53.30171]},"properties":{"asset_id":"osm:node/8987676116","kind":"hydrant","source":"OpenStreetMap","name":NaN,"evidence_level":"high","details":{}}},{"type":"Feature","geometry":{"type":"Point","coordinates":[-6.18645,53.3006]},"properties":{"asset_id":"osm:node/8987679717","kind":"hydrant","source":"OpenStreetMap","name":NaN,"evidence_level":"high","details":{}}},{"type":"Feature","geometry":{"type":"Point","coordinates":[-6.1898,53.30048]},"properties":{"asset_id":"osm:node/8987679718","kind":"hydrant","source":"OpenStreetMap","name":NaN,"evidence_level":"high","details":{}}},{"type":"Feature","geometry":{"type":"Point","coordinates":[-6.18641,53.30142]},"properties":{"asset_id":"osm:node/8987679720","kind":"hydrant","source":"OpenStreetMap","name":NaN,"evidence_level":"high","details":{}}},{"type":"Feature","geometry":{"type":"Point","coordinates":[-6.18667,53.30101]},"properties":{"asset_id":"osm:node/8987679724","kind":"hydrant","source":"OpenStreetMap","name":NaN,"evidence_level":"high","details":{}}},{"type":"Feature","geometry":{"type":"Point","coordinates":[-6.1865,53.3001]},"properties":{"asset_id":"osm:node/8987679725","kind":"hydrant","source":"OpenStreetMap","name":NaN,"evidence_level":"high","details":{}}},{"type":"Feature","geometry":{"type":"Point","coordinates":[-6.18681,53.30091]},"properties":{"asset_id":"osm:node/8987679732","kind":"hydrant","source":"OpenStreetMap","name":NaN,"evidence_level":"high","details":{}}},{"type":"Feature","geometry":{"type":"Point","coordinates":[-6.19393,53.29448]},"properties":{"asset_id":"osm:node/8998969926","kind":"hydrant","source":"OpenStreetMap","name":NaN,"evidence_level":"high","details":{}}},{"type":"Feature","geometry":{"type":"Point","coordinates":[-6.193,53.29418]},"properties":{"asset_id":"osm:node/8998969949","kind":"hydrant","source":"OpenStreetMap","name":NaN,"evidence_level":"high","details":{}}},{"type":"Feature","geometry":{"type":"Point","coordinates":[-6.18736,53.28649]},"properties":{"asset_id":"osm:node/9001314526","kind":"hydrant","source":"OpenStreetMap","name":NaN,"evidence_level":"high","details":{}}},{"type":"Feature","geometry":{"type":"Point","coordinates":[-6.18633,53.28742]},"properties":{"asset_id":"osm:node/9001314535","kind":"hydrant","source":"OpenStreetMap","name":NaN,"evidence_level":"high","details":{}}},{"type":"Feature","geometry":{"type":"Point","coordinates":[-6.18812,53.28715]},"properties":{"asset_id":"osm:node/9001314538","kind":"hydrant","source":"OpenStreetMap","name":NaN,"evidence_level":"high","details":{}}},{"type":"Feature","geometry":{"type":"Point","coordinates":[-6.18861,53.28859]},"properties":{"asset_id":"osm:node/9001314547","kind":"hydrant","source":"OpenStreetMap","name":NaN,"evidence_level":"high","details":{}}},{"type":"Feature","geometry":{"type":"Point","coordinates":[-6.18858,53.28742]},"properties":{"asset_id":"osm:node/9001314548","kind":"hydrant","source":"OpenStreetMap","name":NaN,"evidence_level":"high","details":{}}},{"type":"Feature","geometry":{"type":"Point","coordinates":[-6.18744,53.28728]},"properties":{"asset_id":"osm:node/9001314549","kind":"hydrant","source":"OpenStreetMap","name":NaN,"evidence_level":"high","details":{}}},{"type":"Feature","geometry":{"type":"Point","coordinates":[-6.18763,53.28818]},"properties":{"asset_id":"osm:node/9001314553","kind":"hydrant","source":"OpenStreetMap","name":NaN,"evidence_level":"high","details":{}}},{"type":"Feature","geometry":{"type":"Point","coordinates":[-6.18716,53.28769]},"properties":{"asset_id":"osm:node/9001314559","kind":"hydrant","source":"OpenStreetMap","name":NaN,"evidence_level":"high","details":{}}},{"type":"Feature","geometry":{"type":"Point","coordinates":[-6.18608,53.28752]},"properties":{"asset_id":"osm:node/9001314571","kind":"hydrant","source":"OpenStreetMap","name":NaN,"evidence_level":"high","details":{}}},{"type":"Feature","geometry":{"type":"Point","coordinates":[-6.18892,53.2876]},"properties":{"asset_id":"osm:node/9001314581","kind":"hydrant","source":"OpenStreetMap","name":NaN,"evidence_level":"high","details":{}}},{"type":"Feature","geometry":{"type":"Point","coordinates":[-6.18664,53.28668]},"properties":{"asset_id":"osm:node/9001314591","kind":"hydrant","source":"OpenStreetMap","name":NaN,"evidence_level":"high","details":{}}},{"type":"Feature","geometry":{"type":"Point","coordinates":[-6.18754,53.28874]},"properties":{"asset_id":"osm:node/9001314609","kind":"hydrant","source":"OpenStreetMap","name":NaN,"evidence_level":"high","details":{}}},{"type":"Feature","geometry":{"type":"Point","coordinates":[-6.18652,53.28708]},"properties":{"asset_id":"osm:node/9001314617","kind":"hydrant","source":"OpenStreetMap","name":NaN,"evidence_level":"high","details":{}}},{"type":"Feature","geometry":{"type":"Point","coordinates":[-6.13301,53.26902]},"properties":{"asset_id":"osm:node/9010153989","kind":"hydrant","source":"OpenStreetMap","name":NaN,"evidence_level":"high","details":{"fire_hydrant:type":"underground","water_source":"main","operator":"Dublin Fire Brigade"}}},{"type":"Feature","geometry":{"type":"Point","coordinates":[-6.19131,53.28991]},"properties":{"asset_id":"osm:node/9010390462","kind":"hydrant","source":"OpenStreetMap","name":NaN,"evidence_level":"high","details":{}}},{"type":"Feature","geometry":{"type":"Point","coordinates":[-6.19089,53.28884]},"properties":{"asset_id":"osm:node/9010390466","kind":"hydrant","source":"OpenStreetMap","name":NaN,"evidence_level":"high","details":{}}},{"type":"Feature","geometry":{"type":"Point","coordinates":[-6.19092,53.28928]},"properties":{"asset_id":"osm:node/9010390468","kind":"hydrant","source":"OpenStreetMap","name":NaN,"evidence_level":"high","details":{}}},{"type":"Feature","geometry":{"type":"Point","coordinates":[-6.19249,53.28859]},"properties":{"asset_id":"osm:node/9010390469","kind":"hydrant","source":"OpenStreetMap","name":NaN,"evidence_level":"high","details":{}}},{"type":"Feature","geometry":{"type":"Point","coordinates":[-6.1914,53.28974]},"properties":{"asset_id":"osm:node/9010390472","kind":"hydrant","source":"OpenStreetMap","name":NaN,"evidence_level":"high","details":{}}},{"type":"Feature","geometry":{"type":"Point","coordinates":[-6.19029,53.28981]},"properties":{"asset_id":"osm:node/9010390473","kind":"hydrant","source":"OpenStreetMap","name":NaN,"evidence_level":"high","details":{}}},{"type":"Feature","geometry":{"type":"Point","coordinates":[-6.18984,53.28924]},"properties":{"asset_id":"osm:node/9010390486","kind":"hydrant","source":"OpenStreetMap","name":NaN,"evidence_level":"high","details":{}}},{"type":"Feature","geometry":{"type":"Point","coordinates":[-6.1862,53.28924]},"properties":{"asset_id":"osm:node/9016775264","kind":"hydrant","source":"OpenStreetMap","name":NaN,"evidence_level":"high","details":{}}},{"type":"Feature","geometry":{"type":"Point","coordinates":[-6.18706,53.28932]},"properties":{"asset_id":"osm:node/9016775274","kind":"hydrant","source":"OpenStreetMap","name":NaN,"evidence_level":"high","details":{}}},{"type":"Feature","geometry":{"type":"Point","coordinates":[-6.18808,53.28962]},"properties":{"asset_id":"osm:node/9016775290","kind":"hydrant","source":"OpenStreetMap","name":NaN,"evidence_level":"high","details":{}}},{"type":"Feature","geometry":{"type":"Point","coordinates":[-6.18518,53.2893]},"properties":{"asset_id":"osm:node/9016775299","kind":"hydrant","source":"OpenStreetMap","name":NaN,"evidence_level":"high","details":{}}},{"type":"Feature","geometry":{"type":"Point","coordinates":[-6.18887,53.29048]},"properties":{"asset_id":"osm:node/9016790523","kind":"hydrant","source":"OpenStreetMap","name":NaN,"evidence_level":"high","details":{}}},{"type":"Feature","geometry":{"type":"Point","coordinates":[-6.18881,53.28976]},"properties":{"asset_id":"osm:node/9016790526","kind":"hydrant","source":"OpenStreetMap","name":NaN,"evidence_level":"high","details":{}}},{"type":"Feature","geometry":{"type":"Point","coordinates":[-6.18619,53.28866]},"properties":{"asset_id":"osm:node/9016790527","kind":"hydrant","source":"OpenStreetMap","name":NaN,"evidence_level":"high","details":{}}},{"type":"Feature","geometry":{"type":"Point","coordinates":[-6.18622,53.28797]},"properties":{"asset_id":"osm:node/9016790536","kind":"hydrant","source":"OpenStreetMap","name":NaN,"evidence_level":"high","details":{}}},{"type":"Feature","geometry":{"type":"Point","coordinates":[-6.18573,53.28914]},"properties":{"asset_id":"osm:node/9016790538","kind":"hydrant","source":"OpenStreetMap","name":NaN,"evidence_level":"high","details":{}}},{"type":"Feature","geometry":{"type":"Point","coordinates":[-6.18451,53.28899]},"properties":{"asset_id":"osm:node/9019689394","kind":"hydrant","source":"OpenStreetMap","name":NaN,"evidence_level":"high","details":{}}},{"type":"Feature","geometry":{"type":"Point","coordinates":[-6.18393,53.28775]},"properties":{"asset_id":"osm:node/9019689397","kind":"hydrant","source":"OpenStreetMap","name":NaN,"evidence_level":"high","details":{}}},{"type":"Feature","geometry":{"type":"Point","coordinates":[-6.18469,53.28912]},"properties":{"asset_id":"osm:node/9019689409","kind":"hydrant","source":"OpenStreetMap","name":NaN,"evidence_level":"high","details":{}}},{"type":"Feature","geometry":{"type":"Point","coordinates":[-6.18404,53.28785]},"properties":{"asset_id":"osm:node/9019689412","kind":"hydrant","source":"OpenStreetMap","name":NaN,"evidence_level":"high","details":{}}},{"type":"Feature","geometry":{"type":"Point","coordinates":[-6.18553,53.28707]},"properties":{"asset_id":"osm:node/9019712234","kind":"hydrant","source":"OpenStreetMap","name":NaN,"evidence_level":"high","details":{}}},{"type":"Feature","geometry":{"type":"Point","coordinates":[-6.18268,53.28741]},"properties":{"asset_id":"osm:node/9019712278","kind":"hydrant","source":"OpenStreetMap","name":NaN,"evidence_level":"high","details":{}}},{"type":"Feature","geometry":{"type":"Point","coordinates":[-6.18495,53.2883]},"properties":{"asset_id":"osm:node/9019712292","kind":"hydrant","source":"OpenStreetMap","name":NaN,"evidence_level":"high","details":{}}},{"type":"Feature","geometry":{"type":"Point","coordinates":[-6.18473,53.28764]},"properties":{"asset_id":"osm:node/9019712293","kind":"hydrant","source":"OpenStreetMap","name":NaN,"evidence_level":"high","details":{}}},{"type":"Feature","geometry":{"type":"Point","coordinates":[-6.18301,53.28771]},"properties":{"asset_id":"osm:node/9019712299","kind":"hydrant","source":"OpenStreetMap","name":NaN,"evidence_level":"high","details":{}}},{"type":"Feature","geometry":{"type":"Point","coordinates":[-6.18529,53.28737]},"properties":{"asset_id":"osm:node/9019712303","kind":"hydrant","source":"OpenStreetMap","name":NaN,"evidence_level":"high","details":{}}},{"type":"Feature","geometry":{"type":"Point","coordinates":[-6.18255,53.28768]},"properties":{"asset_id":"osm:node/9019712309","kind":"hydrant","source":"OpenStreetMap","name":NaN,"evidence_level":"high","details":{}}},{"type":"Feature","geometry":{"type":"Point","coordinates":[-6.18468,53.2886]},"properties":{"asset_id":"osm:node/9019712310","kind":"hydrant","source":"OpenStreetMap","name":NaN,"evidence_level":"high","details":{}}},{"type":"Feature","geometry":{"type":"Point","coordinates":[-6.18103,53.28633]},"properties":{"asset_id":"osm:node/9022419500","kind":"hydrant","source":"OpenStreetMap","name":NaN,"evidence_level":"high","details":{}}},{"type":"Feature","geometry":{"type":"Point","coordinates":[-6.18173,53.28655]},"properties":{"asset_id":"osm:node/9022419503","kind":"hydrant","source":"OpenStreetMap","name":NaN,"evidence_level":"high","details":{}}},{"type":"Feature","geometry":{"type":"Point","coordinates":[-6.18383,53.28623]},"properties":{"asset_id":"osm:node/9022468720","kind":"hydrant","source":"OpenStreetMap","name":NaN,"evidence_level":"high","details":{}}},{"type":"Feature","geometry":{"type":"Point","coordinates":[-6.18478,53.28647]},"properties":{"asset_id":"osm:node/9022468722","kind":"hydrant","source":"OpenStreetMap","name":NaN,"evidence_level":"high","details":{}}},{"type":"Feature","geometry":{"type":"Point","coordinates":[-6.18584,53.28655]},"properties":{"asset_id":"osm:node/9022468730","kind":"hydrant","source":"OpenStreetMap","name":NaN,"evidence_level":"high","details":{}}},{"type":"Feature","geometry":{"type":"Point","coordinates":[-6.18314,53.28683]},"properties":{"asset_id":"osm:node/9022468757","kind":"hydrant","source":"OpenStreetMap","name":NaN,"evidence_level":"high","details":{}}},{"type":"Feature","geometry":{"type":"Point","coordinates":[-6.18338,53.2863]},"properties":{"asset_id":"osm:node/9022468766","kind":"hydrant","source":"OpenStreetMap","name":NaN,"evidence_level":"high","details":{}}},{"type":"Feature","geometry":{"type":"Point","coordinates":[-6.18141,53.28583]},"properties":{"asset_id":"osm:node/9022468777","kind":"hydrant","source":"OpenStreetMap","name":NaN,"evidence_level":"high","details":{}}},{"type":"Feature","geometry":{"type":"Point","coordinates":[-6.16127,53.26672]},"properties":{"asset_id":"osm:node/9026627203","kind":"hydrant","source":"OpenStreetMap","name":NaN,"evidence_level":"high","details":{"fire_hydrant:type":"underground","water_source":"main"}}},{"type":"Feature","geometry":{"type":"Point","coordinates":[-6.15396,53.26413]},"properties":{"asset_id":"osm:node/9026628069","kind":"hydrant","source":"OpenStreetMap","name":NaN,"evidence_level":"high","details":{"fire_hydrant:type":"underground","water_source":"main","operator":"Dublin Fire Brigade"}}},{"type":"Feature","geometry":{"type":"Point","coordinates":[-6.20975,53.30942]},"properties":{"asset_id":"osm:node/9028440986","kind":"hydrant","source":"OpenStreetMap","name":NaN,"evidence_level":"high","details":{}}},{"type":"Feature","geometry":{"type":"Point","coordinates":[-6.20454,53.30951]},"properties":{"asset_id":"osm:node/9028440988","kind":"hydrant","source":"OpenStreetMap","name":NaN,"evidence_level":"high","details":{}}},{"type":"Feature","geometry":{"type":"Point","coordinates":[-6.20749,53.31059]},"properties":{"asset_id":"osm:node/9028440990","kind":"hydrant","source":"OpenStreetMap","name":NaN,"evidence_level":"high","details":{}}},{"type":"Feature","geometry":{"type":"Point","coordinates":[-6.20809,53.31053]},"properties":{"asset_id":"osm:node/9028440993","kind":"hydrant","source":"OpenStreetMap","name":NaN,"evidence_level":"high","details":{"fire_hydrant:type":"underground"}}},{"type":"Feature","geometry":{"type":"Point","coordinates":[-6.20437,53.30824]},"properties":{"asset_id":"osm:node/9028440994","kind":"hydrant","source":"OpenStreetMap","name":NaN,"evidence_level":"high","details":{"fire_hydrant:type":"underground"}}},{"type":"Feature","geometry":{"type":"Point","coordinates":[-6.20877,53.31045]},"properties":{"asset_id":"osm:node/9028440996","kind":"hydrant","source":"OpenStreetMap","name":NaN,"evidence_level":"high","details":{}}},{"type":"Feature","geometry":{"type":"Point","coordinates":[-6.20345,53.30915]},"properties":{"asset_id":"osm:node/9028440997","kind":"hydrant","source":"OpenStreetMap","name":NaN,"evidence_level":"high","details":{"fire_hydrant:type":"underground"}}},{"type":"Feature","geometry":{"type":"Point","coordinates":[-6.21034,53.31032]},"properties":{"asset_id":"osm:node/9028440999","kind":"hydrant","source":"OpenStreetMap","name":NaN,"evidence_level":"high","details":{}}},{"type":"Feature","geometry":{"type":"Point","coordinates":[-6.2075,53.30937]},"properties":{"asset_id":"osm:node/9028441001","kind":"hydrant","source":"OpenStreetMap","name":NaN,"evidence_level":"high","details":{}}},{"type":"Feature","geometry":{"type":"Point","coordinates":[-6.20374,53.31022]},"properties":{"asset_id":"osm:node/9028441006","kind":"hydrant","source":"OpenStreetMap","name":NaN,"evidence_level":"high","details":{}}},{"type":"Feature","geometry":{"type":"Point","coordinates":[-6.2047,53.31018]},"properties":{"asset_id":"osm:node/9028441013","kind":"hydrant","source":"OpenStreetMap","name":NaN,"evidence_level":"high","details":{}}},{"type":"Feature","geometry":{"type":"Point","coordinates":[-6.21308,53.30961]},"properties":{"asset_id":"osm:node/9028441015","kind":"hydrant","source":"OpenStreetMap","name":NaN,"evidence_level":"high","details":{}}},{"type":"Feature","geometry":{"type":"Point","coordinates":[-6.20918,53.31039]},"properties":{"asset_id":"osm:node/9028446028","kind":"hydrant","source":"OpenStreetMap","name":NaN,"evidence_level":"high","details":{}}},{"type":"Feature","geometry":{"type":"Point","coordinates":[-6.21092,53.31036]},"properties":{"asset_id":"osm:node/9028446031","kind":"hydrant","source":"OpenStreetMap","name":NaN,"evidence_level":"high","details":{}}},{"type":"Feature","geometry":{"type":"Point","coordinates":[-6.21142,53.31042]},"properties":{"asset_id":"osm:node/9028446034","kind":"hydrant","source":"OpenStreetMap","name":NaN,"evidence_level":"high","details":{}}},{"type":"Feature","geometry":{"type":"Point","coordinates":[-6.20324,53.3097]},"properties":{"asset_id":"osm:node/9028446035","kind":"hydrant","source":"OpenStreetMap","name":NaN,"evidence_level":"high","details":{"fire_hydrant:type":"underground"}}},{"type":"Feature","geometry":{"type":"Point","coordinates":[-6.21258,53.31054]},"properties":{"asset_id":"osm:node/9028446037","kind":"hydrant","source":"OpenStreetMap","name":NaN,"evidence_level":"high","details":{}}},{"type":"Feature","geometry":{"type":"Point","coordinates":[-6.21326,53.31052]},"properties":{"asset_id":"osm:node/9028446040","kind":"hydrant","source":"OpenStreetMap","name":NaN,"evidence_level":"high","details":{}}},{"type":"Feature","geometry":{"type":"Point","coordinates":[-6.21347,53.30967]},"properties":{"asset_id":"osm:node/9028446048","kind":"hydrant","source":"OpenStreetMap","name":NaN,"evidence_level":"high","details":{}}},{"type":"Feature","geometry":{"type":"Point","coordinates":[-6.20595,53.31038]},"properties":{"asset_id":"osm:node/9028446050","kind":"hydrant","source":"OpenStreetMap","name":NaN,"evidence_level":"high","details":{}}},{"type":"Feature","geometry":{"type":"Point","coordinates":[-6.20694,53.31053]},"properties":{"asset_id":"osm:node/9028446053","kind":"hydrant","source":"OpenStreetMap","name":NaN,"evidence_level":"high","details":{}}},{"type":"Feature","geometry":{"type":"Point","coordinates":[-6.20463,53.30886]},"properties":{"asset_id":"osm:node/9028446054","kind":"hydrant","source":"OpenStreetMap","name":NaN,"evidence_level":"high","details":{"fire_hydrant:type":"underground"}}},{"type":"Feature","geometry":{"type":"Point","coordinates":[-6.20889,53.30991]},"properties":{"asset_id":"osm:node/9028446058","kind":"hydrant","source":"OpenStreetMap","name":NaN,"evidence_level":"high","details":{}}},{"type":"Feature","geometry":{"type":"Point","coordinates":[-6.20964,53.31035]},"properties":{"asset_id":"osm:node/9028446062","kind":"hydrant","source":"OpenStreetMap","name":NaN,"evidence_level":"high","details":{}}},{"type":"Feature","geometry":{"type":"Point","coordinates":[-6.20887,53.30953]},"properties":{"asset_id":"osm:node/9028446064","kind":"hydrant","source":"OpenStreetMap","name":NaN,"evidence_level":"high","details":{}}},{"type":"Feature","geometry":{"type":"Point","coordinates":[-6.21199,53.31049]},"properties":{"asset_id":"osm:node/9028446068","kind":"hydrant","source":"OpenStreetMap","name":NaN,"evidence_level":"high","details":{}}},{"type":"Feature","geometry":{"type":"Point","coordinates":[-6.20326,53.31029]},"properties":{"asset_id":"osm:node/9028446069","kind":"hydrant","source":"OpenStreetMap","name":NaN,"evidence_level":"high","details":{"fire_hydrant:type":"underground"}}},{"type":"Feature","geometry":{"type":"Point","coordinates":[-6.206,53.30964]},"properties":{"asset_id":"osm:node/9028446070","kind":"hydrant","source":"OpenStreetMap","name":NaN,"evidence_level":"high","details":{}}},{"type":"Feature","geometry":{"type":"Point","coordinates":[-6.21389,53.31037]},"properties":{"asset_id":"osm:node/9028446074","kind":"hydrant","source":"OpenStreetMap","name":NaN,"evidence_level":"high","details":{}}},{"type":"Feature","geometry":{"type":"Point","coordinates":[-6.2073,53.31113]},"properties":{"asset_id":"osm:node/9032539511","kind":"hydrant","source":"OpenStreetMap","name":NaN,"evidence_level":"high","details":{}}},{"type":"Feature","geometry":{"type":"Point","coordinates":[-6.21061,53.31116]},"properties":{"asset_id":"osm:node/9032539512","kind":"hydrant","source":"OpenStreetMap","name":NaN,"evidence_level":"high","details":{}}},{"type":"Feature","geometry":{"type":"Point","coordinates":[-6.2084,53.31169]},"properties":{"asset_id":"osm:node/9032539516","kind":"hydrant","source":"OpenStreetMap","name":NaN,"evidence_level":"high","details":{}}},{"type":"Feature","geometry":{"type":"Point","coordinates":[-6.20857,53.31158]},"properties":{"asset_id":"osm:node/9032565925","kind":"hydrant","source":"OpenStreetMap","name":NaN,"evidence_level":"high","details":{}}},{"type":"Feature","geometry":{"type":"Point","coordinates":[-6.20987,53.31126]},"properties":{"asset_id":"osm:node/9032565929","kind":"hydrant","source":"OpenStreetMap","name":NaN,"evidence_level":"high","details":{}}},{"type":"Feature","geometry":{"type":"Point","coordinates":[-6.20684,53.31166]},"properties":{"asset_id":"osm:node/9032565937","kind":"hydrant","source":"OpenStreetMap","name":NaN,"evidence_level":"high","details":{}}},{"type":"Feature","geometry":{"type":"Point","coordinates":[-6.20804,53.31229]},"properties":{"asset_id":"osm:node/9032565942","kind":"hydrant","source":"OpenStreetMap","name":NaN,"evidence_level":"high","details":{}}},{"type":"Feature","geometry":{"type":"Point","coordinates":[-6.21567,53.30657]},"properties":{"asset_id":"osm:node/9032565943","kind":"hydrant","source":"OpenStreetMap","name":NaN,"evidence_level":"high","details":{}}},{"type":"Feature","geometry":{"type":"Point","coordinates":[-6.20721,53.31253]},"properties":{"asset_id":"osm:node/9032565946","kind":"hydrant","source":"OpenStreetMap","name":NaN,"evidence_level":"high","details":{}}},{"type":"Feature","geometry":{"type":"Point","coordinates":[-6.20767,53.31188]},"properties":{"asset_id":"osm:node/9032565967","kind":"hydrant","source":"OpenStreetMap","name":NaN,"evidence_level":"high","details":{}}},{"type":"Feature","geometry":{"type":"Point","coordinates":[-6.21057,53.30612]},"properties":{"asset_id":"osm:node/9037326205","kind":"hydrant","source":"OpenStreetMap","name":NaN,"evidence_level":"high","details":{}}},{"type":"Feature","geometry":{"type":"Point","coordinates":[-6.21238,53.30874]},"properties":{"asset_id":"osm:node/9037326208","kind":"hydrant","source":"OpenStreetMap","name":NaN,"evidence_level":"high","details":{}}},{"type":"Feature","geometry":{"type":"Point","coordinates":[-6.21281,53.30905]},"properties":{"asset_id":"osm:node/9037326213","kind":"hydrant","source":"OpenStreetMap","name":NaN,"evidence_level":"high","details":{}}},{"type":"Feature","geometry":{"type":"Point","coordinates":[-6.21316,53.30931]},"properties":{"asset_id":"osm:node/9037350918","kind":"hydrant","source":"OpenStreetMap","name":NaN,"evidence_level":"high","details":{}}},{"type":"Feature","geometry":{"type":"Point","coordinates":[-6.21099,53.30803]},"properties":{"asset_id":"osm:node/9037350923","kind":"hydrant","source":"OpenStreetMap","name":NaN,"evidence_level":"high","details":{}}},{"type":"Feature","geometry":{"type":"Point","coordinates":[-6.211,53.30707]},"properties":{"asset_id":"osm:node/9037350938","kind":"hydrant","source":"OpenStreetMap","name":NaN,"evidence_level":"high","details":{}}},{"type":"Feature","geometry":{"type":"Point","coordinates":[-6.20917,53.30732]},"properties":{"asset_id":"osm:node/9037350963","kind":"hydrant","source":"OpenStreetMap","name":NaN,"evidence_level":"high","details":{}}},{"type":"Feature","geometry":{"type":"Point","coordinates":[-6.20854,53.30874]},"properties":{"asset_id":"osm:node/9037350983","kind":"hydrant","source":"OpenStreetMap","name":NaN,"evidence_level":"high","details":{}}},{"type":"Feature","geometry":{"type":"Point","coordinates":[-6.21153,53.30814]},"properties":{"asset_id":"osm:node/9037350987","kind":"hydrant","source":"OpenStreetMap","name":NaN,"evidence_level":"high","details":{}}},{"type":"Feature","geometry":{"type":"Point","coordinates":[-6.21198,53.3085]},"properties":{"asset_id":"osm:node/9037350997","kind":"hydrant","source":"OpenStreetMap","name":NaN,"evidence_level":"high","details":{}}},{"type":"Feature","geometry":{"type":"Point","coordinates":[-6.21006,53.30741]},"properties":{"asset_id":"osm:node/9037351011","kind":"hydrant","source":"OpenStreetMap","name":NaN,"evidence_level":"high","details":{}}},{"type":"Feature","geometry":{"type":"Point","coordinates":[-6.20464,53.30721]},"properties":{"asset_id":"osm:node/9041602868","kind":"hydrant","source":"OpenStreetMap","name":NaN,"evidence_level":"high","details":{}}},{"type":"Feature","geometry":{"type":"Point","coordinates":[-6.20612,53.30723]},"properties":{"asset_id":"osm:node/9041602883","kind":"hydrant","source":"OpenStreetMap","name":NaN,"evidence_level":"high","details":{}}},{"type":"Feature","geometry":{"type":"Point","coordinates":[-6.20593,53.30835]},"properties":{"asset_id":"osm:node/9041602884","kind":"hydrant","source":"OpenStreetMap","name":NaN,"evidence_level":"high","details":{}}},{"type":"Feature","geometry":{"type":"Point","coordinates":[-6.20695,53.30873]},"properties":{"asset_id":"osm:node/9041602889","kind":"hydrant","source":"OpenStreetMap","name":NaN,"evidence_level":"high","details":{}}},{"type":"Feature","geometry":{"type":"Point","coordinates":[-6.20422,53.30716]},"properties":{"asset_id":"osm:node/9041602909","kind":"hydrant","source":"OpenStreetMap","name":NaN,"evidence_level":"high","details":{}}},{"type":"Feature","geometry":{"type":"Point","coordinates":[-6.20584,53.30892]},"properties":{"asset_id":"osm:node/9041602911","kind":"hydrant","source":"OpenStreetMap","name":NaN,"evidence_level":"high","details":{}}},{"type":"Feature","geometry":{"type":"Point","coordinates":[-6.20652,53.30789]},"properties":{"asset_id":"osm:node/9041615040","kind":"hydrant","source":"OpenStreetMap","name":NaN,"evidence_level":"high","details":{}}},{"type":"Feature","geometry":{"type":"Point","coordinates":[-6.26499,53.39076]},"properties":{"asset_id":"osm:node/9043109845","kind":"hydrant","source":"OpenStreetMap","name":NaN,"evidence_level":"high","details":{"fire_hydrant:type":"underground","water_source":"main","operator":"Dublin Fire Brigade"}}},{"type":"Feature","geometry":{"type":"Point","coordinates":[-6.26496,53.39228]},"properties":{"asset_id":"osm:node/9043109850","kind":"hydrant","source":"OpenStreetMap","name":NaN,"evidence_level":"high","details":{"fire_hydrant:type":"underground","water_source":"main"}}},{"type":"Feature","geometry":{"type":"Point","coordinates":[-6.20784,53.30538]},"properties":{"asset_id":"osm:node/9044153775","kind":"hydrant","source":"OpenStreetMap","name":NaN,"evidence_level":"high","details":{}}},{"type":"Feature","geometry":{"type":"Point","coordinates":[-6.20862,53.30497]},"properties":{"asset_id":"osm:node/9044153776","kind":"hydrant","source":"OpenStreetMap","name":NaN,"evidence_level":"high","details":{}}},{"type":"Feature","geometry":{"type":"Point","coordinates":[-6.20923,53.30489]},"properties":{"asset_id":"osm:node/9044153777","kind":"hydrant","source":"OpenStreetMap","name":NaN,"evidence_level":"high","details":{}}},{"type":"Feature","geometry":{"type":"Point","coordinates":[-6.20426,53.30635]},"properties":{"asset_id":"osm:node/9044161426","kind":"hydrant","source":"OpenStreetMap","name":NaN,"evidence_level":"high","details":{}}},{"type":"Feature","geometry":{"type":"Point","coordinates":[-6.20366,53.30646]},"properties":{"asset_id":"osm:node/9044161436","kind":"hydrant","source":"OpenStreetMap","name":NaN,"evidence_level":"high","details":{}}},{"type":"Feature","geometry":{"type":"Point","coordinates":[-6.20239,53.30709]},"properties":{"asset_id":"osm:node/9044161451","kind":"hydrant","source":"OpenStreetMap","name":NaN,"evidence_level":"high","details":{}}},{"type":"Feature","geometry":{"type":"Point","coordinates":[-6.20279,53.30308]},"properties":{"asset_id":"osm:node/9045408843","kind":"hydrant","source":"OpenStreetMap","name":NaN,"evidence_level":"high","details":{"fire_hydrant:type":"underground","fire_hydrant:position":"sidewalk"}}},{"type":"Feature","geometry":{"type":"Point","coordinates":[-6.20212,53.30191]},"properties":{"asset_id":"osm:node/9045408879","kind":"hydrant","source":"OpenStreetMap","name":NaN,"evidence_level":"high","details":{"fire_hydrant:type":"underground","fire_hydrant:position":"sidewalk"}}},{"type":"Feature","geometry":{"type":"Point","coordinates":[-6.20176,53.303]},"properties":{"asset_id":"osm:node/9045408895","kind":"hydrant","source":"OpenStreetMap","name":NaN,"evidence_level":"high","details":{"fire_hydrant:type":"underground","fire_hydrant:position":"sidewalk"}}},{"type":"Feature","geometry":{"type":"Point","coordinates":[-6.20272,53.30341]},"properties":{"asset_id":"osm:node/9045408901","kind":"hydrant","source":"OpenStreetMap","name":NaN,"evidence_level":"high","details":{"fire_hydrant:type":"underground","fire_hydrant:position":"sidewalk"}}},{"type":"Feature","geometry":{"type":"Point","coordinates":[-6.20207,53.30316]},"properties":{"asset_id":"osm:node/9045421321","kind":"hydrant","source":"OpenStreetMap","name":NaN,"evidence_level":"high","details":{"fire_hydrant:type":"underground","fire_hydrant:position":"sidewalk"}}},{"type":"Feature","geometry":{"type":"Point","coordinates":[-6.20174,53.30164]},"properties":{"asset_id":"osm:node/9045421346","kind":"hydrant","source":"OpenStreetMap","name":NaN,"evidence_level":"high","details":{"fire_hydrant:type":"underground","fire_hydrant:position":"sidewalk"}}},{"type":"Feature","geometry":{"type":"Point","coordinates":[-6.20319,53.30307]},"properties":{"asset_id":"osm:node/9045421353","kind":"hydrant","source":"OpenStreetMap","name":NaN,"evidence_level":"high","details":{"fire_hydrant:type":"underground","fire_hydrant:position":"sidewalk"}}},{"type":"Feature","geometry":{"type":"Point","coordinates":[-6.20363,53.30068]},"properties":{"asset_id":"osm:node/9045421357","kind":"hydrant","source":"OpenStreetMap","name":NaN,"evidence_level":"high","details":{"fire_hydrant:type":"underground","fire_hydrant:position":"sidewalk"}}},{"type":"Feature","geometry":{"type":"Point","coordinates":[-6.20419,53.30361]},"properties":{"asset_id":"osm:node/9045421365","kind":"hydrant","source":"OpenStreetMap","name":NaN,"evidence_level":"high","details":{"fire_hydrant:type":"underground","fire_hydrant:position":"sidewalk"}}},{"type":"Feature","geometry":{"type":"Point","coordinates":[-6.18845,53.29118]},"properties":{"asset_id":"osm:node/9055771973","kind":"hydrant","source":"OpenStreetMap","name":NaN,"evidence_level":"high","details":{}}},{"type":"Feature","geometry":{"type":"Point","coordinates":[-6.18998,53.29145]},"properties":{"asset_id":"osm:node/9055771979","kind":"hydrant","source":"OpenStreetMap","name":NaN,"evidence_level":"high","details":{}}},{"type":"Feature","geometry":{"type":"Point","coordinates":[-6.18734,53.29216]},"properties":{"asset_id":"osm:node/9055772002","kind":"hydrant","source":"OpenStreetMap","name":NaN,"evidence_level":"high","details":{}}},{"type":"Feature","geometry":{"type":"Point","coordinates":[-6.1881,53.29099]},"properties":{"asset_id":"osm:node/9055772010","kind":"hydrant","source":"OpenStreetMap","name":NaN,"evidence_level":"high","details":{}}},{"type":"Feature","geometry":{"type":"Point","coordinates":[-6.18773,53.29216]},"properties":{"asset_id":"osm:node/9055772011","kind":"hydrant","source":"OpenStreetMap","name":NaN,"evidence_level":"high","details":{}}},{"type":"Feature","geometry":{"type":"Point","coordinates":[-6.18957,53.2919]},"properties":{"asset_id":"osm:node/9055772013","kind":"hydrant","source":"OpenStreetMap","name":NaN,"evidence_level":"high","details":{}}},{"type":"Feature","geometry":{"type":"Point","coordinates":[-6.18766,53.29111]},"properties":{"asset_id":"osm:node/9055802520","kind":"hydrant","source":"OpenStreetMap","name":NaN,"evidence_level":"high","details":{}}},{"type":"Feature","geometry":{"type":"Point","coordinates":[-6.18865,53.29185]},"properties":{"asset_id":"osm:node/9055802527","kind":"hydrant","source":"OpenStreetMap","name":NaN,"evidence_level":"high","details":{}}},{"type":"Feature","geometry":{"type":"Point","coordinates":[-6.18835,53.29097]},"properties":{"asset_id":"osm:node/9055802554","kind":"hydrant","source":"OpenStreetMap","name":NaN,"evidence_level":"high","details":{}}},{"type":"Feature","geometry":{"type":"Point","coordinates":[-6.1882,53.29186]},"properties":{"asset_id":"osm:node/9055802564","kind":"hydrant","source":"OpenStreetMap","name":NaN,"evidence_level":"high","details":{}}},{"type":"Feature","geometry":{"type":"Point","coordinates":[-6.18634,53.29061]},"properties":{"asset_id":"osm:node/9055802573","kind":"hydrant","source":"OpenStreetMap","name":NaN,"evidence_level":"high","details":{}}},{"type":"Feature","geometry":{"type":"Point","coordinates":[-6.1876,53.29055]},"properties":{"asset_id":"osm:node/9055802587","kind":"hydrant","source":"OpenStreetMap","name":NaN,"evidence_level":"high","details":{}}},{"type":"Feature","geometry":{"type":"Point","coordinates":[-6.18558,53.29284]},"properties":{"asset_id":"osm:node/9059603895","kind":"hydrant","source":"OpenStreetMap","name":NaN,"evidence_level":"high","details":{}}},{"type":"Feature","geometry":{"type":"Point","coordinates":[-6.1851,53.29197]},"properties":{"asset_id":"osm:node/9059603904","kind":"hydrant","source":"OpenStreetMap","name":NaN,"evidence_level":"high","details":{}}},{"type":"Feature","geometry":{"type":"Point","coordinates":[-6.18606,53.29169]},"properties":{"asset_id":"osm:node/9059603916","kind":"hydrant","source":"OpenStreetMap","name":NaN,"evidence_level":"high","details":{}}},{"type":"Feature","geometry":{"type":"Point","coordinates":[-6.18492,53.2928]},"properties":{"asset_id":"osm:node/9059615542","kind":"hydrant","source":"OpenStreetMap","name":NaN,"evidence_level":"high","details":{}}},{"type":"Feature","geometry":{"type":"Point","coordinates":[-6.18529,53.29132]},"properties":{"asset_id":"osm:node/9059615562","kind":"hydrant","source":"OpenStreetMap","name":NaN,"evidence_level":"high","details":{}}},{"type":"Feature","geometry":{"type":"Point","coordinates":[-6.18655,53.2922]},"properties":{"asset_id":"osm:node/9059615563","kind":"hydrant","source":"OpenStreetMap","name":NaN,"evidence_level":"high","details":{}}},{"type":"Feature","geometry":{"type":"Point","coordinates":[-6.18486,53.29121]},"properties":{"asset_id":"osm:node/9059615582","kind":"hydrant","source":"OpenStreetMap","name":NaN,"evidence_level":"high","details":{}}},{"type":"Feature","geometry":{"type":"Point","coordinates":[-6.18658,53.29281]},"properties":{"asset_id":"osm:node/9059615583","kind":"hydrant","source":"OpenStreetMap","name":NaN,"evidence_level":"high","details":{}}},{"type":"Feature","geometry":{"type":"Point","coordinates":[-6.18564,53.29204]},"properties":{"asset_id":"osm:node/9059615584","kind":"hydrant","source":"OpenStreetMap","name":NaN,"evidence_level":"high","details":{}}},{"type":"Feature","geometry":{"type":"Point","coordinates":[-6.18489,53.29236]},"properties":{"asset_id":"osm:node/9059615603","kind":"hydrant","source":"OpenStreetMap","name":NaN,"evidence_level":"high","details":{}}},{"type":"Feature","geometry":{"type":"Point","coordinates":[-6.18681,53.2926]},"properties":{"asset_id":"osm:node/9059615605","kind":"hydrant","source":"OpenStreetMap","name":NaN,"evidence_level":"high","details":{}}},{"type":"Feature","geometry":{"type":"Point","coordinates":[-6.21661,53.33343]},"properties":{"asset_id":"osm:node/9063823086","kind":"hydrant","source":"OpenStreetMap","name":NaN,"evidence_level":"high","details":{"fire_hydrant:type":"underground","water_source":"main","operator":"Dublin Fire Brigade"}}},{"type":"Feature","geometry":{"type":"Point","coordinates":[-6.23877,53.37269]},"properties":{"asset_id":"osm:node/9063823097","kind":"hydrant","source":"OpenStreetMap","name":NaN,"evidence_level":"high","details":{"fire_hydrant:type":"underground","water_source":"main","operator":"Dublin Fire Brigade"}}},{"type":"Feature","geometry":{"type":"Point","coordinates":[-6.218,53.33419]},"properties":{"asset_id":"osm:node/9063823105","kind":"hydrant","source":"OpenStreetMap","name":NaN,"evidence_level":"high","details":{"fire_hydrant:type":"underground","water_source":"main","operator":"Dublin Fire Brigade"}}},{"type":"Feature","geometry":{"type":"Point","coordinates":[-6.21915,53.33512]},"properties":{"asset_id":"osm:node/9063823110","kind":"hydrant","source":"OpenStreetMap","name":NaN,"evidence_level":"high","details":{"fire_hydrant:type":"underground","water_source":"main","operator":"Dublin Fire Brigade"}}},{"type":"Feature","geometry":{"type":"Point","coordinates":[-6.21823,53.33455]},"properties":{"asset_id":"osm:node/9063909123","kind":"hydrant","source":"OpenStreetMap","name":NaN,"evidence_level":"high","details":{"fire_hydrant:type":"underground","water_source":"main","operator":"Dublin Fire Brigade"}}},{"type":"Feature","geometry":{"type":"Point","coordinates":[-6.21604,53.33368]},"properties":{"asset_id":"osm:node/9063909152","kind":"hydrant","source":"OpenStreetMap","name":NaN,"evidence_level":"high","details":{"fire_hydrant:type":"underground","water_source":"main","operator":"Dublin Fire Brigade"}}},{"type":"Feature","geometry":{"type":"Point","coordinates":[-6.24015,53.37288]},"properties":{"asset_id":"osm:node/9063909163","kind":"hydrant","source":"OpenStreetMap","name":NaN,"evidence_level":"high","details":{"fire_hydrant:type":"underground","water_source":"main","operator":"Dublin Fire Brigade"}}},{"type":"Feature","geometry":{"type":"Point","coordinates":[-6.21834,53.33452]},"properties":{"asset_id":"osm:node/9063909165","kind":"hydrant","source":"OpenStreetMap","name":NaN,"evidence_level":"high","details":{"fire_hydrant:type":"underground","water_source":"main","operator":"Dublin Fire Brigade"}}},{"type":"Feature","geometry":{"type":"Point","coordinates":[-6.18318,53.29211]},"properties":{"asset_id":"osm:node/9066012390","kind":"hydrant","source":"OpenStreetMap","name":NaN,"evidence_level":"high","details":{}}},{"type":"Feature","geometry":{"type":"Point","coordinates":[-6.18297,53.29308]},"properties":{"asset_id":"osm:node/9066012398","kind":"hydrant","source":"OpenStreetMap","name":NaN,"evidence_level":"high","details":{}}},{"type":"Feature","geometry":{"type":"Point","coordinates":[-6.18398,53.29325]},"properties":{"asset_id":"osm:node/9066012405","kind":"hydrant","source":"OpenStreetMap","name":NaN,"evidence_level":"high","details":{}}},{"type":"Feature","geometry":{"type":"Point","coordinates":[-6.18394,53.29208]},"properties":{"asset_id":"osm:node/9066012406","kind":"hydrant","source":"OpenStreetMap","name":NaN,"evidence_level":"high","details":{}}},{"type":"Feature","geometry":{"type":"Point","coordinates":[-6.18256,53.29213]},"properties":{"asset_id":"osm:node/9066012409","kind":"hydrant","source":"OpenStreetMap","name":NaN,"evidence_level":"high","details":{}}},{"type":"Feature","geometry":{"type":"Point","coordinates":[-6.18329,53.29178]},"properties":{"asset_id":"osm:node/9066016222","kind":"hydrant","source":"OpenStreetMap","name":NaN,"evidence_level":"high","details":{}}},{"type":"Feature","geometry":{"type":"Point","coordinates":[-6.18308,53.29175]},"properties":{"asset_id":"osm:node/9066016228","kind":"hydrant","source":"OpenStreetMap","name":NaN,"evidence_level":"high","details":{}}},{"type":"Feature","geometry":{"type":"Point","coordinates":[-6.18267,53.29283]},"properties":{"asset_id":"osm:node/9066016233","kind":"hydrant","source":"OpenStreetMap","name":NaN,"evidence_level":"high","details":{}}},{"type":"Feature","geometry":{"type":"Point","coordinates":[-6.18373,53.29169]},"properties":{"asset_id":"osm:node/9066252037","kind":"hydrant","source":"OpenStreetMap","name":NaN,"evidence_level":"high","details":{}}},{"type":"Feature","geometry":{"type":"Point","coordinates":[-6.18254,53.29166]},"properties":{"asset_id":"osm:node/9066252045","kind":"hydrant","source":"OpenStreetMap","name":NaN,"evidence_level":"high","details":{}}},{"type":"Feature","geometry":{"type":"Point","coordinates":[-6.18162,53.29163]},"properties":{"asset_id":"osm:node/9066252047","kind":"hydrant","source":"OpenStreetMap","name":NaN,"evidence_level":"high","details":{}}},{"type":"Feature","geometry":{"type":"Point","coordinates":[-6.20603,53.28813]},"properties":{"asset_id":"osm:node/9075944806","kind":"hydrant","source":"OpenStreetMap","name":NaN,"evidence_level":"high","details":{"fire_hydrant:type":"underground","fire_hydrant:position":"green"}}},{"type":"Feature","geometry":{"type":"Point","coordinates":[-6.44136,53.41068]},"properties":{"asset_id":"osm:node/9076259397","kind":"drinking_fountain","source":"OpenStreetMap","name":NaN,"evidence_level":"medium","details":{}}},{"type":"Feature","geometry":{"type":"Point","coordinates":[-6.20555,53.28752]},"properties":{"asset_id":"osm:node/9083851633","kind":"hydrant","source":"OpenStreetMap","name":NaN,"evidence_level":"high","details":{"fire_hydrant:type":"underground","fire_hydrant:position":"green"}}},{"type":"Feature","geometry":{"type":"Point","coordinates":[-6.21072,53.29434]},"properties":{"asset_id":"osm:node/9087430228","kind":"hydrant","source":"OpenStreetMap","name":NaN,"evidence_level":"high","details":{"fire_hydrant:type":"underground","fire_hydrant:position":"sidewalk","fire_hydrant:diameter":"160","water_source":"main"}}},{"type":"Feature","geometry":{"type":"Point","coordinates":[-6.37405,53.28882]},"properties":{"asset_id":"osm:node/9100014670","kind":"hydrant","source":"OpenStreetMap","name":NaN,"evidence_level":"high","details":{"fire_hydrant:type":"underground","fire_hydrant:position":"sidewalk","water_source":"main","operator":"Dublin Fire Brigade"}}},{"type":"Feature","geometry":{"type":"Point","coordinates":[-6.37417,53.28798]},"properties":{"asset_id":"osm:node/9100014671","kind":"hydrant","source":"OpenStreetMap","name":NaN,"evidence_level":"high","details":{"fire_hydrant:type":"underground","fire_hydrant:position":"sidewalk","fire_hydrant:diameter":"160","water_source":"main","operator":"Dublin Fire Brigade"}}},{"type":"Feature","geometry":{"type":"Point","coordinates":[-6.37445,53.28838]},"properties":{"asset_id":"osm:node/9100014672","kind":"hydrant","source":"OpenStreetMap","name":NaN,"evidence_level":"high","details":{"fire_hydrant:type":"underground","fire_hydrant:position":"sidewalk","water_source":"main","operator":"Dublin Fire Brigade"}}},{"type":"Feature","geometry":{"type":"Point","coordinates":[-6.37251,53.28825]},"properties":{"asset_id":"osm:node/9100014673","kind":"hydrant","source":"OpenStreetMap","name":NaN,"evidence_level":"high","details":{"fire_hydrant:type":"underground","fire_hydrant:position":"sidewalk","water_source":"main","operator":"Dublin Fire Brigade"}}},{"type":"Feature","geometry":{"type":"Point","coordinates":[-6.37238,53.28871]},"properties":{"asset_id":"osm:node/9100014674","kind":"hydrant","source":"OpenStreetMap","name":NaN,"evidence_level":"high","details":{"fire_hydrant:type":"underground","fire_hydrant:position":"sidewalk","water_source":"main","operator":"Dublin Fire Brigade"}}},{"type":"Feature","geometry":{"type":"Point","coordinates":[-6.37431,53.28928]},"properties":{"asset_id":"osm:node/9100014675","kind":"hydrant","source":"OpenStreetMap","name":NaN,"evidence_level":"high","details":{"fire_hydrant:type":"underground","fire_hydrant:position":"sidewalk","water_source":"main","operator":"Dublin Fire Brigade"}}},{"type":"Feature","geometry":{"type":"Point","coordinates":[-6.37515,53.28918]},"properties":{"asset_id":"osm:node/9100014676","kind":"hydrant","source":"OpenStreetMap","name":NaN,"evidence_level":"high","details":{"fire_hydrant:type":"underground","fire_hydrant:position":"sidewalk","water_source":"main","operator":"Dublin Fire Brigade"}}},{"type":"Feature","geometry":{"type":"Point","coordinates":[-6.37541,53.28869]},"properties":{"asset_id":"osm:node/9100014677","kind":"hydrant","source":"OpenStreetMap","name":NaN,"evidence_level":"high","details":{"fire_hydrant:type":"underground","fire_hydrant:position":"sidewalk","water_source":"main","operator":"Dublin Fire Brigade"}}},{"type":"Feature","geometry":{"type":"Point","coordinates":[-6.3753,53.28832]},"properties":{"asset_id":"osm:node/9100014678","kind":"hydrant","source":"OpenStreetMap","name":NaN,"evidence_level":"high","details":{"fire_hydrant:type":"underground","fire_hydrant:position":"sidewalk","water_source":"main","operator":"Dublin Fire Brigade"}}},{"type":"Feature","geometry":{"type":"Point","coordinates":[-6.37504,53.2876]},"properties":{"asset_id":"osm:node/9100014679","kind":"hydrant","source":"OpenStreetMap","name":NaN,"evidence_level":"high","details":{"fire_hydrant:type":"underground","fire_hydrant:position":"sidewalk","water_source":"main","operator":"Dublin Fire Brigade"}}},{"type":"Feature","geometry":{"type":"Point","coordinates":[-6.37352,53.2872]},"properties":{"asset_id":"osm:node/9100014680","kind":"hydrant","source":"OpenStreetMap","name":NaN,"evidence_level":"high","details":{"fire_hydrant:type":"underground","fire_hydrant:position":"sidewalk","water_source":"main"}}},{"type":"Feature","geometry":{"type":"Point","coordinates":[-6.37312,53.28726]},"properties":{"asset_id":"osm:node/9100014681","kind":"hydrant","source":"OpenStreetMap","name":NaN,"evidence_level":"high","details":{"fire_hydrant:type":"underground","fire_hydrant:position":"sidewalk","water_source":"main"}}},{"type":"Feature","geometry":{"type":"Point","coordinates":[-6.37264,53.28731]},"properties":{"asset_id":"osm:node/9100014682","kind":"hydrant","source":"OpenStreetMap","name":NaN,"evidence_level":"high","details":{"fire_hydrant:type":"underground","fire_hydrant:position":"sidewalk","water_source":"main"}}},{"type":"Feature","geometry":{"type":"Point","coordinates":[-6.37206,53.28739]},"properties":{"asset_id":"osm:node/9100014683","kind":"hydrant","source":"OpenStreetMap","name":NaN,"evidence_level":"high","details":{"fire_hydrant:type":"underground","fire_hydrant:position":"sidewalk","water_source":"main"}}},{"type":"Feature","geometry":{"type":"Point","coordinates":[-6.37099,53.28755]},"properties":{"asset_id":"osm:node/9100014684","kind":"hydrant","source":"OpenStreetMap","name":NaN,"evidence_level":"high","details":{"fire_hydrant:type":"underground","fire_hydrant:position":"sidewalk","water_source":"main"}}},{"type":"Feature","geometry":{"type":"Point","coordinates":[-6.17998,53.44577]},"properties":{"asset_id":"osm:node/9116737104","kind":"hydrant","source":"OpenStreetMap","name":NaN,"evidence_level":"high","details":{"fire_hydrant:type":"underground","water_source":"main"}}},{"type":"Feature","geometry":{"type":"Point","coordinates":[-6.17761,53.44392]},"properties":{"asset_id":"osm:node/9116737140","kind":"hydrant","source":"OpenStreetMap","name":NaN,"evidence_level":"high","details":{"fire_hydrant:type":"underground","water_source":"main"}}},{"type":"Feature","geometry":{"type":"Point","coordinates":[-6.18425,53.44468]},"properties":{"asset_id":"osm:node/9116942248","kind":"hydrant","source":"OpenStreetMap","name":NaN,"evidence_level":"high","details":{"fire_hydrant:type":"underground","water_source":"main"}}},{"type":"Feature","geometry":{"type":"Point","coordinates":[-6.23193,53.34955]},"properties":{"asset_id":"osm:node/9122356833","kind":"hydrant","source":"OpenStreetMap","name":NaN,"evidence_level":"high","details":{"fire_hydrant:type":"underground","water_source":"main"}}},{"type":"Feature","geometry":{"type":"Point","coordinates":[-6.19172,53.2828]},"properties":{"asset_id":"osm:node/9142489466","kind":"hydrant","source":"OpenStreetMap","name":NaN,"evidence_level":"high","details":{"fire_hydrant:type":"underground","fire_hydrant:position":"sidewalk"}}},{"type":"Feature","geometry":{"type":"Point","coordinates":[-6.19092,53.28303]},"properties":{"asset_id":"osm:node/9142489467","kind":"hydrant","source":"OpenStreetMap","name":NaN,"evidence_level":"high","details":{"fire_hydrant:type":"underground","fire_hydrant:position":"sidewalk"}}},{"type":"Feature","geometry":{"type":"Point","coordinates":[-6.19015,53.28348]},"properties":{"asset_id":"osm:node/9142489468","kind":"hydrant","source":"OpenStreetMap","name":NaN,"evidence_level":"high","details":{"fire_hydrant:type":"underground","fire_hydrant:position":"sidewalk"}}},{"type":"Feature","geometry":{"type":"Point","coordinates":[-6.19087,53.28383]},"properties":{"asset_id":"osm:node/9142489469","kind":"hydrant","source":"OpenStreetMap","name":NaN,"evidence_level":"high","details":{"fire_hydrant:type":"underground","fire_hydrant:position":"sidewalk"}}},{"type":"Feature","geometry":{"type":"Point","coordinates":[-6.19165,53.28371]},"properties":{"asset_id":"osm:node/9142489484","kind":"hydrant","source":"OpenStreetMap","name":NaN,"evidence_level":"high","details":{"fire_hydrant:type":"underground","fire_hydrant:position":"sidewalk"}}},{"type":"Feature","geometry":{"type":"Point","coordinates":[-6.46627,53.28168]},"properties":{"asset_id":"osm:node/9162689801","kind":"drinking_fountain","source":"OpenStreetMap","name":NaN,"evidence_level":"medium","details":{}}},{"type":"Feature","geometry":{"type":"Point","coordinates":[-6.20093,53.28711]},"properties":{"asset_id":"osm:node/9193099742","kind":"hydrant","source":"OpenStreetMap","name":NaN,"evidence_level":"high","details":{"fire_hydrant:type":"underground","fire_hydrant:position":"sidewalk"}}},{"type":"Feature","geometry":{"type":"Point","coordinates":[-6.20202,53.28731]},"properties":{"asset_id":"osm:node/9193099743","kind":"hydrant","source":"OpenStreetMap","name":NaN,"evidence_level":"high","details":{"fire_hydrant:type":"underground","fire_hydrant:position":"sidewalk"}}},{"type":"Feature","geometry":{"type":"Point","coordinates":[-6.27673,53.31606]},"properties":{"asset_id":"osm:node/9215892968","kind":"hydrant","source":"OpenStreetMap","name":NaN,"evidence_level":"high","details":{"fire_hydrant:type":"underground","water_source":"main"}}},{"type":"Feature","geometry":{"type":"Point","coordinates":[-6.27561,53.35885]},"properties":{"asset_id":"osm:node/9221074959","kind":"water_well","source":"OpenStreetMap","name":NaN,"evidence_level":NaN,"details":{}}},{"type":"Feature","geometry":{"type":"Point","coordinates":[-6.20073,53.28823]},"properties":{"asset_id":"osm:node/9243642610","kind":"hydrant","source":"OpenStreetMap","name":NaN,"evidence_level":"high","details":{"fire_hydrant:type":"underground","fire_hydrant:position":"sidewalk"}}},{"type":"Feature","geometry":{"type":"Point","coordinates":[-6.11332,53.25743]},"properties":{"asset_id":"osm:node/9278859967","kind":"drinking_fountain","source":"OpenStreetMap","name":NaN,"evidence_level":"medium","details":{}}},{"type":"Feature","geometry":{"type":"Point","coordinates":[-6.11254,53.25749]},"properties":{"asset_id":"osm:node/9278865356","kind":"drinking_fountain","source":"OpenStreetMap","name":NaN,"evidence_level":"medium","details":{}}},{"type":"Feature","geometry":{"type":"Point","coordinates":[-6.20573,53.29996]},"properties":{"asset_id":"osm:node/9292893688","kind":"hydrant","source":"OpenStreetMap","name":NaN,"evidence_level":"high","details":{"fire_hydrant:type":"underground","fire_hydrant:diameter":"0.90","water_source":"main"}}},{"type":"Feature","geometry":{"type":"Point","coordinates":[-6.20769,53.30186]},"properties":{"asset_id":"osm:node/9292893693","kind":"hydrant","source":"OpenStreetMap","name":NaN,"evidence_level":"high","details":{"fire_hydrant:type":"underground","fire_hydrant:position":"sidewalk","fire_hydrant:diameter":"110"}}},{"type":"Feature","geometry":{"type":"Point","coordinates":[-6.20815,53.27636]},"properties":{"asset_id":"osm:node/9308318107","kind":"hydrant","source":"OpenStreetMap","name":NaN,"evidence_level":"high","details":{"fire_hydrant:type":"underground","fire_hydrant:position":"sidewalk"}}},{"type":"Feature","geometry":{"type":"Point","coordinates":[-6.20786,53.27666]},"properties":{"asset_id":"osm:node/9308318108","kind":"hydrant","source":"OpenStreetMap","name":NaN,"evidence_level":"high","details":{"fire_hydrant:type":"underground","fire_hydrant:position":"sidewalk"}}},{"type":"Feature","geometry":{"type":"Point","coordinates":[-6.20763,53.27691]},"properties":{"asset_id":"osm:node/9308318109","kind":"hydrant","source":"OpenStreetMap","name":NaN,"evidence_level":"high","details":{"fire_hydrant:type":"underground","fire_hydrant:position":"sidewalk"}}},{"type":"Feature","geometry":{"type":"Point","coordinates":[-6.2074,53.27717]},"properties":{"asset_id":"osm:node/9308318110","kind":"hydrant","source":"OpenStreetMap","name":NaN,"evidence_level":"high","details":{"fire_hydrant:type":"underground","fire_hydrant:position":"sidewalk"}}},{"type":"Feature","geometry":{"type":"Point","coordinates":[-6.21154,53.28243]},"properties":{"asset_id":"osm:node/9310810357","kind":"hydrant","source":"OpenStreetMap","name":NaN,"evidence_level":"high","details":{"fire_hydrant:type":"underground"}}},{"type":"Feature","geometry":{"type":"Point","coordinates":[-6.21001,53.28235]},"properties":{"asset_id":"osm:node/9310810363","kind":"hydrant","source":"OpenStreetMap","name":NaN,"evidence_level":"high","details":{"fire_hydrant:type":"underground"}}},{"type":"Feature","geometry":{"type":"Point","coordinates":[-6.20982,53.28311]},"properties":{"asset_id":"osm:node/9310842921","kind":"hydrant","source":"OpenStreetMap","name":NaN,"evidence_level":"high","details":{"fire_hydrant:type":"underground"}}},{"type":"Feature","geometry":{"type":"Point","coordinates":[-6.21093,53.28361]},"properties":{"asset_id":"osm:node/9310842922","kind":"hydrant","source":"OpenStreetMap","name":NaN,"evidence_level":"high","details":{"fire_hydrant:type":"underground"}}},{"type":"Feature","geometry":{"type":"Point","coordinates":[-6.21234,53.28341]},"properties":{"asset_id":"osm:node/9315029455","kind":"hydrant","source":"OpenStreetMap","name":NaN,"evidence_level":"high","details":{"fire_hydrant:type":"underground"}}},{"type":"Feature","geometry":{"type":"Point","coordinates":[-6.21024,53.28166]},"properties":{"asset_id":"osm:node/9315029457","kind":"hydrant","source":"OpenStreetMap","name":NaN,"evidence_level":"high","details":{"fire_hydrant:type":"underground"}}},{"type":"Feature","geometry":{"type":"Point","coordinates":[-6.21282,53.28181]},"properties":{"asset_id":"osm:node/9315029458","kind":"hydrant","source":"OpenStreetMap","name":NaN,"evidence_level":"high","details":{"fire_hydrant:type":"underground"}}},{"type":"Feature","geometry":{"type":"Point","coordinates":[-6.21184,53.28358]},"properties":{"asset_id":"osm:node/9315029474","kind":"hydrant","source":"OpenStreetMap","name":NaN,"evidence_level":"high","details":{"fire_hydrant:type":"underground"}}},{"type":"Feature","geometry":{"type":"Point","coordinates":[-6.21216,53.28325]},"properties":{"asset_id":"osm:node/9315029477","kind":"hydrant","source":"OpenStreetMap","name":NaN,"evidence_level":"high","details":{"fire_hydrant:type":"underground"}}},{"type":"Feature","geometry":{"type":"Point","coordinates":[-6.21117,53.28165]},"properties":{"asset_id":"osm:node/9315029482","kind":"hydrant","source":"OpenStreetMap","name":NaN,"evidence_level":"high","details":{"fire_hydrant:type":"underground"}}},{"type":"Feature","geometry":{"type":"Point","coordinates":[-6.21291,53.28233]},"properties":{"asset_id":"osm:node/9315029483","kind":"hydrant","source":"OpenStreetMap","name":NaN,"evidence_level":"high","details":{"fire_hydrant:type":"underground"}}},{"type":"Feature","geometry":{"type":"Point","coordinates":[-6.21192,53.28315]},"properties":{"asset_id":"osm:node/9315029495","kind":"hydrant","source":"OpenStreetMap","name":NaN,"evidence_level":"high","details":{"fire_hydrant:type":"underground"}}},{"type":"Feature","geometry":{"type":"Point","coordinates":[-6.21246,53.28178]},"properties":{"asset_id":"osm:node/9315029498","kind":"hydrant","source":"OpenStreetMap","name":NaN,"evidence_level":"high","details":{"fire_hydrant:type":"underground"}}},{"type":"Feature","geometry":{"type":"Point","coordinates":[-6.21063,53.28148]},"properties":{"asset_id":"osm:node/9315029515","kind":"hydrant","source":"OpenStreetMap","name":NaN,"evidence_level":"high","details":{"fire_hydrant:type":"underground"}}},{"type":"Feature","geometry":{"type":"Point","coordinates":[-6.23646,53.29246]},"properties":{"asset_id":"osm:node/9337797576","kind":"hydrant","source":"OpenStreetMap","name":NaN,"evidence_level":"high","details":{"fire_hydrant:type":"underground"}}},{"type":"Feature","geometry":{"type":"Point","coordinates":[-6.23515,53.29219]},"properties":{"asset_id":"osm:node/9337797578","kind":"hydrant","source":"OpenStreetMap","name":NaN,"evidence_level":"high","details":{"fire_hydrant:type":"underground"}}},{"type":"Feature","geometry":{"type":"Point","coordinates":[-6.23295,53.29401]},"properties":{"asset_id":"osm:node/9337797599","kind":"hydrant","source":"OpenStreetMap","name":NaN,"evidence_level":"high","details":{"fire_hydrant:type":"underground"}}},{"type":"Feature","geometry":{"type":"Point","coordinates":[-6.23407,53.29315]},"properties":{"asset_id":"osm:node/9337799525","kind":"hydrant","source":"OpenStreetMap","name":NaN,"evidence_level":"high","details":{"fire_hydrant:type":"underground"}}},{"type":"Feature","geometry":{"type":"Point","coordinates":[-6.23217,53.29342]},"properties":{"asset_id":"osm:node/9337799546","kind":"hydrant","source":"OpenStreetMap","name":NaN,"evidence_level":"high","details":{"fire_hydrant:type":"underground"}}},{"type":"Feature","geometry":{"type":"Point","coordinates":[-6.23297,53.2937]},"properties":{"asset_id":"osm:node/9337799608","kind":"hydrant","source":"OpenStreetMap","name":NaN,"evidence_level":"high","details":{"fire_hydrant:type":"underground"}}},{"type":"Feature","geometry":{"type":"Point","coordinates":[-6.26527,53.28793]},"properties":{"asset_id":"osm:node/9343830556","kind":"hydrant","source":"OpenStreetMap","name":NaN,"evidence_level":"high","details":{"fire_hydrant:type":"underground"}}},{"type":"Feature","geometry":{"type":"Point","coordinates":[-6.26525,53.28809]},"properties":{"asset_id":"osm:node/9343830557","kind":"hydrant","source":"OpenStreetMap","name":NaN,"evidence_level":"high","details":{"fire_hydrant:type":"underground"}}},{"type":"Feature","geometry":{"type":"Point","coordinates":[-6.26795,53.28473]},"properties":{"asset_id":"osm:node/9343830558","kind":"hydrant","source":"OpenStreetMap","name":NaN,"evidence_level":"high","details":{"fire_hydrant:type":"underground"}}},{"type":"Feature","geometry":{"type":"Point","coordinates":[-6.23845,53.29903]},"properties":{"asset_id":"osm:node/9353440222","kind":"hydrant","source":"OpenStreetMap","name":NaN,"evidence_level":"high","details":{"fire_hydrant:type":"underground"}}},{"type":"Feature","geometry":{"type":"Point","coordinates":[-6.23817,53.29836]},"properties":{"asset_id":"osm:node/9353440231","kind":"hydrant","source":"OpenStreetMap","name":NaN,"evidence_level":"high","details":{"fire_hydrant:type":"underground"}}},{"type":"Feature","geometry":{"type":"Point","coordinates":[-6.23863,53.30056]},"properties":{"asset_id":"osm:node/9353440245","kind":"hydrant","source":"OpenStreetMap","name":NaN,"evidence_level":"high","details":{"fire_hydrant:type":"underground"}}},{"type":"Feature","geometry":{"type":"Point","coordinates":[-6.14701,53.28871]},"properties":{"asset_id":"osm:node/9355333059","kind":"hydrant","source":"OpenStreetMap","name":NaN,"evidence_level":"high","details":{"fire_hydrant:type":"underground","water_source":"main","operator":"Dublin Fire Brigade"}}},{"type":"Feature","geometry":{"type":"Point","coordinates":[-6.14731,53.28916]},"properties":{"asset_id":"osm:node/9355333060","kind":"hydrant","source":"OpenStreetMap","name":NaN,"evidence_level":"high","details":{"fire_hydrant:type":"underground","water_source":"main","operator":"Dublin Fire Brigade"}}},{"type":"Feature","geometry":{"type":"Point","coordinates":[-6.15257,53.28876]},"properties":{"asset_id":"osm:node/9355333061","kind":"hydrant","source":"OpenStreetMap","name":NaN,"evidence_level":"high","details":{"fire_hydrant:type":"underground","water_source":"main","operator":"Dublin Fire Brigade"}}},{"type":"Feature","geometry":{"type":"Point","coordinates":[-6.23823,53.29668]},"properties":{"asset_id":"osm:node/9355861791","kind":"hydrant","source":"OpenStreetMap","name":NaN,"evidence_level":"high","details":{"fire_hydrant:type":"underground"}}},{"type":"Feature","geometry":{"type":"Point","coordinates":[-6.23549,53.29654]},"properties":{"asset_id":"osm:node/9355861794","kind":"hydrant","source":"OpenStreetMap","name":NaN,"evidence_level":"high","details":{"fire_hydrant:type":"underground"}}},{"type":"Feature","geometry":{"type":"Point","coordinates":[-6.23378,53.29605]},"properties":{"asset_id":"osm:node/9355861810","kind":"hydrant","source":"OpenStreetMap","name":NaN,"evidence_level":"high","details":{"fire_hydrant:type":"underground"}}},{"type":"Feature","geometry":{"type":"Point","coordinates":[-6.23793,53.29731]},"properties":{"asset_id":"osm:node/9355878233","kind":"hydrant","source":"OpenStreetMap","name":NaN,"evidence_level":"high","details":{"fire_hydrant:type":"underground"}}},{"type":"Feature","geometry":{"type":"Point","coordinates":[-6.23673,53.29775]},"properties":{"asset_id":"osm:node/9355878240","kind":"hydrant","source":"OpenStreetMap","name":NaN,"evidence_level":"high","details":{"fire_hydrant:type":"underground"}}},{"type":"Feature","geometry":{"type":"Point","coordinates":[-6.23449,53.29632]},"properties":{"asset_id":"osm:node/9355878245","kind":"hydrant","source":"OpenStreetMap","name":NaN,"evidence_level":"high","details":{"fire_hydrant:type":"underground"}}},{"type":"Feature","geometry":{"type":"Point","coordinates":[-6.2047,53.28603]},"properties":{"asset_id":"osm:node/9358432016","kind":"hydrant","source":"OpenStreetMap","name":NaN,"evidence_level":"high","details":{"fire_hydrant:type":"underground"}}},{"type":"Feature","geometry":{"type":"Point","coordinates":[-6.204,53.28634]},"properties":{"asset_id":"osm:node/9358457719","kind":"hydrant","source":"OpenStreetMap","name":NaN,"evidence_level":"high","details":{"fire_hydrant:type":"underground"}}},{"type":"Feature","geometry":{"type":"Point","coordinates":[-6.17024,53.40673]},"properties":{"asset_id":"osm:node/9362982185","kind":"hydrant","source":"OpenStreetMap","name":NaN,"evidence_level":"high","details":{"fire_hydrant:type":"underground","water_source":"main"}}},{"type":"Feature","geometry":{"type":"Point","coordinates":[-6.15654,53.41381]},"properties":{"asset_id":"osm:node/9363060099","kind":"hydrant","source":"OpenStreetMap","name":NaN,"evidence_level":"high","details":{"fire_hydrant:type":"underground","water_source":"main"}}},{"type":"Feature","geometry":{"type":"Point","coordinates":[-6.15947,53.4135]},"properties":{"asset_id":"osm:node/9363066025","kind":"hydrant","source":"OpenStreetMap","name":NaN,"evidence_level":"high","details":{"fire_hydrant:type":"underground","water_source":"main"}}},{"type":"Feature","geometry":{"type":"Point","coordinates":[-6.15798,53.41386]},"properties":{"asset_id":"osm:node/9363066036","kind":"hydrant","source":"OpenStreetMap","name":NaN,"evidence_level":"high","details":{"fire_hydrant:type":"underground","water_source":"main"}}},{"type":"Feature","geometry":{"type":"Point","coordinates":[-6.28315,53.37262]},"properties":{"asset_id":"osm:node/9370423106","kind":"hydrant","source":"OpenStreetMap","name":NaN,"evidence_level":"high","details":{"fire_hydrant:type":"underground","fire_hydrant:position":"sidewalk","water_source":"main","operator":"Dublin Fire Brigade"}}},{"type":"Feature","geometry":{"type":"Point","coordinates":[-6.28358,53.37248]},"properties":{"asset_id":"osm:node/9370423107","kind":"hydrant","source":"OpenStreetMap","name":NaN,"evidence_level":"high","details":{"fire_hydrant:type":"underground","fire_hydrant:position":"sidewalk","water_source":"main","operator":"Dublin Fire Brigade"}}},{"type":"Feature","geometry":{"type":"Point","coordinates":[-6.28413,53.37252]},"properties":{"asset_id":"osm:node/9370423108","kind":"hydrant","source":"OpenStreetMap","name":NaN,"evidence_level":"high","details":{"fire_hydrant:type":"underground","fire_hydrant:position":"sidewalk","water_source":"main","operator":"Dublin Fire Brigade"}}},{"type":"Feature","geometry":{"type":"Point","coordinates":[-6.2854,53.32122]},"properties":{"asset_id":"osm:node/9383776147","kind":"hydrant","source":"OpenStreetMap","name":NaN,"evidence_level":"high","details":{"fire_hydrant:type":"underground","fire_hydrant:position":"sidewalk","water_source":"main"}}},{"type":"Feature","geometry":{"type":"Point","coordinates":[-6.28599,53.3214]},"properties":{"asset_id":"osm:node/9383776148","kind":"hydrant","source":"OpenStreetMap","name":NaN,"evidence_level":"high","details":{"fire_hydrant:type":"underground","fire_hydrant:position":"sidewalk","water_source":"main"}}},{"type":"Feature","geometry":{"type":"Point","coordinates":[-6.28339,53.31966]},"properties":{"asset_id":"osm:node/9383776149","kind":"hydrant","source":"OpenStreetMap","name":NaN,"evidence_level":"high","details":{"fire_hydrant:type":"underground","fire_hydrant:position":"sidewalk","water_source":"main","operator":"Dublin Fire Brigade"}}},{"type":"Feature","geometry":{"type":"Point","coordinates":[-6.21229,53.30424]},"properties":{"asset_id":"osm:node/9389436379","kind":"hydrant","source":"OpenStreetMap","name":NaN,"evidence_level":"high","details":{"ref":"H10-02"}}},{"type":"Feature","geometry":{"type":"Point","coordinates":[-6.16332,53.40857]},"properties":{"asset_id":"osm:node/9394632106","kind":"hydrant","source":"OpenStreetMap","name":NaN,"evidence_level":"high","details":{"fire_hydrant:type":"underground","water_source":"main"}}},{"type":"Feature","geometry":{"type":"Point","coordinates":[-6.1589,53.41315]},"properties":{"asset_id":"osm:node/9395138300","kind":"hydrant","source":"OpenStreetMap","name":NaN,"evidence_level":"high","details":{"fire_hydrant:type":"underground","water_source":"main"}}},{"type":"Feature","geometry":{"type":"Point","coordinates":[-6.20168,53.29877]},"properties":{"asset_id":"osm:node/9396740573","kind":"hydrant","source":"OpenStreetMap","name":NaN,"evidence_level":"high","details":{"fire_hydrant:type":"underground"}}},{"type":"Feature","geometry":{"type":"Point","coordinates":[-6.20231,53.2993]},"properties":{"asset_id":"osm:node/9396740610","kind":"hydrant","source":"OpenStreetMap","name":NaN,"evidence_level":"high","details":{"fire_hydrant:type":"underground"}}},{"type":"Feature","geometry":{"type":"Point","coordinates":[-6.20213,53.29926]},"properties":{"asset_id":"osm:node/9396740614","kind":"hydrant","source":"OpenStreetMap","name":NaN,"evidence_level":"high","details":{"fire_hydrant:type":"underground"}}},{"type":"Feature","geometry":{"type":"Point","coordinates":[-6.20243,53.29801]},"properties":{"asset_id":"osm:node/9396809020","kind":"hydrant","source":"OpenStreetMap","name":NaN,"evidence_level":"high","details":{"fire_hydrant:type":"underground"}}},{"type":"Feature","geometry":{"type":"Point","coordinates":[-6.20094,53.2987]},"properties":{"asset_id":"osm:node/9396809021","kind":"hydrant","source":"OpenStreetMap","name":NaN,"evidence_level":"high","details":{"fire_hydrant:type":"underground"}}},{"type":"Feature","geometry":{"type":"Point","coordinates":[-6.20099,53.29952]},"properties":{"asset_id":"osm:node/9396809032","kind":"hydrant","source":"OpenStreetMap","name":NaN,"evidence_level":"high","details":{"fire_hydrant:type":"underground"}}},{"type":"Feature","geometry":{"type":"Point","coordinates":[-6.25145,53.3375]},"properties":{"asset_id":"osm:node/9415197120","kind":"hydrant","source":"OpenStreetMap","name":NaN,"evidence_level":"high","details":{"fire_hydrant:type":"underground","water_source":"main"}}},{"type":"Feature","geometry":{"type":"Point","coordinates":[-6.40647,53.50893]},"properties":{"asset_id":"osm:node/9426642941","kind":"hydrant","source":"OpenStreetMap","name":NaN,"evidence_level":"high","details":{"fire_hydrant:type":"underground","water_source":"main"}}},{"type":"Feature","geometry":{"type":"Point","coordinates":[-6.40419,53.50873]},"properties":{"asset_id":"osm:node/9426642942","kind":"hydrant","source":"OpenStreetMap","name":NaN,"evidence_level":"high","details":{"fire_hydrant:type":"underground","water_source":"main"}}},{"type":"Feature","geometry":{"type":"Point","coordinates":[-6.41082,53.50781]},"properties":{"asset_id":"osm:node/9426690509","kind":"hydrant","source":"OpenStreetMap","name":NaN,"evidence_level":"high","details":{"fire_hydrant:type":"underground","water_source":"main"}}},{"type":"Feature","geometry":{"type":"Point","coordinates":[-6.41178,53.50777]},"properties":{"asset_id":"osm:node/9426690510","kind":"hydrant","source":"OpenStreetMap","name":NaN,"evidence_level":"high","details":{"fire_hydrant:type":"underground","water_source":"main"}}},{"type":"Feature","geometry":{"type":"Point","coordinates":[-6.23745,53.29412]},"properties":{"asset_id":"osm:node/9492397099","kind":"hydrant","source":"OpenStreetMap","name":NaN,"evidence_level":"high","details":{"fire_hydrant:type":"underground"}}},{"type":"Feature","geometry":{"type":"Point","coordinates":[-6.23972,53.29648]},"properties":{"asset_id":"osm:node/9492397109","kind":"hydrant","source":"OpenStreetMap","name":NaN,"evidence_level":"high","details":{"fire_hydrant:type":"underground"}}},{"type":"Feature","geometry":{"type":"Point","coordinates":[-6.23957,53.29761]},"properties":{"asset_id":"osm:node/9492397115","kind":"hydrant","source":"OpenStreetMap","name":NaN,"evidence_level":"high","details":{}}},{"type":"Feature","geometry":{"type":"Point","coordinates":[-6.2382,53.29483]},"properties":{"asset_id":"osm:node/9492432820","kind":"hydrant","source":"OpenStreetMap","name":NaN,"evidence_level":"high","details":{"fire_hydrant:type":"underground","water_source":"main"}}},{"type":"Feature","geometry":{"type":"Point","coordinates":[-6.23772,53.2955]},"properties":{"asset_id":"osm:node/9492432834","kind":"hydrant","source":"OpenStreetMap","name":NaN,"evidence_level":"high","details":{"fire_hydrant:type":"underground"}}},{"type":"Feature","geometry":{"type":"Point","coordinates":[-6.23954,53.29768]},"properties":{"asset_id":"osm:node/9492432836","kind":"hydrant","source":"OpenStreetMap","name":NaN,"evidence_level":"high","details":{"fire_hydrant:type":"underground"}}},{"type":"Feature","geometry":{"type":"Point","coordinates":[-6.18876,53.28089]},"properties":{"asset_id":"osm:node/9495539925","kind":"hydrant","source":"OpenStreetMap","name":NaN,"evidence_level":"high","details":{"fire_hydrant:type":"underground","water_source":"main"}}},{"type":"Feature","geometry":{"type":"Point","coordinates":[-6.18668,53.28122]},"properties":{"asset_id":"osm:node/9495539943","kind":"hydrant","source":"OpenStreetMap","name":NaN,"evidence_level":"high","details":{"fire_hydrant:type":"underground","water_source":"main"}}},{"type":"Feature","geometry":{"type":"Point","coordinates":[-6.18759,53.28094]},"properties":{"asset_id":"osm:node/9495539945","kind":"hydrant","source":"OpenStreetMap","name":NaN,"evidence_level":"high","details":{"fire_hydrant:type":"underground","water_source":"main"}}},{"type":"Feature","geometry":{"type":"Point","coordinates":[-6.18812,53.28059]},"properties":{"asset_id":"osm:node/9495539949","kind":"hydrant","source":"OpenStreetMap","name":NaN,"evidence_level":"high","details":{"fire_hydrant:type":"underground","water_source":"main"}}},{"type":"Feature","geometry":{"type":"Point","coordinates":[-6.18654,53.28278]},"properties":{"asset_id":"osm:node/9498345892","kind":"hydrant","source":"OpenStreetMap","name":NaN,"evidence_level":"high","details":{"fire_hydrant:type":"underground","water_source":"main"}}},{"type":"Feature","geometry":{"type":"Point","coordinates":[-6.18803,53.28171]},"properties":{"asset_id":"osm:node/9498363217","kind":"hydrant","source":"OpenStreetMap","name":NaN,"evidence_level":"high","details":{"fire_hydrant:type":"underground","water_source":"main"}}},{"type":"Feature","geometry":{"type":"Point","coordinates":[-6.18779,53.28192]},"properties":{"asset_id":"osm:node/9498363223","kind":"hydrant","source":"OpenStreetMap","name":NaN,"evidence_level":"high","details":{"fire_hydrant:type":"underground","water_source":"main"}}},{"type":"Feature","geometry":{"type":"Point","coordinates":[-6.18749,53.28225]},"properties":{"asset_id":"osm:node/9498363238","kind":"hydrant","source":"OpenStreetMap","name":NaN,"evidence_level":"high","details":{"fire_hydrant:type":"underground","water_source":"main"}}},{"type":"Feature","geometry":{"type":"Point","coordinates":[-6.18723,53.28286]},"properties":{"asset_id":"osm:node/9498363250","kind":"hydrant","source":"OpenStreetMap","name":NaN,"evidence_level":"high","details":{"fire_hydrant:type":"underground","water_source":"main"}}},{"type":"Feature","geometry":{"type":"Point","coordinates":[-6.18798,53.2813]},"properties":{"asset_id":"osm:node/9498363282","kind":"hydrant","source":"OpenStreetMap","name":NaN,"evidence_level":"high","details":{"fire_hydrant:type":"underground","water_source":"main"}}},{"type":"Feature","geometry":{"type":"Point","coordinates":[-6.18476,53.2825]},"properties":{"asset_id":"osm:node/9500953738","kind":"hydrant","source":"OpenStreetMap","name":NaN,"evidence_level":"high","details":{"fire_hydrant:type":"underground","fire_hydrant:position":"sidewalk"}}},{"type":"Feature","geometry":{"type":"Point","coordinates":[-6.18552,53.28195]},"properties":{"asset_id":"osm:node/9500953742","kind":"hydrant","source":"OpenStreetMap","name":NaN,"evidence_level":"high","details":{"fire_hydrant:type":"underground","fire_hydrant:position":"sidewalk"}}},{"type":"Feature","geometry":{"type":"Point","coordinates":[-6.18648,53.28192]},"properties":{"asset_id":"osm:node/9500953750","kind":"hydrant","source":"OpenStreetMap","name":NaN,"evidence_level":"high","details":{"fire_hydrant:type":"underground","fire_hydrant:position":"sidewalk","fire_hydrant:diameter":"110"}}},{"type":"Feature","geometry":{"type":"Point","coordinates":[-6.18488,53.28319]},"properties":{"asset_id":"osm:node/9500953763","kind":"hydrant","source":"OpenStreetMap","name":NaN,"evidence_level":"high","details":{"fire_hydrant:type":"underground","fire_hydrant:position":"sidewalk"}}},{"type":"Feature","geometry":{"type":"Point","coordinates":[-6.18584,53.28364]},"properties":{"asset_id":"osm:node/9500953766","kind":"hydrant","source":"OpenStreetMap","name":NaN,"evidence_level":"high","details":{"fire_hydrant:type":"underground","fire_hydrant:position":"sidewalk","fire_hydrant:diameter":"110"}}},{"type":"Feature","geometry":{"type":"Point","coordinates":[-6.18232,53.28193]},"properties":{"asset_id":"osm:node/9500953776","kind":"hydrant","source":"OpenStreetMap","name":NaN,"evidence_level":"high","details":{"fire_hydrant:type":"underground","fire_hydrant:position":"sidewalk","fire_hydrant:diameter":"110"}}},{"type":"Feature","geometry":{"type":"Point","coordinates":[-6.1864,53.28391]},"properties":{"asset_id":"osm:node/9500953777","kind":"hydrant","source":"OpenStreetMap","name":NaN,"evidence_level":"high","details":{"fire_hydrant:type":"underground","fire_hydrant:position":"sidewalk","fire_hydrant:diameter":"110"}}},{"type":"Feature","geometry":{"type":"Point","coordinates":[-6.37101,53.38814]},"properties":{"asset_id":"osm:node/9522266317","kind":"hydrant","source":"OpenStreetMap","name":NaN,"evidence_level":"high","details":{"fire_hydrant:type":"underground","water_source":"main"}}},{"type":"Feature","geometry":{"type":"Point","coordinates":[-6.35323,53.35127]},"properties":{"asset_id":"osm:node/9529798471","kind":"hydrant","source":"OpenStreetMap","name":NaN,"evidence_level":"high","details":{"fire_hydrant:type":"underground","fire_hydrant:position":"sidewalk","water_source":"main","operator":"Dublin Fire Brigade"}}},{"type":"Feature","geometry":{"type":"Point","coordinates":[-6.35098,53.35229]},"properties":{"asset_id":"osm:node/9529798472","kind":"hydrant","source":"OpenStreetMap","name":NaN,"evidence_level":"high","details":{"fire_hydrant:type":"underground","fire_hydrant:position":"sidewalk","water_source":"main","operator":"Dublin Fire Brigade"}}},{"type":"Feature","geometry":{"type":"Point","coordinates":[-6.35151,53.35158]},"properties":{"asset_id":"osm:node/9529798473","kind":"hydrant","source":"OpenStreetMap","name":NaN,"evidence_level":"high","details":{"fire_hydrant:type":"underground","fire_hydrant:position":"sidewalk","water_source":"main","operator":"Dublin Fire Brigade"}}},{"type":"Feature","geometry":{"type":"Point","coordinates":[-6.35237,53.35191]},"properties":{"asset_id":"osm:node/9529798474","kind":"hydrant","source":"OpenStreetMap","name":NaN,"evidence_level":"high","details":{"fire_hydrant:type":"underground","fire_hydrant:position":"sidewalk","water_source":"main","operator":"Dublin Fire Brigade"}}},{"type":"Feature","geometry":{"type":"Point","coordinates":[-6.35241,53.35302]},"properties":{"asset_id":"osm:node/9529798475","kind":"hydrant","source":"OpenStreetMap","name":NaN,"evidence_level":"high","details":{"fire_hydrant:type":"underground","fire_hydrant:position":"sidewalk","water_source":"main","operator":"Dublin Fire Brigade"}}},{"type":"Feature","geometry":{"type":"Point","coordinates":[-6.35234,53.35328]},"properties":{"asset_id":"osm:node/9529798476","kind":"hydrant","source":"OpenStreetMap","name":NaN,"evidence_level":"high","details":{"fire_hydrant:type":"underground","fire_hydrant:position":"sidewalk","water_source":"main","operator":"Dublin Fire Brigade"}}},{"type":"Feature","geometry":{"type":"Point","coordinates":[-6.35088,53.35322]},"properties":{"asset_id":"osm:node/9529798477","kind":"hydrant","source":"OpenStreetMap","name":NaN,"evidence_level":"high","details":{"fire_hydrant:type":"underground","fire_hydrant:position":"sidewalk","water_source":"main","operator":"Dublin Fire Brigade"}}},{"type":"Feature","geometry":{"type":"Point","coordinates":[-6.35106,53.35284]},"properties":{"asset_id":"osm:node/9529798478","kind":"hydrant","source":"OpenStreetMap","name":NaN,"evidence_level":"high","details":{"fire_hydrant:type":"underground","fire_hydrant:position":"sidewalk","water_source":"main","operator":"Dublin Fire Brigade"}}},{"type":"Feature","geometry":{"type":"Point","coordinates":[-6.35,53.35192]},"properties":{"asset_id":"osm:node/9529798501","kind":"hydrant","source":"OpenStreetMap","name":NaN,"evidence_level":"high","details":{"fire_hydrant:type":"underground","fire_hydrant:position":"sidewalk","water_source":"main","operator":"Dublin Fire Brigade"}}},{"type":"Feature","geometry":{"type":"Point","coordinates":[-6.35061,53.35121]},"properties":{"asset_id":"osm:node/9529798502","kind":"hydrant","source":"OpenStreetMap","name":NaN,"evidence_level":"high","details":{"fire_hydrant:type":"underground","fire_hydrant:position":"sidewalk","water_source":"main","operator":"Dublin Fire Brigade"}}},{"type":"Feature","geometry":{"type":"Point","coordinates":[-6.35402,53.35227]},"properties":{"asset_id":"osm:node/9529798514","kind":"hydrant","source":"OpenStreetMap","name":NaN,"evidence_level":"high","details":{"fire_hydrant:type":"underground","fire_hydrant:position":"sidewalk","water_source":"main","operator":"Dublin Fire Brigade"}}},{"type":"Feature","geometry":{"type":"Point","coordinates":[-6.35467,53.35285]},"properties":{"asset_id":"osm:node/9529822229","kind":"hydrant","source":"OpenStreetMap","name":NaN,"evidence_level":"high","details":{"fire_hydrant:type":"underground","fire_hydrant:position":"sidewalk","water_source":"main","operator":"Dublin Fire Brigade"}}},{"type":"Feature","geometry":{"type":"Point","coordinates":[-6.38465,53.41658]},"properties":{"asset_id":"osm:node/9530607926","kind":"hydrant","source":"OpenStreetMap","name":NaN,"evidence_level":"high","details":{"fire_hydrant:type":"underground","water_source":"main","operator":"Dublin Fire Brigade"}}},{"type":"Feature","geometry":{"type":"Point","coordinates":[-6.38537,53.41943]},"properties":{"asset_id":"osm:node/9537469023","kind":"hydrant","source":"OpenStreetMap","name":NaN,"evidence_level":"high","details":{"fire_hydrant:type":"underground","fire_hydrant:position":"sidewalk","fire_hydrant:diameter":"100","water_source":"main","operator":"Dublin Fire Brigade"}}},{"type":"Feature","geometry":{"type":"Point","coordinates":[-6.20818,53.28157]},"properties":{"asset_id":"osm:node/9569037108","kind":"hydrant","source":"OpenStreetMap","name":NaN,"evidence_level":"high","details":{"fire_hydrant:type":"underground"}}},{"type":"Feature","geometry":{"type":"Point","coordinates":[-6.20765,53.28177]},"properties":{"asset_id":"osm:node/9569037239","kind":"hydrant","source":"OpenStreetMap","name":NaN,"evidence_level":"high","details":{"fire_hydrant:type":"underground"}}},{"type":"Feature","geometry":{"type":"Point","coordinates":[-6.20745,53.28108]},"properties":{"asset_id":"osm:node/9569037241","kind":"hydrant","source":"OpenStreetMap","name":NaN,"evidence_level":"high","details":{"fire_hydrant:type":"underground"}}},{"type":"Feature","geometry":{"type":"Point","coordinates":[-6.20293,53.28129]},"properties":{"asset_id":"osm:node/9569037242","kind":"hydrant","source":"OpenStreetMap","name":NaN,"evidence_level":"high","details":{"fire_hydrant:type":"underground"}}},{"type":"Feature","geometry":{"type":"Point","coordinates":[-6.20675,53.28141]},"properties":{"asset_id":"osm:node/9569037246","kind":"hydrant","source":"OpenStreetMap","name":NaN,"evidence_level":"high","details":{"fire_hydrant:type":"underground"}}},{"type":"Feature","geometry":{"type":"Point","coordinates":[-6.20922,53.28118]},"properties":{"asset_id":"osm:node/9569037249","kind":"hydrant","source":"OpenStreetMap","name":NaN,"evidence_level":"high","details":{"fire_hydrant:type":"underground"}}},{"type":"Feature","geometry":{"type":"Point","coordinates":[-6.20293,53.28172]},"properties":{"asset_id":"osm:node/9569037284","kind":"hydrant","source":"OpenStreetMap","name":NaN,"evidence_level":"high","details":{"fire_hydrant:type":"underground"}}},{"type":"Feature","geometry":{"type":"Point","coordinates":[-6.20514,53.28102]},"properties":{"asset_id":"osm:node/9569037301","kind":"hydrant","source":"OpenStreetMap","name":NaN,"evidence_level":"high","details":{"fire_hydrant:type":"underground"}}},{"type":"Feature","geometry":{"type":"Point","coordinates":[-6.20897,53.28167]},"properties":{"asset_id":"osm:node/9569037302","kind":"hydrant","source":"OpenStreetMap","name":NaN,"evidence_level":"high","details":{"fire_hydrant:type":"underground"}}},{"type":"Feature","geometry":{"type":"Point","coordinates":[-6.17681,53.28917]},"properties":{"asset_id":"osm:node/9584072921","kind":"hydrant","source":"OpenStreetMap","name":NaN,"evidence_level":"high","details":{"fire_hydrant:type":"underground","fire_hydrant:position":"sidewalk","fire_hydrant:diameter":"400","water_source":"main"}}},{"type":"Feature","geometry":{"type":"Point","coordinates":[-6.36029,53.36473]},"properties":{"asset_id":"osm:node/9610265019","kind":"hydrant","source":"OpenStreetMap","name":NaN,"evidence_level":"high","details":{"fire_hydrant:type":"underground","fire_hydrant:position":"green","fire_hydrant:diameter":"100","water_source":"main"}}},{"type":"Feature","geometry":{"type":"Point","coordinates":[-6.262,53.32136]},"properties":{"asset_id":"osm:node/9628759179","kind":"hydrant","source":"OpenStreetMap","name":NaN,"evidence_level":"high","details":{"fire_hydrant:type":"underground","fire_hydrant:position":"sidewalk","water_source":"main","operator":"Dublin Fire Brigade"}}},{"type":"Feature","geometry":{"type":"Point","coordinates":[-6.26544,53.32319]},"properties":{"asset_id":"osm:node/9628759180","kind":"hydrant","source":"OpenStreetMap","name":NaN,"evidence_level":"high","details":{"fire_hydrant:type":"underground","fire_hydrant:position":"sidewalk","water_source":"main","operator":"Dublin Fire Brigade"}}},{"type":"Feature","geometry":{"type":"Point","coordinates":[-6.26525,53.32418]},"properties":{"asset_id":"osm:node/9628759181","kind":"hydrant","source":"OpenStreetMap","name":NaN,"evidence_level":"high","details":{"fire_hydrant:type":"underground","fire_hydrant:position":"sidewalk","water_source":"main","operator":"Dublin Fire Brigade"}}},{"type":"Feature","geometry":{"type":"Point","coordinates":[-6.265,53.32537]},"properties":{"asset_id":"osm:node/9628759182","kind":"hydrant","source":"OpenStreetMap","name":NaN,"evidence_level":"high","details":{"fire_hydrant:type":"underground","fire_hydrant:position":"sidewalk","water_source":"main","operator":"Dublin Fire Brigade"}}},{"type":"Feature","geometry":{"type":"Point","coordinates":[-6.26487,53.32626]},"properties":{"asset_id":"osm:node/9628759183","kind":"hydrant","source":"OpenStreetMap","name":NaN,"evidence_level":"high","details":{"fire_hydrant:type":"underground","fire_hydrant:position":"sidewalk","water_source":"main","operator":"Dublin Fire Brigade"}}},{"type":"Feature","geometry":{"type":"Point","coordinates":[-6.26495,53.32681]},"properties":{"asset_id":"osm:node/9628759184","kind":"hydrant","source":"OpenStreetMap","name":NaN,"evidence_level":"high","details":{"fire_hydrant:type":"underground","fire_hydrant:position":"sidewalk","water_source":"main","operator":"Dublin Fire Brigade"}}},{"type":"Feature","geometry":{"type":"Point","coordinates":[-6.26513,53.32594]},"properties":{"asset_id":"osm:node/9628759185","kind":"hydrant","source":"OpenStreetMap","name":NaN,"evidence_level":"high","details":{"fire_hydrant:type":"underground","fire_hydrant:position":"sidewalk","water_source":"main","operator":"Dublin Fire Brigade"}}},{"type":"Feature","geometry":{"type":"Point","coordinates":[-6.26324,53.32202]},"properties":{"asset_id":"osm:node/9628759186","kind":"hydrant","source":"OpenStreetMap","name":NaN,"evidence_level":"high","details":{"fire_hydrant:type":"underground","fire_hydrant:position":"sidewalk","water_source":"main","operator":"Dublin Fire Brigade"}}},{"type":"Feature","geometry":{"type":"Point","coordinates":[-6.1979,53.28254]},"properties":{"asset_id":"osm:node/9633642672","kind":"hydrant","source":"OpenStreetMap","name":NaN,"evidence_level":"high","details":{"fire_hydrant:type":"underground"}}},{"type":"Feature","geometry":{"type":"Point","coordinates":[-6.19923,53.28277]},"properties":{"asset_id":"osm:node/9633642677","kind":"hydrant","source":"OpenStreetMap","name":NaN,"evidence_level":"high","details":{"fire_hydrant:type":"underground"}}},{"type":"Feature","geometry":{"type":"Point","coordinates":[-6.20025,53.28148]},"properties":{"asset_id":"osm:node/9633642684","kind":"hydrant","source":"OpenStreetMap","name":NaN,"evidence_level":"high","details":{"fire_hydrant:type":"underground"}}},{"type":"Feature","geometry":{"type":"Point","coordinates":[-6.19977,53.28211]},"properties":{"asset_id":"osm:node/9633642686","kind":"hydrant","source":"OpenStreetMap","name":NaN,"evidence_level":"high","details":{"fire_hydrant:type":"underground"}}},{"type":"Feature","geometry":{"type":"Point","coordinates":[-6.20071,53.28019]},"properties":{"asset_id":"osm:node/9633642696","kind":"hydrant","source":"OpenStreetMap","name":NaN,"evidence_level":"high","details":{"fire_hydrant:type":"underground"}}},{"type":"Feature","geometry":{"type":"Point","coordinates":[-6.20098,53.28279]},"properties":{"asset_id":"osm:node/9633642699","kind":"hydrant","source":"OpenStreetMap","name":NaN,"evidence_level":"high","details":{"fire_hydrant:type":"underground"}}},{"type":"Feature","geometry":{"type":"Point","coordinates":[-6.20089,53.27989]},"properties":{"asset_id":"osm:node/9633644219","kind":"hydrant","source":"OpenStreetMap","name":NaN,"evidence_level":"high","details":{"fire_hydrant:type":"underground"}}},{"type":"Feature","geometry":{"type":"Point","coordinates":[-6.19884,53.28064]},"properties":{"asset_id":"osm:node/9633644242","kind":"hydrant","source":"OpenStreetMap","name":NaN,"evidence_level":"high","details":{"fire_hydrant:type":"underground"}}},{"type":"Feature","geometry":{"type":"Point","coordinates":[-6.20034,53.27927]},"properties":{"asset_id":"osm:node/9633644250","kind":"hydrant","source":"OpenStreetMap","name":NaN,"evidence_level":"high","details":{"fire_hydrant:type":"underground"}}},{"type":"Feature","geometry":{"type":"Point","coordinates":[-6.19808,53.28204]},"properties":{"asset_id":"osm:node/9633644252","kind":"hydrant","source":"OpenStreetMap","name":NaN,"evidence_level":"high","details":{"fire_hydrant:type":"underground"}}},{"type":"Feature","geometry":{"type":"Point","coordinates":[-6.19885,53.28333]},"properties":{"asset_id":"osm:node/9633644254","kind":"hydrant","source":"OpenStreetMap","name":NaN,"evidence_level":"high","details":{"fire_hydrant:type":"underground"}}},{"type":"Feature","geometry":{"type":"Point","coordinates":[-6.20128,53.28346]},"properties":{"asset_id":"osm:node/9633644259","kind":"hydrant","source":"OpenStreetMap","name":NaN,"evidence_level":"high","details":{"fire_hydrant:type":"underground"}}},{"type":"Feature","geometry":{"type":"Point","coordinates":[-6.20194,53.274]},"properties":{"asset_id":"osm:node/9651511356","kind":"hydrant","source":"OpenStreetMap","name":NaN,"evidence_level":"high","details":{"fire_hydrant:type":"underground"}}},{"type":"Feature","geometry":{"type":"Point","coordinates":[-6.2011,53.27403]},"properties":{"asset_id":"osm:node/9651511361","kind":"hydrant","source":"OpenStreetMap","name":NaN,"evidence_level":"high","details":{"fire_hydrant:type":"underground"}}},{"type":"Feature","geometry":{"type":"Point","coordinates":[-6.20796,53.28309]},"properties":{"asset_id":"osm:node/9651511376","kind":"hydrant","source":"OpenStreetMap","name":NaN,"evidence_level":"high","details":{"fire_hydrant:type":"underground"}}},{"type":"Feature","geometry":{"type":"Point","coordinates":[-6.20323,53.27578]},"properties":{"asset_id":"osm:node/9651511389","kind":"hydrant","source":"OpenStreetMap","name":NaN,"evidence_level":"high","details":{"fire_hydrant:type":"underground"}}},{"type":"Feature","geometry":{"type":"Point","coordinates":[-6.20211,53.27533]},"properties":{"asset_id":"osm:node/9651511404","kind":"hydrant","source":"OpenStreetMap","name":NaN,"evidence_level":"high","details":{"fire_hydrant:type":"underground"}}},{"type":"Feature","geometry":{"type":"Point","coordinates":[-6.20093,53.27496]},"properties":{"asset_id":"osm:node/9651511409","kind":"hydrant","source":"OpenStreetMap","name":NaN,"evidence_level":"high","details":{"fire_hydrant:type":"underground"}}},{"type":"Feature","geometry":{"type":"Point","coordinates":[-6.20137,53.27517]},"properties":{"asset_id":"osm:node/9651511413","kind":"hydrant","source":"OpenStreetMap","name":NaN,"evidence_level":"high","details":{"fire_hydrant:type":"underground"}}},{"type":"Feature","geometry":{"type":"Point","coordinates":[-6.20302,53.27503]},"properties":{"asset_id":"osm:node/9651523026","kind":"hydrant","source":"OpenStreetMap","name":NaN,"evidence_level":"high","details":{"fire_hydrant:type":"underground"}}},{"type":"Feature","geometry":{"type":"Point","coordinates":[-6.20743,53.28366]},"properties":{"asset_id":"osm:node/9651523050","kind":"hydrant","source":"OpenStreetMap","name":NaN,"evidence_level":"high","details":{"fire_hydrant:type":"underground"}}},{"type":"Feature","geometry":{"type":"Point","coordinates":[-6.20148,53.27446]},"properties":{"asset_id":"osm:node/9651523054","kind":"hydrant","source":"OpenStreetMap","name":NaN,"evidence_level":"high","details":{"fire_hydrant:type":"underground"}}},{"type":"Feature","geometry":{"type":"Point","coordinates":[-6.20027,53.27482]},"properties":{"asset_id":"osm:node/9651523055","kind":"hydrant","source":"OpenStreetMap","name":NaN,"evidence_level":"high","details":{"fire_hydrant:type":"underground"}}},{"type":"Feature","geometry":{"type":"Point","coordinates":[-6.26091,53.29941]},"properties":{"asset_id":"osm:node/9653662843","kind":"hydrant","source":"OpenStreetMap","name":NaN,"evidence_level":"high","details":{"fire_hydrant:type":"underground","fire_hydrant:position":"sidewalk"}}},{"type":"Feature","geometry":{"type":"Point","coordinates":[-6.26174,53.29999]},"properties":{"asset_id":"osm:node/9653662844","kind":"hydrant","source":"OpenStreetMap","name":NaN,"evidence_level":"high","details":{"fire_hydrant:type":"underground","fire_hydrant:position":"sidewalk"}}},{"type":"Feature","geometry":{"type":"Point","coordinates":[-6.2637,53.301]},"properties":{"asset_id":"osm:node/9653662845","kind":"hydrant","source":"OpenStreetMap","name":NaN,"evidence_level":"high","details":{"fire_hydrant:type":"underground","fire_hydrant:position":"sidewalk"}}},{"type":"Feature","geometry":{"type":"Point","coordinates":[-6.26611,53.30222]},"properties":{"asset_id":"osm:node/9653662846","kind":"hydrant","source":"OpenStreetMap","name":NaN,"evidence_level":"high","details":{"fire_hydrant:type":"underground","fire_hydrant:position":"sidewalk"}}},{"type":"Feature","geometry":{"type":"Point","coordinates":[-6.26738,53.30265]},"properties":{"asset_id":"osm:node/9653662849","kind":"hydrant","source":"OpenStreetMap","name":NaN,"evidence_level":"high","details":{"fire_hydrant:type":"underground","fire_hydrant:position":"sidewalk","water_source":"main","operator":"Dublin Fire Brigade"}}},{"type":"Feature","geometry":{"type":"Point","coordinates":[-6.26521,53.3016]},"properties":{"asset_id":"osm:node/9653662850","kind":"hydrant","source":"OpenStreetMap","name":NaN,"evidence_level":"high","details":{"fire_hydrant:type":"underground","fire_hydrant:position":"sidewalk"}}},{"type":"Feature","geometry":{"type":"Point","coordinates":[-6.26425,53.30112]},"properties":{"asset_id":"osm:node/9653662851","kind":"hydrant","source":"OpenStreetMap","name":NaN,"evidence_level":"high","details":{"fire_hydrant:type":"underground","fire_hydrant:position":"sidewalk"}}},{"type":"Feature","geometry":{"type":"Point","coordinates":[-6.20493,53.28661]},"properties":{"asset_id":"osm:node/9655598487","kind":"hydrant","source":"OpenStreetMap","name":NaN,"evidence_level":"high","details":{"fire_hydrant:type":"underground"}}},{"type":"Feature","geometry":{"type":"Point","coordinates":[-6.2059,53.28697]},"properties":{"asset_id":"osm:node/9655598488","kind":"hydrant","source":"OpenStreetMap","name":NaN,"evidence_level":"high","details":{"fire_hydrant:type":"underground"}}},{"type":"Feature","geometry":{"type":"Point","coordinates":[-6.21215,53.28762]},"properties":{"asset_id":"osm:node/9656053341","kind":"hydrant","source":"OpenStreetMap","name":NaN,"evidence_level":"high","details":{"fire_hydrant:type":"underground"}}},{"type":"Feature","geometry":{"type":"Point","coordinates":[-6.2086,53.28746]},"properties":{"asset_id":"osm:node/9656054169","kind":"hydrant","source":"OpenStreetMap","name":NaN,"evidence_level":"high","details":{"fire_hydrant:type":"underground","fire_hydrant:position":"sidewalk"}}},{"type":"Feature","geometry":{"type":"Point","coordinates":[-6.2108,53.28761]},"properties":{"asset_id":"osm:node/9656054193","kind":"hydrant","source":"OpenStreetMap","name":NaN,"evidence_level":"high","details":{"fire_hydrant:type":"underground","fire_hydrant:position":"sidewalk"}}},{"type":"Feature","geometry":{"type":"Point","coordinates":[-6.21001,53.28697]},"properties":{"asset_id":"osm:node/9656054211","kind":"hydrant","source":"OpenStreetMap","name":NaN,"evidence_level":"high","details":{"fire_hydrant:type":"underground","fire_hydrant:position":"sidewalk"}}},{"type":"Feature","geometry":{"type":"Point","coordinates":[-6.22553,53.29001]},"properties":{"asset_id":"osm:node/9667909442","kind":"hydrant","source":"OpenStreetMap","name":NaN,"evidence_level":"high","details":{"fire_hydrant:type":"underground"}}},{"type":"Feature","geometry":{"type":"Point","coordinates":[-6.22046,53.28898]},"properties":{"asset_id":"osm:node/9667909464","kind":"hydrant","source":"OpenStreetMap","name":NaN,"evidence_level":"high","details":{"fire_hydrant:type":"underground"}}},{"type":"Feature","geometry":{"type":"Point","coordinates":[-6.22474,53.28915]},"properties":{"asset_id":"osm:node/9667909478","kind":"hydrant","source":"OpenStreetMap","name":NaN,"evidence_level":"high","details":{"fire_hydrant:type":"underground"}}},{"type":"Feature","geometry":{"type":"Point","coordinates":[-6.25499,53.27463]},"properties":{"asset_id":"osm:node/9667910591","kind":"hydrant","source":"OpenStreetMap","name":NaN,"evidence_level":"high","details":{"fire_hydrant:type":"underground","fire_hydrant:position":"sidewalk"}}},{"type":"Feature","geometry":{"type":"Point","coordinates":[-6.1697,53.28876]},"properties":{"asset_id":"osm:node/9702872937","kind":"hydrant","source":"OpenStreetMap","name":NaN,"evidence_level":"high","details":{"fire_hydrant:type":"underground","water_source":"main","operator":"Dublin Fire Brigade"}}},{"type":"Feature","geometry":{"type":"Point","coordinates":[-6.16998,53.28932]},"properties":{"asset_id":"osm:node/9702872941","kind":"hydrant","source":"OpenStreetMap","name":NaN,"evidence_level":"high","details":{"fire_hydrant:type":"underground","water_source":"main","operator":"Dublin Fire Brigade"}}},{"type":"Feature","geometry":{"type":"Point","coordinates":[-6.1702,53.28801]},"properties":{"asset_id":"osm:node/9702872961","kind":"hydrant","source":"OpenStreetMap","name":NaN,"evidence_level":"high","details":{"fire_hydrant:type":"underground","water_source":"main","operator":"Dublin Fire Brigade"}}},{"type":"Feature","geometry":{"type":"Point","coordinates":[-6.16933,53.28767]},"properties":{"asset_id":"osm:node/9702873009","kind":"hydrant","source":"OpenStreetMap","name":NaN,"evidence_level":"high","details":{"fire_hydrant:type":"underground","water_source":"main","operator":"Dublin Fire Brigade"}}},{"type":"Feature","geometry":{"type":"Point","coordinates":[-6.26869,53.37489]},"properties":{"asset_id":"osm:node/9707440828","kind":"water_well","source":"OpenStreetMap","name":NaN,"evidence_level":NaN,"details":{}}},{"type":"Feature","geometry":{"type":"Point","coordinates":[-6.27089,53.3725]},"properties":{"asset_id":"osm:node/9739295220","kind":"hydrant","source":"OpenStreetMap","name":NaN,"evidence_level":"high","details":{"fire_hydrant:type":"underground","fire_hydrant:position":"green","fire_hydrant:diameter":"400","water_source":"main"}}},{"type":"Feature","geometry":{"type":"Point","coordinates":[-6.08829,53.19509]},"properties":{"asset_id":"osm:node/9764165375","kind":"drinking_fountain","source":"OpenStreetMap","name":NaN,"evidence_level":"medium","details":{"capacity":"1"}}},{"type":"Feature","geometry":{"type":"Point","coordinates":[-6.24247,53.35781]},"properties":{"asset_id":"osm:node/9777806012","kind":"hydrant","source":"OpenStreetMap","name":NaN,"evidence_level":"high","details":{"fire_hydrant:type":"underground","fire_hydrant:position":"sidewalk","water_source":"main","operator":"Dublin Fire Brigade"}}},{"type":"Feature","geometry":{"type":"Point","coordinates":[-6.19011,53.27766]},"properties":{"asset_id":"osm:node/9812023880","kind":"hydrant","source":"OpenStreetMap","name":NaN,"evidence_level":"high","details":{}}},{"type":"Feature","geometry":{"type":"Point","coordinates":[-6.18789,53.27897]},"properties":{"asset_id":"osm:node/9812023883","kind":"hydrant","source":"OpenStreetMap","name":NaN,"evidence_level":"high","details":{}}},{"type":"Feature","geometry":{"type":"Point","coordinates":[-6.18835,53.2792]},"properties":{"asset_id":"osm:node/9812023908","kind":"hydrant","source":"OpenStreetMap","name":NaN,"evidence_level":"high","details":{}}},{"type":"Feature","geometry":{"type":"Point","coordinates":[-6.18873,53.27772]},"properties":{"asset_id":"osm:node/9812023909","kind":"hydrant","source":"OpenStreetMap","name":NaN,"evidence_level":"high","details":{}}},{"type":"Feature","geometry":{"type":"Point","coordinates":[-6.18705,53.27848]},"properties":{"asset_id":"osm:node/9812030468","kind":"hydrant","source":"OpenStreetMap","name":NaN,"evidence_level":"high","details":{}}},{"type":"Feature","geometry":{"type":"Point","coordinates":[-6.18803,53.27822]},"properties":{"asset_id":"osm:node/9812030483","kind":"hydrant","source":"OpenStreetMap","name":NaN,"evidence_level":"high","details":{}}},{"type":"Feature","geometry":{"type":"Point","coordinates":[-6.18965,53.27741]},"properties":{"asset_id":"osm:node/9812030494","kind":"hydrant","source":"OpenStreetMap","name":NaN,"evidence_level":"high","details":{}}},{"type":"Feature","geometry":{"type":"Point","coordinates":[-6.18905,53.27956]},"properties":{"asset_id":"osm:node/9812030514","kind":"hydrant","source":"OpenStreetMap","name":NaN,"evidence_level":"high","details":{}}},{"type":"Feature","geometry":{"type":"Point","coordinates":[-6.24627,53.42616]},"properties":{"asset_id":"osm:node/9834341217","kind":"drinking_fountain","source":"OpenStreetMap","name":NaN,"evidence_level":"medium","details":{}}},{"type":"Feature","geometry":{"type":"Point","coordinates":[-6.192,53.27946]},"properties":{"asset_id":"osm:node/9847783352","kind":"hydrant","source":"OpenStreetMap","name":NaN,"evidence_level":"high","details":{}}},{"type":"Feature","geometry":{"type":"Point","coordinates":[-6.1963,53.27872]},"properties":{"asset_id":"osm:node/9847783362","kind":"hydrant","source":"OpenStreetMap","name":NaN,"evidence_level":"high","details":{}}},{"type":"Feature","geometry":{"type":"Point","coordinates":[-6.19202,53.27902]},"properties":{"asset_id":"osm:node/9847783375","kind":"hydrant","source":"OpenStreetMap","name":NaN,"evidence_level":"high","details":{}}},{"type":"Feature","geometry":{"type":"Point","coordinates":[-6.19055,53.2799]},"properties":{"asset_id":"osm:node/9847783400","kind":"hydrant","source":"OpenStreetMap","name":NaN,"evidence_level":"high","details":{}}},{"type":"Feature","geometry":{"type":"Point","coordinates":[-6.19078,53.27929]},"properties":{"asset_id":"osm:node/9847783409","kind":"hydrant","source":"OpenStreetMap","name":NaN,"evidence_level":"high","details":{}}},{"type":"Feature","geometry":{"type":"Point","coordinates":[-6.19436,53.27745]},"properties":{"asset_id":"osm:node/9847805650","kind":"hydrant","source":"OpenStreetMap","name":NaN,"evidence_level":"high","details":{}}},{"type":"Feature","geometry":{"type":"Point","coordinates":[-6.19198,53.27833]},"properties":{"asset_id":"osm:node/9847805651","kind":"hydrant","source":"OpenStreetMap","name":NaN,"evidence_level":"high","details":{}}},{"type":"Feature","geometry":{"type":"Point","coordinates":[-6.19551,53.27927]},"properties":{"asset_id":"osm:node/9847805659","kind":"hydrant","source":"OpenStreetMap","name":NaN,"evidence_level":"high","details":{}}},{"type":"Feature","geometry":{"type":"Point","coordinates":[-6.19145,53.27986]},"properties":{"asset_id":"osm:node/9847805667","kind":"hydrant","source":"OpenStreetMap","name":NaN,"evidence_level":"high","details":{}}},{"type":"Feature","geometry":{"type":"Point","coordinates":[-6.1915,53.27876]},"properties":{"asset_id":"osm:node/9847805671","kind":"hydrant","source":"OpenStreetMap","name":NaN,"evidence_level":"high","details":{}}},{"type":"Feature","geometry":{"type":"Point","coordinates":[-6.19253,53.27789]},"properties":{"asset_id":"osm:node/9847805679","kind":"hydrant","source":"OpenStreetMap","name":NaN,"evidence_level":"high","details":{}}},{"type":"Feature","geometry":{"type":"Point","coordinates":[-6.19132,53.28019]},"properties":{"asset_id":"osm:node/9847805684","kind":"hydrant","source":"OpenStreetMap","name":NaN,"evidence_level":"high","details":{}}},{"type":"Feature","geometry":{"type":"Point","coordinates":[-6.19637,53.2775]},"properties":{"asset_id":"osm:node/9850004470","kind":"hydrant","source":"OpenStreetMap","name":NaN,"evidence_level":"high","details":{"fire_hydrant:type":"underground"}}},{"type":"Feature","geometry":{"type":"Point","coordinates":[-6.19531,53.27698]},"properties":{"asset_id":"osm:node/9850004491","kind":"hydrant","source":"OpenStreetMap","name":NaN,"evidence_level":"high","details":{"fire_hydrant:type":"underground"}}},{"type":"Feature","geometry":{"type":"Point","coordinates":[-6.19514,53.27532]},"properties":{"asset_id":"osm:node/9850004495","kind":"hydrant","source":"OpenStreetMap","name":NaN,"evidence_level":"high","details":{"fire_hydrant:type":"underground"}}},{"type":"Feature","geometry":{"type":"Point","coordinates":[-6.1952,53.27622]},"properties":{"asset_id":"osm:node/9850004506","kind":"hydrant","source":"OpenStreetMap","name":NaN,"evidence_level":"high","details":{"fire_hydrant:type":"underground"}}},{"type":"Feature","geometry":{"type":"Point","coordinates":[-6.21492,53.30102]},"properties":{"asset_id":"osm:node/9857849993","kind":"hydrant","source":"OpenStreetMap","name":NaN,"evidence_level":"high","details":{}}},{"type":"Feature","geometry":{"type":"Point","coordinates":[-6.21103,53.28516]},"properties":{"asset_id":"osm:node/9860061807","kind":"hydrant","source":"OpenStreetMap","name":NaN,"evidence_level":"high","details":{"fire_hydrant:type":"underground","fire_hydrant:position":"sidewalk"}}},{"type":"Feature","geometry":{"type":"Point","coordinates":[-6.21213,53.28533]},"properties":{"asset_id":"osm:node/9860089318","kind":"hydrant","source":"OpenStreetMap","name":NaN,"evidence_level":"high","details":{"fire_hydrant:type":"underground","fire_hydrant:position":"sidewalk"}}},{"type":"Feature","geometry":{"type":"Point","coordinates":[-6.21214,53.30068]},"properties":{"asset_id":"osm:node/9867983749","kind":"hydrant","source":"OpenStreetMap","name":NaN,"evidence_level":"high","details":{"fire_hydrant:type":"underground","fire_hydrant:position":"sidewalk","fire_hydrant:diameter":"125"}}},{"type":"Feature","geometry":{"type":"Point","coordinates":[-6.20893,53.30167]},"properties":{"asset_id":"osm:node/9868062334","kind":"hydrant","source":"OpenStreetMap","name":NaN,"evidence_level":"high","details":{"fire_hydrant:type":"underground","fire_hydrant:position":"sidewalk","fire_hydrant:diameter":"125"}}},{"type":"Feature","geometry":{"type":"Point","coordinates":[-6.2111,53.29802]},"properties":{"asset_id":"osm:node/9868062335","kind":"hydrant","source":"OpenStreetMap","name":NaN,"evidence_level":"high","details":{"fire_hydrant:type":"underground","fire_hydrant:position":"sidewalk","fire_hydrant:diameter":"125"}}},{"type":"Feature","geometry":{"type":"Point","coordinates":[-6.24504,53.42791]},"properties":{"asset_id":"osm:node/9871881118","kind":"drinking_fountain","source":"OpenStreetMap","name":NaN,"evidence_level":"medium","details":{}}},{"type":"Feature","geometry":{"type":"Point","coordinates":[-6.20639,53.29946]},"properties":{"asset_id":"osm:node/9889615285","kind":"hydrant","source":"OpenStreetMap","name":NaN,"evidence_level":"high","details":{"fire_hydrant:type":"underground","fire_hydrant:position":"sidewalk"}}},{"type":"Feature","geometry":{"type":"Point","coordinates":[-6.20595,53.29951]},"properties":{"asset_id":"osm:node/9889615286","kind":"hydrant","source":"OpenStreetMap","name":NaN,"evidence_level":"high","details":{"fire_hydrant:type":"underground","fire_hydrant:position":"sidewalk"}}},{"type":"Feature","geometry":{"type":"Point","coordinates":[-6.20726,53.29927]},"properties":{"asset_id":"osm:node/9889615287","kind":"hydrant","source":"OpenStreetMap","name":NaN,"evidence_level":"high","details":{"fire_hydrant:type":"underground","fire_hydrant:position":"sidewalk","fire_hydrant:diameter":"090"}}},{"type":"Feature","geometry":{"type":"Point","coordinates":[-6.20865,53.29817]},"properties":{"asset_id":"osm:node/9889615290","kind":"hydrant","source":"OpenStreetMap","name":NaN,"evidence_level":"high","details":{"fire_hydrant:type":"underground","fire_hydrant:position":"sidewalk","fire_hydrant:diameter":"110"}}},{"type":"Feature","geometry":{"type":"Point","coordinates":[-6.26439,53.37605]},"properties":{"asset_id":"osm:node/9907379161","kind":"hydrant","source":"OpenStreetMap","name":NaN,"evidence_level":"high","details":{"fire_hydrant:type":"underground","water_source":"main","operator":"Dublin Fire Brigade"}}},{"type":"Feature","geometry":{"type":"Point","coordinates":[-6.261,53.3754]},"properties":{"asset_id":"osm:node/9907379189","kind":"hydrant","source":"OpenStreetMap","name":NaN,"evidence_level":"high","details":{"fire_hydrant:type":"underground","water_source":"main","operator":"Dublin Fire Brigade"}}},{"type":"Feature","geometry":{"type":"Point","coordinates":[-6.26198,53.37552]},"properties":{"asset_id":"osm:node/9907385522","kind":"hydrant","source":"OpenStreetMap","name":NaN,"evidence_level":"high","details":{"fire_hydrant:type":"underground","water_source":"main","operator":"Dublin Fire Brigade"}}},{"type":"Feature","geometry":{"type":"Point","coordinates":[-6.25729,53.34479]},"properties":{"asset_id":"osm:node/9929593317","kind":"drinking_fountain","source":"OpenStreetMap","name":NaN,"evidence_level":"medium","details":{}}},{"type":"Feature","geometry":{"type":"Point","coordinates":[-6.41597,53.30532]},"properties":{"asset_id":"osm:node/9951505247","kind":"drinking_fountain","source":"OpenStreetMap","name":NaN,"evidence_level":"medium","details":{}}},{"type":"Feature","geometry":{"type":"Point","coordinates":[-6.41484,53.30506]},"properties":{"asset_id":"osm:node/9951505295","kind":"drinking_fountain","source":"OpenStreetMap","name":NaN,"evidence_level":"medium","details":{}}},{"type":"Feature","geometry":{"type":"Point","coordinates":[-6.41596,53.30494]},"properties":{"asset_id":"osm:node/9951505364","kind":"drinking_fountain","source":"OpenStreetMap","name":NaN,"evidence_level":"medium","details":{}}},{"type":"Feature","geometry":{"type":"Point","coordinates":[-6.41238,53.30812]},"properties":{"asset_id":"osm:node/9954062124","kind":"drinking_fountain","source":"OpenStreetMap","name":NaN,"evidence_level":"medium","details":{}}},{"type":"Feature","geometry":{"type":"Point","coordinates":[-6.18842,53.30543]},"properties":{"asset_id":"osm:node/9961198620","kind":"hydrant","source":"OpenStreetMap","name":NaN,"evidence_level":"high","details":{}}},{"type":"Feature","geometry":{"type":"Point","coordinates":[-6.189,53.30593]},"properties":{"asset_id":"osm:node/9961198625","kind":"hydrant","source":"OpenStreetMap","name":NaN,"evidence_level":"high","details":{}}},{"type":"Feature","geometry":{"type":"Point","coordinates":[-6.19164,53.30723]},"properties":{"asset_id":"osm:node/9961198627","kind":"hydrant","source":"OpenStreetMap","name":NaN,"evidence_level":"high","details":{}}},{"type":"Feature","geometry":{"type":"Point","coordinates":[-6.19019,53.30666]},"properties":{"asset_id":"osm:node/9961198630","kind":"hydrant","source":"OpenStreetMap","name":NaN,"evidence_level":"high","details":{}}},{"type":"Feature","geometry":{"type":"Point","coordinates":[-6.18948,53.30622]},"properties":{"asset_id":"osm:node/9961198638","kind":"hydrant","source":"OpenStreetMap","name":NaN,"evidence_level":"high","details":{}}},{"type":"Feature","geometry":{"type":"Point","coordinates":[-6.17595,53.36944]},"properties":{"asset_id":"osm:node/9969454514","kind":"drinking_fountain","source":"OpenStreetMap","name":NaN,"evidence_level":"medium","details":{}}},{"type":"Feature","geometry":{"type":"Point","coordinates":[-6.18054,53.37438]},"properties":{"asset_id":"osm:node/9975153926","kind":"drinking_fountain","source":"OpenStreetMap","name":NaN,"evidence_level":"medium","details":{}}},{"type":"Feature","geometry":{"type":"Point","coordinates":[-6.13652,53.29206]},"properties":{"asset_id":"osm:node/9975208054","kind":"hydrant","source":"OpenStreetMap","name":NaN,"evidence_level":"high","details":{"fire_hydrant:type":"underground","fire_hydrant:position":"sidewalk","water_source":"main"}}},{"type":"Feature","geometry":{"type":"Point","coordinates":[-6.13373,53.29276]},"properties":{"asset_id":"osm:node/9975208057","kind":"hydrant","source":"OpenStreetMap","name":NaN,"evidence_level":"high","details":{"fire_hydrant:type":"underground","fire_hydrant:position":"green","water_source":"main"}}},{"type":"Feature","geometry":{"type":"Point","coordinates":[-6.20342,53.29685]},"properties":{"asset_id":"osm:node/9990457777","kind":"hydrant","source":"OpenStreetMap","name":NaN,"evidence_level":"high","details":{"fire_hydrant:type":"underground","fire_hydrant:position":"sidewalk","water_source":"main"}}},{"type":"Feature","geometry":{"type":"Point","coordinates":[-6.19874,53.29811]},"properties":{"asset_id":"osm:node/9990457779","kind":"hydrant","source":"OpenStreetMap","name":NaN,"evidence_level":"high","details":{"fire_hydrant:type":"underground","fire_hydrant:position":"sidewalk","water_source":"main"}}},{"type":"Feature","geometry":{"type":"Point","coordinates":[-6.18879,53.30359]},"properties":{"asset_id":"osm:node/9990457781","kind":"hydrant","source":"OpenStreetMap","name":NaN,"evidence_level":"high","details":{"fire_hydrant:type":"underground","fire_hydrant:position":"sidewalk","water_source":"main"}}},{"type":"Feature","geometry":{"type":"Point","coordinates":[-6.189,53.30317]},"properties":{"asset_id":"osm:node/9990457782","kind":"hydrant","source":"OpenStreetMap","name":NaN,"evidence_level":"high","details":{"fire_hydrant:type":"underground","fire_hydrant:position":"sidewalk","water_source":"main"}}},{"type":"Feature","geometry":{"type":"Point","coordinates":[-6.25524,53.34562]},"properties":{"asset_id":"osm:node/9994462082","kind":"hydrant","source":"OpenStreetMap","name":NaN,"evidence_level":"high","details":{"fire_hydrant:type":"underground","water_source":"main"}}},{"type":"Feature","geometry":{"type":"Point","coordinates":[-6.25501,53.3468]},"properties":{"asset_id":"osm:node/9995547992","kind":"hydrant","source":"OpenStreetMap","name":NaN,"evidence_level":"high","details":{"fire_hydrant:type":"underground","water_source":"main"}}},{"type":"Feature","geometry":{"type":"Point","coordinates":[-6.29302,53.34625]},"properties":{"asset_id":"osm:node/10003156517","kind":"drinking_fountain","source":"OpenStreetMap","name":NaN,"evidence_level":"medium","details":{}}},{"type":"Feature","geometry":{"type":"Point","coordinates":[-6.17962,53.28395]},"properties":{"asset_id":"osm:node/10012964435","kind":"hydrant","source":"OpenStreetMap","name":NaN,"evidence_level":"high","details":{"water_source":"main"}}},{"type":"Feature","geometry":{"type":"Point","coordinates":[-6.18175,53.28505]},"properties":{"asset_id":"osm:node/10012964450","kind":"hydrant","source":"OpenStreetMap","name":NaN,"evidence_level":"high","details":{"water_source":"main"}}},{"type":"Feature","geometry":{"type":"Point","coordinates":[-6.18413,53.28439]},"properties":{"asset_id":"osm:node/10012964461","kind":"hydrant","source":"OpenStreetMap","name":NaN,"evidence_level":"high","details":{"water_source":"main"}}},{"type":"Feature","geometry":{"type":"Point","coordinates":[-6.18354,53.28382]},"properties":{"asset_id":"osm:node/10012964471","kind":"hydrant","source":"OpenStreetMap","name":NaN,"evidence_level":"high","details":{"water_source":"main"}}},{"type":"Feature","geometry":{"type":"Point","coordinates":[-6.18097,53.28474]},"properties":{"asset_id":"osm:node/10012964483","kind":"hydrant","source":"OpenStreetMap","name":NaN,"evidence_level":"high","details":{"water_source":"main"}}},{"type":"Feature","geometry":{"type":"Point","coordinates":[-6.18085,53.28245]},"properties":{"asset_id":"osm:node/10012964488","kind":"hydrant","source":"OpenStreetMap","name":NaN,"evidence_level":"high","details":{"water_source":"main"}}},{"type":"Feature","geometry":{"type":"Point","coordinates":[-6.1788,53.2848]},"properties":{"asset_id":"osm:node/10012964494","kind":"hydrant","source":"OpenStreetMap","name":NaN,"evidence_level":"high","details":{"water_source":"main"}}},{"type":"Feature","geometry":{"type":"Point","coordinates":[-6.1825,53.28346]},"properties":{"asset_id":"osm:node/10012964503","kind":"hydrant","source":"OpenStreetMap","name":NaN,"evidence_level":"high","details":{"water_source":"main"}}},{"type":"Feature","geometry":{"type":"Point","coordinates":[-6.18186,53.28293]},"properties":{"asset_id":"osm:node/10012964507","kind":"hydrant","source":"OpenStreetMap","name":NaN,"evidence_level":"high","details":{"water_source":"main"}}},{"type":"Feature","geometry":{"type":"Point","coordinates":[-6.17942,53.28494]},"properties":{"asset_id":"osm:node/10013002918","kind":"hydrant","source":"OpenStreetMap","name":NaN,"evidence_level":"high","details":{"water_source":"main"}}},{"type":"Feature","geometry":{"type":"Point","coordinates":[-6.18342,53.28346]},"properties":{"asset_id":"osm:node/10013002944","kind":"hydrant","source":"OpenStreetMap","name":NaN,"evidence_level":"high","details":{"water_source":"main"}}},{"type":"Feature","geometry":{"type":"Point","coordinates":[-6.18254,53.28386]},"properties":{"asset_id":"osm:node/10013002957","kind":"hydrant","source":"OpenStreetMap","name":NaN,"evidence_level":"high","details":{"water_source":"main"}}},{"type":"Feature","geometry":{"type":"Point","coordinates":[-6.18558,53.28439]},"properties":{"asset_id":"osm:node/10013002962","kind":"hydrant","source":"OpenStreetMap","name":NaN,"evidence_level":"high","details":{"water_source":"main"}}},{"type":"Feature","geometry":{"type":"Point","coordinates":[-6.18149,53.28506]},"properties":{"asset_id":"osm:node/10013002967","kind":"hydrant","source":"OpenStreetMap","name":NaN,"evidence_level":"high","details":{"water_source":"main"}}},{"type":"Feature","geometry":{"type":"Point","coordinates":[-6.18433,53.28467]},"properties":{"asset_id":"osm:node/10013002970","kind":"hydrant","source":"OpenStreetMap","name":NaN,"evidence_level":"high","details":{"water_source":"main"}}},{"type":"Feature","geometry":{"type":"Point","coordinates":[-6.25378,53.34904]},"properties":{"asset_id":"osm:node/10024799785","kind":"hydrant","source":"OpenStreetMap","name":NaN,"evidence_level":"high","details":{"fire_hydrant:type":"underground","water_source":"main"}}},{"type":"Feature","geometry":{"type":"Point","coordinates":[-6.23864,53.34729]},"properties":{"asset_id":"osm:node/10031854896","kind":"hydrant","source":"OpenStreetMap","name":NaN,"evidence_level":"high","details":{"fire_hydrant:type":"underground","fire_hydrant:position":"sidewalk","water_source":"main","operator":"Dublin Fire Brigade"}}},{"type":"Feature","geometry":{"type":"Point","coordinates":[-6.23998,53.34737]},"properties":{"asset_id":"osm:node/10031863492","kind":"hydrant","source":"OpenStreetMap","name":NaN,"evidence_level":"high","details":{"fire_hydrant:type":"underground","fire_hydrant:position":"sidewalk","water_source":"main","operator":"Dublin Fire Brigade"}}},{"type":"Feature","geometry":{"type":"Point","coordinates":[-6.23912,53.34732]},"properties":{"asset_id":"osm:node/10031873599","kind":"hydrant","source":"OpenStreetMap","name":NaN,"evidence_level":"high","details":{"fire_hydrant:type":"underground","fire_hydrant:position":"sidewalk","water_source":"main","operator":"Dublin Fire Brigade"}}},{"type":"Feature","geometry":{"type":"Point","coordinates":[-6.25097,53.34816]},"properties":{"asset_id":"osm:node/10032045562","kind":"hydrant","source":"OpenStreetMap","name":NaN,"evidence_level":"high","details":{"fire_hydrant:type":"underground","water_source":"main","operator":"Dublin Fire Brigade"}}},{"type":"Feature","geometry":{"type":"Point","coordinates":[-6.2519,53.33214]},"properties":{"asset_id":"osm:node/10046917260","kind":"hydrant","source":"OpenStreetMap","name":NaN,"evidence_level":"high","details":{"fire_hydrant:type":"underground","fire_hydrant:position":"sidewalk"}}},{"type":"Feature","geometry":{"type":"Point","coordinates":[-6.25169,53.3322]},"properties":{"asset_id":"osm:node/10046917280","kind":"hydrant","source":"OpenStreetMap","name":NaN,"evidence_level":"high","details":{"fire_hydrant:type":"underground","fire_hydrant:position":"sidewalk"}}},{"type":"Feature","geometry":{"type":"Point","coordinates":[-6.21649,53.26344]},"properties":{"asset_id":"osm:node/10058747090","kind":"hydrant","source":"OpenStreetMap","name":NaN,"evidence_level":"high","details":{"fire_hydrant:type":"underground","water_source":"main","operator":"Dublin Fire Brigade"}}},{"type":"Feature","geometry":{"type":"Point","coordinates":[-6.21586,53.26198]},"properties":{"asset_id":"osm:node/10058747102","kind":"hydrant","source":"OpenStreetMap","name":NaN,"evidence_level":"high","details":{"fire_hydrant:type":"underground","water_source":"main","operator":"Dublin Fire Brigade"}}},{"type":"Feature","geometry":{"type":"Point","coordinates":[-6.21633,53.26432]},"properties":{"asset_id":"osm:node/10058747104","kind":"hydrant","source":"OpenStreetMap","name":NaN,"evidence_level":"high","details":{"fire_hydrant:type":"underground","water_source":"main","operator":"Dublin Fire Brigade"}}},{"type":"Feature","geometry":{"type":"Point","coordinates":[-6.21583,53.26409]},"properties":{"asset_id":"osm:node/10058747109","kind":"hydrant","source":"OpenStreetMap","name":NaN,"evidence_level":"high","details":{"fire_hydrant:type":"underground","water_source":"main","operator":"Dublin Fire Brigade"}}},{"type":"Feature","geometry":{"type":"Point","coordinates":[-6.21569,53.26297]},"properties":{"asset_id":"osm:node/10058747114","kind":"hydrant","source":"OpenStreetMap","name":NaN,"evidence_level":"high","details":{"fire_hydrant:type":"underground","water_source":"main","operator":"Dublin Fire Brigade"}}},{"type":"Feature","geometry":{"type":"Point","coordinates":[-6.21515,53.2626]},"properties":{"asset_id":"osm:node/10058752319","kind":"hydrant","source":"OpenStreetMap","name":NaN,"evidence_level":"high","details":{"fire_hydrant:type":"underground","water_source":"main","operator":"Dublin Fire Brigade"}}},{"type":"Feature","geometry":{"type":"Point","coordinates":[-6.21549,53.26466]},"properties":{"asset_id":"osm:node/10058752324","kind":"hydrant","source":"OpenStreetMap","name":NaN,"evidence_level":"high","details":{"fire_hydrant:type":"underground","water_source":"main","operator":"Dublin Fire Brigade"}}},{"type":"Feature","geometry":{"type":"Point","coordinates":[-6.21632,53.26257]},"properties":{"asset_id":"osm:node/10058752325","kind":"hydrant","source":"OpenStreetMap","name":NaN,"evidence_level":"high","details":{"fire_hydrant:type":"underground","water_source":"main","operator":"Dublin Fire Brigade"}}},{"type":"Feature","geometry":{"type":"Point","coordinates":[-6.21511,53.26208]},"properties":{"asset_id":"osm:node/10058752340","kind":"hydrant","source":"OpenStreetMap","name":NaN,"evidence_level":"high","details":{"fire_hydrant:type":"underground","water_source":"main","operator":"Dublin Fire Brigade"}}},{"type":"Feature","geometry":{"type":"Point","coordinates":[-6.21684,53.26418]},"properties":{"asset_id":"osm:node/10058752353","kind":"hydrant","source":"OpenStreetMap","name":NaN,"evidence_level":"high","details":{"fire_hydrant:type":"underground","water_source":"main","operator":"Dublin Fire Brigade"}}},{"type":"Feature","geometry":{"type":"Point","coordinates":[-6.21554,53.26488]},"properties":{"asset_id":"osm:node/10058752367","kind":"hydrant","source":"OpenStreetMap","name":NaN,"evidence_level":"high","details":{"fire_hydrant:type":"underground","water_source":"main","operator":"Dublin Fire Brigade"}}},{"type":"Feature","geometry":{"type":"Point","coordinates":[-6.21511,53.26367]},"properties":{"asset_id":"osm:node/10058752368","kind":"hydrant","source":"OpenStreetMap","name":NaN,"evidence_level":"high","details":{"fire_hydrant:type":"underground","water_source":"main","operator":"Dublin Fire Brigade"}}},{"type":"Feature","geometry":{"type":"Point","coordinates":[-6.21735,53.26374]},"properties":{"asset_id":"osm:node/10058752382","kind":"hydrant","source":"OpenStreetMap","name":NaN,"evidence_level":"high","details":{"fire_hydrant:type":"underground","water_source":"main","operator":"Dublin Fire Brigade"}}},{"type":"Feature","geometry":{"type":"Point","coordinates":[-6.2508,53.34343]},"properties":{"asset_id":"osm:node/10061019937","kind":"hydrant","source":"OpenStreetMap","name":NaN,"evidence_level":"high","details":{"fire_hydrant:type":"underground","water_source":"main"}}},{"type":"Feature","geometry":{"type":"Point","coordinates":[-6.2538,53.34214]},"properties":{"asset_id":"osm:node/10061019945","kind":"hydrant","source":"OpenStreetMap","name":NaN,"evidence_level":"high","details":{"fire_hydrant:type":"underground","fire_hydrant:position":"sidewalk","water_source":"main"}}},{"type":"Feature","geometry":{"type":"Point","coordinates":[-6.25632,53.34524]},"properties":{"asset_id":"osm:node/10066600064","kind":"hydrant","source":"OpenStreetMap","name":NaN,"evidence_level":"high","details":{"fire_hydrant:type":"underground","water_source":"main"}}},{"type":"Feature","geometry":{"type":"Point","coordinates":[-6.25923,53.34573]},"properties":{"asset_id":"osm:node/10066600078","kind":"hydrant","source":"OpenStreetMap","name":NaN,"evidence_level":"high","details":{"fire_hydrant:type":"underground","water_source":"main","operator":"Dublin Fire Brigade"}}},{"type":"Feature","geometry":{"type":"Point","coordinates":[-6.2527,53.34305]},"properties":{"asset_id":"osm:node/10066600105","kind":"hydrant","source":"OpenStreetMap","name":NaN,"evidence_level":"high","details":{"fire_hydrant:type":"underground","water_source":"main"}}},{"type":"Feature","geometry":{"type":"Point","coordinates":[-6.25632,53.34484]},"properties":{"asset_id":"osm:node/10066600108","kind":"hydrant","source":"OpenStreetMap","name":NaN,"evidence_level":"high","details":{"fire_hydrant:type":"underground","water_source":"main"}}},{"type":"Feature","geometry":{"type":"Point","coordinates":[-6.25577,53.34455]},"properties":{"asset_id":"osm:node/10066606417","kind":"hydrant","source":"OpenStreetMap","name":NaN,"evidence_level":"high","details":{"fire_hydrant:type":"underground","fire_hydrant:position":"green","water_source":"main"}}},{"type":"Feature","geometry":{"type":"Point","coordinates":[-6.2555,53.34364]},"properties":{"asset_id":"osm:node/10066606433","kind":"hydrant","source":"OpenStreetMap","name":NaN,"evidence_level":"high","details":{"fire_hydrant:type":"underground","fire_hydrant:position":"sidewalk","water_source":"main"}}},{"type":"Feature","geometry":{"type":"Point","coordinates":[-6.23166,53.45022]},"properties":{"asset_id":"osm:node/10097051243","kind":"hydrant","source":"OpenStreetMap","name":NaN,"evidence_level":"high","details":{"fire_hydrant:type":"underground","fire_hydrant:position":"sidewalk","water_source":"main"}}},{"type":"Feature","geometry":{"type":"Point","coordinates":[-6.24528,53.34321]},"properties":{"asset_id":"osm:node/10117131451","kind":"hydrant","source":"OpenStreetMap","name":NaN,"evidence_level":"high","details":{"fire_hydrant:type":"underground","water_source":"main"}}},{"type":"Feature","geometry":{"type":"Point","coordinates":[-6.22621,53.35316]},"properties":{"asset_id":"osm:node/10138721688","kind":"hydrant","source":"OpenStreetMap","name":NaN,"evidence_level":"high","details":{"fire_hydrant:type":"underground","fire_hydrant:position":"sidewalk","water_source":"main"}}},{"type":"Feature","geometry":{"type":"Point","coordinates":[-6.21058,53.29734]},"properties":{"asset_id":"osm:node/10162388184","kind":"hydrant","source":"OpenStreetMap","name":NaN,"evidence_level":"high","details":{"fire_hydrant:type":"underground","fire_hydrant:position":"sidewalk"}}},{"type":"Feature","geometry":{"type":"Point","coordinates":[-6.21048,53.29626]},"properties":{"asset_id":"osm:node/10185593455","kind":"hydrant","source":"OpenStreetMap","name":NaN,"evidence_level":"high","details":{}}},{"type":"Feature","geometry":{"type":"Point","coordinates":[-6.2533,53.27387]},"properties":{"asset_id":"osm:node/10185593456","kind":"hydrant","source":"OpenStreetMap","name":NaN,"evidence_level":"high","details":{}}},{"type":"Feature","geometry":{"type":"Point","coordinates":[-6.21057,53.29677]},"properties":{"asset_id":"osm:node/10185593457","kind":"hydrant","source":"OpenStreetMap","name":NaN,"evidence_level":"high","details":{}}},{"type":"Feature","geometry":{"type":"Point","coordinates":[-6.17907,53.28596]},"properties":{"asset_id":"osm:node/10185593458","kind":"hydrant","source":"OpenStreetMap","name":NaN,"evidence_level":"high","details":{}}},{"type":"Feature","geometry":{"type":"Point","coordinates":[-6.17951,53.28583]},"properties":{"asset_id":"osm:node/10185593460","kind":"hydrant","source":"OpenStreetMap","name":NaN,"evidence_level":"high","details":{}}},{"type":"Feature","geometry":{"type":"Point","coordinates":[-6.21965,53.29586]},"properties":{"asset_id":"osm:node/10260844089","kind":"hydrant","source":"OpenStreetMap","name":NaN,"evidence_level":"high","details":{"fire_hydrant:type":"underground","fire_hydrant:position":"sidewalk"}}},{"type":"Feature","geometry":{"type":"Point","coordinates":[-6.37775,53.42365]},"properties":{"asset_id":"osm:node/10282163102","kind":"hydrant","source":"OpenStreetMap","name":NaN,"evidence_level":"high","details":{"fire_hydrant:type":"underground","water_source":"main"}}},{"type":"Feature","geometry":{"type":"Point","coordinates":[-6.37648,53.42448]},"properties":{"asset_id":"osm:node/10282242252","kind":"hydrant","source":"OpenStreetMap","name":NaN,"evidence_level":"high","details":{"fire_hydrant:type":"underground","water_source":"main"}}},{"type":"Feature","geometry":{"type":"Point","coordinates":[-6.37266,53.42249]},"properties":{"asset_id":"osm:node/10282596597","kind":"hydrant","source":"OpenStreetMap","name":NaN,"evidence_level":"high","details":{"fire_hydrant:type":"underground","water_source":"main"}}},{"type":"Feature","geometry":{"type":"Point","coordinates":[-6.37368,53.42254]},"properties":{"asset_id":"osm:node/10282596600","kind":"hydrant","source":"OpenStreetMap","name":NaN,"evidence_level":"high","details":{"fire_hydrant:type":"underground","water_source":"main"}}},{"type":"Feature","geometry":{"type":"Point","coordinates":[-6.37939,53.42407]},"properties":{"asset_id":"osm:node/10282597420","kind":"hydrant","source":"OpenStreetMap","name":NaN,"evidence_level":"high","details":{"fire_hydrant:type":"underground","water_source":"main"}}},{"type":"Feature","geometry":{"type":"Point","coordinates":[-6.37994,53.42473]},"properties":{"asset_id":"osm:node/10282597501","kind":"hydrant","source":"OpenStreetMap","name":NaN,"evidence_level":"high","details":{"fire_hydrant:type":"underground","water_source":"main"}}},{"type":"Feature","geometry":{"type":"Point","coordinates":[-6.36659,53.42305]},"properties":{"asset_id":"osm:node/10283124262","kind":"hydrant","source":"OpenStreetMap","name":NaN,"evidence_level":"high","details":{"fire_hydrant:type":"underground","water_source":"main"}}},{"type":"Feature","geometry":{"type":"Point","coordinates":[-6.3653,53.42303]},"properties":{"asset_id":"osm:node/10283124264","kind":"hydrant","source":"OpenStreetMap","name":NaN,"evidence_level":"high","details":{"fire_hydrant:type":"underground","water_source":"main"}}},{"type":"Feature","geometry":{"type":"Point","coordinates":[-6.36764,53.42286]},"properties":{"asset_id":"osm:node/10283124265","kind":"hydrant","source":"OpenStreetMap","name":NaN,"evidence_level":"high","details":{"fire_hydrant:type":"underground","water_source":"main"}}},{"type":"Feature","geometry":{"type":"Point","coordinates":[-6.36856,53.42313]},"properties":{"asset_id":"osm:node/10283124267","kind":"hydrant","source":"OpenStreetMap","name":NaN,"evidence_level":"high","details":{"fire_hydrant:type":"underground","water_source":"main"}}},{"type":"Feature","geometry":{"type":"Point","coordinates":[-6.36701,53.42345]},"properties":{"asset_id":"osm:node/10283124268","kind":"hydrant","source":"OpenStreetMap","name":NaN,"evidence_level":"high","details":{"fire_hydrant:type":"underground","water_source":"main"}}},{"type":"Feature","geometry":{"type":"Point","coordinates":[-6.36516,53.42402]},"properties":{"asset_id":"osm:node/10283140910","kind":"hydrant","source":"OpenStreetMap","name":NaN,"evidence_level":"high","details":{"fire_hydrant:type":"underground","water_source":"main"}}},{"type":"Feature","geometry":{"type":"Point","coordinates":[-6.36577,53.4247]},"properties":{"asset_id":"osm:node/10283140913","kind":"hydrant","source":"OpenStreetMap","name":NaN,"evidence_level":"high","details":{"fire_hydrant:type":"underground","water_source":"main"}}},{"type":"Feature","geometry":{"type":"Point","coordinates":[-6.36666,53.42453]},"properties":{"asset_id":"osm:node/10283140917","kind":"hydrant","source":"OpenStreetMap","name":NaN,"evidence_level":"high","details":{"fire_hydrant:type":"underground","water_source":"main"}}},{"type":"Feature","geometry":{"type":"Point","coordinates":[-6.36888,53.42419]},"properties":{"asset_id":"osm:node/10283164916","kind":"hydrant","source":"OpenStreetMap","name":NaN,"evidence_level":"high","details":{"fire_hydrant:type":"underground","water_source":"main"}}},{"type":"Feature","geometry":{"type":"Point","coordinates":[-6.36968,53.42383]},"properties":{"asset_id":"osm:node/10283164917","kind":"hydrant","source":"OpenStreetMap","name":NaN,"evidence_level":"high","details":{"fire_hydrant:type":"underground","water_source":"main"}}},{"type":"Feature","geometry":{"type":"Point","coordinates":[-6.36871,53.42557]},"properties":{"asset_id":"osm:node/10283164923","kind":"hydrant","source":"OpenStreetMap","name":NaN,"evidence_level":"high","details":{"fire_hydrant:type":"underground","water_source":"main"}}},{"type":"Feature","geometry":{"type":"Point","coordinates":[-6.18222,53.30185]},"properties":{"asset_id":"osm:node/10298033293","kind":"hydrant","source":"OpenStreetMap","name":NaN,"evidence_level":"high","details":{"fire_hydrant:type":"underground","fire_hydrant:position":"parking_lot","water_source":"main"}}},{"type":"Feature","geometry":{"type":"Point","coordinates":[-6.18321,53.302]},"properties":{"asset_id":"osm:node/10298033294","kind":"hydrant","source":"OpenStreetMap","name":NaN,"evidence_level":"high","details":{"fire_hydrant:type":"underground","fire_hydrant:position":"sidewalk"}}},{"type":"Feature","geometry":{"type":"Point","coordinates":[-6.20003,53.28837]},"properties":{"asset_id":"osm:node/10308603676","kind":"hydrant","source":"OpenStreetMap","name":NaN,"evidence_level":"high","details":{"fire_hydrant:position":"sidewalk"}}},{"type":"Feature","geometry":{"type":"Point","coordinates":[-6.19962,53.28966]},"properties":{"asset_id":"osm:node/10308603677","kind":"hydrant","source":"OpenStreetMap","name":NaN,"evidence_level":"high","details":{"fire_hydrant:position":"lane"}}},{"type":"Feature","geometry":{"type":"Point","coordinates":[-6.20028,53.28956]},"properties":{"asset_id":"osm:node/10308603678","kind":"hydrant","source":"OpenStreetMap","name":NaN,"evidence_level":"high","details":{"fire_hydrant:position":"parking_lot"}}},{"type":"Feature","geometry":{"type":"Point","coordinates":[-6.20055,53.2888]},"properties":{"asset_id":"osm:node/10308603679","kind":"hydrant","source":"OpenStreetMap","name":NaN,"evidence_level":"high","details":{"fire_hydrant:position":"sidewalk"}}},{"type":"Feature","geometry":{"type":"Point","coordinates":[-6.2001,53.28858]},"properties":{"asset_id":"osm:node/10308603680","kind":"hydrant","source":"OpenStreetMap","name":NaN,"evidence_level":"high","details":{"fire_hydrant:position":"sidewalk"}}},{"type":"Feature","geometry":{"type":"Point","coordinates":[-6.20178,53.28821]},"properties":{"asset_id":"osm:node/10308603681","kind":"hydrant","source":"OpenStreetMap","name":NaN,"evidence_level":"high","details":{"fire_hydrant:position":"sidewalk"}}},{"type":"Feature","geometry":{"type":"Point","coordinates":[-6.20386,53.28837]},"properties":{"asset_id":"osm:node/10308603682","kind":"hydrant","source":"OpenStreetMap","name":NaN,"evidence_level":"high","details":{"fire_hydrant:position":"sidewalk"}}},{"type":"Feature","geometry":{"type":"Point","coordinates":[-6.2572,53.34504]},"properties":{"asset_id":"osm:node/10311160641","kind":"hydrant","source":"OpenStreetMap","name":NaN,"evidence_level":"high","details":{}}},{"type":"Feature","geometry":{"type":"Point","coordinates":[-6.25396,53.34452]},"properties":{"asset_id":"osm:node/10311160642","kind":"hydrant","source":"OpenStreetMap","name":NaN,"evidence_level":"high","details":{"fire_hydrant:type":"underground","fire_hydrant:position":"lane","water_source":"main"}}},{"type":"Feature","geometry":{"type":"Point","coordinates":[-6.25898,53.3457]},"properties":{"asset_id":"osm:node/10311160643","kind":"hydrant","source":"OpenStreetMap","name":NaN,"evidence_level":"high","details":{"fire_hydrant:type":"underground","fire_hydrant:position":"sidewalk","water_source":"main"}}},{"type":"Feature","geometry":{"type":"Point","coordinates":[-6.4475,53.50426]},"properties":{"asset_id":"osm:node/10312836698","kind":"hydrant","source":"OpenStreetMap","name":NaN,"evidence_level":"high","details":{"fire_hydrant:type":"underground","water_source":"main"}}},{"type":"Feature","geometry":{"type":"Point","coordinates":[-6.53718,53.51637]},"properties":{"asset_id":"osm:node/10421011115","kind":"water_well","source":"OpenStreetMap","name":NaN,"evidence_level":NaN,"details":{}}},{"type":"Feature","geometry":{"type":"Point","coordinates":[-6.54371,53.51467]},"properties":{"asset_id":"osm:node/10547890579","kind":"water_well","source":"OpenStreetMap","name":NaN,"evidence_level":NaN,"details":{}}},{"type":"Feature","geometry":{"type":"Point","coordinates":[-6.16771,53.52279]},"properties":{"asset_id":"osm:node/10587129436","kind":"water_well","source":"OpenStreetMap","name":NaN,"evidence_level":NaN,"details":{}}},{"type":"Feature","geometry":{"type":"Point","coordinates":[-6.18191,53.52662]},"properties":{"asset_id":"osm:node/10587515979","kind":"hydrant","source":"OpenStreetMap","name":NaN,"evidence_level":"high","details":{"fire_hydrant:type":"underground","fire_hydrant:diameter":"150","water_source":"main"}}},{"type":"Feature","geometry":{"type":"Point","coordinates":[-6.17135,53.52965]},"properties":{"asset_id":"osm:node/10591746795","kind":"water_well","source":"OpenStreetMap","name":NaN,"evidence_level":NaN,"details":{}}},{"type":"Feature","geometry":{"type":"Point","coordinates":[-6.17008,53.52839]},"properties":{"asset_id":"osm:node/10591746797","kind":"hydrant","source":"OpenStreetMap","name":NaN,"evidence_level":"high","details":{"fire_hydrant:type":"underground","fire_hydrant:position":"sidewalk","water_source":"main"}}},{"type":"Feature","geometry":{"type":"Point","coordinates":[-6.17163,53.53]},"properties":{"asset_id":"osm:node/10591951346","kind":"hydrant","source":"OpenStreetMap","name":NaN,"evidence_level":"high","details":{"fire_hydrant:type":"underground","fire_hydrant:position":"lane","water_source":"main"}}},{"type":"Feature","geometry":{"type":"Point","coordinates":[-6.16899,53.52765]},"properties":{"asset_id":"osm:node/10591951356","kind":"water_well","source":"OpenStreetMap","name":NaN,"evidence_level":NaN,"details":{}}},{"type":"Feature","geometry":{"type":"Point","coordinates":[-6.16854,53.52765]},"properties":{"asset_id":"osm:node/10591951371","kind":"hydrant","source":"OpenStreetMap","name":NaN,"evidence_level":"high","details":{"fire_hydrant:type":"underground","water_source":"main"}}},{"type":"Feature","geometry":{"type":"Point","coordinates":[-6.17435,53.52342]},"properties":{"asset_id":"osm:node/10596698001","kind":"hydrant","source":"OpenStreetMap","name":NaN,"evidence_level":"high","details":{"fire_hydrant:type":"underground","water_source":"main"}}},{"type":"Feature","geometry":{"type":"Point","coordinates":[-6.19295,53.5393]},"properties":{"asset_id":"osm:node/10597000911","kind":"hydrant","source":"OpenStreetMap","name":NaN,"evidence_level":"high","details":{"fire_hydrant:type":"underground","water_source":"main"}}},{"type":"Feature","geometry":{"type":"Point","coordinates":[-6.16272,53.52048]},"properties":{"asset_id":"osm:node/10597000971","kind":"hydrant","source":"OpenStreetMap","name":NaN,"evidence_level":"high","details":{"fire_hydrant:type":"underground","water_source":"main"}}},{"type":"Feature","geometry":{"type":"Point","coordinates":[-6.1738,53.52212]},"properties":{"asset_id":"osm:node/10597067801","kind":"hydrant","source":"OpenStreetMap","name":NaN,"evidence_level":"high","details":{"fire_hydrant:type":"underground","water_source":"main"}}},{"type":"Feature","geometry":{"type":"Point","coordinates":[-6.17066,53.52149]},"properties":{"asset_id":"osm:node/10597120903","kind":"hydrant","source":"OpenStreetMap","name":NaN,"evidence_level":"high","details":{"fire_hydrant:type":"underground","water_source":"main"}}},{"type":"Feature","geometry":{"type":"Point","coordinates":[-6.1707,53.52157]},"properties":{"asset_id":"osm:node/10597120904","kind":"hydrant","source":"OpenStreetMap","name":NaN,"evidence_level":"high","details":{"fire_hydrant:type":"underground","water_source":"main"}}},{"type":"Feature","geometry":{"type":"Point","coordinates":[-6.17,53.52207]},"properties":{"asset_id":"osm:node/10597128405","kind":"hydrant","source":"OpenStreetMap","name":NaN,"evidence_level":"high","details":{"fire_hydrant:type":"underground","water_source":"main"}}},{"type":"Feature","geometry":{"type":"Point","coordinates":[-6.17829,53.52717]},"properties":{"asset_id":"osm:node/10597218742","kind":"hydrant","source":"OpenStreetMap","name":NaN,"evidence_level":"high","details":{"fire_hydrant:type":"underground","water_source":"main"}}},{"type":"Feature","geometry":{"type":"Point","coordinates":[-6.16213,53.52722]},"properties":{"asset_id":"osm:node/10597286899","kind":"hydrant","source":"OpenStreetMap","name":NaN,"evidence_level":"high","details":{"fire_hydrant:type":"underground","water_source":"main"}}},{"type":"Feature","geometry":{"type":"Point","coordinates":[-6.16539,53.52804]},"properties":{"asset_id":"osm:node/10597286900","kind":"hydrant","source":"OpenStreetMap","name":NaN,"evidence_level":"high","details":{"fire_hydrant:type":"underground","water_source":"main"}}},{"type":"Feature","geometry":{"type":"Point","coordinates":[-6.16466,53.52856]},"properties":{"asset_id":"osm:node/10597286901","kind":"hydrant","source":"OpenStreetMap","name":NaN,"evidence_level":"high","details":{"fire_hydrant:type":"underground","water_source":"main"}}},{"type":"Feature","geometry":{"type":"Point","coordinates":[-6.17884,53.5273]},"properties":{"asset_id":"osm:node/10597394566","kind":"hydrant","source":"OpenStreetMap","name":NaN,"evidence_level":"high","details":{"fire_hydrant:type":"underground","water_source":"main"}}},{"type":"Feature","geometry":{"type":"Point","coordinates":[-6.17861,53.5255]},"properties":{"asset_id":"osm:node/10597407603","kind":"hydrant","source":"OpenStreetMap","name":NaN,"evidence_level":"high","details":{"fire_hydrant:type":"underground","water_source":"main"}}},{"type":"Feature","geometry":{"type":"Point","coordinates":[-6.1644,53.52688]},"properties":{"asset_id":"osm:node/10598974270","kind":"hydrant","source":"OpenStreetMap","name":NaN,"evidence_level":"high","details":{"fire_hydrant:type":"underground","water_source":"main","diameter":"10","operator":"Dublin Fire Brigade"}}},{"type":"Feature","geometry":{"type":"Point","coordinates":[-6.17934,53.52415]},"properties":{"asset_id":"osm:node/10599105664","kind":"hydrant","source":"OpenStreetMap","name":NaN,"evidence_level":"high","details":{"fire_hydrant:type":"underground","water_source":"main"}}},{"type":"Feature","geometry":{"type":"Point","coordinates":[-6.17858,53.52412]},"properties":{"asset_id":"osm:node/10599105665","kind":"hydrant","source":"OpenStreetMap","name":NaN,"evidence_level":"high","details":{"fire_hydrant:type":"underground","water_source":"main"}}},{"type":"Feature","geometry":{"type":"Point","coordinates":[-6.38958,53.50212]},"properties":{"asset_id":"osm:node/10604815976","kind":"hydrant","source":"OpenStreetMap","name":NaN,"evidence_level":"high","details":{"fire_hydrant:type":"underground","water_source":"main"}}},{"type":"Feature","geometry":{"type":"Point","coordinates":[-6.39522,53.50809]},"properties":{"asset_id":"osm:node/10606305218","kind":"hydrant","source":"OpenStreetMap","name":NaN,"evidence_level":"high","details":{"fire_hydrant:type":"underground","water_source":"main"}}},{"type":"Feature","geometry":{"type":"Point","coordinates":[-6.40366,53.51405]},"properties":{"asset_id":"osm:node/10606685414","kind":"hydrant","source":"OpenStreetMap","name":NaN,"evidence_level":"high","details":{"fire_hydrant:type":"underground","water_source":"main"}}},{"type":"Feature","geometry":{"type":"Point","coordinates":[-6.4038,53.51448]},"properties":{"asset_id":"osm:node/10606685417","kind":"hydrant","source":"OpenStreetMap","name":NaN,"evidence_level":"high","details":{"fire_hydrant:type":"underground","water_source":"main"}}},{"type":"Feature","geometry":{"type":"Point","coordinates":[-6.16022,53.26009]},"properties":{"asset_id":"osm:node/10610705231","kind":"hydrant","source":"OpenStreetMap","name":NaN,"evidence_level":"high","details":{"fire_hydrant:type":"underground","water_source":"main"}}},{"type":"Feature","geometry":{"type":"Point","coordinates":[-6.39967,53.51805]},"properties":{"asset_id":"osm:node/10616350074","kind":"hydrant","source":"OpenStreetMap","name":NaN,"evidence_level":"high","details":{"fire_hydrant:type":"underground","water_source":"main"}}},{"type":"Feature","geometry":{"type":"Point","coordinates":[-6.41169,53.51175]},"properties":{"asset_id":"osm:node/10616674898","kind":"hydrant","source":"OpenStreetMap","name":NaN,"evidence_level":"high","details":{"fire_hydrant:type":"underground","water_source":"main"}}},{"type":"Feature","geometry":{"type":"Point","coordinates":[-6.39487,53.51015]},"properties":{"asset_id":"osm:node/10633522431","kind":"hydrant","source":"OpenStreetMap","name":NaN,"evidence_level":"high","details":{"fire_hydrant:type":"underground","water_source":"main"}}},{"type":"Feature","geometry":{"type":"Point","coordinates":[-6.40552,53.50823]},"properties":{"asset_id":"osm:node/10633522487","kind":"hydrant","source":"OpenStreetMap","name":NaN,"evidence_level":"high","details":{"fire_hydrant:type":"underground","water_source":"main"}}},{"type":"Feature","geometry":{"type":"Point","coordinates":[-6.3989,53.50989]},"properties":{"asset_id":"osm:node/10633522628","kind":"hydrant","source":"OpenStreetMap","name":NaN,"evidence_level":"high","details":{"fire_hydrant:type":"underground","water_source":"main"}}},{"type":"Feature","geometry":{"type":"Point","coordinates":[-6.39277,53.50625]},"properties":{"asset_id":"osm:node/10635010291","kind":"hydrant","source":"OpenStreetMap","name":NaN,"evidence_level":"high","details":{"fire_hydrant:type":"underground","water_source":"main"}}},{"type":"Feature","geometry":{"type":"Point","coordinates":[-6.16155,53.52846]},"properties":{"asset_id":"osm:node/10689340473","kind":"hydrant","source":"OpenStreetMap","name":NaN,"evidence_level":"high","details":{"fire_hydrant:type":"underground","water_source":"main"}}},{"type":"Feature","geometry":{"type":"Point","coordinates":[-6.1733,53.52265]},"properties":{"asset_id":"osm:node/10690493039","kind":"hydrant","source":"OpenStreetMap","name":NaN,"evidence_level":"high","details":{"fire_hydrant:type":"underground","water_source":"main"}}},{"type":"Feature","geometry":{"type":"Point","coordinates":[-6.17352,53.52316]},"properties":{"asset_id":"osm:node/10690493044","kind":"hydrant","source":"OpenStreetMap","name":NaN,"evidence_level":"high","details":{"fire_hydrant:type":"underground","water_source":"main"}}},{"type":"Feature","geometry":{"type":"Point","coordinates":[-6.15795,53.52646]},"properties":{"asset_id":"osm:node/10691186922","kind":"hydrant","source":"OpenStreetMap","name":NaN,"evidence_level":"high","details":{"fire_hydrant:type":"underground","fire_hydrant:position":"green","water_source":"main"}}},{"type":"Feature","geometry":{"type":"Point","coordinates":[-6.15788,53.5262]},"properties":{"asset_id":"osm:node/10691186923","kind":"hydrant","source":"OpenStreetMap","name":NaN,"evidence_level":"high","details":{"fire_hydrant:type":"underground","water_source":"main"}}},{"type":"Feature","geometry":{"type":"Point","coordinates":[-6.16428,53.53226]},"properties":{"asset_id":"osm:node/10691334520","kind":"hydrant","source":"OpenStreetMap","name":NaN,"evidence_level":"high","details":{"fire_hydrant:type":"underground","fire_hydrant:position":"sidewalk","water_source":"main"}}},{"type":"Feature","geometry":{"type":"Point","coordinates":[-6.15888,53.52473]},"properties":{"asset_id":"osm:node/10692299746","kind":"hydrant","source":"OpenStreetMap","name":NaN,"evidence_level":"high","details":{"fire_hydrant:type":"underground","water_source":"main"}}},{"type":"Feature","geometry":{"type":"Point","coordinates":[-6.16319,53.52599]},"properties":{"asset_id":"osm:node/10692299752","kind":"hydrant","source":"OpenStreetMap","name":NaN,"evidence_level":"high","details":{"fire_hydrant:type":"underground","water_source":"main"}}},{"type":"Feature","geometry":{"type":"Point","coordinates":[-6.16301,53.52537]},"properties":{"asset_id":"osm:node/10692299755","kind":"hydrant","source":"OpenStreetMap","name":NaN,"evidence_level":"high","details":{"fire_hydrant:type":"underground","water_source":"main"}}},{"type":"Feature","geometry":{"type":"Point","coordinates":[-6.16332,53.5254]},"properties":{"asset_id":"osm:node/10692299769","kind":"hydrant","source":"OpenStreetMap","name":NaN,"evidence_level":"high","details":{"fire_hydrant:type":"underground","water_source":"main"}}},{"type":"Feature","geometry":{"type":"Point","coordinates":[-6.16156,53.5252]},"properties":{"asset_id":"osm:node/10692299786","kind":"hydrant","source":"OpenStreetMap","name":NaN,"evidence_level":"high","details":{"fire_hydrant:type":"underground","water_source":"main"}}},{"type":"Feature","geometry":{"type":"Point","coordinates":[-6.16896,53.52051]},"properties":{"asset_id":"osm:node/10696985182","kind":"hydrant","source":"OpenStreetMap","name":NaN,"evidence_level":"high","details":{"fire_hydrant:type":"underground","water_source":"main"}}},{"type":"Feature","geometry":{"type":"Point","coordinates":[-6.17201,53.5239]},"properties":{"asset_id":"osm:node/10697453818","kind":"hydrant","source":"OpenStreetMap","name":NaN,"evidence_level":"high","details":{"fire_hydrant:type":"underground","water_source":"main"}}},{"type":"Feature","geometry":{"type":"Point","coordinates":[-6.16581,53.52566]},"properties":{"asset_id":"osm:node/10698393454","kind":"water_well","source":"OpenStreetMap","name":NaN,"evidence_level":NaN,"details":{}}},{"type":"Feature","geometry":{"type":"Point","coordinates":[-6.15996,53.52628]},"properties":{"asset_id":"osm:node/10698527824","kind":"hydrant","source":"OpenStreetMap","name":NaN,"evidence_level":"high","details":{"fire_hydrant:type":"underground","water_source":"main"}}},{"type":"Feature","geometry":{"type":"Point","coordinates":[-6.15973,53.52584]},"properties":{"asset_id":"osm:node/10698527833","kind":"hydrant","source":"OpenStreetMap","name":NaN,"evidence_level":"high","details":{"fire_hydrant:type":"underground","water_source":"main"}}},{"type":"Feature","geometry":{"type":"Point","coordinates":[-6.16152,53.5254]},"properties":{"asset_id":"osm:node/10698527834","kind":"hydrant","source":"OpenStreetMap","name":NaN,"evidence_level":"high","details":{"fire_hydrant:type":"underground","water_source":"main"}}},{"type":"Feature","geometry":{"type":"Point","coordinates":[-6.16021,53.52589]},"properties":{"asset_id":"osm:node/10704966081","kind":"hydrant","source":"OpenStreetMap","name":NaN,"evidence_level":"high","details":{"fire_hydrant:type":"underground","water_source":"main"}}},{"type":"Feature","geometry":{"type":"Point","coordinates":[-6.17955,53.52538]},"properties":{"asset_id":"osm:node/10705379290","kind":"hydrant","source":"OpenStreetMap","name":NaN,"evidence_level":"high","details":{"fire_hydrant:type":"underground","water_source":"main"}}},{"type":"Feature","geometry":{"type":"Point","coordinates":[-6.17892,53.52604]},"properties":{"asset_id":"osm:node/10705379292","kind":"hydrant","source":"OpenStreetMap","name":NaN,"evidence_level":"high","details":{"fire_hydrant:type":"underground","water_source":"main"}}},{"type":"Feature","geometry":{"type":"Point","coordinates":[-6.18263,53.52618]},"properties":{"asset_id":"osm:node/10705379300","kind":"hydrant","source":"OpenStreetMap","name":NaN,"evidence_level":"high","details":{"fire_hydrant:type":"underground","fire_hydrant:diameter":"150","water_source":"main"}}},{"type":"Feature","geometry":{"type":"Point","coordinates":[-6.18153,53.52575]},"properties":{"asset_id":"osm:node/10705379304","kind":"hydrant","source":"OpenStreetMap","name":NaN,"evidence_level":"high","details":{"fire_hydrant:type":"underground","fire_hydrant:diameter":"150","water_source":"main"}}},{"type":"Feature","geometry":{"type":"Point","coordinates":[-6.17881,53.52476]},"properties":{"asset_id":"osm:node/10705380617","kind":"hydrant","source":"OpenStreetMap","name":NaN,"evidence_level":"high","details":{"fire_hydrant:type":"underground","water_source":"main"}}},{"type":"Feature","geometry":{"type":"Point","coordinates":[-6.17763,53.52482]},"properties":{"asset_id":"osm:node/10705537109","kind":"hydrant","source":"OpenStreetMap","name":NaN,"evidence_level":"high","details":{"fire_hydrant:type":"underground","fire_hydrant:diameter":"150","water_source":"main"}}},{"type":"Feature","geometry":{"type":"Point","coordinates":[-6.17686,53.52425]},"properties":{"asset_id":"osm:node/10705537110","kind":"hydrant","source":"OpenStreetMap","name":NaN,"evidence_level":"high","details":{"fire_hydrant:type":"underground","fire_hydrant:diameter":"150","water_source":"main"}}},{"type":"Feature","geometry":{"type":"Point","coordinates":[-6.18139,53.52639]},"properties":{"asset_id":"osm:node/10705537127","kind":"hydrant","source":"OpenStreetMap","name":NaN,"evidence_level":"high","details":{"fire_hydrant:type":"underground","fire_hydrant:diameter":"150","water_source":"main"}}},{"type":"Feature","geometry":{"type":"Point","coordinates":[-6.18042,53.52653]},"properties":{"asset_id":"osm:node/10705537143","kind":"hydrant","source":"OpenStreetMap","name":NaN,"evidence_level":"high","details":{"fire_hydrant:type":"underground","fire_hydrant:diameter":"150","water_source":"main"}}},{"type":"Feature","geometry":{"type":"Point","coordinates":[-6.17958,53.52702]},"properties":{"asset_id":"osm:node/10705537172","kind":"hydrant","source":"OpenStreetMap","name":NaN,"evidence_level":"high","details":{"fire_hydrant:type":"underground","fire_hydrant:diameter":"150","water_source":"main"}}},{"type":"Feature","geometry":{"type":"Point","coordinates":[-6.17775,53.52671]},"properties":{"asset_id":"osm:node/10705537198","kind":"hydrant","source":"OpenStreetMap","name":NaN,"evidence_level":"high","details":{"fire_hydrant:type":"underground","fire_hydrant:diameter":"150","water_source":"main"}}},{"type":"Feature","geometry":{"type":"Point","coordinates":[-6.17793,53.52638]},"properties":{"asset_id":"osm:node/10705537203","kind":"manhole_sewer","source":"OpenStreetMap","name":NaN,"evidence_level":"medium","details":{"manhole":"sewer"}}},{"type":"Feature","geometry":{"type":"Point","coordinates":[-6.17797,53.52636]},"properties":{"asset_id":"osm:node/10705537204","kind":"manhole_sewer","source":"OpenStreetMap","name":NaN,"evidence_level":"medium","details":{"manhole":"sewer"}}},{"type":"Feature","geometry":{"type":"Point","coordinates":[-6.17701,53.52637]},"properties":{"asset_id":"osm:node/10705538005","kind":"manhole_sewer","source":"OpenStreetMap","name":NaN,"evidence_level":"medium","details":{"manhole":"sewer"}}},{"type":"Feature","geometry":{"type":"Point","coordinates":[-6.17694,53.52634]},"properties":{"asset_id":"osm:node/10705538007","kind":"manhole_sewer","source":"OpenStreetMap","name":NaN,"evidence_level":"medium","details":{"manhole":"sewer"}}},{"type":"Feature","geometry":{"type":"Point","coordinates":[-6.1768,53.52631]},"properties":{"asset_id":"osm:node/10705538008","kind":"manhole_sewer","source":"OpenStreetMap","name":NaN,"evidence_level":"medium","details":{"manhole":"sewer"}}},{"type":"Feature","geometry":{"type":"Point","coordinates":[-6.17673,53.52631]},"properties":{"asset_id":"osm:node/10705538009","kind":"manhole_sewer","source":"OpenStreetMap","name":NaN,"evidence_level":"medium","details":{"manhole":"sewer"}}},{"type":"Feature","geometry":{"type":"Point","coordinates":[-6.17658,53.52634]},"properties":{"asset_id":"osm:node/10705538011","kind":"manhole_sewer","source":"OpenStreetMap","name":NaN,"evidence_level":"medium","details":{"manhole":"sewer"}}},{"type":"Feature","geometry":{"type":"Point","coordinates":[-6.17665,53.52631]},"properties":{"asset_id":"osm:node/10705538012","kind":"manhole_sewer","source":"OpenStreetMap","name":NaN,"evidence_level":"medium","details":{"manhole":"sewer"}}},{"type":"Feature","geometry":{"type":"Point","coordinates":[-6.17892,53.52648]},"properties":{"asset_id":"osm:node/10705538020","kind":"hydrant","source":"OpenStreetMap","name":NaN,"evidence_level":"high","details":{"fire_hydrant:type":"underground","fire_hydrant:diameter":"150","water_source":"main"}}},{"type":"Feature","geometry":{"type":"Point","coordinates":[-6.17764,53.52571]},"properties":{"asset_id":"osm:node/10705538024","kind":"hydrant","source":"OpenStreetMap","name":NaN,"evidence_level":"high","details":{"fire_hydrant:type":"underground","water_source":"main"}}},{"type":"Feature","geometry":{"type":"Point","coordinates":[-6.17716,53.52606]},"properties":{"asset_id":"osm:node/10705538028","kind":"hydrant","source":"OpenStreetMap","name":NaN,"evidence_level":"high","details":{"fire_hydrant:type":"underground","water_source":"main"}}},{"type":"Feature","geometry":{"type":"Point","coordinates":[-6.17504,53.52555]},"properties":{"asset_id":"osm:node/10705538043","kind":"hydrant","source":"OpenStreetMap","name":NaN,"evidence_level":"high","details":{"fire_hydrant:type":"underground","water_source":"main"}}},{"type":"Feature","geometry":{"type":"Point","coordinates":[-6.17549,53.52539]},"properties":{"asset_id":"osm:node/10705538044","kind":"manhole_sewer","source":"OpenStreetMap","name":NaN,"evidence_level":"medium","details":{"manhole":"sewer"}}},{"type":"Feature","geometry":{"type":"Point","coordinates":[-6.17527,53.52538]},"properties":{"asset_id":"osm:node/10705538045","kind":"manhole_sewer","source":"OpenStreetMap","name":NaN,"evidence_level":"medium","details":{"manhole":"sewer"}}},{"type":"Feature","geometry":{"type":"Point","coordinates":[-6.17494,53.52532]},"properties":{"asset_id":"osm:node/10705538046","kind":"manhole_sewer","source":"OpenStreetMap","name":NaN,"evidence_level":"medium","details":{"manhole":"sewer"}}},{"type":"Feature","geometry":{"type":"Point","coordinates":[-6.17376,53.5254]},"properties":{"asset_id":"osm:node/10705538051","kind":"hydrant","source":"OpenStreetMap","name":NaN,"evidence_level":"high","details":{"fire_hydrant:type":"underground","water_source":"main"}}},{"type":"Feature","geometry":{"type":"Point","coordinates":[-6.17336,53.5249]},"properties":{"asset_id":"osm:node/10705538058","kind":"hydrant","source":"OpenStreetMap","name":NaN,"evidence_level":"high","details":{"fire_hydrant:type":"underground","water_source":"main"}}},{"type":"Feature","geometry":{"type":"Point","coordinates":[-6.16894,53.52251]},"properties":{"asset_id":"osm:node/10705559563","kind":"hydrant","source":"OpenStreetMap","name":NaN,"evidence_level":"high","details":{"fire_hydrant:type":"underground","water_source":"main"}}},{"type":"Feature","geometry":{"type":"Point","coordinates":[-6.17229,53.52423]},"properties":{"asset_id":"osm:node/10706653463","kind":"hydrant","source":"OpenStreetMap","name":NaN,"evidence_level":"high","details":{"fire_hydrant:type":"underground","water_source":"main"}}},{"type":"Feature","geometry":{"type":"Point","coordinates":[-6.17213,53.52357]},"properties":{"asset_id":"osm:node/10706657677","kind":"hydrant","source":"OpenStreetMap","name":NaN,"evidence_level":"high","details":{"fire_hydrant:type":"underground","water_source":"main"}}},{"type":"Feature","geometry":{"type":"Point","coordinates":[-6.17359,53.52628]},"properties":{"asset_id":"osm:node/10706913752","kind":"hydrant","source":"OpenStreetMap","name":NaN,"evidence_level":"high","details":{"fire_hydrant:type":"underground","water_source":"main"}}},{"type":"Feature","geometry":{"type":"Point","coordinates":[-6.17514,53.52611]},"properties":{"asset_id":"osm:node/10706925771","kind":"hydrant","source":"OpenStreetMap","name":NaN,"evidence_level":"high","details":{"fire_hydrant:type":"underground","water_source":"main"}}},{"type":"Feature","geometry":{"type":"Point","coordinates":[-6.17546,53.52638]},"properties":{"asset_id":"osm:node/10706925778","kind":"hydrant","source":"OpenStreetMap","name":NaN,"evidence_level":"high","details":{"fire_hydrant:type":"underground","water_source":"main"}}},{"type":"Feature","geometry":{"type":"Point","coordinates":[-6.17444,53.52242]},"properties":{"asset_id":"osm:node/10706960106","kind":"hydrant","source":"OpenStreetMap","name":NaN,"evidence_level":"high","details":{"fire_hydrant:type":"underground","water_source":"main"}}},{"type":"Feature","geometry":{"type":"Point","coordinates":[-6.17664,53.52644]},"properties":{"asset_id":"osm:node/10706967810","kind":"hydrant","source":"OpenStreetMap","name":NaN,"evidence_level":"high","details":{"fire_hydrant:type":"underground","fire_hydrant:diameter":"150","water_source":"main"}}},{"type":"Feature","geometry":{"type":"Point","coordinates":[-6.17706,53.52617]},"properties":{"asset_id":"osm:node/10706967813","kind":"manhole_sewer","source":"OpenStreetMap","name":NaN,"evidence_level":"medium","details":{"manhole":"sewer"}}},{"type":"Feature","geometry":{"type":"Point","coordinates":[-6.17668,53.52614]},"properties":{"asset_id":"osm:node/10706967814","kind":"manhole_sewer","source":"OpenStreetMap","name":NaN,"evidence_level":"medium","details":{"manhole":"sewer"}}},{"type":"Feature","geometry":{"type":"Point","coordinates":[-6.17576,53.52513]},"properties":{"asset_id":"osm:node/10706967819","kind":"hydrant","source":"OpenStreetMap","name":NaN,"evidence_level":"high","details":{"fire_hydrant:type":"underground","water_source":"main"}}},{"type":"Feature","geometry":{"type":"Point","coordinates":[-6.16326,53.52108]},"properties":{"asset_id":"osm:node/10706975845","kind":"hydrant","source":"OpenStreetMap","name":NaN,"evidence_level":"high","details":{"fire_hydrant:type":"underground","water_source":"main"}}},{"type":"Feature","geometry":{"type":"Point","coordinates":[-6.17206,53.52207]},"properties":{"asset_id":"osm:node/10707216695","kind":"hydrant","source":"OpenStreetMap","name":NaN,"evidence_level":"high","details":{"fire_hydrant:type":"underground","water_source":"main"}}},{"type":"Feature","geometry":{"type":"Point","coordinates":[-6.1724,53.52168]},"properties":{"asset_id":"osm:node/10707293914","kind":"hydrant","source":"OpenStreetMap","name":NaN,"evidence_level":"high","details":{"fire_hydrant:type":"underground","water_source":"main"}}},{"type":"Feature","geometry":{"type":"Point","coordinates":[-6.17433,53.52485]},"properties":{"asset_id":"osm:node/10707321883","kind":"hydrant","source":"OpenStreetMap","name":NaN,"evidence_level":"high","details":{"fire_hydrant:type":"underground","water_source":"main"}}},{"type":"Feature","geometry":{"type":"Point","coordinates":[-6.17936,53.52623]},"properties":{"asset_id":"osm:node/10707385086","kind":"manhole_sewer","source":"OpenStreetMap","name":NaN,"evidence_level":"medium","details":{"manhole":"sewer"}}},{"type":"Feature","geometry":{"type":"Point","coordinates":[-6.18046,53.5257]},"properties":{"asset_id":"osm:node/10707523245","kind":"hydrant","source":"OpenStreetMap","name":NaN,"evidence_level":"high","details":{"fire_hydrant:type":"underground","fire_hydrant:diameter":"150","water_source":"main"}}},{"type":"Feature","geometry":{"type":"Point","coordinates":[-6.18234,53.52594]},"properties":{"asset_id":"osm:node/10707523251","kind":"hydrant","source":"OpenStreetMap","name":NaN,"evidence_level":"high","details":{"fire_hydrant:type":"underground","fire_hydrant:diameter":"150","water_source":"main"}}},{"type":"Feature","geometry":{"type":"Point","coordinates":[-6.17731,53.52526]},"properties":{"asset_id":"osm:node/10707524978","kind":"hydrant","source":"OpenStreetMap","name":NaN,"evidence_level":"high","details":{"fire_hydrant:type":"underground","water_source":"main"}}},{"type":"Feature","geometry":{"type":"Point","coordinates":[-6.17662,53.52438]},"properties":{"asset_id":"osm:node/10707524981","kind":"hydrant","source":"OpenStreetMap","name":NaN,"evidence_level":"high","details":{"fire_hydrant:type":"underground","fire_hydrant:diameter":"150","water_source":"main"}}},{"type":"Feature","geometry":{"type":"Point","coordinates":[-6.17961,53.52495]},"properties":{"asset_id":"osm:node/10707524990","kind":"hydrant","source":"OpenStreetMap","name":NaN,"evidence_level":"high","details":{"fire_hydrant:type":"underground","water_source":"main"}}},{"type":"Feature","geometry":{"type":"Point","coordinates":[-6.16563,53.52979]},"properties":{"asset_id":"osm:node/10709382497","kind":"water_well","source":"OpenStreetMap","name":NaN,"evidence_level":NaN,"details":{}}},{"type":"Feature","geometry":{"type":"Point","coordinates":[-6.16305,53.53011]},"properties":{"asset_id":"osm:node/10709415998","kind":"hydrant","source":"OpenStreetMap","name":NaN,"evidence_level":"high","details":{"fire_hydrant:type":"underground","water_source":"main"}}},{"type":"Feature","geometry":{"type":"Point","coordinates":[-6.15567,53.5312]},"properties":{"asset_id":"osm:node/10709688401","kind":"hydrant","source":"OpenStreetMap","name":NaN,"evidence_level":"high","details":{"fire_hydrant:type":"underground","water_source":"main"}}},{"type":"Feature","geometry":{"type":"Point","coordinates":[-6.16612,53.52858]},"properties":{"asset_id":"osm:node/10710865963","kind":"hydrant","source":"OpenStreetMap","name":NaN,"evidence_level":"high","details":{"fire_hydrant:type":"underground","water_source":"main"}}},{"type":"Feature","geometry":{"type":"Point","coordinates":[-6.16375,53.52884]},"properties":{"asset_id":"osm:node/10710892709","kind":"hydrant","source":"OpenStreetMap","name":NaN,"evidence_level":"high","details":{"fire_hydrant:type":"underground","water_source":"main"}}},{"type":"Feature","geometry":{"type":"Point","coordinates":[-6.1562,53.53171]},"properties":{"asset_id":"osm:node/10711512480","kind":"hydrant","source":"OpenStreetMap","name":NaN,"evidence_level":"high","details":{"fire_hydrant:type":"underground","water_source":"main"}}},{"type":"Feature","geometry":{"type":"Point","coordinates":[-6.39975,53.32206]},"properties":{"asset_id":"osm:node/10713167410","kind":"drinking_fountain","source":"OpenStreetMap","name":NaN,"evidence_level":"medium","details":{}}},{"type":"Feature","geometry":{"type":"Point","coordinates":[-6.16006,53.52931]},"properties":{"asset_id":"osm:node/10713222436","kind":"hydrant","source":"OpenStreetMap","name":NaN,"evidence_level":"high","details":{"fire_hydrant:type":"underground","water_source":"main"}}},{"type":"Feature","geometry":{"type":"Point","coordinates":[-6.16387,53.52727]},"properties":{"asset_id":"osm:node/10713235267","kind":"hydrant","source":"OpenStreetMap","name":NaN,"evidence_level":"high","details":{"fire_hydrant:type":"underground","water_source":"main","operator":"Dublin Fire Brigade"}}},{"type":"Feature","geometry":{"type":"Point","coordinates":[-6.16448,53.52751]},"properties":{"asset_id":"osm:node/10713235307","kind":"hydrant","source":"OpenStreetMap","name":NaN,"evidence_level":"high","details":{"fire_hydrant:type":"underground"}}},{"type":"Feature","geometry":{"type":"Point","coordinates":[-6.16424,53.52732]},"properties":{"asset_id":"osm:node/10713235313","kind":"hydrant","source":"OpenStreetMap","name":NaN,"evidence_level":"high","details":{"fire_hydrant:type":"underground","water_source":"main","operator":"Dublin Fire Brigade"}}},{"type":"Feature","geometry":{"type":"Point","coordinates":[-6.15913,53.5263]},"properties":{"asset_id":"osm:node/10713280301","kind":"hydrant","source":"OpenStreetMap","name":NaN,"evidence_level":"high","details":{"fire_hydrant:type":"underground","water_source":"main"}}},{"type":"Feature","geometry":{"type":"Point","coordinates":[-6.15881,53.52504]},"properties":{"asset_id":"osm:node/10718915062","kind":"hydrant","source":"OpenStreetMap","name":NaN,"evidence_level":"high","details":{"fire_hydrant:type":"underground","water_source":"main","operator":"Dublin Fire Brigade"}}},{"type":"Feature","geometry":{"type":"Point","coordinates":[-6.15893,53.52544]},"properties":{"asset_id":"osm:node/10718918271","kind":"hydrant","source":"OpenStreetMap","name":NaN,"evidence_level":"high","details":{"fire_hydrant:type":"underground","water_source":"main","operator":"Dublin Fire Brigade"}}},{"type":"Feature","geometry":{"type":"Point","coordinates":[-6.15967,53.52481]},"properties":{"asset_id":"osm:node/10718954690","kind":"hydrant","source":"OpenStreetMap","name":NaN,"evidence_level":"high","details":{"fire_hydrant:type":"underground","water_source":"main","operator":"Dublin Fire Brigade"}}},{"type":"Feature","geometry":{"type":"Point","coordinates":[-6.16328,53.53281]},"properties":{"asset_id":"osm:node/10720190743","kind":"hydrant","source":"OpenStreetMap","name":NaN,"evidence_level":"high","details":{"fire_hydrant:type":"underground","fire_hydrant:position":"sidewalk","water_source":"main"}}},{"type":"Feature","geometry":{"type":"Point","coordinates":[-6.1633,53.53253]},"properties":{"asset_id":"osm:node/10720190750","kind":"hydrant","source":"OpenStreetMap","name":NaN,"evidence_level":"high","details":{"fire_hydrant:type":"underground","fire_hydrant:position":"sidewalk","water_source":"main"}}},{"type":"Feature","geometry":{"type":"Point","coordinates":[-6.16305,53.53248]},"properties":{"asset_id":"osm:node/10720190767","kind":"hydrant","source":"OpenStreetMap","name":NaN,"evidence_level":"high","details":{"fire_hydrant:type":"underground","fire_hydrant:position":"sidewalk","water_source":"main"}}},{"type":"Feature","geometry":{"type":"Point","coordinates":[-6.16259,53.53199]},"properties":{"asset_id":"osm:node/10720190771","kind":"hydrant","source":"OpenStreetMap","name":NaN,"evidence_level":"high","details":{"fire_hydrant:type":"underground","fire_hydrant:position":"sidewalk","water_source":"main"}}},{"type":"Feature","geometry":{"type":"Point","coordinates":[-6.16429,53.53149]},"properties":{"asset_id":"osm:node/10720201035","kind":"hydrant","source":"OpenStreetMap","name":NaN,"evidence_level":"high","details":{"fire_hydrant:type":"underground","fire_hydrant:position":"sidewalk","water_source":"main"}}},{"type":"Feature","geometry":{"type":"Point","coordinates":[-6.16505,53.53108]},"properties":{"asset_id":"osm:node/10720201049","kind":"hydrant","source":"OpenStreetMap","name":NaN,"evidence_level":"high","details":{"fire_hydrant:type":"underground","fire_hydrant:position":"sidewalk","water_source":"main"}}},{"type":"Feature","geometry":{"type":"Point","coordinates":[-6.16353,53.53176]},"properties":{"asset_id":"osm:node/10720201070","kind":"hydrant","source":"OpenStreetMap","name":NaN,"evidence_level":"high","details":{"fire_hydrant:type":"underground","fire_hydrant:position":"sidewalk","water_source":"main"}}},{"type":"Feature","geometry":{"type":"Point","coordinates":[-6.16341,53.53227]},"properties":{"asset_id":"osm:node/10720201081","kind":"hydrant","source":"OpenStreetMap","name":NaN,"evidence_level":"high","details":{"fire_hydrant:type":"underground","fire_hydrant:position":"sidewalk","water_source":"main"}}},{"type":"Feature","geometry":{"type":"Point","coordinates":[-6.16467,53.53169]},"properties":{"asset_id":"osm:node/10720256076","kind":"hydrant","source":"OpenStreetMap","name":NaN,"evidence_level":"high","details":{"fire_hydrant:type":"underground","fire_hydrant:position":"sidewalk","water_source":"main"}}},{"type":"Feature","geometry":{"type":"Point","coordinates":[-6.16389,53.53079]},"properties":{"asset_id":"osm:node/10720256087","kind":"hydrant","source":"OpenStreetMap","name":NaN,"evidence_level":"high","details":{"fire_hydrant:type":"underground","fire_hydrant:position":"green","water_source":"main"}}},{"type":"Feature","geometry":{"type":"Point","coordinates":[-6.16668,53.52768]},"properties":{"asset_id":"osm:node/10724591169","kind":"water_well","source":"OpenStreetMap","name":NaN,"evidence_level":NaN,"details":{}}},{"type":"Feature","geometry":{"type":"Point","coordinates":[-6.16553,53.5286]},"properties":{"asset_id":"osm:node/10724655492","kind":"hydrant","source":"OpenStreetMap","name":NaN,"evidence_level":"high","details":{"fire_hydrant:type":"underground","water_source":"main"}}},{"type":"Feature","geometry":{"type":"Point","coordinates":[-6.2158,53.30066]},"properties":{"asset_id":"osm:node/10727275303","kind":"hydrant","source":"OpenStreetMap","name":NaN,"evidence_level":"high","details":{}}},{"type":"Feature","geometry":{"type":"Point","coordinates":[-6.21967,53.44694]},"properties":{"asset_id":"osm:node/10737824680","kind":"manhole_unspecified","source":"OpenStreetMap","name":NaN,"evidence_level":"medium","details":{}}},{"type":"Feature","geometry":{"type":"Point","coordinates":[-6.19559,53.53325]},"properties":{"asset_id":"osm:node/10743698979","kind":"hydrant","source":"OpenStreetMap","name":NaN,"evidence_level":"high","details":{"fire_hydrant:type":"underground","water_source":"main"}}},{"type":"Feature","geometry":{"type":"Point","coordinates":[-6.19522,53.53338]},"properties":{"asset_id":"osm:node/10743699003","kind":"hydrant","source":"OpenStreetMap","name":NaN,"evidence_level":"high","details":{"fire_hydrant:type":"underground","water_source":"main"}}},{"type":"Feature","geometry":{"type":"Point","coordinates":[-6.19522,53.53339]},"properties":{"asset_id":"osm:node/10743699004","kind":"hydrant","source":"OpenStreetMap","name":NaN,"evidence_level":"high","details":{"fire_hydrant:type":"underground","water_source":"main"}}},{"type":"Feature","geometry":{"type":"Point","coordinates":[-6.19549,53.53284]},"properties":{"asset_id":"osm:node/10743700514","kind":"manhole_unspecified","source":"OpenStreetMap","name":NaN,"evidence_level":"medium","details":{}}},{"type":"Feature","geometry":{"type":"Point","coordinates":[-6.40761,53.50749]},"properties":{"asset_id":"osm:node/10745479127","kind":"hydrant","source":"OpenStreetMap","name":NaN,"evidence_level":"high","details":{"fire_hydrant:type":"underground","water_source":"main"}}},{"type":"Feature","geometry":{"type":"Point","coordinates":[-6.40901,53.50723]},"properties":{"asset_id":"osm:node/10745479147","kind":"hydrant","source":"OpenStreetMap","name":NaN,"evidence_level":"high","details":{"fire_hydrant:type":"underground","water_source":"main"}}},{"type":"Feature","geometry":{"type":"Point","coordinates":[-6.40814,53.50828]},"properties":{"asset_id":"osm:node/10746248407","kind":"hydrant","source":"OpenStreetMap","name":NaN,"evidence_level":"high","details":{"fire_hydrant:type":"underground","water_source":"main"}}},{"type":"Feature","geometry":{"type":"Point","coordinates":[-6.29324,53.34588]},"properties":{"asset_id":"osm:node/10759065496","kind":"hydrant","source":"OpenStreetMap","name":NaN,"evidence_level":"high","details":{"fire_hydrant:type":"underground"}}},{"type":"Feature","geometry":{"type":"Point","coordinates":[-6.29611,53.3454]},"properties":{"asset_id":"osm:node/10759065497","kind":"hydrant","source":"OpenStreetMap","name":NaN,"evidence_level":"high","details":{"fire_hydrant:type":"underground","fire_hydrant:position":"sidewalk"}}},{"type":"Feature","geometry":{"type":"Point","coordinates":[-6.30015,53.34283]},"properties":{"asset_id":"osm:node/10759065498","kind":"hydrant","source":"OpenStreetMap","name":NaN,"evidence_level":"high","details":{"fire_hydrant:type":"underground","fire_hydrant:position":"sidewalk"}}},{"type":"Feature","geometry":{"type":"Point","coordinates":[-6.25922,53.36408]},"properties":{"asset_id":"osm:node/10786821216","kind":"hydrant","source":"OpenStreetMap","name":NaN,"evidence_level":"high","details":{"fire_hydrant:type":"underground","water_source":"main"}}},{"type":"Feature","geometry":{"type":"Point","coordinates":[-6.22989,53.32757]},"properties":{"asset_id":"osm:node/10792428754","kind":"hydrant","source":"OpenStreetMap","name":NaN,"evidence_level":"high","details":{"fire_hydrant:type":"underground","fire_hydrant:position":"sidewalk"}}},{"type":"Feature","geometry":{"type":"Point","coordinates":[-6.24147,53.42504]},"properties":{"asset_id":"osm:node/10804008352","kind":"drinking_fountain","source":"OpenStreetMap","name":NaN,"evidence_level":"medium","details":{}}},{"type":"Feature","geometry":{"type":"Point","coordinates":[-6.26094,53.33935]},"properties":{"asset_id":"osm:node/10838110959","kind":"hydrant","source":"OpenStreetMap","name":NaN,"evidence_level":"high","details":{}}},{"type":"Feature","geometry":{"type":"Point","coordinates":[-6.26673,53.34501]},"properties":{"asset_id":"osm:node/10840449958","kind":"hydrant","source":"OpenStreetMap","name":NaN,"evidence_level":"high","details":{}}},{"type":"Feature","geometry":{"type":"Point","coordinates":[-6.26568,53.34517]},"properties":{"asset_id":"osm:node/10841368208","kind":"hydrant","source":"OpenStreetMap","name":NaN,"evidence_level":"high","details":{"fire_hydrant:type":"underground","fire_hydrant:position":"sidewalk"}}},{"type":"Feature","geometry":{"type":"Point","coordinates":[-6.39959,53.32203]},"properties":{"asset_id":"osm:node/10855846207","kind":"drinking_fountain","source":"OpenStreetMap","name":NaN,"evidence_level":"medium","details":{}}},{"type":"Feature","geometry":{"type":"Point","coordinates":[-6.50586,53.34295]},"properties":{"asset_id":"osm:node/10922692985","kind":"hydrant","source":"OpenStreetMap","name":NaN,"evidence_level":"high","details":{}}},{"type":"Feature","geometry":{"type":"Point","coordinates":[-6.18816,53.30415]},"properties":{"asset_id":"osm:node/10926226571","kind":"hydrant","source":"OpenStreetMap","name":NaN,"evidence_level":"high","details":{"fire_hydrant:type":"underground","water_source":"main"}}},{"type":"Feature","geometry":{"type":"Point","coordinates":[-6.18751,53.30399]},"properties":{"asset_id":"osm:node/10926226572","kind":"hydrant","source":"OpenStreetMap","name":NaN,"evidence_level":"high","details":{"fire_hydrant:type":"underground","water_source":"main"}}},{"type":"Feature","geometry":{"type":"Point","coordinates":[-6.18771,53.3034]},"properties":{"asset_id":"osm:node/10926226573","kind":"hydrant","source":"OpenStreetMap","name":NaN,"evidence_level":"high","details":{"fire_hydrant:type":"underground","water_source":"main"}}},{"type":"Feature","geometry":{"type":"Point","coordinates":[-6.1879,53.30296]},"properties":{"asset_id":"osm:node/10926226574","kind":"hydrant","source":"OpenStreetMap","name":NaN,"evidence_level":"high","details":{"fire_hydrant:type":"underground","water_source":"main"}}},{"type":"Feature","geometry":{"type":"Point","coordinates":[-6.1868,53.30449]},"properties":{"asset_id":"osm:node/10926454277","kind":"hydrant","source":"OpenStreetMap","name":NaN,"evidence_level":"high","details":{"fire_hydrant:type":"underground","water_source":"main"}}},{"type":"Feature","geometry":{"type":"Point","coordinates":[-6.26455,53.3288]},"properties":{"asset_id":"osm:node/10933643856","kind":"hydrant","source":"OpenStreetMap","name":NaN,"evidence_level":"high","details":{"fire_hydrant:type":"underground","water_source":"main"}}},{"type":"Feature","geometry":{"type":"Point","coordinates":[-6.26101,53.31388]},"properties":{"asset_id":"osm:node/10933643857","kind":"hydrant","source":"OpenStreetMap","name":NaN,"evidence_level":"high","details":{"fire_hydrant:type":"underground","water_source":"main"}}},{"type":"Feature","geometry":{"type":"Point","coordinates":[-6.26461,53.31517]},"properties":{"asset_id":"osm:node/10933643858","kind":"hydrant","source":"OpenStreetMap","name":NaN,"evidence_level":"high","details":{"fire_hydrant:type":"underground","water_source":"main"}}},{"type":"Feature","geometry":{"type":"Point","coordinates":[-6.21531,53.27964]},"properties":{"asset_id":"osm:node/10948473809","kind":"hydrant","source":"OpenStreetMap","name":NaN,"evidence_level":"high","details":{"fire_hydrant:type":"underground","water_source":"main"}}},{"type":"Feature","geometry":{"type":"Point","coordinates":[-6.21594,53.27809]},"properties":{"asset_id":"osm:node/10951702713","kind":"hydrant","source":"OpenStreetMap","name":NaN,"evidence_level":"high","details":{"fire_hydrant:type":"underground","water_source":"main"}}},{"type":"Feature","geometry":{"type":"Point","coordinates":[-6.21596,53.27809]},"properties":{"asset_id":"osm:node/10951702714","kind":"hydrant","source":"OpenStreetMap","name":NaN,"evidence_level":"high","details":{"fire_hydrant:type":"underground","water_source":"main"}}},{"type":"Feature","geometry":{"type":"Point","coordinates":[-6.21908,53.22072]},"properties":{"asset_id":"osm:node/10966016482","kind":"water_well","source":"OpenStreetMap","name":NaN,"evidence_level":NaN,"details":{}}},{"type":"Feature","geometry":{"type":"Point","coordinates":[-6.12991,53.24545]},"properties":{"asset_id":"osm:node/10994544847","kind":"hydrant","source":"OpenStreetMap","name":NaN,"evidence_level":"high","details":{"fire_hydrant:type":"underground","water_source":"main"}}},{"type":"Feature","geometry":{"type":"Point","coordinates":[-6.19505,53.26722]},"properties":{"asset_id":"osm:node/10994545676","kind":"hydrant","source":"OpenStreetMap","name":NaN,"evidence_level":"high","details":{"fire_hydrant:type":"underground","water_source":"main"}}},{"type":"Feature","geometry":{"type":"Point","coordinates":[-6.17305,53.25383]},"properties":{"asset_id":"osm:node/11002900392","kind":"drinking_fountain","source":"OpenStreetMap","name":NaN,"evidence_level":"medium","details":{}}},{"type":"Feature","geometry":{"type":"Point","coordinates":[-6.24533,53.42753]},"properties":{"asset_id":"osm:node/11005408400","kind":"drinking_fountain","source":"OpenStreetMap","name":NaN,"evidence_level":"medium","details":{}}},{"type":"Feature","geometry":{"type":"Point","coordinates":[-6.24306,53.4269]},"properties":{"asset_id":"osm:node/11005448276","kind":"drinking_fountain","source":"OpenStreetMap","name":NaN,"evidence_level":"medium","details":{}}},{"type":"Feature","geometry":{"type":"Point","coordinates":[-6.21557,53.27796]},"properties":{"asset_id":"osm:node/11013724910","kind":"hydrant","source":"OpenStreetMap","name":NaN,"evidence_level":"high","details":{"fire_hydrant:type":"underground","water_source":"main"}}},{"type":"Feature","geometry":{"type":"Point","coordinates":[-6.18617,53.29642]},"properties":{"asset_id":"osm:node/11040144267","kind":"hydrant","source":"OpenStreetMap","name":NaN,"evidence_level":"high","details":{}}},{"type":"Feature","geometry":{"type":"Point","coordinates":[-6.19113,53.29618]},"properties":{"asset_id":"osm:node/11040144268","kind":"hydrant","source":"OpenStreetMap","name":NaN,"evidence_level":"high","details":{}}},{"type":"Feature","geometry":{"type":"Point","coordinates":[-6.2703,53.37266]},"properties":{"asset_id":"osm:node/11088770156","kind":"hydrant","source":"OpenStreetMap","name":NaN,"evidence_level":"high","details":{}}},{"type":"Feature","geometry":{"type":"Point","coordinates":[-6.22319,53.30076]},"properties":{"asset_id":"osm:node/11091728277","kind":"hydrant","source":"OpenStreetMap","name":NaN,"evidence_level":"high","details":{}}},{"type":"Feature","geometry":{"type":"Point","coordinates":[-6.22256,53.30198]},"properties":{"asset_id":"osm:node/11093269187","kind":"hydrant","source":"OpenStreetMap","name":NaN,"evidence_level":"high","details":{}}},{"type":"Feature","geometry":{"type":"Point","coordinates":[-6.22339,53.30142]},"properties":{"asset_id":"osm:node/11093269194","kind":"hydrant","source":"OpenStreetMap","name":NaN,"evidence_level":"high","details":{}}},{"type":"Feature","geometry":{"type":"Point","coordinates":[-6.22468,53.30266]},"properties":{"asset_id":"osm:node/11093269204","kind":"hydrant","source":"OpenStreetMap","name":NaN,"evidence_level":"high","details":{}}},{"type":"Feature","geometry":{"type":"Point","coordinates":[-6.22325,53.30334]},"properties":{"asset_id":"osm:node/11093273507","kind":"hydrant","source":"OpenStreetMap","name":NaN,"evidence_level":"high","details":{}}},{"type":"Feature","geometry":{"type":"Point","coordinates":[-6.2239,53.30173]},"properties":{"asset_id":"osm:node/11093273513","kind":"hydrant","source":"OpenStreetMap","name":NaN,"evidence_level":"high","details":{}}},{"type":"Feature","geometry":{"type":"Point","coordinates":[-6.22538,53.30207]},"properties":{"asset_id":"osm:node/11093273540","kind":"hydrant","source":"OpenStreetMap","name":NaN,"evidence_level":"high","details":{}}},{"type":"Feature","geometry":{"type":"Point","coordinates":[-6.22268,53.30311]},"properties":{"asset_id":"osm:node/11093273544","kind":"hydrant","source":"OpenStreetMap","name":NaN,"evidence_level":"high","details":{}}},{"type":"Feature","geometry":{"type":"Point","coordinates":[-6.22578,53.30269]},"properties":{"asset_id":"osm:node/11093273561","kind":"hydrant","source":"OpenStreetMap","name":NaN,"evidence_level":"high","details":{}}},{"type":"Feature","geometry":{"type":"Point","coordinates":[-6.22436,53.30354]},"properties":{"asset_id":"osm:node/11093273568","kind":"hydrant","source":"OpenStreetMap","name":NaN,"evidence_level":"high","details":{}}},{"type":"Feature","geometry":{"type":"Point","coordinates":[-6.22241,53.30239]},"properties":{"asset_id":"osm:node/11093273569","kind":"hydrant","source":"OpenStreetMap","name":NaN,"evidence_level":"high","details":{}}},{"type":"Feature","geometry":{"type":"Point","coordinates":[-6.223,53.30295]},"properties":{"asset_id":"osm:node/11093273572","kind":"hydrant","source":"OpenStreetMap","name":NaN,"evidence_level":"high","details":{}}},{"type":"Feature","geometry":{"type":"Point","coordinates":[-6.30627,53.33154]},"properties":{"asset_id":"osm:node/11161439328","kind":"drinking_fountain","source":"OpenStreetMap","name":NaN,"evidence_level":"medium","details":{"operator":"Refill Ireland"}}},{"type":"Feature","geometry":{"type":"Point","coordinates":[-6.33653,53.32958]},"properties":{"asset_id":"osm:node/11179769844","kind":"hydrant","source":"OpenStreetMap","name":NaN,"evidence_level":"high","details":{"fire_hydrant:type":"underground","water_source":"main"}}},{"type":"Feature","geometry":{"type":"Point","coordinates":[-6.22279,53.45498]},"properties":{"asset_id":"osm:node/11183244751","kind":"water_well","source":"OpenStreetMap","name":NaN,"evidence_level":NaN,"details":{}}},{"type":"Feature","geometry":{"type":"Point","coordinates":[-6.17712,53.28193]},"properties":{"asset_id":"osm:node/11205462599","kind":"hydrant","source":"OpenStreetMap","name":NaN,"evidence_level":"high","details":{}}},{"type":"Feature","geometry":{"type":"Point","coordinates":[-6.17413,53.28131]},"properties":{"asset_id":"osm:node/11205462612","kind":"hydrant","source":"OpenStreetMap","name":NaN,"evidence_level":"high","details":{}}},{"type":"Feature","geometry":{"type":"Point","coordinates":[-6.1764,53.28191]},"properties":{"asset_id":"osm:node/11205462617","kind":"hydrant","source":"OpenStreetMap","name":NaN,"evidence_level":"high","details":{}}},{"type":"Feature","geometry":{"type":"Point","coordinates":[-6.17412,53.28227]},"properties":{"asset_id":"osm:node/11205462619","kind":"hydrant","source":"OpenStreetMap","name":NaN,"evidence_level":"high","details":{}}},{"type":"Feature","geometry":{"type":"Point","coordinates":[-6.17249,53.28159]},"properties":{"asset_id":"osm:node/11205462636","kind":"hydrant","source":"OpenStreetMap","name":NaN,"evidence_level":"high","details":{}}},{"type":"Feature","geometry":{"type":"Point","coordinates":[-6.17287,53.2809]},"properties":{"asset_id":"osm:node/11205470694","kind":"hydrant","source":"OpenStreetMap","name":NaN,"evidence_level":"high","details":{}}},{"type":"Feature","geometry":{"type":"Point","coordinates":[-6.20473,53.44272]},"properties":{"asset_id":"osm:node/11211070610","kind":"hydrant","source":"OpenStreetMap","name":NaN,"evidence_level":"high","details":{"fire_hydrant:type":"underground","water_source":"main"}}},{"type":"Feature","geometry":{"type":"Point","coordinates":[-6.20469,53.44208]},"properties":{"asset_id":"osm:node/11211070611","kind":"hydrant","source":"OpenStreetMap","name":NaN,"evidence_level":"high","details":{"fire_hydrant:type":"underground","water_source":"main"}}},{"type":"Feature","geometry":{"type":"Point","coordinates":[-6.20501,53.44169]},"properties":{"asset_id":"osm:node/11211070612","kind":"hydrant","source":"OpenStreetMap","name":NaN,"evidence_level":"high","details":{"fire_hydrant:type":"underground","water_source":"main"}}},{"type":"Feature","geometry":{"type":"Point","coordinates":[-6.2058,53.44119]},"properties":{"asset_id":"osm:node/11211070613","kind":"hydrant","source":"OpenStreetMap","name":NaN,"evidence_level":"high","details":{"fire_hydrant:type":"underground","water_source":"main"}}},{"type":"Feature","geometry":{"type":"Point","coordinates":[-6.35418,53.56452]},"properties":{"asset_id":"osm:node/11230956344","kind":"water_well","source":"OpenStreetMap","name":NaN,"evidence_level":NaN,"details":{}}},{"type":"Feature","geometry":{"type":"Point","coordinates":[-6.20591,53.29178]},"properties":{"asset_id":"osm:node/11243084775","kind":"hydrant","source":"OpenStreetMap","name":NaN,"evidence_level":"high","details":{}}},{"type":"Feature","geometry":{"type":"Point","coordinates":[-6.2231,53.29384]},"properties":{"asset_id":"osm:node/11244242172","kind":"hydrant","source":"OpenStreetMap","name":NaN,"evidence_level":"high","details":{"fire_hydrant:type":"underground","fire_hydrant:position":"pavement"}}},{"type":"Feature","geometry":{"type":"Point","coordinates":[-6.22344,53.29467]},"properties":{"asset_id":"osm:node/11244242173","kind":"hydrant","source":"OpenStreetMap","name":NaN,"evidence_level":"high","details":{"fire_hydrant:type":"underground","fire_hydrant:position":"pavement"}}},{"type":"Feature","geometry":{"type":"Point","coordinates":[-6.22209,53.29465]},"properties":{"asset_id":"osm:node/11244242174","kind":"hydrant","source":"OpenStreetMap","name":NaN,"evidence_level":"high","details":{"fire_hydrant:type":"underground","fire_hydrant:position":"pavement"}}},{"type":"Feature","geometry":{"type":"Point","coordinates":[-6.22258,53.29508]},"properties":{"asset_id":"osm:node/11244242175","kind":"hydrant","source":"OpenStreetMap","name":NaN,"evidence_level":"high","details":{"fire_hydrant:type":"underground","fire_hydrant:position":"pavement"}}},{"type":"Feature","geometry":{"type":"Point","coordinates":[-6.22407,53.29517]},"properties":{"asset_id":"osm:node/11244242176","kind":"hydrant","source":"OpenStreetMap","name":NaN,"evidence_level":"high","details":{"fire_hydrant:type":"underground","fire_hydrant:position":"pavement"}}},{"type":"Feature","geometry":{"type":"Point","coordinates":[-6.4965,53.36666]},"properties":{"asset_id":"osm:node/11248235792","kind":"water_well","source":"OpenStreetMap","name":NaN,"evidence_level":NaN,"details":{}}},{"type":"Feature","geometry":{"type":"Point","coordinates":[-6.12877,53.18058]},"properties":{"asset_id":"osm:node/11264492508","kind":"hydrant","source":"OpenStreetMap","name":NaN,"evidence_level":"high","details":{"fire_hydrant:type":"underground","fire_hydrant:position":"lane"}}},{"type":"Feature","geometry":{"type":"Point","coordinates":[-6.33129,53.3662]},"properties":{"asset_id":"osm:node/11264529713","kind":"hydrant","source":"OpenStreetMap","name":NaN,"evidence_level":"high","details":{"fire_hydrant:type":"underground","fire_hydrant:position":"grass"}}},{"type":"Feature","geometry":{"type":"Point","coordinates":[-6.21255,53.27857]},"properties":{"asset_id":"osm:node/11347125161","kind":"hydrant","source":"OpenStreetMap","name":NaN,"evidence_level":"high","details":{"fire_hydrant:type":"pillar","fire_hydrant:position":"green","fire_hydrant:diameter":"100"}}},{"type":"Feature","geometry":{"type":"Point","coordinates":[-6.11209,53.23728]},"properties":{"asset_id":"osm:node/11358002702","kind":"drinking_fountain","source":"OpenStreetMap","name":NaN,"evidence_level":"medium","details":{}}},{"type":"Feature","geometry":{"type":"Point","coordinates":[-6.25589,53.34366]},"properties":{"asset_id":"osm:node/11359857353","kind":"drinking_fountain","source":"OpenStreetMap","name":NaN,"evidence_level":"medium","details":{}}},{"type":"Feature","geometry":{"type":"Point","coordinates":[-6.34178,53.30009]},"properties":{"asset_id":"osm:node/11420659504","kind":"drinking_fountain","source":"OpenStreetMap","name":NaN,"evidence_level":"medium","details":{}}},{"type":"Feature","geometry":{"type":"Point","coordinates":[-6.13899,53.29349]},"properties":{"asset_id":"osm:node/11522912627","kind":"drinking_fountain","source":"OpenStreetMap","name":NaN,"evidence_level":"medium","details":{"operator":"Dun Laoghaire-Rathdown County Council"}}},{"type":"Feature","geometry":{"type":"Point","coordinates":[-6.20707,53.32543]},"properties":{"asset_id":"osm:node/11535054715","kind":"water_well","source":"OpenStreetMap","name":NaN,"evidence_level":NaN,"details":{}}},{"type":"Feature","geometry":{"type":"Point","coordinates":[-6.3075,53.41805]},"properties":{"asset_id":"osm:node/11542200500","kind":"hydrant","source":"OpenStreetMap","name":NaN,"evidence_level":"high","details":{"fire_hydrant:type":"underground"}}},{"type":"Feature","geometry":{"type":"Point","coordinates":[-6.17724,53.27675]},"properties":{"asset_id":"osm:node/11553885991","kind":"hydrant","source":"OpenStreetMap","name":NaN,"evidence_level":"high","details":{}}},{"type":"Feature","geometry":{"type":"Point","coordinates":[-6.17646,53.27833]},"properties":{"asset_id":"osm:node/11553885995","kind":"hydrant","source":"OpenStreetMap","name":NaN,"evidence_level":"high","details":{}}},{"type":"Feature","geometry":{"type":"Point","coordinates":[-6.17636,53.27708]},"properties":{"asset_id":"osm:node/11553885996","kind":"hydrant","source":"OpenStreetMap","name":NaN,"evidence_level":"high","details":{}}},{"type":"Feature","geometry":{"type":"Point","coordinates":[-6.17826,53.27575]},"properties":{"asset_id":"osm:node/11553886026","kind":"hydrant","source":"OpenStreetMap","name":NaN,"evidence_level":"high","details":{}}},{"type":"Feature","geometry":{"type":"Point","coordinates":[-6.17564,53.27744]},"properties":{"asset_id":"osm:node/11553886030","kind":"hydrant","source":"OpenStreetMap","name":NaN,"evidence_level":"high","details":{}}},{"type":"Feature","geometry":{"type":"Point","coordinates":[-6.24408,53.4266]},"properties":{"asset_id":"osm:node/11575703752","kind":"drinking_fountain","source":"OpenStreetMap","name":NaN,"evidence_level":"medium","details":{}}},{"type":"Feature","geometry":{"type":"Point","coordinates":[-6.24497,53.42714]},"properties":{"asset_id":"osm:node/11575760533","kind":"drinking_fountain","source":"OpenStreetMap","name":NaN,"evidence_level":"medium","details":{"capacity":"4"}}},{"type":"Feature","geometry":{"type":"Point","coordinates":[-6.24699,53.42861]},"properties":{"asset_id":"osm:node/11575770928","kind":"drinking_fountain","source":"OpenStreetMap","name":NaN,"evidence_level":"medium","details":{}}},{"type":"Feature","geometry":{"type":"Point","coordinates":[-6.24799,53.43061]},"properties":{"asset_id":"osm:node/11575790639","kind":"drinking_fountain","source":"OpenStreetMap","name":NaN,"evidence_level":"medium","details":{"ref":"DT1-DWS-117"}}},{"type":"Feature","geometry":{"type":"Point","coordinates":[-6.24984,53.43051]},"properties":{"asset_id":"osm:node/11575790644","kind":"drinking_fountain","source":"OpenStreetMap","name":NaN,"evidence_level":"medium","details":{"operator":"Dublin Airport"}}},{"type":"Feature","geometry":{"type":"Point","coordinates":[-6.13344,53.29459]},"properties":{"asset_id":"osm:node/11577181789","kind":"hydrant","source":"OpenStreetMap","name":NaN,"evidence_level":"high","details":{"fire_hydrant:type":"underground","fire_hydrant:position":"sidewalk"}}},{"type":"Feature","geometry":{"type":"Point","coordinates":[-6.26625,53.38688]},"properties":{"asset_id":"osm:node/11579709913","kind":"manhole_drain","source":"OpenStreetMap","name":NaN,"evidence_level":"medium","details":{"manhole":"drain","operator":"Dublin City Council"}}},{"type":"Feature","geometry":{"type":"Point","coordinates":[-6.26682,53.38707]},"properties":{"asset_id":"osm:node/11579732667","kind":"manhole_drain","source":"OpenStreetMap","name":NaN,"evidence_level":"medium","details":{"manhole":"drain"}}},{"type":"Feature","geometry":{"type":"Point","coordinates":[-6.26672,53.38714]},"properties":{"asset_id":"osm:node/11579732668","kind":"manhole_drain","source":"OpenStreetMap","name":NaN,"evidence_level":"medium","details":{"manhole":"drain"}}},{"type":"Feature","geometry":{"type":"Point","coordinates":[-6.17138,53.23387]},"properties":{"asset_id":"osm:node/11595283292","kind":"hydrant","source":"OpenStreetMap","name":NaN,"evidence_level":"high","details":{}}},{"type":"Feature","geometry":{"type":"Point","coordinates":[-6.23374,53.34949]},"properties":{"asset_id":"osm:node/11794076654","kind":"drinking_fountain","source":"OpenStreetMap","name":NaN,"evidence_level":"medium","details":{}}},{"type":"Feature","geometry":{"type":"Point","coordinates":[-6.27907,53.35526]},"properties":{"asset_id":"osm:node/11816424456","kind":"hydrant","source":"OpenStreetMap","name":NaN,"evidence_level":"high","details":{}}},{"type":"Feature","geometry":{"type":"Point","coordinates":[-6.27914,53.35518]},"properties":{"asset_id":"osm:node/11816424462","kind":"hydrant","source":"OpenStreetMap","name":NaN,"evidence_level":"high","details":{}}},{"type":"Feature","geometry":{"type":"Point","coordinates":[-6.28066,53.35644]},"properties":{"asset_id":"osm:node/11816476294","kind":"hydrant","source":"OpenStreetMap","name":NaN,"evidence_level":"high","details":{}}},{"type":"Feature","geometry":{"type":"Point","coordinates":[-6.20788,53.26742]},"properties":{"asset_id":"osm:node/11831404252","kind":"hydrant","source":"OpenStreetMap","name":NaN,"evidence_level":"high","details":{}}},{"type":"Feature","geometry":{"type":"Point","coordinates":[-6.20813,53.26726]},"properties":{"asset_id":"osm:node/11831404253","kind":"hydrant","source":"OpenStreetMap","name":NaN,"evidence_level":"high","details":{}}},{"type":"Feature","geometry":{"type":"Point","coordinates":[-6.12281,53.27483]},"properties":{"asset_id":"osm:node/11838971640","kind":"manhole_unspecified","source":"OpenStreetMap","name":NaN,"evidence_level":"medium","details":{}}},{"type":"Feature","geometry":{"type":"Point","coordinates":[-6.19627,53.23972]},"properties":{"asset_id":"osm:node/11840913495","kind":"drinking_fountain","source":"OpenStreetMap","name":NaN,"evidence_level":"medium","details":{}}},{"type":"Feature","geometry":{"type":"Point","coordinates":[-6.48244,53.29412]},"properties":{"asset_id":"osm:node/11876536617","kind":"manhole_unspecified","source":"OpenStreetMap","name":NaN,"evidence_level":"medium","details":{}}},{"type":"Feature","geometry":{"type":"Point","coordinates":[-6.48046,53.29407]},"properties":{"asset_id":"osm:node/11876600859","kind":"manhole_unspecified","source":"OpenStreetMap","name":NaN,"evidence_level":"medium","details":{}}},{"type":"Feature","geometry":{"type":"Point","coordinates":[-6.47035,53.29138]},"properties":{"asset_id":"osm:node/11876600864","kind":"manhole_unspecified","source":"OpenStreetMap","name":NaN,"evidence_level":"medium","details":{}}},{"type":"Feature","geometry":{"type":"Point","coordinates":[-6.46892,53.30062]},"properties":{"asset_id":"osm:node/11876600865","kind":"manhole_unspecified","source":"OpenStreetMap","name":NaN,"evidence_level":"medium","details":{}}},{"type":"Feature","geometry":{"type":"Point","coordinates":[-6.46781,53.29027]},"properties":{"asset_id":"osm:node/11877381039","kind":"manhole_unspecified","source":"OpenStreetMap","name":NaN,"evidence_level":"medium","details":{}}},{"type":"Feature","geometry":{"type":"Point","coordinates":[-6.46675,53.28965]},"properties":{"asset_id":"osm:node/11877381056","kind":"manhole_unspecified","source":"OpenStreetMap","name":NaN,"evidence_level":"medium","details":{}}},{"type":"Feature","geometry":{"type":"Point","coordinates":[-6.46673,53.28966]},"properties":{"asset_id":"osm:node/11877381057","kind":"manhole_unspecified","source":"OpenStreetMap","name":NaN,"evidence_level":"medium","details":{}}},{"type":"Feature","geometry":{"type":"Point","coordinates":[-6.46656,53.28958]},"properties":{"asset_id":"osm:node/11877381058","kind":"manhole_unspecified","source":"OpenStreetMap","name":NaN,"evidence_level":"medium","details":{}}},{"type":"Feature","geometry":{"type":"Point","coordinates":[-6.46741,53.29024]},"properties":{"asset_id":"osm:node/11877546748","kind":"manhole_unspecified","source":"OpenStreetMap","name":NaN,"evidence_level":"medium","details":{}}},{"type":"Feature","geometry":{"type":"Point","coordinates":[-6.46727,53.29022]},"properties":{"asset_id":"osm:node/11877546749","kind":"manhole_unspecified","source":"OpenStreetMap","name":NaN,"evidence_level":"medium","details":{}}},{"type":"Feature","geometry":{"type":"Point","coordinates":[-6.46729,53.29019]},"properties":{"asset_id":"osm:node/11877546750","kind":"manhole_unspecified","source":"OpenStreetMap","name":NaN,"evidence_level":"medium","details":{}}},{"type":"Feature","geometry":{"type":"Point","coordinates":[-6.48006,53.29559]},"properties":{"asset_id":"osm:node/11879180496","kind":"manhole_unspecified","source":"OpenStreetMap","name":NaN,"evidence_level":"medium","details":{}}},{"type":"Feature","geometry":{"type":"Point","coordinates":[-6.48001,53.2957]},"properties":{"asset_id":"osm:node/11879180497","kind":"manhole_unspecified","source":"OpenStreetMap","name":NaN,"evidence_level":"medium","details":{}}},{"type":"Feature","geometry":{"type":"Point","coordinates":[-6.47903,53.30334]},"properties":{"asset_id":"osm:node/11879180498","kind":"manhole_unspecified","source":"OpenStreetMap","name":NaN,"evidence_level":"medium","details":{}}},{"type":"Feature","geometry":{"type":"Point","coordinates":[-6.479,53.30331]},"properties":{"asset_id":"osm:node/11879180499","kind":"manhole_unspecified","source":"OpenStreetMap","name":NaN,"evidence_level":"medium","details":{}}},{"type":"Feature","geometry":{"type":"Point","coordinates":[-6.47904,53.29747]},"properties":{"asset_id":"osm:node/11879180504","kind":"manhole_unspecified","source":"OpenStreetMap","name":NaN,"evidence_level":"medium","details":{}}},{"type":"Feature","geometry":{"type":"Point","coordinates":[-6.47682,53.29569]},"properties":{"asset_id":"osm:node/11879180521","kind":"manhole_unspecified","source":"OpenStreetMap","name":NaN,"evidence_level":"medium","details":{}}},{"type":"Feature","geometry":{"type":"Point","coordinates":[-6.47739,53.30198]},"properties":{"asset_id":"osm:node/11879180532","kind":"manhole_unspecified","source":"OpenStreetMap","name":NaN,"evidence_level":"medium","details":{}}},{"type":"Feature","geometry":{"type":"Point","coordinates":[-6.47765,53.30017]},"properties":{"asset_id":"osm:node/11879180536","kind":"manhole_unspecified","source":"OpenStreetMap","name":NaN,"evidence_level":"medium","details":{}}},{"type":"Feature","geometry":{"type":"Point","coordinates":[-6.48015,53.29529]},"properties":{"asset_id":"osm:node/11880091468","kind":"manhole_unspecified","source":"OpenStreetMap","name":NaN,"evidence_level":"medium","details":{}}},{"type":"Feature","geometry":{"type":"Point","coordinates":[-6.48015,53.29527]},"properties":{"asset_id":"osm:node/11880122669","kind":"manhole_unspecified","source":"OpenStreetMap","name":NaN,"evidence_level":"medium","details":{}}},{"type":"Feature","geometry":{"type":"Point","coordinates":[-6.47818,53.30175]},"properties":{"asset_id":"osm:node/11880122673","kind":"manhole_unspecified","source":"OpenStreetMap","name":NaN,"evidence_level":"medium","details":{}}},{"type":"Feature","geometry":{"type":"Point","coordinates":[-6.47887,53.30175]},"properties":{"asset_id":"osm:node/11880122674","kind":"manhole_unspecified","source":"OpenStreetMap","name":NaN,"evidence_level":"medium","details":{}}},{"type":"Feature","geometry":{"type":"Point","coordinates":[-6.47927,53.30177]},"properties":{"asset_id":"osm:node/11880122675","kind":"manhole_unspecified","source":"OpenStreetMap","name":NaN,"evidence_level":"medium","details":{}}},{"type":"Feature","geometry":{"type":"Point","coordinates":[-6.47925,53.30177]},"properties":{"asset_id":"osm:node/11880122676","kind":"manhole_unspecified","source":"OpenStreetMap","name":NaN,"evidence_level":"medium","details":{}}},{"type":"Feature","geometry":{"type":"Point","coordinates":[-6.47873,53.30175]},"properties":{"asset_id":"osm:node/11880122677","kind":"manhole_unspecified","source":"OpenStreetMap","name":NaN,"evidence_level":"medium","details":{}}},{"type":"Feature","geometry":{"type":"Point","coordinates":[-6.47792,53.30172]},"properties":{"asset_id":"osm:node/11880122678","kind":"manhole_unspecified","source":"OpenStreetMap","name":NaN,"evidence_level":"medium","details":{}}},{"type":"Feature","geometry":{"type":"Point","coordinates":[-6.47727,53.30096]},"properties":{"asset_id":"osm:node/11880122691","kind":"manhole_unspecified","source":"OpenStreetMap","name":NaN,"evidence_level":"medium","details":{}}},{"type":"Feature","geometry":{"type":"Point","coordinates":[-6.47923,53.30166]},"properties":{"asset_id":"osm:node/11880122738","kind":"manhole_unspecified","source":"OpenStreetMap","name":NaN,"evidence_level":"medium","details":{}}},{"type":"Feature","geometry":{"type":"Point","coordinates":[-6.48098,53.29386]},"properties":{"asset_id":"osm:node/11881153357","kind":"manhole_unspecified","source":"OpenStreetMap","name":NaN,"evidence_level":"medium","details":{}}},{"type":"Feature","geometry":{"type":"Point","coordinates":[-6.48093,53.29394]},"properties":{"asset_id":"osm:node/11881153358","kind":"manhole_unspecified","source":"OpenStreetMap","name":NaN,"evidence_level":"medium","details":{}}},{"type":"Feature","geometry":{"type":"Point","coordinates":[-6.48038,53.29446]},"properties":{"asset_id":"osm:node/11881550127","kind":"manhole_unspecified","source":"OpenStreetMap","name":NaN,"evidence_level":"medium","details":{}}},{"type":"Feature","geometry":{"type":"Point","coordinates":[-6.48042,53.29498]},"properties":{"asset_id":"osm:node/11881550128","kind":"manhole_unspecified","source":"OpenStreetMap","name":NaN,"evidence_level":"medium","details":{}}},{"type":"Feature","geometry":{"type":"Point","coordinates":[-6.4801,53.29587]},"properties":{"asset_id":"osm:node/11881550129","kind":"manhole_unspecified","source":"OpenStreetMap","name":NaN,"evidence_level":"medium","details":{}}},{"type":"Feature","geometry":{"type":"Point","coordinates":[-6.47976,53.2962]},"properties":{"asset_id":"osm:node/11881550130","kind":"manhole_unspecified","source":"OpenStreetMap","name":NaN,"evidence_level":"medium","details":{}}},{"type":"Feature","geometry":{"type":"Point","coordinates":[-6.47947,53.29636]},"properties":{"asset_id":"osm:node/11881550131","kind":"manhole_unspecified","source":"OpenStreetMap","name":NaN,"evidence_level":"medium","details":{}}},{"type":"Feature","geometry":{"type":"Point","coordinates":[-6.47964,53.2964]},"properties":{"asset_id":"osm:node/11881550132","kind":"manhole_unspecified","source":"OpenStreetMap","name":NaN,"evidence_level":"medium","details":{}}},{"type":"Feature","geometry":{"type":"Point","coordinates":[-6.47951,53.30195]},"properties":{"asset_id":"osm:node/11881550133","kind":"manhole_unspecified","source":"OpenStreetMap","name":NaN,"evidence_level":"medium","details":{}}},{"type":"Feature","geometry":{"type":"Point","coordinates":[-6.47947,53.30196]},"properties":{"asset_id":"osm:node/11881550134","kind":"manhole_unspecified","source":"OpenStreetMap","name":NaN,"evidence_level":"medium","details":{}}},{"type":"Feature","geometry":{"type":"Point","coordinates":[-6.47894,53.30351]},"properties":{"asset_id":"osm:node/11881550137","kind":"manhole_unspecified","source":"OpenStreetMap","name":NaN,"evidence_level":"medium","details":{}}},{"type":"Feature","geometry":{"type":"Point","coordinates":[-6.47782,53.29972]},"properties":{"asset_id":"osm:node/11881550139","kind":"manhole_unspecified","source":"OpenStreetMap","name":NaN,"evidence_level":"medium","details":{}}},{"type":"Feature","geometry":{"type":"Point","coordinates":[-6.477,53.29564]},"properties":{"asset_id":"osm:node/11881550144","kind":"manhole_unspecified","source":"OpenStreetMap","name":NaN,"evidence_level":"medium","details":{}}},{"type":"Feature","geometry":{"type":"Point","coordinates":[-6.47699,53.29567]},"properties":{"asset_id":"osm:node/11881550145","kind":"manhole_unspecified","source":"OpenStreetMap","name":NaN,"evidence_level":"medium","details":{}}},{"type":"Feature","geometry":{"type":"Point","coordinates":[-6.47496,53.29517]},"properties":{"asset_id":"osm:node/11881550162","kind":"manhole_unspecified","source":"OpenStreetMap","name":NaN,"evidence_level":"medium","details":{}}},{"type":"Feature","geometry":{"type":"Point","coordinates":[-6.47378,53.29184]},"properties":{"asset_id":"osm:node/11881554375","kind":"manhole_unspecified","source":"OpenStreetMap","name":NaN,"evidence_level":"medium","details":{}}},{"type":"Feature","geometry":{"type":"Point","coordinates":[-6.47325,53.30114]},"properties":{"asset_id":"osm:node/11881554388","kind":"manhole_unspecified","source":"OpenStreetMap","name":NaN,"evidence_level":"medium","details":{}}},{"type":"Feature","geometry":{"type":"Point","coordinates":[-6.47448,53.3013]},"properties":{"asset_id":"osm:node/11881554389","kind":"manhole_unspecified","source":"OpenStreetMap","name":NaN,"evidence_level":"medium","details":{}}},{"type":"Feature","geometry":{"type":"Point","coordinates":[-6.47168,53.30093]},"properties":{"asset_id":"osm:node/11881554398","kind":"manhole_unspecified","source":"OpenStreetMap","name":NaN,"evidence_level":"medium","details":{}}},{"type":"Feature","geometry":{"type":"Point","coordinates":[-6.47197,53.30089]},"properties":{"asset_id":"osm:node/11881554399","kind":"manhole_unspecified","source":"OpenStreetMap","name":NaN,"evidence_level":"medium","details":{}}},{"type":"Feature","geometry":{"type":"Point","coordinates":[-6.47188,53.29561]},"properties":{"asset_id":"osm:node/11881554407","kind":"manhole_unspecified","source":"OpenStreetMap","name":NaN,"evidence_level":"medium","details":{}}},{"type":"Feature","geometry":{"type":"Point","coordinates":[-6.47192,53.29029]},"properties":{"asset_id":"osm:node/11881554420","kind":"manhole_unspecified","source":"OpenStreetMap","name":NaN,"evidence_level":"medium","details":{}}},{"type":"Feature","geometry":{"type":"Point","coordinates":[-6.47195,53.29029]},"properties":{"asset_id":"osm:node/11881554421","kind":"manhole_unspecified","source":"OpenStreetMap","name":NaN,"evidence_level":"medium","details":{}}},{"type":"Feature","geometry":{"type":"Point","coordinates":[-6.47205,53.29032]},"properties":{"asset_id":"osm:node/11881554422","kind":"manhole_unspecified","source":"OpenStreetMap","name":NaN,"evidence_level":"medium","details":{}}},{"type":"Feature","geometry":{"type":"Point","coordinates":[-6.47365,53.29177]},"properties":{"asset_id":"osm:node/11881554431","kind":"manhole_unspecified","source":"OpenStreetMap","name":NaN,"evidence_level":"medium","details":{}}},{"type":"Feature","geometry":{"type":"Point","coordinates":[-6.47363,53.29177]},"properties":{"asset_id":"osm:node/11881554432","kind":"manhole_unspecified","source":"OpenStreetMap","name":NaN,"evidence_level":"medium","details":{}}},{"type":"Feature","geometry":{"type":"Point","coordinates":[-6.47378,53.29183]},"properties":{"asset_id":"osm:node/11881554433","kind":"manhole_unspecified","source":"OpenStreetMap","name":NaN,"evidence_level":"medium","details":{}}},{"type":"Feature","geometry":{"type":"Point","coordinates":[-6.47498,53.29517]},"properties":{"asset_id":"osm:node/11881554434","kind":"manhole_unspecified","source":"OpenStreetMap","name":NaN,"evidence_level":"medium","details":{}}},{"type":"Feature","geometry":{"type":"Point","coordinates":[-6.47499,53.29517]},"properties":{"asset_id":"osm:node/11881554435","kind":"manhole_unspecified","source":"OpenStreetMap","name":NaN,"evidence_level":"medium","details":{}}},{"type":"Feature","geometry":{"type":"Point","coordinates":[-6.475,53.29518]},"properties":{"asset_id":"osm:node/11881554436","kind":"manhole_unspecified","source":"OpenStreetMap","name":NaN,"evidence_level":"medium","details":{}}},{"type":"Feature","geometry":{"type":"Point","coordinates":[-6.47032,53.30081]},"properties":{"asset_id":"osm:node/11882384757","kind":"manhole_unspecified","source":"OpenStreetMap","name":NaN,"evidence_level":"medium","details":{}}},{"type":"Feature","geometry":{"type":"Point","coordinates":[-6.46569,53.3003]},"properties":{"asset_id":"osm:node/11882384766","kind":"manhole_unspecified","source":"OpenStreetMap","name":NaN,"evidence_level":"medium","details":{}}},{"type":"Feature","geometry":{"type":"Point","coordinates":[-6.4645,53.30003]},"properties":{"asset_id":"osm:node/11882384768","kind":"manhole_unspecified","source":"OpenStreetMap","name":NaN,"evidence_level":"medium","details":{}}},{"type":"Feature","geometry":{"type":"Point","coordinates":[-6.46615,53.29353]},"properties":{"asset_id":"osm:node/11882425443","kind":"manhole_unspecified","source":"OpenStreetMap","name":NaN,"evidence_level":"medium","details":{}}},{"type":"Feature","geometry":{"type":"Point","coordinates":[-6.47075,53.29993]},"properties":{"asset_id":"osm:node/11882425447","kind":"manhole_unspecified","source":"OpenStreetMap","name":NaN,"evidence_level":"medium","details":{}}},{"type":"Feature","geometry":{"type":"Point","coordinates":[-6.47064,53.2999]},"properties":{"asset_id":"osm:node/11882425448","kind":"manhole_unspecified","source":"OpenStreetMap","name":NaN,"evidence_level":"medium","details":{}}},{"type":"Feature","geometry":{"type":"Point","coordinates":[-6.47089,53.29995]},"properties":{"asset_id":"osm:node/11882425449","kind":"manhole_unspecified","source":"OpenStreetMap","name":NaN,"evidence_level":"medium","details":{}}},{"type":"Feature","geometry":{"type":"Point","coordinates":[-6.46911,53.29777]},"properties":{"asset_id":"osm:node/11882425459","kind":"manhole_unspecified","source":"OpenStreetMap","name":NaN,"evidence_level":"medium","details":{}}},{"type":"Feature","geometry":{"type":"Point","coordinates":[-6.46913,53.29776]},"properties":{"asset_id":"osm:node/11882425460","kind":"manhole_unspecified","source":"OpenStreetMap","name":NaN,"evidence_level":"medium","details":{}}},{"type":"Feature","geometry":{"type":"Point","coordinates":[-6.46911,53.29775]},"properties":{"asset_id":"osm:node/11882425461","kind":"manhole_unspecified","source":"OpenStreetMap","name":NaN,"evidence_level":"medium","details":{}}},{"type":"Feature","geometry":{"type":"Point","coordinates":[-6.46418,53.29998]},"properties":{"asset_id":"osm:node/11882453469","kind":"manhole_unspecified","source":"OpenStreetMap","name":NaN,"evidence_level":"medium","details":{}}},{"type":"Feature","geometry":{"type":"Point","coordinates":[-6.46345,53.29969]},"properties":{"asset_id":"osm:node/11882453472","kind":"manhole_unspecified","source":"OpenStreetMap","name":NaN,"evidence_level":"medium","details":{}}},{"type":"Feature","geometry":{"type":"Point","coordinates":[-6.46416,53.29842]},"properties":{"asset_id":"osm:node/11882453473","kind":"manhole_unspecified","source":"OpenStreetMap","name":NaN,"evidence_level":"medium","details":{}}},{"type":"Feature","geometry":{"type":"Point","coordinates":[-6.46399,53.29835]},"properties":{"asset_id":"osm:node/11882453474","kind":"manhole_unspecified","source":"OpenStreetMap","name":NaN,"evidence_level":"medium","details":{}}},{"type":"Feature","geometry":{"type":"Point","coordinates":[-6.46497,53.29653]},"properties":{"asset_id":"osm:node/11882453480","kind":"manhole_unspecified","source":"OpenStreetMap","name":NaN,"evidence_level":"medium","details":{}}},{"type":"Feature","geometry":{"type":"Point","coordinates":[-6.46517,53.29622]},"properties":{"asset_id":"osm:node/11882453481","kind":"manhole_unspecified","source":"OpenStreetMap","name":NaN,"evidence_level":"medium","details":{}}},{"type":"Feature","geometry":{"type":"Point","coordinates":[-6.46535,53.29625]},"properties":{"asset_id":"osm:node/11882453482","kind":"manhole_unspecified","source":"OpenStreetMap","name":NaN,"evidence_level":"medium","details":{}}},{"type":"Feature","geometry":{"type":"Point","coordinates":[-6.46604,53.29498]},"properties":{"asset_id":"osm:node/11882453487","kind":"manhole_unspecified","source":"OpenStreetMap","name":NaN,"evidence_level":"medium","details":{}}},{"type":"Feature","geometry":{"type":"Point","coordinates":[-6.4651,53.29194]},"properties":{"asset_id":"osm:node/11882453497","kind":"manhole_unspecified","source":"OpenStreetMap","name":NaN,"evidence_level":"medium","details":{}}},{"type":"Feature","geometry":{"type":"Point","coordinates":[-6.46814,53.29709]},"properties":{"asset_id":"osm:node/11882455004","kind":"manhole_unspecified","source":"OpenStreetMap","name":NaN,"evidence_level":"medium","details":{}}},{"type":"Feature","geometry":{"type":"Point","coordinates":[-6.46821,53.29698]},"properties":{"asset_id":"osm:node/11882455005","kind":"manhole_unspecified","source":"OpenStreetMap","name":NaN,"evidence_level":"medium","details":{}}},{"type":"Feature","geometry":{"type":"Point","coordinates":[-6.46833,53.29702]},"properties":{"asset_id":"osm:node/11882455006","kind":"manhole_unspecified","source":"OpenStreetMap","name":NaN,"evidence_level":"medium","details":{}}},{"type":"Feature","geometry":{"type":"Point","coordinates":[-6.47127,53.2954]},"properties":{"asset_id":"osm:node/11882455009","kind":"manhole_unspecified","source":"OpenStreetMap","name":NaN,"evidence_level":"medium","details":{}}},{"type":"Feature","geometry":{"type":"Point","coordinates":[-6.47123,53.2955]},"properties":{"asset_id":"osm:node/11882455010","kind":"manhole_unspecified","source":"OpenStreetMap","name":NaN,"evidence_level":"medium","details":{}}},{"type":"Feature","geometry":{"type":"Point","coordinates":[-6.47895,53.297]},"properties":{"asset_id":"osm:node/11882455020","kind":"manhole_unspecified","source":"OpenStreetMap","name":NaN,"evidence_level":"medium","details":{}}},{"type":"Feature","geometry":{"type":"Point","coordinates":[-6.47749,53.30065]},"properties":{"asset_id":"osm:node/11882467015","kind":"manhole_unspecified","source":"OpenStreetMap","name":NaN,"evidence_level":"medium","details":{}}},{"type":"Feature","geometry":{"type":"Point","coordinates":[-6.47731,53.30062]},"properties":{"asset_id":"osm:node/11882467016","kind":"manhole_unspecified","source":"OpenStreetMap","name":NaN,"evidence_level":"medium","details":{}}},{"type":"Feature","geometry":{"type":"Point","coordinates":[-6.47732,53.30064]},"properties":{"asset_id":"osm:node/11882467017","kind":"manhole_unspecified","source":"OpenStreetMap","name":NaN,"evidence_level":"medium","details":{}}},{"type":"Feature","geometry":{"type":"Point","coordinates":[-6.47746,53.30095]},"properties":{"asset_id":"osm:node/11882467018","kind":"manhole_unspecified","source":"OpenStreetMap","name":NaN,"evidence_level":"medium","details":{}}},{"type":"Feature","geometry":{"type":"Point","coordinates":[-6.47745,53.30088]},"properties":{"asset_id":"osm:node/11882467019","kind":"manhole_unspecified","source":"OpenStreetMap","name":NaN,"evidence_level":"medium","details":{}}},{"type":"Feature","geometry":{"type":"Point","coordinates":[-6.47723,53.30178]},"properties":{"asset_id":"osm:node/11882467022","kind":"manhole_unspecified","source":"OpenStreetMap","name":NaN,"evidence_level":"medium","details":{}}},{"type":"Feature","geometry":{"type":"Point","coordinates":[-6.47742,53.30174]},"properties":{"asset_id":"osm:node/11882467023","kind":"manhole_unspecified","source":"OpenStreetMap","name":NaN,"evidence_level":"medium","details":{}}},{"type":"Feature","geometry":{"type":"Point","coordinates":[-6.47753,53.30171]},"properties":{"asset_id":"osm:node/11882467024","kind":"manhole_unspecified","source":"OpenStreetMap","name":NaN,"evidence_level":"medium","details":{}}},{"type":"Feature","geometry":{"type":"Point","coordinates":[-6.48081,53.29647]},"properties":{"asset_id":"osm:node/11882467025","kind":"manhole_unspecified","source":"OpenStreetMap","name":NaN,"evidence_level":"medium","details":{}}},{"type":"Feature","geometry":{"type":"Point","coordinates":[-6.48076,53.29656]},"properties":{"asset_id":"osm:node/11882467026","kind":"manhole_unspecified","source":"OpenStreetMap","name":NaN,"evidence_level":"medium","details":{}}},{"type":"Feature","geometry":{"type":"Point","coordinates":[-6.46288,53.2935]},"properties":{"asset_id":"osm:node/11882477286","kind":"manhole_unspecified","source":"OpenStreetMap","name":NaN,"evidence_level":"medium","details":{}}},{"type":"Feature","geometry":{"type":"Point","coordinates":[-6.46757,53.2972]},"properties":{"asset_id":"osm:node/11882477288","kind":"manhole_unspecified","source":"OpenStreetMap","name":NaN,"evidence_level":"medium","details":{}}},{"type":"Feature","geometry":{"type":"Point","coordinates":[-6.46746,53.2974]},"properties":{"asset_id":"osm:node/11882477289","kind":"manhole_unspecified","source":"OpenStreetMap","name":NaN,"evidence_level":"medium","details":{}}},{"type":"Feature","geometry":{"type":"Point","coordinates":[-6.46729,53.29736]},"properties":{"asset_id":"osm:node/11882477290","kind":"manhole_unspecified","source":"OpenStreetMap","name":NaN,"evidence_level":"medium","details":{}}},{"type":"Feature","geometry":{"type":"Point","coordinates":[-6.46733,53.29764]},"properties":{"asset_id":"osm:node/11882477292","kind":"manhole_unspecified","source":"OpenStreetMap","name":NaN,"evidence_level":"medium","details":{}}},{"type":"Feature","geometry":{"type":"Point","coordinates":[-6.46728,53.29772]},"properties":{"asset_id":"osm:node/11882477293","kind":"manhole_unspecified","source":"OpenStreetMap","name":NaN,"evidence_level":"medium","details":{}}},{"type":"Feature","geometry":{"type":"Point","coordinates":[-6.46731,53.29768]},"properties":{"asset_id":"osm:node/11882477294","kind":"manhole_unspecified","source":"OpenStreetMap","name":NaN,"evidence_level":"medium","details":{}}},{"type":"Feature","geometry":{"type":"Point","coordinates":[-6.46714,53.29799]},"properties":{"asset_id":"osm:node/11882477297","kind":"manhole_unspecified","source":"OpenStreetMap","name":NaN,"evidence_level":"medium","details":{}}},{"type":"Feature","geometry":{"type":"Point","coordinates":[-6.4671,53.29804]},"properties":{"asset_id":"osm:node/11882477298","kind":"manhole_unspecified","source":"OpenStreetMap","name":NaN,"evidence_level":"medium","details":{}}},{"type":"Feature","geometry":{"type":"Point","coordinates":[-6.46707,53.2981]},"properties":{"asset_id":"osm:node/11882477299","kind":"manhole_unspecified","source":"OpenStreetMap","name":NaN,"evidence_level":"medium","details":{}}},{"type":"Feature","geometry":{"type":"Point","coordinates":[-6.46659,53.29896]},"properties":{"asset_id":"osm:node/11882477302","kind":"manhole_unspecified","source":"OpenStreetMap","name":NaN,"evidence_level":"medium","details":{}}},{"type":"Feature","geometry":{"type":"Point","coordinates":[-6.46659,53.29898]},"properties":{"asset_id":"osm:node/11882477303","kind":"manhole_unspecified","source":"OpenStreetMap","name":NaN,"evidence_level":"medium","details":{}}},{"type":"Feature","geometry":{"type":"Point","coordinates":[-6.46748,53.3001]},"properties":{"asset_id":"osm:node/11882477313","kind":"manhole_unspecified","source":"OpenStreetMap","name":NaN,"evidence_level":"medium","details":{}}},{"type":"Feature","geometry":{"type":"Point","coordinates":[-6.47296,53.29229]},"properties":{"asset_id":"osm:node/11882538506","kind":"manhole_unspecified","source":"OpenStreetMap","name":NaN,"evidence_level":"medium","details":{}}},{"type":"Feature","geometry":{"type":"Point","coordinates":[-6.47302,53.29228]},"properties":{"asset_id":"osm:node/11882538507","kind":"manhole_unspecified","source":"OpenStreetMap","name":NaN,"evidence_level":"medium","details":{}}},{"type":"Feature","geometry":{"type":"Point","coordinates":[-6.473,53.29226]},"properties":{"asset_id":"osm:node/11882538508","kind":"manhole_unspecified","source":"OpenStreetMap","name":NaN,"evidence_level":"medium","details":{}}},{"type":"Feature","geometry":{"type":"Point","coordinates":[-6.49104,53.29539]},"properties":{"asset_id":"osm:node/11882538558","kind":"manhole_unspecified","source":"OpenStreetMap","name":NaN,"evidence_level":"medium","details":{}}},{"type":"Feature","geometry":{"type":"Point","coordinates":[-6.49167,53.2954]},"properties":{"asset_id":"osm:node/11882538560","kind":"manhole_unspecified","source":"OpenStreetMap","name":NaN,"evidence_level":"medium","details":{}}},{"type":"Feature","geometry":{"type":"Point","coordinates":[-6.4759,53.29662]},"properties":{"asset_id":"osm:node/11882549336","kind":"manhole_unspecified","source":"OpenStreetMap","name":NaN,"evidence_level":"medium","details":{}}},{"type":"Feature","geometry":{"type":"Point","coordinates":[-6.47579,53.29683]},"properties":{"asset_id":"osm:node/11882549338","kind":"manhole_unspecified","source":"OpenStreetMap","name":NaN,"evidence_level":"medium","details":{}}},{"type":"Feature","geometry":{"type":"Point","coordinates":[-6.47563,53.29682]},"properties":{"asset_id":"osm:node/11882549339","kind":"manhole_unspecified","source":"OpenStreetMap","name":NaN,"evidence_level":"medium","details":{}}},{"type":"Feature","geometry":{"type":"Point","coordinates":[-6.47559,53.2969]},"properties":{"asset_id":"osm:node/11882549340","kind":"manhole_unspecified","source":"OpenStreetMap","name":NaN,"evidence_level":"medium","details":{}}},{"type":"Feature","geometry":{"type":"Point","coordinates":[-6.47573,53.29693]},"properties":{"asset_id":"osm:node/11882549341","kind":"manhole_unspecified","source":"OpenStreetMap","name":NaN,"evidence_level":"medium","details":{}}},{"type":"Feature","geometry":{"type":"Point","coordinates":[-6.47575,53.29694]},"properties":{"asset_id":"osm:node/11882549342","kind":"manhole_unspecified","source":"OpenStreetMap","name":NaN,"evidence_level":"medium","details":{}}},{"type":"Feature","geometry":{"type":"Point","coordinates":[-6.47125,53.29041]},"properties":{"asset_id":"osm:node/11884251504","kind":"manhole_unspecified","source":"OpenStreetMap","name":NaN,"evidence_level":"medium","details":{}}},{"type":"Feature","geometry":{"type":"Point","coordinates":[-6.47035,53.29132]},"properties":{"asset_id":"osm:node/11884251505","kind":"manhole_unspecified","source":"OpenStreetMap","name":NaN,"evidence_level":"medium","details":{}}},{"type":"Feature","geometry":{"type":"Point","coordinates":[-6.47045,53.29139]},"properties":{"asset_id":"osm:node/11884251506","kind":"manhole_unspecified","source":"OpenStreetMap","name":NaN,"evidence_level":"medium","details":{}}},{"type":"Feature","geometry":{"type":"Point","coordinates":[-6.47093,53.30078]},"properties":{"asset_id":"osm:node/11884251507","kind":"manhole_unspecified","source":"OpenStreetMap","name":NaN,"evidence_level":"medium","details":{}}},{"type":"Feature","geometry":{"type":"Point","coordinates":[-6.46965,53.29113]},"properties":{"asset_id":"osm:node/11884251515","kind":"manhole_unspecified","source":"OpenStreetMap","name":NaN,"evidence_level":"medium","details":{}}},{"type":"Feature","geometry":{"type":"Point","coordinates":[-6.46962,53.29109]},"properties":{"asset_id":"osm:node/11884251516","kind":"manhole_unspecified","source":"OpenStreetMap","name":NaN,"evidence_level":"medium","details":{}}},{"type":"Feature","geometry":{"type":"Point","coordinates":[-6.46967,53.2911]},"properties":{"asset_id":"osm:node/11884251517","kind":"manhole_unspecified","source":"OpenStreetMap","name":NaN,"evidence_level":"medium","details":{}}},{"type":"Feature","geometry":{"type":"Point","coordinates":[-6.46881,53.2908]},"properties":{"asset_id":"osm:node/11884251518","kind":"manhole_unspecified","source":"OpenStreetMap","name":NaN,"evidence_level":"medium","details":{}}},{"type":"Feature","geometry":{"type":"Point","coordinates":[-6.46846,53.29062]},"properties":{"asset_id":"osm:node/11884251520","kind":"manhole_unspecified","source":"OpenStreetMap","name":NaN,"evidence_level":"medium","details":{}}},{"type":"Feature","geometry":{"type":"Point","coordinates":[-6.46837,53.29059]},"properties":{"asset_id":"osm:node/11884251521","kind":"manhole_unspecified","source":"OpenStreetMap","name":NaN,"evidence_level":"medium","details":{}}},{"type":"Feature","geometry":{"type":"Point","coordinates":[-6.46866,53.29024]},"properties":{"asset_id":"osm:node/11884251523","kind":"manhole_unspecified","source":"OpenStreetMap","name":NaN,"evidence_level":"medium","details":{}}},{"type":"Feature","geometry":{"type":"Point","coordinates":[-6.46908,53.28976]},"properties":{"asset_id":"osm:node/11884251525","kind":"manhole_unspecified","source":"OpenStreetMap","name":NaN,"evidence_level":"medium","details":{}}},{"type":"Feature","geometry":{"type":"Point","coordinates":[-6.46921,53.28956]},"properties":{"asset_id":"osm:node/11884251526","kind":"manhole_unspecified","source":"OpenStreetMap","name":NaN,"evidence_level":"medium","details":{}}},{"type":"Feature","geometry":{"type":"Point","coordinates":[-6.46863,53.28878]},"properties":{"asset_id":"osm:node/11884251529","kind":"manhole_unspecified","source":"OpenStreetMap","name":NaN,"evidence_level":"medium","details":{}}},{"type":"Feature","geometry":{"type":"Point","coordinates":[-6.46862,53.28878]},"properties":{"asset_id":"osm:node/11884251552","kind":"manhole_unspecified","source":"OpenStreetMap","name":NaN,"evidence_level":"medium","details":{}}},{"type":"Feature","geometry":{"type":"Point","coordinates":[-6.47124,53.29042]},"properties":{"asset_id":"osm:node/11884251553","kind":"manhole_unspecified","source":"OpenStreetMap","name":NaN,"evidence_level":"medium","details":{}}},{"type":"Feature","geometry":{"type":"Point","coordinates":[-6.47115,53.29051]},"properties":{"asset_id":"osm:node/11884251554","kind":"manhole_unspecified","source":"OpenStreetMap","name":NaN,"evidence_level":"medium","details":{}}},{"type":"Feature","geometry":{"type":"Point","coordinates":[-6.4683,53.29058]},"properties":{"asset_id":"osm:node/11884251556","kind":"manhole_unspecified","source":"OpenStreetMap","name":NaN,"evidence_level":"medium","details":{}}},{"type":"Feature","geometry":{"type":"Point","coordinates":[-6.46869,53.29668]},"properties":{"asset_id":"osm:node/11884285795","kind":"manhole_unspecified","source":"OpenStreetMap","name":NaN,"evidence_level":"medium","details":{}}},{"type":"Feature","geometry":{"type":"Point","coordinates":[-6.46978,53.34364]},"properties":{"asset_id":"osm:node/11884992787","kind":"drinking_fountain","source":"OpenStreetMap","name":NaN,"evidence_level":"medium","details":{}}},{"type":"Feature","geometry":{"type":"Point","coordinates":[-6.4717,53.34415]},"properties":{"asset_id":"osm:node/11884992788","kind":"drinking_fountain","source":"OpenStreetMap","name":NaN,"evidence_level":"medium","details":{}}},{"type":"Feature","geometry":{"type":"Point","coordinates":[-6.46749,53.28816]},"properties":{"asset_id":"osm:node/11885242289","kind":"manhole_unspecified","source":"OpenStreetMap","name":NaN,"evidence_level":"medium","details":{}}},{"type":"Feature","geometry":{"type":"Point","coordinates":[-6.46765,53.28821]},"properties":{"asset_id":"osm:node/11885242290","kind":"manhole_unspecified","source":"OpenStreetMap","name":NaN,"evidence_level":"medium","details":{}}},{"type":"Feature","geometry":{"type":"Point","coordinates":[-6.46755,53.28983]},"properties":{"asset_id":"osm:node/11885242292","kind":"manhole_unspecified","source":"OpenStreetMap","name":NaN,"evidence_level":"medium","details":{}}},{"type":"Feature","geometry":{"type":"Point","coordinates":[-6.46776,53.29019]},"properties":{"asset_id":"osm:node/11885242293","kind":"manhole_unspecified","source":"OpenStreetMap","name":NaN,"evidence_level":"medium","details":{}}},{"type":"Feature","geometry":{"type":"Point","coordinates":[-6.46783,53.29023]},"properties":{"asset_id":"osm:node/11885242294","kind":"manhole_unspecified","source":"OpenStreetMap","name":NaN,"evidence_level":"medium","details":{}}},{"type":"Feature","geometry":{"type":"Point","coordinates":[-6.4678,53.29026]},"properties":{"asset_id":"osm:node/11885242295","kind":"manhole_unspecified","source":"OpenStreetMap","name":NaN,"evidence_level":"medium","details":{}}},{"type":"Feature","geometry":{"type":"Point","coordinates":[-6.46793,53.2902]},"properties":{"asset_id":"osm:node/11885242296","kind":"manhole_unspecified","source":"OpenStreetMap","name":NaN,"evidence_level":"medium","details":{}}},{"type":"Feature","geometry":{"type":"Point","coordinates":[-6.4679,53.29025]},"properties":{"asset_id":"osm:node/11885242297","kind":"manhole_unspecified","source":"OpenStreetMap","name":NaN,"evidence_level":"medium","details":{}}},{"type":"Feature","geometry":{"type":"Point","coordinates":[-6.46788,53.29024]},"properties":{"asset_id":"osm:node/11885242298","kind":"manhole_unspecified","source":"OpenStreetMap","name":NaN,"evidence_level":"medium","details":{}}},{"type":"Feature","geometry":{"type":"Point","coordinates":[-6.46702,53.29675]},"properties":{"asset_id":"osm:node/11885242300","kind":"manhole_unspecified","source":"OpenStreetMap","name":NaN,"evidence_level":"medium","details":{}}},{"type":"Feature","geometry":{"type":"Point","coordinates":[-6.46695,53.29674]},"properties":{"asset_id":"osm:node/11885242301","kind":"manhole_unspecified","source":"OpenStreetMap","name":NaN,"evidence_level":"medium","details":{}}},{"type":"Feature","geometry":{"type":"Point","coordinates":[-6.46693,53.29673]},"properties":{"asset_id":"osm:node/11885242302","kind":"manhole_unspecified","source":"OpenStreetMap","name":NaN,"evidence_level":"medium","details":{}}},{"type":"Feature","geometry":{"type":"Point","coordinates":[-6.46549,53.30015]},"properties":{"asset_id":"osm:node/11885242313","kind":"manhole_unspecified","source":"OpenStreetMap","name":NaN,"evidence_level":"medium","details":{}}},{"type":"Feature","geometry":{"type":"Point","coordinates":[-6.46614,53.30025]},"properties":{"asset_id":"osm:node/11885242314","kind":"manhole_unspecified","source":"OpenStreetMap","name":NaN,"evidence_level":"medium","details":{}}},{"type":"Feature","geometry":{"type":"Point","coordinates":[-6.46671,53.30031]},"properties":{"asset_id":"osm:node/11885242315","kind":"manhole_unspecified","source":"OpenStreetMap","name":NaN,"evidence_level":"medium","details":{}}},{"type":"Feature","geometry":{"type":"Point","coordinates":[-6.46593,53.29653]},"properties":{"asset_id":"osm:node/11885242316","kind":"manhole_unspecified","source":"OpenStreetMap","name":NaN,"evidence_level":"medium","details":{}}},{"type":"Feature","geometry":{"type":"Point","coordinates":[-6.46361,53.29905]},"properties":{"asset_id":"osm:node/11885242339","kind":"manhole_unspecified","source":"OpenStreetMap","name":NaN,"evidence_level":"medium","details":{}}},{"type":"Feature","geometry":{"type":"Point","coordinates":[-6.46782,53.29023]},"properties":{"asset_id":"osm:node/11885242354","kind":"manhole_unspecified","source":"OpenStreetMap","name":NaN,"evidence_level":"medium","details":{}}},{"type":"Feature","geometry":{"type":"Point","coordinates":[-6.46792,53.29027]},"properties":{"asset_id":"osm:node/11885242355","kind":"manhole_unspecified","source":"OpenStreetMap","name":NaN,"evidence_level":"medium","details":{}}},{"type":"Feature","geometry":{"type":"Point","coordinates":[-6.46791,53.29021]},"properties":{"asset_id":"osm:node/11885242356","kind":"manhole_unspecified","source":"OpenStreetMap","name":NaN,"evidence_level":"medium","details":{}}},{"type":"Feature","geometry":{"type":"Point","coordinates":[-6.46807,53.29196]},"properties":{"asset_id":"osm:node/11885257484","kind":"manhole_unspecified","source":"OpenStreetMap","name":NaN,"evidence_level":"medium","details":{}}},{"type":"Feature","geometry":{"type":"Point","coordinates":[-6.46984,53.29095]},"properties":{"asset_id":"osm:node/11887001638","kind":"manhole_unspecified","source":"OpenStreetMap","name":NaN,"evidence_level":"medium","details":{}}},{"type":"Feature","geometry":{"type":"Point","coordinates":[-6.4698,53.28889]},"properties":{"asset_id":"osm:node/11887001640","kind":"manhole_unspecified","source":"OpenStreetMap","name":NaN,"evidence_level":"medium","details":{}}},{"type":"Feature","geometry":{"type":"Point","coordinates":[-6.46979,53.28889]},"properties":{"asset_id":"osm:node/11887001645","kind":"manhole_unspecified","source":"OpenStreetMap","name":NaN,"evidence_level":"medium","details":{}}},{"type":"Feature","geometry":{"type":"Point","coordinates":[-6.46942,53.28932]},"properties":{"asset_id":"osm:node/11887001646","kind":"manhole_unspecified","source":"OpenStreetMap","name":NaN,"evidence_level":"medium","details":{}}},{"type":"Feature","geometry":{"type":"Point","coordinates":[-6.46944,53.2893]},"properties":{"asset_id":"osm:node/11887001647","kind":"manhole_unspecified","source":"OpenStreetMap","name":NaN,"evidence_level":"medium","details":{}}},{"type":"Feature","geometry":{"type":"Point","coordinates":[-6.46935,53.28944]},"properties":{"asset_id":"osm:node/11887001648","kind":"manhole_unspecified","source":"OpenStreetMap","name":NaN,"evidence_level":"medium","details":{}}},{"type":"Feature","geometry":{"type":"Point","coordinates":[-6.46847,53.29048]},"properties":{"asset_id":"osm:node/11887001649","kind":"manhole_unspecified","source":"OpenStreetMap","name":NaN,"evidence_level":"medium","details":{}}},{"type":"Feature","geometry":{"type":"Point","coordinates":[-6.47012,53.2908]},"properties":{"asset_id":"osm:node/11887001651","kind":"manhole_unspecified","source":"OpenStreetMap","name":NaN,"evidence_level":"medium","details":{}}},{"type":"Feature","geometry":{"type":"Point","coordinates":[-6.47019,53.29072]},"properties":{"asset_id":"osm:node/11887001652","kind":"manhole_unspecified","source":"OpenStreetMap","name":NaN,"evidence_level":"medium","details":{}}},{"type":"Feature","geometry":{"type":"Point","coordinates":[-6.46933,53.29964]},"properties":{"asset_id":"osm:node/11887124033","kind":"manhole_unspecified","source":"OpenStreetMap","name":NaN,"evidence_level":"medium","details":{}}},{"type":"Feature","geometry":{"type":"Point","coordinates":[-6.46926,53.29963]},"properties":{"asset_id":"osm:node/11887124034","kind":"manhole_unspecified","source":"OpenStreetMap","name":NaN,"evidence_level":"medium","details":{}}},{"type":"Feature","geometry":{"type":"Point","coordinates":[-6.46894,53.29958]},"properties":{"asset_id":"osm:node/11887124035","kind":"manhole_unspecified","source":"OpenStreetMap","name":NaN,"evidence_level":"medium","details":{}}},{"type":"Feature","geometry":{"type":"Point","coordinates":[-6.46748,53.30061]},"properties":{"asset_id":"osm:node/11887124042","kind":"manhole_unspecified","source":"OpenStreetMap","name":NaN,"evidence_level":"medium","details":{}}},{"type":"Feature","geometry":{"type":"Point","coordinates":[-6.48224,53.29134]},"properties":{"asset_id":"osm:node/11889596111","kind":"manhole_unspecified","source":"OpenStreetMap","name":NaN,"evidence_level":"medium","details":{}}},{"type":"Feature","geometry":{"type":"Point","coordinates":[-6.48239,53.29127]},"properties":{"asset_id":"osm:node/11889596112","kind":"manhole_unspecified","source":"OpenStreetMap","name":NaN,"evidence_level":"medium","details":{}}},{"type":"Feature","geometry":{"type":"Point","coordinates":[-6.48241,53.29122]},"properties":{"asset_id":"osm:node/11889596113","kind":"manhole_unspecified","source":"OpenStreetMap","name":NaN,"evidence_level":"medium","details":{}}},{"type":"Feature","geometry":{"type":"Point","coordinates":[-6.48262,53.29115]},"properties":{"asset_id":"osm:node/11889596114","kind":"manhole_unspecified","source":"OpenStreetMap","name":NaN,"evidence_level":"medium","details":{}}},{"type":"Feature","geometry":{"type":"Point","coordinates":[-6.48313,53.29134]},"properties":{"asset_id":"osm:node/11889596115","kind":"manhole_unspecified","source":"OpenStreetMap","name":NaN,"evidence_level":"medium","details":{}}},{"type":"Feature","geometry":{"type":"Point","coordinates":[-6.48283,53.29108]},"properties":{"asset_id":"osm:node/11889596116","kind":"manhole_unspecified","source":"OpenStreetMap","name":NaN,"evidence_level":"medium","details":{}}},{"type":"Feature","geometry":{"type":"Point","coordinates":[-6.4829,53.29105]},"properties":{"asset_id":"osm:node/11889596117","kind":"manhole_unspecified","source":"OpenStreetMap","name":NaN,"evidence_level":"medium","details":{}}},{"type":"Feature","geometry":{"type":"Point","coordinates":[-6.48314,53.29103]},"properties":{"asset_id":"osm:node/11889596118","kind":"manhole_unspecified","source":"OpenStreetMap","name":NaN,"evidence_level":"medium","details":{}}},{"type":"Feature","geometry":{"type":"Point","coordinates":[-6.48328,53.29148]},"properties":{"asset_id":"osm:node/11889596119","kind":"manhole_unspecified","source":"OpenStreetMap","name":NaN,"evidence_level":"medium","details":{}}},{"type":"Feature","geometry":{"type":"Point","coordinates":[-6.48325,53.2917]},"properties":{"asset_id":"osm:node/11889596120","kind":"manhole_unspecified","source":"OpenStreetMap","name":NaN,"evidence_level":"medium","details":{}}},{"type":"Feature","geometry":{"type":"Point","coordinates":[-6.48335,53.29086]},"properties":{"asset_id":"osm:node/11889596121","kind":"manhole_unspecified","source":"OpenStreetMap","name":NaN,"evidence_level":"medium","details":{}}},{"type":"Feature","geometry":{"type":"Point","coordinates":[-6.48252,53.2902]},"properties":{"asset_id":"osm:node/11889596122","kind":"manhole_unspecified","source":"OpenStreetMap","name":NaN,"evidence_level":"medium","details":{}}},{"type":"Feature","geometry":{"type":"Point","coordinates":[-6.48228,53.29029]},"properties":{"asset_id":"osm:node/11889596123","kind":"manhole_unspecified","source":"OpenStreetMap","name":NaN,"evidence_level":"medium","details":{}}},{"type":"Feature","geometry":{"type":"Point","coordinates":[-6.48201,53.29165]},"properties":{"asset_id":"osm:node/11889596130","kind":"manhole_unspecified","source":"OpenStreetMap","name":NaN,"evidence_level":"medium","details":{}}},{"type":"Feature","geometry":{"type":"Point","coordinates":[-6.48186,53.29172]},"properties":{"asset_id":"osm:node/11889596131","kind":"manhole_unspecified","source":"OpenStreetMap","name":NaN,"evidence_level":"medium","details":{}}},{"type":"Feature","geometry":{"type":"Point","coordinates":[-6.48209,53.29157]},"properties":{"asset_id":"osm:node/11889596132","kind":"manhole_unspecified","source":"OpenStreetMap","name":NaN,"evidence_level":"medium","details":{}}},{"type":"Feature","geometry":{"type":"Point","coordinates":[-6.48141,53.29185]},"properties":{"asset_id":"osm:node/11889596133","kind":"manhole_unspecified","source":"OpenStreetMap","name":NaN,"evidence_level":"medium","details":{}}},{"type":"Feature","geometry":{"type":"Point","coordinates":[-6.48137,53.29192]},"properties":{"asset_id":"osm:node/11889596134","kind":"manhole_unspecified","source":"OpenStreetMap","name":NaN,"evidence_level":"medium","details":{}}},{"type":"Feature","geometry":{"type":"Point","coordinates":[-6.4813,53.29189]},"properties":{"asset_id":"osm:node/11889596135","kind":"manhole_unspecified","source":"OpenStreetMap","name":NaN,"evidence_level":"medium","details":{}}},{"type":"Feature","geometry":{"type":"Point","coordinates":[-6.48056,53.29206]},"properties":{"asset_id":"osm:node/11889596136","kind":"manhole_unspecified","source":"OpenStreetMap","name":NaN,"evidence_level":"medium","details":{}}},{"type":"Feature","geometry":{"type":"Point","coordinates":[-6.48065,53.29204]},"properties":{"asset_id":"osm:node/11889596137","kind":"manhole_unspecified","source":"OpenStreetMap","name":NaN,"evidence_level":"medium","details":{}}},{"type":"Feature","geometry":{"type":"Point","coordinates":[-6.48071,53.29204]},"properties":{"asset_id":"osm:node/11889596138","kind":"manhole_unspecified","source":"OpenStreetMap","name":NaN,"evidence_level":"medium","details":{}}},{"type":"Feature","geometry":{"type":"Point","coordinates":[-6.48152,53.29209]},"properties":{"asset_id":"osm:node/11889596139","kind":"manhole_unspecified","source":"OpenStreetMap","name":NaN,"evidence_level":"medium","details":{}}},{"type":"Feature","geometry":{"type":"Point","coordinates":[-6.48149,53.29207]},"properties":{"asset_id":"osm:node/11889596140","kind":"manhole_unspecified","source":"OpenStreetMap","name":NaN,"evidence_level":"medium","details":{}}},{"type":"Feature","geometry":{"type":"Point","coordinates":[-6.48138,53.29218]},"properties":{"asset_id":"osm:node/11889596141","kind":"manhole_unspecified","source":"OpenStreetMap","name":NaN,"evidence_level":"medium","details":{}}},{"type":"Feature","geometry":{"type":"Point","coordinates":[-6.48113,53.29229]},"properties":{"asset_id":"osm:node/11889596142","kind":"manhole_unspecified","source":"OpenStreetMap","name":NaN,"evidence_level":"medium","details":{}}},{"type":"Feature","geometry":{"type":"Point","coordinates":[-6.48088,53.29239]},"properties":{"asset_id":"osm:node/11889596143","kind":"manhole_unspecified","source":"OpenStreetMap","name":NaN,"evidence_level":"medium","details":{}}},{"type":"Feature","geometry":{"type":"Point","coordinates":[-6.48064,53.29249]},"properties":{"asset_id":"osm:node/11889596144","kind":"manhole_unspecified","source":"OpenStreetMap","name":NaN,"evidence_level":"medium","details":{}}},{"type":"Feature","geometry":{"type":"Point","coordinates":[-6.48134,53.2929]},"properties":{"asset_id":"osm:node/11889596145","kind":"manhole_unspecified","source":"OpenStreetMap","name":NaN,"evidence_level":"medium","details":{}}},{"type":"Feature","geometry":{"type":"Point","coordinates":[-6.48138,53.29288]},"properties":{"asset_id":"osm:node/11889596146","kind":"manhole_unspecified","source":"OpenStreetMap","name":NaN,"evidence_level":"medium","details":{}}},{"type":"Feature","geometry":{"type":"Point","coordinates":[-6.48059,53.29406]},"properties":{"asset_id":"osm:node/11889596147","kind":"manhole_unspecified","source":"OpenStreetMap","name":NaN,"evidence_level":"medium","details":{}}},{"type":"Feature","geometry":{"type":"Point","coordinates":[-6.48123,53.29502]},"properties":{"asset_id":"osm:node/11889596148","kind":"manhole_unspecified","source":"OpenStreetMap","name":NaN,"evidence_level":"medium","details":{}}},{"type":"Feature","geometry":{"type":"Point","coordinates":[-6.48117,53.29515]},"properties":{"asset_id":"osm:node/11889596149","kind":"manhole_unspecified","source":"OpenStreetMap","name":NaN,"evidence_level":"medium","details":{}}},{"type":"Feature","geometry":{"type":"Point","coordinates":[-6.48092,53.29638]},"properties":{"asset_id":"osm:node/11889596150","kind":"manhole_unspecified","source":"OpenStreetMap","name":NaN,"evidence_level":"medium","details":{}}},{"type":"Feature","geometry":{"type":"Point","coordinates":[-6.48118,53.29645]},"properties":{"asset_id":"osm:node/11889596151","kind":"manhole_unspecified","source":"OpenStreetMap","name":NaN,"evidence_level":"medium","details":{}}},{"type":"Feature","geometry":{"type":"Point","coordinates":[-6.48129,53.29649]},"properties":{"asset_id":"osm:node/11889596152","kind":"manhole_unspecified","source":"OpenStreetMap","name":NaN,"evidence_level":"medium","details":{}}},{"type":"Feature","geometry":{"type":"Point","coordinates":[-6.48115,53.29674]},"properties":{"asset_id":"osm:node/11889596153","kind":"manhole_unspecified","source":"OpenStreetMap","name":NaN,"evidence_level":"medium","details":{}}},{"type":"Feature","geometry":{"type":"Point","coordinates":[-6.48123,53.29679]},"properties":{"asset_id":"osm:node/11889596154","kind":"manhole_unspecified","source":"OpenStreetMap","name":NaN,"evidence_level":"medium","details":{}}},{"type":"Feature","geometry":{"type":"Point","coordinates":[-6.48106,53.29707]},"properties":{"asset_id":"osm:node/11889596155","kind":"manhole_unspecified","source":"OpenStreetMap","name":NaN,"evidence_level":"medium","details":{}}},{"type":"Feature","geometry":{"type":"Point","coordinates":[-6.48093,53.29861]},"properties":{"asset_id":"osm:node/11889596156","kind":"manhole_unspecified","source":"OpenStreetMap","name":NaN,"evidence_level":"medium","details":{}}},{"type":"Feature","geometry":{"type":"Point","coordinates":[-6.48078,53.2989]},"properties":{"asset_id":"osm:node/11889596157","kind":"manhole_unspecified","source":"OpenStreetMap","name":NaN,"evidence_level":"medium","details":{}}},{"type":"Feature","geometry":{"type":"Point","coordinates":[-6.4806,53.2992]},"properties":{"asset_id":"osm:node/11889596158","kind":"manhole_unspecified","source":"OpenStreetMap","name":NaN,"evidence_level":"medium","details":{}}},{"type":"Feature","geometry":{"type":"Point","coordinates":[-6.48084,53.2994]},"properties":{"asset_id":"osm:node/11889596159","kind":"manhole_unspecified","source":"OpenStreetMap","name":NaN,"evidence_level":"medium","details":{}}},{"type":"Feature","geometry":{"type":"Point","coordinates":[-6.48088,53.29939]},"properties":{"asset_id":"osm:node/11889596160","kind":"manhole_unspecified","source":"OpenStreetMap","name":NaN,"evidence_level":"medium","details":{}}},{"type":"Feature","geometry":{"type":"Point","coordinates":[-6.48061,53.29978]},"properties":{"asset_id":"osm:node/11889596161","kind":"manhole_unspecified","source":"OpenStreetMap","name":NaN,"evidence_level":"medium","details":{}}},{"type":"Feature","geometry":{"type":"Point","coordinates":[-6.48059,53.29976]},"properties":{"asset_id":"osm:node/11889596162","kind":"manhole_unspecified","source":"OpenStreetMap","name":NaN,"evidence_level":"medium","details":{}}},{"type":"Feature","geometry":{"type":"Point","coordinates":[-6.48098,53.30155]},"properties":{"asset_id":"osm:node/11889596163","kind":"manhole_unspecified","source":"OpenStreetMap","name":NaN,"evidence_level":"medium","details":{}}},{"type":"Feature","geometry":{"type":"Point","coordinates":[-6.48091,53.30162]},"properties":{"asset_id":"osm:node/11889596164","kind":"manhole_unspecified","source":"OpenStreetMap","name":NaN,"evidence_level":"medium","details":{}}},{"type":"Feature","geometry":{"type":"Point","coordinates":[-6.48094,53.2986]},"properties":{"asset_id":"osm:node/11889602912","kind":"manhole_unspecified","source":"OpenStreetMap","name":NaN,"evidence_level":"medium","details":{}}},{"type":"Feature","geometry":{"type":"Point","coordinates":[-6.48092,53.30158]},"properties":{"asset_id":"osm:node/11889602913","kind":"manhole_unspecified","source":"OpenStreetMap","name":NaN,"evidence_level":"medium","details":{}}},{"type":"Feature","geometry":{"type":"Point","coordinates":[-6.48089,53.2964]},"properties":{"asset_id":"osm:node/11889602918","kind":"manhole_unspecified","source":"OpenStreetMap","name":NaN,"evidence_level":"medium","details":{}}},{"type":"Feature","geometry":{"type":"Point","coordinates":[-6.48124,53.29678]},"properties":{"asset_id":"osm:node/11889602919","kind":"manhole_unspecified","source":"OpenStreetMap","name":NaN,"evidence_level":"medium","details":{}}},{"type":"Feature","geometry":{"type":"Point","coordinates":[-6.48061,53.29405]},"properties":{"asset_id":"osm:node/11889602920","kind":"manhole_unspecified","source":"OpenStreetMap","name":NaN,"evidence_level":"medium","details":{}}},{"type":"Feature","geometry":{"type":"Point","coordinates":[-6.48136,53.2929]},"properties":{"asset_id":"osm:node/11889602921","kind":"manhole_unspecified","source":"OpenStreetMap","name":NaN,"evidence_level":"medium","details":{}}},{"type":"Feature","geometry":{"type":"Point","coordinates":[-6.48064,53.29204]},"properties":{"asset_id":"osm:node/11889602922","kind":"manhole_unspecified","source":"OpenStreetMap","name":NaN,"evidence_level":"medium","details":{}}},{"type":"Feature","geometry":{"type":"Point","coordinates":[-6.48314,53.29135]},"properties":{"asset_id":"osm:node/11889602923","kind":"manhole_unspecified","source":"OpenStreetMap","name":NaN,"evidence_level":"medium","details":{}}},{"type":"Feature","geometry":{"type":"Point","coordinates":[-6.48223,53.29136]},"properties":{"asset_id":"osm:node/11889602924","kind":"manhole_unspecified","source":"OpenStreetMap","name":NaN,"evidence_level":"medium","details":{}}},{"type":"Feature","geometry":{"type":"Point","coordinates":[-6.48221,53.29134]},"properties":{"asset_id":"osm:node/11889602925","kind":"manhole_unspecified","source":"OpenStreetMap","name":NaN,"evidence_level":"medium","details":{}}},{"type":"Feature","geometry":{"type":"Point","coordinates":[-6.4797,53.29391]},"properties":{"asset_id":"osm:node/11890370878","kind":"manhole_unspecified","source":"OpenStreetMap","name":NaN,"evidence_level":"medium","details":{}}},{"type":"Feature","geometry":{"type":"Point","coordinates":[-6.48046,53.29449]},"properties":{"asset_id":"osm:node/11890370879","kind":"manhole_unspecified","source":"OpenStreetMap","name":NaN,"evidence_level":"medium","details":{}}},{"type":"Feature","geometry":{"type":"Point","coordinates":[-6.47997,53.29476]},"properties":{"asset_id":"osm:node/11890370881","kind":"manhole_unspecified","source":"OpenStreetMap","name":NaN,"evidence_level":"medium","details":{}}},{"type":"Feature","geometry":{"type":"Point","coordinates":[-6.47994,53.29482]},"properties":{"asset_id":"osm:node/11890370882","kind":"manhole_unspecified","source":"OpenStreetMap","name":NaN,"evidence_level":"medium","details":{}}},{"type":"Feature","geometry":{"type":"Point","coordinates":[-6.48027,53.29482]},"properties":{"asset_id":"osm:node/11890370883","kind":"manhole_unspecified","source":"OpenStreetMap","name":NaN,"evidence_level":"medium","details":{}}},{"type":"Feature","geometry":{"type":"Point","coordinates":[-6.48008,53.29495]},"properties":{"asset_id":"osm:node/11890370884","kind":"manhole_unspecified","source":"OpenStreetMap","name":NaN,"evidence_level":"medium","details":{}}},{"type":"Feature","geometry":{"type":"Point","coordinates":[-6.4802,53.29566]},"properties":{"asset_id":"osm:node/11890370885","kind":"manhole_unspecified","source":"OpenStreetMap","name":NaN,"evidence_level":"medium","details":{}}},{"type":"Feature","geometry":{"type":"Point","coordinates":[-6.4801,53.29572]},"properties":{"asset_id":"osm:node/11890370886","kind":"manhole_unspecified","source":"OpenStreetMap","name":NaN,"evidence_level":"medium","details":{}}},{"type":"Feature","geometry":{"type":"Point","coordinates":[-6.47918,53.2969]},"properties":{"asset_id":"osm:node/11890370887","kind":"manhole_unspecified","source":"OpenStreetMap","name":NaN,"evidence_level":"medium","details":{}}},{"type":"Feature","geometry":{"type":"Point","coordinates":[-6.47927,53.29706]},"properties":{"asset_id":"osm:node/11890370888","kind":"manhole_unspecified","source":"OpenStreetMap","name":NaN,"evidence_level":"medium","details":{}}},{"type":"Feature","geometry":{"type":"Point","coordinates":[-6.47908,53.29709]},"properties":{"asset_id":"osm:node/11890370889","kind":"manhole_unspecified","source":"OpenStreetMap","name":NaN,"evidence_level":"medium","details":{}}},{"type":"Feature","geometry":{"type":"Point","coordinates":[-6.47976,53.29869]},"properties":{"asset_id":"osm:node/11890370890","kind":"manhole_unspecified","source":"OpenStreetMap","name":NaN,"evidence_level":"medium","details":{}}},{"type":"Feature","geometry":{"type":"Point","coordinates":[-6.47957,53.29899]},"properties":{"asset_id":"osm:node/11890370891","kind":"manhole_unspecified","source":"OpenStreetMap","name":NaN,"evidence_level":"medium","details":{}}},{"type":"Feature","geometry":{"type":"Point","coordinates":[-6.47959,53.29901]},"properties":{"asset_id":"osm:node/11890370892","kind":"manhole_unspecified","source":"OpenStreetMap","name":NaN,"evidence_level":"medium","details":{}}},{"type":"Feature","geometry":{"type":"Point","coordinates":[-6.47977,53.30144]},"properties":{"asset_id":"osm:node/11890370894","kind":"manhole_unspecified","source":"OpenStreetMap","name":NaN,"evidence_level":"medium","details":{}}},{"type":"Feature","geometry":{"type":"Point","coordinates":[-6.47988,53.3024]},"properties":{"asset_id":"osm:node/11890370895","kind":"manhole_unspecified","source":"OpenStreetMap","name":NaN,"evidence_level":"medium","details":{}}},{"type":"Feature","geometry":{"type":"Point","coordinates":[-6.4775,53.29974]},"properties":{"asset_id":"osm:node/11890370903","kind":"manhole_unspecified","source":"OpenStreetMap","name":NaN,"evidence_level":"medium","details":{}}},{"type":"Feature","geometry":{"type":"Point","coordinates":[-6.47781,53.29925]},"properties":{"asset_id":"osm:node/11890370904","kind":"manhole_unspecified","source":"OpenStreetMap","name":NaN,"evidence_level":"medium","details":{}}},{"type":"Feature","geometry":{"type":"Point","coordinates":[-6.47761,53.29925]},"properties":{"asset_id":"osm:node/11890370905","kind":"manhole_unspecified","source":"OpenStreetMap","name":NaN,"evidence_level":"medium","details":{}}},{"type":"Feature","geometry":{"type":"Point","coordinates":[-6.47771,53.29917]},"properties":{"asset_id":"osm:node/11890370906","kind":"manhole_unspecified","source":"OpenStreetMap","name":NaN,"evidence_level":"medium","details":{}}},{"type":"Feature","geometry":{"type":"Point","coordinates":[-6.47776,53.29915]},"properties":{"asset_id":"osm:node/11890370907","kind":"manhole_unspecified","source":"OpenStreetMap","name":NaN,"evidence_level":"medium","details":{}}},{"type":"Feature","geometry":{"type":"Point","coordinates":[-6.47767,53.29914]},"properties":{"asset_id":"osm:node/11890370908","kind":"manhole_unspecified","source":"OpenStreetMap","name":NaN,"evidence_level":"medium","details":{}}},{"type":"Feature","geometry":{"type":"Point","coordinates":[-6.47773,53.29912]},"properties":{"asset_id":"osm:node/11890370909","kind":"manhole_unspecified","source":"OpenStreetMap","name":NaN,"evidence_level":"medium","details":{}}},{"type":"Feature","geometry":{"type":"Point","coordinates":[-6.47846,53.29557]},"properties":{"asset_id":"osm:node/11890370910","kind":"manhole_unspecified","source":"OpenStreetMap","name":NaN,"evidence_level":"medium","details":{}}},{"type":"Feature","geometry":{"type":"Point","coordinates":[-6.47823,53.29434]},"properties":{"asset_id":"osm:node/11890370911","kind":"manhole_unspecified","source":"OpenStreetMap","name":NaN,"evidence_level":"medium","details":{}}},{"type":"Feature","geometry":{"type":"Point","coordinates":[-6.47751,53.29379]},"properties":{"asset_id":"osm:node/11890370912","kind":"manhole_unspecified","source":"OpenStreetMap","name":NaN,"evidence_level":"medium","details":{}}},{"type":"Feature","geometry":{"type":"Point","coordinates":[-6.47748,53.29373]},"properties":{"asset_id":"osm:node/11890370913","kind":"manhole_unspecified","source":"OpenStreetMap","name":NaN,"evidence_level":"medium","details":{}}},{"type":"Feature","geometry":{"type":"Point","coordinates":[-6.47749,53.29379]},"properties":{"asset_id":"osm:node/11890370954","kind":"manhole_unspecified","source":"OpenStreetMap","name":NaN,"evidence_level":"medium","details":{}}},{"type":"Feature","geometry":{"type":"Point","coordinates":[-6.47822,53.29436]},"properties":{"asset_id":"osm:node/11890370955","kind":"manhole_unspecified","source":"OpenStreetMap","name":NaN,"evidence_level":"medium","details":{}}},{"type":"Feature","geometry":{"type":"Point","coordinates":[-6.4802,53.29565]},"properties":{"asset_id":"osm:node/11890370956","kind":"manhole_unspecified","source":"OpenStreetMap","name":NaN,"evidence_level":"medium","details":{}}},{"type":"Feature","geometry":{"type":"Point","coordinates":[-6.47908,53.29713]},"properties":{"asset_id":"osm:node/11890370957","kind":"manhole_unspecified","source":"OpenStreetMap","name":NaN,"evidence_level":"medium","details":{}}},{"type":"Feature","geometry":{"type":"Point","coordinates":[-6.47768,53.29913]},"properties":{"asset_id":"osm:node/11890370958","kind":"manhole_unspecified","source":"OpenStreetMap","name":NaN,"evidence_level":"medium","details":{}}},{"type":"Feature","geometry":{"type":"Point","coordinates":[-6.47986,53.30239]},"properties":{"asset_id":"osm:node/11890370960","kind":"manhole_unspecified","source":"OpenStreetMap","name":NaN,"evidence_level":"medium","details":{}}},{"type":"Feature","geometry":{"type":"Point","coordinates":[-6.47989,53.30239]},"properties":{"asset_id":"osm:node/11890370961","kind":"manhole_unspecified","source":"OpenStreetMap","name":NaN,"evidence_level":"medium","details":{}}},{"type":"Feature","geometry":{"type":"Point","coordinates":[-6.47991,53.30238]},"properties":{"asset_id":"osm:node/11890370962","kind":"manhole_unspecified","source":"OpenStreetMap","name":NaN,"evidence_level":"medium","details":{}}},{"type":"Feature","geometry":{"type":"Point","coordinates":[-6.46286,53.28672]},"properties":{"asset_id":"osm:node/11890461004","kind":"manhole_unspecified","source":"OpenStreetMap","name":NaN,"evidence_level":"medium","details":{}}},{"type":"Feature","geometry":{"type":"Point","coordinates":[-6.47272,53.29221]},"properties":{"asset_id":"osm:node/11890634358","kind":"manhole_unspecified","source":"OpenStreetMap","name":NaN,"evidence_level":"medium","details":{}}},{"type":"Feature","geometry":{"type":"Point","coordinates":[-6.47271,53.29221]},"properties":{"asset_id":"osm:node/11890634359","kind":"manhole_unspecified","source":"OpenStreetMap","name":NaN,"evidence_level":"medium","details":{}}},{"type":"Feature","geometry":{"type":"Point","coordinates":[-6.4733,53.29242]},"properties":{"asset_id":"osm:node/11890646691","kind":"manhole_unspecified","source":"OpenStreetMap","name":NaN,"evidence_level":"medium","details":{}}},{"type":"Feature","geometry":{"type":"Point","coordinates":[-6.47336,53.29246]},"properties":{"asset_id":"osm:node/11890646692","kind":"manhole_unspecified","source":"OpenStreetMap","name":NaN,"evidence_level":"medium","details":{}}},{"type":"Feature","geometry":{"type":"Point","coordinates":[-6.47335,53.29241]},"properties":{"asset_id":"osm:node/11890646693","kind":"manhole_unspecified","source":"OpenStreetMap","name":NaN,"evidence_level":"medium","details":{}}},{"type":"Feature","geometry":{"type":"Point","coordinates":[-6.47339,53.29242]},"properties":{"asset_id":"osm:node/11890646694","kind":"manhole_unspecified","source":"OpenStreetMap","name":NaN,"evidence_level":"medium","details":{}}},{"type":"Feature","geometry":{"type":"Point","coordinates":[-6.47342,53.29243]},"properties":{"asset_id":"osm:node/11890646695","kind":"manhole_unspecified","source":"OpenStreetMap","name":NaN,"evidence_level":"medium","details":{}}},{"type":"Feature","geometry":{"type":"Point","coordinates":[-6.47347,53.29247]},"properties":{"asset_id":"osm:node/11890646696","kind":"manhole_unspecified","source":"OpenStreetMap","name":NaN,"evidence_level":"medium","details":{}}},{"type":"Feature","geometry":{"type":"Point","coordinates":[-6.48331,53.29422]},"properties":{"asset_id":"osm:node/11890646772","kind":"manhole_unspecified","source":"OpenStreetMap","name":NaN,"evidence_level":"medium","details":{}}},{"type":"Feature","geometry":{"type":"Point","coordinates":[-6.46198,53.28342]},"properties":{"asset_id":"osm:node/11890790863","kind":"manhole_unspecified","source":"OpenStreetMap","name":NaN,"evidence_level":"medium","details":{}}},{"type":"Feature","geometry":{"type":"Point","coordinates":[-6.46253,53.28402]},"properties":{"asset_id":"osm:node/11890829470","kind":"manhole_unspecified","source":"OpenStreetMap","name":NaN,"evidence_level":"medium","details":{}}},{"type":"Feature","geometry":{"type":"Point","coordinates":[-6.47729,53.29457]},"properties":{"asset_id":"osm:node/11892920476","kind":"manhole_unspecified","source":"OpenStreetMap","name":NaN,"evidence_level":"medium","details":{}}},{"type":"Feature","geometry":{"type":"Point","coordinates":[-6.47714,53.29699]},"properties":{"asset_id":"osm:node/11892920477","kind":"manhole_unspecified","source":"OpenStreetMap","name":NaN,"evidence_level":"medium","details":{}}},{"type":"Feature","geometry":{"type":"Point","coordinates":[-6.47705,53.3016]},"properties":{"asset_id":"osm:node/11892920478","kind":"manhole_unspecified","source":"OpenStreetMap","name":NaN,"evidence_level":"medium","details":{}}},{"type":"Feature","geometry":{"type":"Point","coordinates":[-6.47717,53.30162]},"properties":{"asset_id":"osm:node/11892920479","kind":"manhole_unspecified","source":"OpenStreetMap","name":NaN,"evidence_level":"medium","details":{}}},{"type":"Feature","geometry":{"type":"Point","coordinates":[-6.47531,53.30169]},"properties":{"asset_id":"osm:node/11892920487","kind":"manhole_unspecified","source":"OpenStreetMap","name":NaN,"evidence_level":"medium","details":{}}},{"type":"Feature","geometry":{"type":"Point","coordinates":[-6.47578,53.30167]},"properties":{"asset_id":"osm:node/11892920488","kind":"manhole_unspecified","source":"OpenStreetMap","name":NaN,"evidence_level":"medium","details":{}}},{"type":"Feature","geometry":{"type":"Point","coordinates":[-6.47578,53.291]},"properties":{"asset_id":"osm:node/11892920490","kind":"manhole_unspecified","source":"OpenStreetMap","name":NaN,"evidence_level":"medium","details":{}}},{"type":"Feature","geometry":{"type":"Point","coordinates":[-6.47598,53.29105]},"properties":{"asset_id":"osm:node/11892920491","kind":"manhole_unspecified","source":"OpenStreetMap","name":NaN,"evidence_level":"medium","details":{}}},{"type":"Feature","geometry":{"type":"Point","coordinates":[-6.47527,53.29091]},"properties":{"asset_id":"osm:node/11892920492","kind":"manhole_unspecified","source":"OpenStreetMap","name":NaN,"evidence_level":"medium","details":{}}},{"type":"Feature","geometry":{"type":"Point","coordinates":[-6.47536,53.29079]},"properties":{"asset_id":"osm:node/11892920493","kind":"manhole_unspecified","source":"OpenStreetMap","name":NaN,"evidence_level":"medium","details":{}}},{"type":"Feature","geometry":{"type":"Point","coordinates":[-6.47546,53.29061]},"properties":{"asset_id":"osm:node/11892920494","kind":"manhole_unspecified","source":"OpenStreetMap","name":NaN,"evidence_level":"medium","details":{}}},{"type":"Feature","geometry":{"type":"Point","coordinates":[-6.47585,53.29038]},"properties":{"asset_id":"osm:node/11892920495","kind":"manhole_unspecified","source":"OpenStreetMap","name":NaN,"evidence_level":"medium","details":{}}},{"type":"Feature","geometry":{"type":"Point","coordinates":[-6.47566,53.29032]},"properties":{"asset_id":"osm:node/11892920496","kind":"manhole_unspecified","source":"OpenStreetMap","name":NaN,"evidence_level":"medium","details":{}}},{"type":"Feature","geometry":{"type":"Point","coordinates":[-6.47549,53.29027]},"properties":{"asset_id":"osm:node/11892920497","kind":"manhole_unspecified","source":"OpenStreetMap","name":NaN,"evidence_level":"medium","details":{}}},{"type":"Feature","geometry":{"type":"Point","coordinates":[-6.47571,53.29102]},"properties":{"asset_id":"osm:node/11892920502","kind":"manhole_unspecified","source":"OpenStreetMap","name":NaN,"evidence_level":"medium","details":{}}},{"type":"Feature","geometry":{"type":"Point","coordinates":[-6.47573,53.29098]},"properties":{"asset_id":"osm:node/11892920503","kind":"manhole_unspecified","source":"OpenStreetMap","name":NaN,"evidence_level":"medium","details":{}}},{"type":"Feature","geometry":{"type":"Point","coordinates":[-6.4758,53.29099]},"properties":{"asset_id":"osm:node/11892920504","kind":"manhole_unspecified","source":"OpenStreetMap","name":NaN,"evidence_level":"medium","details":{}}},{"type":"Feature","geometry":{"type":"Point","coordinates":[-6.47584,53.29099]},"properties":{"asset_id":"osm:node/11892920505","kind":"manhole_unspecified","source":"OpenStreetMap","name":NaN,"evidence_level":"medium","details":{}}},{"type":"Feature","geometry":{"type":"Point","coordinates":[-6.47588,53.29097]},"properties":{"asset_id":"osm:node/11892920506","kind":"manhole_unspecified","source":"OpenStreetMap","name":NaN,"evidence_level":"medium","details":{}}},{"type":"Feature","geometry":{"type":"Point","coordinates":[-6.47584,53.29096]},"properties":{"asset_id":"osm:node/11892920507","kind":"manhole_unspecified","source":"OpenStreetMap","name":NaN,"evidence_level":"medium","details":{}}},{"type":"Feature","geometry":{"type":"Point","coordinates":[-6.47582,53.29094]},"properties":{"asset_id":"osm:node/11892920508","kind":"manhole_unspecified","source":"OpenStreetMap","name":NaN,"evidence_level":"medium","details":{}}},{"type":"Feature","geometry":{"type":"Point","coordinates":[-6.47586,53.29095]},"properties":{"asset_id":"osm:node/11892920509","kind":"manhole_unspecified","source":"OpenStreetMap","name":NaN,"evidence_level":"medium","details":{}}},{"type":"Feature","geometry":{"type":"Point","coordinates":[-6.4753,53.29705]},"properties":{"asset_id":"osm:node/11892920522","kind":"manhole_unspecified","source":"OpenStreetMap","name":NaN,"evidence_level":"medium","details":{}}},{"type":"Feature","geometry":{"type":"Point","coordinates":[-6.47524,53.29704]},"properties":{"asset_id":"osm:node/11892920523","kind":"manhole_unspecified","source":"OpenStreetMap","name":NaN,"evidence_level":"medium","details":{}}},{"type":"Feature","geometry":{"type":"Point","coordinates":[-6.47519,53.29702]},"properties":{"asset_id":"osm:node/11892920524","kind":"manhole_unspecified","source":"OpenStreetMap","name":NaN,"evidence_level":"medium","details":{}}},{"type":"Feature","geometry":{"type":"Point","coordinates":[-6.47195,53.29365]},"properties":{"asset_id":"osm:node/11893019263","kind":"manhole_unspecified","source":"OpenStreetMap","name":NaN,"evidence_level":"medium","details":{}}},{"type":"Feature","geometry":{"type":"Point","coordinates":[-6.48885,53.29496]},"properties":{"asset_id":"osm:node/11893088326","kind":"manhole_unspecified","source":"OpenStreetMap","name":NaN,"evidence_level":"medium","details":{}}},{"type":"Feature","geometry":{"type":"Point","coordinates":[-6.46421,53.29838]},"properties":{"asset_id":"osm:node/11893090642","kind":"manhole_unspecified","source":"OpenStreetMap","name":NaN,"evidence_level":"medium","details":{}}},{"type":"Feature","geometry":{"type":"Point","coordinates":[-6.46432,53.29812]},"properties":{"asset_id":"osm:node/11893090644","kind":"manhole_unspecified","source":"OpenStreetMap","name":NaN,"evidence_level":"medium","details":{}}},{"type":"Feature","geometry":{"type":"Point","coordinates":[-6.46443,53.29755]},"properties":{"asset_id":"osm:node/11893090650","kind":"manhole_unspecified","source":"OpenStreetMap","name":NaN,"evidence_level":"medium","details":{}}},{"type":"Feature","geometry":{"type":"Point","coordinates":[-6.46562,53.29537]},"properties":{"asset_id":"osm:node/11893161958","kind":"manhole_unspecified","source":"OpenStreetMap","name":NaN,"evidence_level":"medium","details":{}}},{"type":"Feature","geometry":{"type":"Point","coordinates":[-6.46542,53.29576]},"properties":{"asset_id":"osm:node/11893161959","kind":"manhole_unspecified","source":"OpenStreetMap","name":NaN,"evidence_level":"medium","details":{}}},{"type":"Feature","geometry":{"type":"Point","coordinates":[-6.4655,53.29558]},"properties":{"asset_id":"osm:node/11893161960","kind":"manhole_unspecified","source":"OpenStreetMap","name":NaN,"evidence_level":"medium","details":{}}},{"type":"Feature","geometry":{"type":"Point","coordinates":[-6.4657,53.2956]},"properties":{"asset_id":"osm:node/11893161962","kind":"manhole_unspecified","source":"OpenStreetMap","name":NaN,"evidence_level":"medium","details":{}}},{"type":"Feature","geometry":{"type":"Point","coordinates":[-6.46572,53.29556]},"properties":{"asset_id":"osm:node/11893161963","kind":"manhole_unspecified","source":"OpenStreetMap","name":NaN,"evidence_level":"medium","details":{}}},{"type":"Feature","geometry":{"type":"Point","coordinates":[-6.46582,53.29541]},"properties":{"asset_id":"osm:node/11893161964","kind":"manhole_unspecified","source":"OpenStreetMap","name":NaN,"evidence_level":"medium","details":{}}},{"type":"Feature","geometry":{"type":"Point","coordinates":[-6.50029,53.29974]},"properties":{"asset_id":"osm:node/11896307009","kind":"manhole_unspecified","source":"OpenStreetMap","name":NaN,"evidence_level":"medium","details":{}}},{"type":"Feature","geometry":{"type":"Point","coordinates":[-6.50014,53.29973]},"properties":{"asset_id":"osm:node/11896307010","kind":"manhole_unspecified","source":"OpenStreetMap","name":NaN,"evidence_level":"medium","details":{}}},{"type":"Feature","geometry":{"type":"Point","coordinates":[-6.50405,53.29998]},"properties":{"asset_id":"osm:node/11896307052","kind":"manhole_unspecified","source":"OpenStreetMap","name":NaN,"evidence_level":"medium","details":{}}},{"type":"Feature","geometry":{"type":"Point","coordinates":[-6.504,53.29995]},"properties":{"asset_id":"osm:node/11896307068","kind":"manhole_unspecified","source":"OpenStreetMap","name":NaN,"evidence_level":"medium","details":{}}},{"type":"Feature","geometry":{"type":"Point","coordinates":[-6.50404,53.29991]},"properties":{"asset_id":"osm:node/11896327969","kind":"manhole_unspecified","source":"OpenStreetMap","name":NaN,"evidence_level":"medium","details":{}}},{"type":"Feature","geometry":{"type":"Point","coordinates":[-6.50012,53.29456]},"properties":{"asset_id":"osm:node/11897747532","kind":"manhole_unspecified","source":"OpenStreetMap","name":NaN,"evidence_level":"medium","details":{}}},{"type":"Feature","geometry":{"type":"Point","coordinates":[-6.49984,53.30169]},"properties":{"asset_id":"osm:node/11897759565","kind":"manhole_unspecified","source":"OpenStreetMap","name":NaN,"evidence_level":"medium","details":{}}},{"type":"Feature","geometry":{"type":"Point","coordinates":[-6.49982,53.30168]},"properties":{"asset_id":"osm:node/11897759566","kind":"manhole_unspecified","source":"OpenStreetMap","name":NaN,"evidence_level":"medium","details":{}}},{"type":"Feature","geometry":{"type":"Point","coordinates":[-6.49976,53.30168]},"properties":{"asset_id":"osm:node/11897759567","kind":"manhole_unspecified","source":"OpenStreetMap","name":NaN,"evidence_level":"medium","details":{}}},{"type":"Feature","geometry":{"type":"Point","coordinates":[-6.49974,53.30171]},"properties":{"asset_id":"osm:node/11897759568","kind":"manhole_unspecified","source":"OpenStreetMap","name":NaN,"evidence_level":"medium","details":{}}},{"type":"Feature","geometry":{"type":"Point","coordinates":[-6.4997,53.30171]},"properties":{"asset_id":"osm:node/11897759569","kind":"manhole_unspecified","source":"OpenStreetMap","name":NaN,"evidence_level":"medium","details":{}}},{"type":"Feature","geometry":{"type":"Point","coordinates":[-6.49977,53.30168]},"properties":{"asset_id":"osm:node/11897759570","kind":"manhole_unspecified","source":"OpenStreetMap","name":NaN,"evidence_level":"medium","details":{}}},{"type":"Feature","geometry":{"type":"Point","coordinates":[-6.49985,53.30164]},"properties":{"asset_id":"osm:node/11897759572","kind":"manhole_unspecified","source":"OpenStreetMap","name":NaN,"evidence_level":"medium","details":{}}},{"type":"Feature","geometry":{"type":"Point","coordinates":[-6.50062,53.29455]},"properties":{"asset_id":"osm:node/11897759577","kind":"manhole_unspecified","source":"OpenStreetMap","name":NaN,"evidence_level":"medium","details":{}}},{"type":"Feature","geometry":{"type":"Point","coordinates":[-6.50049,53.29417]},"properties":{"asset_id":"osm:node/11897759578","kind":"manhole_unspecified","source":"OpenStreetMap","name":NaN,"evidence_level":"medium","details":{}}},{"type":"Feature","geometry":{"type":"Point","coordinates":[-6.49882,53.29384]},"properties":{"asset_id":"osm:node/11897759579","kind":"manhole_unspecified","source":"OpenStreetMap","name":NaN,"evidence_level":"medium","details":{}}},{"type":"Feature","geometry":{"type":"Point","coordinates":[-6.49905,53.2944]},"properties":{"asset_id":"osm:node/11897759580","kind":"manhole_unspecified","source":"OpenStreetMap","name":NaN,"evidence_level":"medium","details":{}}},{"type":"Feature","geometry":{"type":"Point","coordinates":[-6.49902,53.29437]},"properties":{"asset_id":"osm:node/11897759581","kind":"manhole_unspecified","source":"OpenStreetMap","name":NaN,"evidence_level":"medium","details":{}}},{"type":"Feature","geometry":{"type":"Point","coordinates":[-6.49563,53.29675]},"properties":{"asset_id":"osm:node/11898339712","kind":"manhole_unspecified","source":"OpenStreetMap","name":NaN,"evidence_level":"medium","details":{}}},{"type":"Feature","geometry":{"type":"Point","coordinates":[-6.50086,53.30199]},"properties":{"asset_id":"osm:node/11898754716","kind":"manhole_unspecified","source":"OpenStreetMap","name":NaN,"evidence_level":"medium","details":{}}},{"type":"Feature","geometry":{"type":"Point","coordinates":[-6.50108,53.3019]},"properties":{"asset_id":"osm:node/11898754717","kind":"manhole_unspecified","source":"OpenStreetMap","name":NaN,"evidence_level":"medium","details":{}}},{"type":"Feature","geometry":{"type":"Point","coordinates":[-6.50101,53.30194]},"properties":{"asset_id":"osm:node/11898754718","kind":"manhole_unspecified","source":"OpenStreetMap","name":NaN,"evidence_level":"medium","details":{}}},{"type":"Feature","geometry":{"type":"Point","coordinates":[-6.50113,53.30193]},"properties":{"asset_id":"osm:node/11898754719","kind":"manhole_unspecified","source":"OpenStreetMap","name":NaN,"evidence_level":"medium","details":{}}},{"type":"Feature","geometry":{"type":"Point","coordinates":[-6.50115,53.30189]},"properties":{"asset_id":"osm:node/11898754720","kind":"manhole_unspecified","source":"OpenStreetMap","name":NaN,"evidence_level":"medium","details":{}}},{"type":"Feature","geometry":{"type":"Point","coordinates":[-6.50136,53.30192]},"properties":{"asset_id":"osm:node/11898754721","kind":"manhole_unspecified","source":"OpenStreetMap","name":NaN,"evidence_level":"medium","details":{}}},{"type":"Feature","geometry":{"type":"Point","coordinates":[-6.50133,53.30192]},"properties":{"asset_id":"osm:node/11898754722","kind":"manhole_unspecified","source":"OpenStreetMap","name":NaN,"evidence_level":"medium","details":{}}},{"type":"Feature","geometry":{"type":"Point","coordinates":[-6.49044,53.29843]},"properties":{"asset_id":"osm:node/11898788599","kind":"manhole_unspecified","source":"OpenStreetMap","name":NaN,"evidence_level":"medium","details":{}}},{"type":"Feature","geometry":{"type":"Point","coordinates":[-6.49037,53.29841]},"properties":{"asset_id":"osm:node/11898788600","kind":"manhole_unspecified","source":"OpenStreetMap","name":NaN,"evidence_level":"medium","details":{}}},{"type":"Feature","geometry":{"type":"Point","coordinates":[-6.49026,53.29828]},"properties":{"asset_id":"osm:node/11898788601","kind":"manhole_unspecified","source":"OpenStreetMap","name":NaN,"evidence_level":"medium","details":{}}},{"type":"Feature","geometry":{"type":"Point","coordinates":[-6.49214,53.29544]},"properties":{"asset_id":"osm:node/11899242344","kind":"manhole_unspecified","source":"OpenStreetMap","name":NaN,"evidence_level":"medium","details":{}}},{"type":"Feature","geometry":{"type":"Point","coordinates":[-6.49193,53.29563]},"properties":{"asset_id":"osm:node/11899242405","kind":"manhole_unspecified","source":"OpenStreetMap","name":NaN,"evidence_level":"medium","details":{}}},{"type":"Feature","geometry":{"type":"Point","coordinates":[-6.49195,53.29562]},"properties":{"asset_id":"osm:node/11899242406","kind":"manhole_unspecified","source":"OpenStreetMap","name":NaN,"evidence_level":"medium","details":{}}},{"type":"Feature","geometry":{"type":"Point","coordinates":[-6.49196,53.2956]},"properties":{"asset_id":"osm:node/11899242407","kind":"manhole_unspecified","source":"OpenStreetMap","name":NaN,"evidence_level":"medium","details":{}}},{"type":"Feature","geometry":{"type":"Point","coordinates":[-6.49198,53.29561]},"properties":{"asset_id":"osm:node/11899242408","kind":"manhole_unspecified","source":"OpenStreetMap","name":NaN,"evidence_level":"medium","details":{}}},{"type":"Feature","geometry":{"type":"Point","coordinates":[-6.49083,53.29544]},"properties":{"asset_id":"osm:node/11899748992","kind":"manhole_unspecified","source":"OpenStreetMap","name":NaN,"evidence_level":"medium","details":{}}},{"type":"Feature","geometry":{"type":"Point","coordinates":[-6.504,53.29891]},"properties":{"asset_id":"osm:node/11903779855","kind":"manhole_unspecified","source":"OpenStreetMap","name":NaN,"evidence_level":"medium","details":{}}},{"type":"Feature","geometry":{"type":"Point","coordinates":[-6.50398,53.29901]},"properties":{"asset_id":"osm:node/11903779856","kind":"manhole_unspecified","source":"OpenStreetMap","name":NaN,"evidence_level":"medium","details":{}}},{"type":"Feature","geometry":{"type":"Point","coordinates":[-6.5039,53.299]},"properties":{"asset_id":"osm:node/11903779857","kind":"manhole_unspecified","source":"OpenStreetMap","name":NaN,"evidence_level":"medium","details":{}}},{"type":"Feature","geometry":{"type":"Point","coordinates":[-6.50397,53.29893]},"properties":{"asset_id":"osm:node/11903779858","kind":"manhole_unspecified","source":"OpenStreetMap","name":NaN,"evidence_level":"medium","details":{}}},{"type":"Feature","geometry":{"type":"Point","coordinates":[-6.50497,53.29884]},"properties":{"asset_id":"osm:node/11903779859","kind":"manhole_unspecified","source":"OpenStreetMap","name":NaN,"evidence_level":"medium","details":{}}},{"type":"Feature","geometry":{"type":"Point","coordinates":[-6.50533,53.29889]},"properties":{"asset_id":"osm:node/11903779860","kind":"manhole_unspecified","source":"OpenStreetMap","name":NaN,"evidence_level":"medium","details":{}}},{"type":"Feature","geometry":{"type":"Point","coordinates":[-6.50513,53.29891]},"properties":{"asset_id":"osm:node/11903779861","kind":"manhole_unspecified","source":"OpenStreetMap","name":NaN,"evidence_level":"medium","details":{}}},{"type":"Feature","geometry":{"type":"Point","coordinates":[-6.50507,53.29892]},"properties":{"asset_id":"osm:node/11903779862","kind":"manhole_unspecified","source":"OpenStreetMap","name":NaN,"evidence_level":"medium","details":{}}},{"type":"Feature","geometry":{"type":"Point","coordinates":[-6.50493,53.29893]},"properties":{"asset_id":"osm:node/11903779863","kind":"manhole_unspecified","source":"OpenStreetMap","name":NaN,"evidence_level":"medium","details":{}}},{"type":"Feature","geometry":{"type":"Point","coordinates":[-6.50504,53.29894]},"properties":{"asset_id":"osm:node/11903779864","kind":"manhole_unspecified","source":"OpenStreetMap","name":NaN,"evidence_level":"medium","details":{}}},{"type":"Feature","geometry":{"type":"Point","coordinates":[-6.50501,53.29894]},"properties":{"asset_id":"osm:node/11903779865","kind":"manhole_unspecified","source":"OpenStreetMap","name":NaN,"evidence_level":"medium","details":{}}},{"type":"Feature","geometry":{"type":"Point","coordinates":[-6.50485,53.29894]},"properties":{"asset_id":"osm:node/11903779866","kind":"manhole_unspecified","source":"OpenStreetMap","name":NaN,"evidence_level":"medium","details":{}}},{"type":"Feature","geometry":{"type":"Point","coordinates":[-6.50482,53.29895]},"properties":{"asset_id":"osm:node/11903779867","kind":"manhole_unspecified","source":"OpenStreetMap","name":NaN,"evidence_level":"medium","details":{}}},{"type":"Feature","geometry":{"type":"Point","coordinates":[-6.50521,53.29893]},"properties":{"asset_id":"osm:node/11903779868","kind":"manhole_unspecified","source":"OpenStreetMap","name":NaN,"evidence_level":"medium","details":{}}},{"type":"Feature","geometry":{"type":"Point","coordinates":[-6.50519,53.29893]},"properties":{"asset_id":"osm:node/11903795969","kind":"manhole_unspecified","source":"OpenStreetMap","name":NaN,"evidence_level":"medium","details":{}}},{"type":"Feature","geometry":{"type":"Point","coordinates":[-6.50467,53.29896]},"properties":{"asset_id":"osm:node/11903795970","kind":"manhole_unspecified","source":"OpenStreetMap","name":NaN,"evidence_level":"medium","details":{}}},{"type":"Feature","geometry":{"type":"Point","coordinates":[-6.50463,53.29896]},"properties":{"asset_id":"osm:node/11903795971","kind":"manhole_unspecified","source":"OpenStreetMap","name":NaN,"evidence_level":"medium","details":{}}},{"type":"Feature","geometry":{"type":"Point","coordinates":[-6.50448,53.29897]},"properties":{"asset_id":"osm:node/11903795972","kind":"manhole_unspecified","source":"OpenStreetMap","name":NaN,"evidence_level":"medium","details":{}}},{"type":"Feature","geometry":{"type":"Point","coordinates":[-6.50445,53.29897]},"properties":{"asset_id":"osm:node/11903795973","kind":"manhole_unspecified","source":"OpenStreetMap","name":NaN,"evidence_level":"medium","details":{}}},{"type":"Feature","geometry":{"type":"Point","coordinates":[-6.50437,53.29897]},"properties":{"asset_id":"osm:node/11903795974","kind":"manhole_unspecified","source":"OpenStreetMap","name":NaN,"evidence_level":"medium","details":{}}},{"type":"Feature","geometry":{"type":"Point","coordinates":[-6.5043,53.29899]},"properties":{"asset_id":"osm:node/11903795975","kind":"manhole_unspecified","source":"OpenStreetMap","name":NaN,"evidence_level":"medium","details":{}}},{"type":"Feature","geometry":{"type":"Point","coordinates":[-6.50427,53.29899]},"properties":{"asset_id":"osm:node/11903795976","kind":"manhole_unspecified","source":"OpenStreetMap","name":NaN,"evidence_level":"medium","details":{}}},{"type":"Feature","geometry":{"type":"Point","coordinates":[-6.50432,53.29897]},"properties":{"asset_id":"osm:node/11903795977","kind":"manhole_unspecified","source":"OpenStreetMap","name":NaN,"evidence_level":"medium","details":{}}},{"type":"Feature","geometry":{"type":"Point","coordinates":[-6.50424,53.29899]},"properties":{"asset_id":"osm:node/11903795978","kind":"manhole_unspecified","source":"OpenStreetMap","name":NaN,"evidence_level":"medium","details":{}}},{"type":"Feature","geometry":{"type":"Point","coordinates":[-6.50412,53.29901]},"properties":{"asset_id":"osm:node/11903795979","kind":"manhole_unspecified","source":"OpenStreetMap","name":NaN,"evidence_level":"medium","details":{}}},{"type":"Feature","geometry":{"type":"Point","coordinates":[-6.50408,53.29901]},"properties":{"asset_id":"osm:node/11903795980","kind":"manhole_unspecified","source":"OpenStreetMap","name":NaN,"evidence_level":"medium","details":{}}},{"type":"Feature","geometry":{"type":"Point","coordinates":[-6.50394,53.29913]},"properties":{"asset_id":"osm:node/11903795981","kind":"manhole_unspecified","source":"OpenStreetMap","name":NaN,"evidence_level":"medium","details":{}}},{"type":"Feature","geometry":{"type":"Point","coordinates":[-6.50402,53.29939]},"properties":{"asset_id":"osm:node/11903795982","kind":"manhole_unspecified","source":"OpenStreetMap","name":NaN,"evidence_level":"medium","details":{}}},{"type":"Feature","geometry":{"type":"Point","coordinates":[-6.50403,53.29945]},"properties":{"asset_id":"osm:node/11903795983","kind":"manhole_unspecified","source":"OpenStreetMap","name":NaN,"evidence_level":"medium","details":{}}},{"type":"Feature","geometry":{"type":"Point","coordinates":[-6.50403,53.29959]},"properties":{"asset_id":"osm:node/11903795984","kind":"manhole_unspecified","source":"OpenStreetMap","name":NaN,"evidence_level":"medium","details":{}}},{"type":"Feature","geometry":{"type":"Point","coordinates":[-6.50403,53.29974]},"properties":{"asset_id":"osm:node/11903795985","kind":"manhole_unspecified","source":"OpenStreetMap","name":NaN,"evidence_level":"medium","details":{}}},{"type":"Feature","geometry":{"type":"Point","coordinates":[-6.50409,53.29984]},"properties":{"asset_id":"osm:node/11903795986","kind":"hydrant","source":"OpenStreetMap","name":NaN,"evidence_level":"high","details":{"fire_hydrant:type":"underground","water_source":"main"}}},{"type":"Feature","geometry":{"type":"Point","coordinates":[-6.5041,53.29987]},"properties":{"asset_id":"osm:node/11903795987","kind":"manhole_unspecified","source":"OpenStreetMap","name":NaN,"evidence_level":"medium","details":{}}},{"type":"Feature","geometry":{"type":"Point","coordinates":[-6.27057,53.31731]},"properties":{"asset_id":"osm:node/11906541593","kind":"manhole_unspecified","source":"OpenStreetMap","name":NaN,"evidence_level":"medium","details":{}}},{"type":"Feature","geometry":{"type":"Point","coordinates":[-6.2705,53.31731]},"properties":{"asset_id":"osm:node/11906541594","kind":"manhole_unspecified","source":"OpenStreetMap","name":NaN,"evidence_level":"medium","details":{}}},{"type":"Feature","geometry":{"type":"Point","coordinates":[-6.2704,53.31713]},"properties":{"asset_id":"osm:node/11906541595","kind":"manhole_unspecified","source":"OpenStreetMap","name":NaN,"evidence_level":"medium","details":{}}},{"type":"Feature","geometry":{"type":"Point","coordinates":[-6.27061,53.31716]},"properties":{"asset_id":"osm:node/11906541596","kind":"manhole_unspecified","source":"OpenStreetMap","name":NaN,"evidence_level":"medium","details":{}}},{"type":"Feature","geometry":{"type":"Point","coordinates":[-6.27059,53.31718]},"properties":{"asset_id":"osm:node/11906541597","kind":"manhole_unspecified","source":"OpenStreetMap","name":NaN,"evidence_level":"medium","details":{}}},{"type":"Feature","geometry":{"type":"Point","coordinates":[-6.2706,53.31719]},"properties":{"asset_id":"osm:node/11906541598","kind":"manhole_unspecified","source":"OpenStreetMap","name":NaN,"evidence_level":"medium","details":{}}},{"type":"Feature","geometry":{"type":"Point","coordinates":[-6.24359,53.45396]},"properties":{"asset_id":"osm:node/11906720725","kind":"drinking_fountain","source":"OpenStreetMap","name":NaN,"evidence_level":"medium","details":{}}},{"type":"Feature","geometry":{"type":"Point","coordinates":[-6.24351,53.45526]},"properties":{"asset_id":"osm:node/11906748411","kind":"drinking_fountain","source":"OpenStreetMap","name":NaN,"evidence_level":"medium","details":{}}},{"type":"Feature","geometry":{"type":"Point","coordinates":[-6.50152,53.2999]},"properties":{"asset_id":"osm:node/11910330528","kind":"water_well","source":"OpenStreetMap","name":NaN,"evidence_level":NaN,"details":{}}},{"type":"Feature","geometry":{"type":"Point","coordinates":[-6.50086,53.30165]},"properties":{"asset_id":"osm:node/11910330567","kind":"manhole_unspecified","source":"OpenStreetMap","name":NaN,"evidence_level":"medium","details":{}}},{"type":"Feature","geometry":{"type":"Point","coordinates":[-6.50085,53.30165]},"properties":{"asset_id":"osm:node/11910330568","kind":"manhole_unspecified","source":"OpenStreetMap","name":NaN,"evidence_level":"medium","details":{}}},{"type":"Feature","geometry":{"type":"Point","coordinates":[-6.21235,53.29633]},"properties":{"asset_id":"osm:node/11928720841","kind":"hydrant","source":"OpenStreetMap","name":NaN,"evidence_level":"high","details":{"fire_hydrant:type":"underground"}}},{"type":"Feature","geometry":{"type":"Point","coordinates":[-6.4899,53.29525]},"properties":{"asset_id":"osm:node/11933035503","kind":"manhole_unspecified","source":"OpenStreetMap","name":NaN,"evidence_level":"medium","details":{}}},{"type":"Feature","geometry":{"type":"Point","coordinates":[-6.49193,53.29583]},"properties":{"asset_id":"osm:node/11933035516","kind":"manhole_unspecified","source":"OpenStreetMap","name":NaN,"evidence_level":"medium","details":{}}},{"type":"Feature","geometry":{"type":"Point","coordinates":[-6.49194,53.29582]},"properties":{"asset_id":"osm:node/11933035517","kind":"manhole_unspecified","source":"OpenStreetMap","name":NaN,"evidence_level":"medium","details":{}}},{"type":"Feature","geometry":{"type":"Point","coordinates":[-6.49197,53.29589]},"properties":{"asset_id":"osm:node/11933035518","kind":"manhole_unspecified","source":"OpenStreetMap","name":NaN,"evidence_level":"medium","details":{}}},{"type":"Feature","geometry":{"type":"Point","coordinates":[-6.492,53.29589]},"properties":{"asset_id":"osm:node/11933035519","kind":"manhole_unspecified","source":"OpenStreetMap","name":NaN,"evidence_level":"medium","details":{}}},{"type":"Feature","geometry":{"type":"Point","coordinates":[-6.49179,53.29537]},"properties":{"asset_id":"osm:node/11933035527","kind":"manhole_unspecified","source":"OpenStreetMap","name":NaN,"evidence_level":"medium","details":{}}},{"type":"Feature","geometry":{"type":"Point","coordinates":[-6.49176,53.29539]},"properties":{"asset_id":"osm:node/11933035528","kind":"manhole_unspecified","source":"OpenStreetMap","name":NaN,"evidence_level":"medium","details":{}}},{"type":"Feature","geometry":{"type":"Point","coordinates":[-6.49181,53.29536]},"properties":{"asset_id":"osm:node/11933035529","kind":"manhole_unspecified","source":"OpenStreetMap","name":NaN,"evidence_level":"medium","details":{}}},{"type":"Feature","geometry":{"type":"Point","coordinates":[-6.49189,53.2953]},"properties":{"asset_id":"osm:node/11933035530","kind":"manhole_unspecified","source":"OpenStreetMap","name":NaN,"evidence_level":"medium","details":{}}},{"type":"Feature","geometry":{"type":"Point","coordinates":[-6.49192,53.29529]},"properties":{"asset_id":"osm:node/11933035531","kind":"manhole_unspecified","source":"OpenStreetMap","name":NaN,"evidence_level":"medium","details":{}}},{"type":"Feature","geometry":{"type":"Point","coordinates":[-6.49181,53.29525]},"properties":{"asset_id":"osm:node/11933035532","kind":"manhole_unspecified","source":"OpenStreetMap","name":NaN,"evidence_level":"medium","details":{}}},{"type":"Feature","geometry":{"type":"Point","coordinates":[-6.49189,53.29531]},"properties":{"asset_id":"osm:node/11933035533","kind":"manhole_unspecified","source":"OpenStreetMap","name":NaN,"evidence_level":"medium","details":{}}},{"type":"Feature","geometry":{"type":"Point","coordinates":[-6.49183,53.29555]},"properties":{"asset_id":"osm:node/11933035549","kind":"manhole_unspecified","source":"OpenStreetMap","name":NaN,"evidence_level":"medium","details":{}}},{"type":"Feature","geometry":{"type":"Point","coordinates":[-6.49186,53.29552]},"properties":{"asset_id":"osm:node/11933035550","kind":"manhole_unspecified","source":"OpenStreetMap","name":NaN,"evidence_level":"medium","details":{}}},{"type":"Feature","geometry":{"type":"Point","coordinates":[-6.49188,53.29554]},"properties":{"asset_id":"osm:node/11933035551","kind":"manhole_unspecified","source":"OpenStreetMap","name":NaN,"evidence_level":"medium","details":{}}},{"type":"Feature","geometry":{"type":"Point","coordinates":[-6.49187,53.29552]},"properties":{"asset_id":"osm:node/11933035552","kind":"manhole_unspecified","source":"OpenStreetMap","name":NaN,"evidence_level":"medium","details":{}}},{"type":"Feature","geometry":{"type":"Point","coordinates":[-6.49359,53.29717]},"properties":{"asset_id":"osm:node/11933092705","kind":"hydrant","source":"OpenStreetMap","name":NaN,"evidence_level":"high","details":{"fire_hydrant:type":"underground","water_source":"main"}}},{"type":"Feature","geometry":{"type":"Point","coordinates":[-6.49348,53.29715]},"properties":{"asset_id":"osm:node/11933092706","kind":"manhole_unspecified","source":"OpenStreetMap","name":NaN,"evidence_level":"medium","details":{}}},{"type":"Feature","geometry":{"type":"Point","coordinates":[-6.49383,53.29846]},"properties":{"asset_id":"osm:node/11933762698","kind":"manhole_unspecified","source":"OpenStreetMap","name":NaN,"evidence_level":"medium","details":{}}},{"type":"Feature","geometry":{"type":"Point","coordinates":[-6.49376,53.29836]},"properties":{"asset_id":"osm:node/11933762699","kind":"manhole_unspecified","source":"OpenStreetMap","name":NaN,"evidence_level":"medium","details":{}}},{"type":"Feature","geometry":{"type":"Point","coordinates":[-6.4948,53.2988]},"properties":{"asset_id":"osm:node/11933762710","kind":"manhole_unspecified","source":"OpenStreetMap","name":NaN,"evidence_level":"medium","details":{}}},{"type":"Feature","geometry":{"type":"Point","coordinates":[-6.49679,53.29954]},"properties":{"asset_id":"osm:node/11933762720","kind":"manhole_unspecified","source":"OpenStreetMap","name":NaN,"evidence_level":"medium","details":{}}},{"type":"Feature","geometry":{"type":"Point","coordinates":[-6.49677,53.29953]},"properties":{"asset_id":"osm:node/11933762721","kind":"manhole_unspecified","source":"OpenStreetMap","name":NaN,"evidence_level":"medium","details":{}}},{"type":"Feature","geometry":{"type":"Point","coordinates":[-6.49674,53.29949]},"properties":{"asset_id":"osm:node/11933762722","kind":"manhole_unspecified","source":"OpenStreetMap","name":NaN,"evidence_level":"medium","details":{}}},{"type":"Feature","geometry":{"type":"Point","coordinates":[-6.50089,53.29988]},"properties":{"asset_id":"osm:node/11933762767","kind":"manhole_unspecified","source":"OpenStreetMap","name":NaN,"evidence_level":"medium","details":{}}},{"type":"Feature","geometry":{"type":"Point","coordinates":[-6.49988,53.29615]},"properties":{"asset_id":"osm:node/11935487155","kind":"manhole_unspecified","source":"OpenStreetMap","name":NaN,"evidence_level":"medium","details":{}}},{"type":"Feature","geometry":{"type":"Point","coordinates":[-6.49869,53.29628]},"properties":{"asset_id":"osm:node/11935487157","kind":"manhole_unspecified","source":"OpenStreetMap","name":NaN,"evidence_level":"medium","details":{}}},{"type":"Feature","geometry":{"type":"Point","coordinates":[-6.49866,53.29632]},"properties":{"asset_id":"osm:node/11935487159","kind":"manhole_unspecified","source":"OpenStreetMap","name":NaN,"evidence_level":"medium","details":{}}},{"type":"Feature","geometry":{"type":"Point","coordinates":[-6.49866,53.2963]},"properties":{"asset_id":"osm:node/11935487160","kind":"manhole_unspecified","source":"OpenStreetMap","name":NaN,"evidence_level":"medium","details":{}}},{"type":"Feature","geometry":{"type":"Point","coordinates":[-6.49864,53.29628]},"properties":{"asset_id":"osm:node/11935487161","kind":"manhole_unspecified","source":"OpenStreetMap","name":NaN,"evidence_level":"medium","details":{}}},{"type":"Feature","geometry":{"type":"Point","coordinates":[-6.4986,53.29634]},"properties":{"asset_id":"osm:node/11935487162","kind":"manhole_unspecified","source":"OpenStreetMap","name":NaN,"evidence_level":"medium","details":{}}},{"type":"Feature","geometry":{"type":"Point","coordinates":[-6.4986,53.29633]},"properties":{"asset_id":"osm:node/11935487163","kind":"manhole_unspecified","source":"OpenStreetMap","name":NaN,"evidence_level":"medium","details":{}}},{"type":"Feature","geometry":{"type":"Point","coordinates":[-6.49864,53.29624]},"properties":{"asset_id":"osm:node/11935487165","kind":"manhole_unspecified","source":"OpenStreetMap","name":NaN,"evidence_level":"medium","details":{}}},{"type":"Feature","geometry":{"type":"Point","coordinates":[-6.49865,53.29624]},"properties":{"asset_id":"osm:node/11935487166","kind":"manhole_unspecified","source":"OpenStreetMap","name":NaN,"evidence_level":"medium","details":{}}},{"type":"Feature","geometry":{"type":"Point","coordinates":[-6.49867,53.2962]},"properties":{"asset_id":"osm:node/11935487167","kind":"manhole_unspecified","source":"OpenStreetMap","name":NaN,"evidence_level":"medium","details":{}}},{"type":"Feature","geometry":{"type":"Point","coordinates":[-6.49866,53.29619]},"properties":{"asset_id":"osm:node/11935487168","kind":"manhole_unspecified","source":"OpenStreetMap","name":NaN,"evidence_level":"medium","details":{}}},{"type":"Feature","geometry":{"type":"Point","coordinates":[-6.49621,53.29651]},"properties":{"asset_id":"osm:node/11935496530","kind":"manhole_unspecified","source":"OpenStreetMap","name":NaN,"evidence_level":"medium","details":{}}},{"type":"Feature","geometry":{"type":"Point","coordinates":[-6.49593,53.29634]},"properties":{"asset_id":"osm:node/11935496534","kind":"manhole_unspecified","source":"OpenStreetMap","name":NaN,"evidence_level":"medium","details":{}}},{"type":"Feature","geometry":{"type":"Point","coordinates":[-6.49587,53.29631]},"properties":{"asset_id":"osm:node/11935496535","kind":"manhole_unspecified","source":"OpenStreetMap","name":NaN,"evidence_level":"medium","details":{}}},{"type":"Feature","geometry":{"type":"Point","coordinates":[-6.49593,53.29633]},"properties":{"asset_id":"osm:node/11935496536","kind":"manhole_unspecified","source":"OpenStreetMap","name":NaN,"evidence_level":"medium","details":{}}},{"type":"Feature","geometry":{"type":"Point","coordinates":[-6.49596,53.29633]},"properties":{"asset_id":"osm:node/11935496537","kind":"manhole_unspecified","source":"OpenStreetMap","name":NaN,"evidence_level":"medium","details":{}}},{"type":"Feature","geometry":{"type":"Point","coordinates":[-6.49587,53.29625]},"properties":{"asset_id":"osm:node/11935496538","kind":"manhole_unspecified","source":"OpenStreetMap","name":NaN,"evidence_level":"medium","details":{}}},{"type":"Feature","geometry":{"type":"Point","coordinates":[-6.49583,53.29623]},"properties":{"asset_id":"osm:node/11935496539","kind":"manhole_unspecified","source":"OpenStreetMap","name":NaN,"evidence_level":"medium","details":{}}},{"type":"Feature","geometry":{"type":"Point","coordinates":[-6.49547,53.296]},"properties":{"asset_id":"osm:node/11935496540","kind":"manhole_unspecified","source":"OpenStreetMap","name":NaN,"evidence_level":"medium","details":{}}},{"type":"Feature","geometry":{"type":"Point","coordinates":[-6.49544,53.29597]},"properties":{"asset_id":"osm:node/11935496541","kind":"manhole_unspecified","source":"OpenStreetMap","name":NaN,"evidence_level":"medium","details":{}}},{"type":"Feature","geometry":{"type":"Point","coordinates":[-6.49534,53.2959]},"properties":{"asset_id":"osm:node/11935496542","kind":"manhole_unspecified","source":"OpenStreetMap","name":NaN,"evidence_level":"medium","details":{}}},{"type":"Feature","geometry":{"type":"Point","coordinates":[-6.49539,53.2959]},"properties":{"asset_id":"osm:node/11935496543","kind":"manhole_unspecified","source":"OpenStreetMap","name":NaN,"evidence_level":"medium","details":{}}},{"type":"Feature","geometry":{"type":"Point","coordinates":[-6.49548,53.29579]},"properties":{"asset_id":"osm:node/11935496544","kind":"manhole_unspecified","source":"OpenStreetMap","name":NaN,"evidence_level":"medium","details":{}}},{"type":"Feature","geometry":{"type":"Point","coordinates":[-6.49553,53.29577]},"properties":{"asset_id":"osm:node/11935496545","kind":"manhole_unspecified","source":"OpenStreetMap","name":NaN,"evidence_level":"medium","details":{}}},{"type":"Feature","geometry":{"type":"Point","coordinates":[-6.4959,53.29801]},"properties":{"asset_id":"osm:node/11935496546","kind":"manhole_unspecified","source":"OpenStreetMap","name":NaN,"evidence_level":"medium","details":{}}},{"type":"Feature","geometry":{"type":"Point","coordinates":[-6.49592,53.29801]},"properties":{"asset_id":"osm:node/11935496547","kind":"manhole_unspecified","source":"OpenStreetMap","name":NaN,"evidence_level":"medium","details":{}}},{"type":"Feature","geometry":{"type":"Point","coordinates":[-6.49612,53.298]},"properties":{"asset_id":"osm:node/11935496548","kind":"manhole_unspecified","source":"OpenStreetMap","name":NaN,"evidence_level":"medium","details":{}}},{"type":"Feature","geometry":{"type":"Point","coordinates":[-6.49614,53.29805]},"properties":{"asset_id":"osm:node/11935496549","kind":"manhole_unspecified","source":"OpenStreetMap","name":NaN,"evidence_level":"medium","details":{}}},{"type":"Feature","geometry":{"type":"Point","coordinates":[-6.49585,53.2981]},"properties":{"asset_id":"osm:node/11935496550","kind":"manhole_unspecified","source":"OpenStreetMap","name":NaN,"evidence_level":"medium","details":{}}},{"type":"Feature","geometry":{"type":"Point","coordinates":[-6.49587,53.2981]},"properties":{"asset_id":"osm:node/11935496551","kind":"manhole_unspecified","source":"OpenStreetMap","name":NaN,"evidence_level":"medium","details":{}}},{"type":"Feature","geometry":{"type":"Point","coordinates":[-6.49593,53.29812]},"properties":{"asset_id":"osm:node/11935496552","kind":"manhole_unspecified","source":"OpenStreetMap","name":NaN,"evidence_level":"medium","details":{}}},{"type":"Feature","geometry":{"type":"Point","coordinates":[-6.49607,53.29814]},"properties":{"asset_id":"osm:node/11935496553","kind":"manhole_unspecified","source":"OpenStreetMap","name":NaN,"evidence_level":"medium","details":{}}},{"type":"Feature","geometry":{"type":"Point","coordinates":[-6.4961,53.29814]},"properties":{"asset_id":"osm:node/11935496554","kind":"manhole_unspecified","source":"OpenStreetMap","name":NaN,"evidence_level":"medium","details":{}}},{"type":"Feature","geometry":{"type":"Point","coordinates":[-6.49625,53.29818]},"properties":{"asset_id":"osm:node/11935496555","kind":"manhole_unspecified","source":"OpenStreetMap","name":NaN,"evidence_level":"medium","details":{}}},{"type":"Feature","geometry":{"type":"Point","coordinates":[-6.49645,53.29821]},"properties":{"asset_id":"osm:node/11935496556","kind":"manhole_unspecified","source":"OpenStreetMap","name":NaN,"evidence_level":"medium","details":{}}},{"type":"Feature","geometry":{"type":"Point","coordinates":[-6.49653,53.29819]},"properties":{"asset_id":"osm:node/11935496557","kind":"manhole_unspecified","source":"OpenStreetMap","name":NaN,"evidence_level":"medium","details":{}}},{"type":"Feature","geometry":{"type":"Point","coordinates":[-6.4964,53.29817]},"properties":{"asset_id":"osm:node/11935496558","kind":"manhole_unspecified","source":"OpenStreetMap","name":NaN,"evidence_level":"medium","details":{}}},{"type":"Feature","geometry":{"type":"Point","coordinates":[-6.49726,53.29826]},"properties":{"asset_id":"osm:node/11935496560","kind":"manhole_unspecified","source":"OpenStreetMap","name":NaN,"evidence_level":"medium","details":{}}},{"type":"Feature","geometry":{"type":"Point","coordinates":[-6.49727,53.29825]},"properties":{"asset_id":"osm:node/11935496561","kind":"manhole_unspecified","source":"OpenStreetMap","name":NaN,"evidence_level":"medium","details":{}}},{"type":"Feature","geometry":{"type":"Point","coordinates":[-6.49723,53.2983]},"properties":{"asset_id":"osm:node/11935496562","kind":"manhole_unspecified","source":"OpenStreetMap","name":NaN,"evidence_level":"medium","details":{}}},{"type":"Feature","geometry":{"type":"Point","coordinates":[-6.49723,53.29829]},"properties":{"asset_id":"osm:node/11935496563","kind":"manhole_unspecified","source":"OpenStreetMap","name":NaN,"evidence_level":"medium","details":{}}},{"type":"Feature","geometry":{"type":"Point","coordinates":[-6.49721,53.29829]},"properties":{"asset_id":"osm:node/11935496564","kind":"manhole_unspecified","source":"OpenStreetMap","name":NaN,"evidence_level":"medium","details":{}}},{"type":"Feature","geometry":{"type":"Point","coordinates":[-6.49716,53.29828]},"properties":{"asset_id":"osm:node/11935496565","kind":"manhole_unspecified","source":"OpenStreetMap","name":NaN,"evidence_level":"medium","details":{}}},{"type":"Feature","geometry":{"type":"Point","coordinates":[-6.49706,53.29828]},"properties":{"asset_id":"osm:node/11935496566","kind":"manhole_unspecified","source":"OpenStreetMap","name":NaN,"evidence_level":"medium","details":{}}},{"type":"Feature","geometry":{"type":"Point","coordinates":[-6.49704,53.29827]},"properties":{"asset_id":"osm:node/11935496567","kind":"manhole_unspecified","source":"OpenStreetMap","name":NaN,"evidence_level":"medium","details":{}}},{"type":"Feature","geometry":{"type":"Point","coordinates":[-6.4971,53.29816]},"properties":{"asset_id":"osm:node/11935496568","kind":"manhole_unspecified","source":"OpenStreetMap","name":NaN,"evidence_level":"medium","details":{}}},{"type":"Feature","geometry":{"type":"Point","coordinates":[-6.49868,53.29619]},"properties":{"asset_id":"osm:node/11935531669","kind":"manhole_unspecified","source":"OpenStreetMap","name":NaN,"evidence_level":"medium","details":{}}},{"type":"Feature","geometry":{"type":"Point","coordinates":[-6.49869,53.2962]},"properties":{"asset_id":"osm:node/11935531670","kind":"manhole_unspecified","source":"OpenStreetMap","name":NaN,"evidence_level":"medium","details":{}}},{"type":"Feature","geometry":{"type":"Point","coordinates":[-6.49871,53.2962]},"properties":{"asset_id":"osm:node/11935531671","kind":"manhole_unspecified","source":"OpenStreetMap","name":NaN,"evidence_level":"medium","details":{}}},{"type":"Feature","geometry":{"type":"Point","coordinates":[-6.49902,53.29567]},"properties":{"asset_id":"osm:node/11935531675","kind":"manhole_unspecified","source":"OpenStreetMap","name":NaN,"evidence_level":"medium","details":{}}},{"type":"Feature","geometry":{"type":"Point","coordinates":[-6.49899,53.29565]},"properties":{"asset_id":"osm:node/11935531676","kind":"manhole_unspecified","source":"OpenStreetMap","name":NaN,"evidence_level":"medium","details":{}}},{"type":"Feature","geometry":{"type":"Point","coordinates":[-6.4991,53.29567]},"properties":{"asset_id":"osm:node/11935531677","kind":"manhole_unspecified","source":"OpenStreetMap","name":NaN,"evidence_level":"medium","details":{}}},{"type":"Feature","geometry":{"type":"Point","coordinates":[-6.49904,53.29567]},"properties":{"asset_id":"osm:node/11935531678","kind":"manhole_unspecified","source":"OpenStreetMap","name":NaN,"evidence_level":"medium","details":{}}},{"type":"Feature","geometry":{"type":"Point","coordinates":[-6.49917,53.2957]},"properties":{"asset_id":"osm:node/11935531679","kind":"manhole_unspecified","source":"OpenStreetMap","name":NaN,"evidence_level":"medium","details":{}}},{"type":"Feature","geometry":{"type":"Point","coordinates":[-6.49916,53.29569]},"properties":{"asset_id":"osm:node/11935531680","kind":"manhole_unspecified","source":"OpenStreetMap","name":NaN,"evidence_level":"medium","details":{}}},{"type":"Feature","geometry":{"type":"Point","coordinates":[-6.49921,53.2957]},"properties":{"asset_id":"osm:node/11935531681","kind":"manhole_unspecified","source":"OpenStreetMap","name":NaN,"evidence_level":"medium","details":{}}},{"type":"Feature","geometry":{"type":"Point","coordinates":[-6.49923,53.2957]},"properties":{"asset_id":"osm:node/11935531682","kind":"manhole_unspecified","source":"OpenStreetMap","name":NaN,"evidence_level":"medium","details":{}}},{"type":"Feature","geometry":{"type":"Point","coordinates":[-6.49929,53.29571]},"properties":{"asset_id":"osm:node/11935531683","kind":"manhole_unspecified","source":"OpenStreetMap","name":NaN,"evidence_level":"medium","details":{}}},{"type":"Feature","geometry":{"type":"Point","coordinates":[-6.49941,53.29573]},"properties":{"asset_id":"osm:node/11935531684","kind":"manhole_unspecified","source":"OpenStreetMap","name":NaN,"evidence_level":"medium","details":{}}},{"type":"Feature","geometry":{"type":"Point","coordinates":[-6.49936,53.29573]},"properties":{"asset_id":"osm:node/11935531685","kind":"manhole_unspecified","source":"OpenStreetMap","name":NaN,"evidence_level":"medium","details":{}}},{"type":"Feature","geometry":{"type":"Point","coordinates":[-6.49935,53.29572]},"properties":{"asset_id":"osm:node/11935531686","kind":"manhole_unspecified","source":"OpenStreetMap","name":NaN,"evidence_level":"medium","details":{}}},{"type":"Feature","geometry":{"type":"Point","coordinates":[-6.49942,53.29573]},"properties":{"asset_id":"osm:node/11935531687","kind":"manhole_unspecified","source":"OpenStreetMap","name":NaN,"evidence_level":"medium","details":{}}},{"type":"Feature","geometry":{"type":"Point","coordinates":[-6.49939,53.29572]},"properties":{"asset_id":"osm:node/11935531688","kind":"manhole_unspecified","source":"OpenStreetMap","name":NaN,"evidence_level":"medium","details":{}}},{"type":"Feature","geometry":{"type":"Point","coordinates":[-6.49952,53.29575]},"properties":{"asset_id":"osm:node/11935531689","kind":"manhole_unspecified","source":"OpenStreetMap","name":NaN,"evidence_level":"medium","details":{}}},{"type":"Feature","geometry":{"type":"Point","coordinates":[-6.49951,53.29575]},"properties":{"asset_id":"osm:node/11935531690","kind":"manhole_unspecified","source":"OpenStreetMap","name":NaN,"evidence_level":"medium","details":{}}},{"type":"Feature","geometry":{"type":"Point","coordinates":[-6.49955,53.29575]},"properties":{"asset_id":"osm:node/11935531691","kind":"manhole_unspecified","source":"OpenStreetMap","name":NaN,"evidence_level":"medium","details":{}}},{"type":"Feature","geometry":{"type":"Point","coordinates":[-6.49962,53.29576]},"properties":{"asset_id":"osm:node/11935531692","kind":"manhole_unspecified","source":"OpenStreetMap","name":NaN,"evidence_level":"medium","details":{}}},{"type":"Feature","geometry":{"type":"Point","coordinates":[-6.49973,53.29579]},"properties":{"asset_id":"osm:node/11935531693","kind":"manhole_unspecified","source":"OpenStreetMap","name":NaN,"evidence_level":"medium","details":{}}},{"type":"Feature","geometry":{"type":"Point","coordinates":[-6.49968,53.29578]},"properties":{"asset_id":"osm:node/11935531694","kind":"manhole_unspecified","source":"OpenStreetMap","name":NaN,"evidence_level":"medium","details":{}}},{"type":"Feature","geometry":{"type":"Point","coordinates":[-6.49967,53.29578]},"properties":{"asset_id":"osm:node/11935531695","kind":"manhole_unspecified","source":"OpenStreetMap","name":NaN,"evidence_level":"medium","details":{}}},{"type":"Feature","geometry":{"type":"Point","coordinates":[-6.49974,53.29579]},"properties":{"asset_id":"osm:node/11935531696","kind":"manhole_unspecified","source":"OpenStreetMap","name":NaN,"evidence_level":"medium","details":{}}},{"type":"Feature","geometry":{"type":"Point","coordinates":[-6.49979,53.29579]},"properties":{"asset_id":"osm:node/11935531697","kind":"manhole_unspecified","source":"OpenStreetMap","name":NaN,"evidence_level":"medium","details":{}}},{"type":"Feature","geometry":{"type":"Point","coordinates":[-6.49985,53.29581]},"properties":{"asset_id":"osm:node/11935531698","kind":"manhole_unspecified","source":"OpenStreetMap","name":NaN,"evidence_level":"medium","details":{}}},{"type":"Feature","geometry":{"type":"Point","coordinates":[-6.49987,53.29581]},"properties":{"asset_id":"osm:node/11935531699","kind":"manhole_unspecified","source":"OpenStreetMap","name":NaN,"evidence_level":"medium","details":{}}},{"type":"Feature","geometry":{"type":"Point","coordinates":[-6.5,53.29584]},"properties":{"asset_id":"osm:node/11935531700","kind":"manhole_unspecified","source":"OpenStreetMap","name":NaN,"evidence_level":"medium","details":{}}},{"type":"Feature","geometry":{"type":"Point","coordinates":[-6.49997,53.29583]},"properties":{"asset_id":"osm:node/11935531701","kind":"manhole_unspecified","source":"OpenStreetMap","name":NaN,"evidence_level":"medium","details":{}}},{"type":"Feature","geometry":{"type":"Point","coordinates":[-6.50003,53.29583]},"properties":{"asset_id":"osm:node/11935531702","kind":"manhole_unspecified","source":"OpenStreetMap","name":NaN,"evidence_level":"medium","details":{}}},{"type":"Feature","geometry":{"type":"Point","coordinates":[-6.50005,53.29583]},"properties":{"asset_id":"osm:node/11935531703","kind":"manhole_unspecified","source":"OpenStreetMap","name":NaN,"evidence_level":"medium","details":{}}},{"type":"Feature","geometry":{"type":"Point","coordinates":[-6.49999,53.29588]},"properties":{"asset_id":"osm:node/11935531704","kind":"manhole_unspecified","source":"OpenStreetMap","name":NaN,"evidence_level":"medium","details":{}}},{"type":"Feature","geometry":{"type":"Point","coordinates":[-6.5,53.29587]},"properties":{"asset_id":"osm:node/11935531705","kind":"manhole_unspecified","source":"OpenStreetMap","name":NaN,"evidence_level":"medium","details":{}}},{"type":"Feature","geometry":{"type":"Point","coordinates":[-6.49998,53.29586]},"properties":{"asset_id":"osm:node/11935531706","kind":"manhole_unspecified","source":"OpenStreetMap","name":NaN,"evidence_level":"medium","details":{}}},{"type":"Feature","geometry":{"type":"Point","coordinates":[-6.49995,53.29594]},"properties":{"asset_id":"osm:node/11935531707","kind":"manhole_unspecified","source":"OpenStreetMap","name":NaN,"evidence_level":"medium","details":{}}},{"type":"Feature","geometry":{"type":"Point","coordinates":[-6.49995,53.29597]},"properties":{"asset_id":"osm:node/11935531708","kind":"manhole_unspecified","source":"OpenStreetMap","name":NaN,"evidence_level":"medium","details":{}}},{"type":"Feature","geometry":{"type":"Point","coordinates":[-6.49993,53.29602]},"properties":{"asset_id":"osm:node/11935531709","kind":"manhole_unspecified","source":"OpenStreetMap","name":NaN,"evidence_level":"medium","details":{}}},{"type":"Feature","geometry":{"type":"Point","coordinates":[-6.49993,53.29601]},"properties":{"asset_id":"osm:node/11935531710","kind":"manhole_unspecified","source":"OpenStreetMap","name":NaN,"evidence_level":"medium","details":{}}},{"type":"Feature","geometry":{"type":"Point","coordinates":[-6.49994,53.29598]},"properties":{"asset_id":"osm:node/11935531711","kind":"manhole_unspecified","source":"OpenStreetMap","name":NaN,"evidence_level":"medium","details":{}}},{"type":"Feature","geometry":{"type":"Point","coordinates":[-6.49985,53.29607]},"properties":{"asset_id":"osm:node/11935531712","kind":"manhole_unspecified","source":"OpenStreetMap","name":NaN,"evidence_level":"medium","details":{}}},{"type":"Feature","geometry":{"type":"Point","coordinates":[-6.49983,53.29604]},"properties":{"asset_id":"osm:node/11935531713","kind":"manhole_unspecified","source":"OpenStreetMap","name":NaN,"evidence_level":"medium","details":{}}},{"type":"Feature","geometry":{"type":"Point","coordinates":[-6.49759,53.29893]},"properties":{"asset_id":"osm:node/11935531714","kind":"manhole_unspecified","source":"OpenStreetMap","name":NaN,"evidence_level":"medium","details":{}}},{"type":"Feature","geometry":{"type":"Point","coordinates":[-6.49806,53.29886]},"properties":{"asset_id":"osm:node/11935531715","kind":"manhole_unspecified","source":"OpenStreetMap","name":NaN,"evidence_level":"medium","details":{}}},{"type":"Feature","geometry":{"type":"Point","coordinates":[-6.49858,53.29651]},"properties":{"asset_id":"osm:node/11935531719","kind":"manhole_unspecified","source":"OpenStreetMap","name":NaN,"evidence_level":"medium","details":{}}},{"type":"Feature","geometry":{"type":"Point","coordinates":[-6.4985,53.29658]},"properties":{"asset_id":"osm:node/11935531720","kind":"manhole_unspecified","source":"OpenStreetMap","name":NaN,"evidence_level":"medium","details":{}}},{"type":"Feature","geometry":{"type":"Point","coordinates":[-6.49763,53.29836]},"properties":{"asset_id":"osm:node/11935531722","kind":"manhole_unspecified","source":"OpenStreetMap","name":NaN,"evidence_level":"medium","details":{}}},{"type":"Feature","geometry":{"type":"Point","coordinates":[-6.49781,53.29844]},"properties":{"asset_id":"osm:node/11935531723","kind":"manhole_unspecified","source":"OpenStreetMap","name":NaN,"evidence_level":"medium","details":{}}},{"type":"Feature","geometry":{"type":"Point","coordinates":[-6.49932,53.29739]},"properties":{"asset_id":"osm:node/11935531741","kind":"manhole_unspecified","source":"OpenStreetMap","name":NaN,"evidence_level":"medium","details":{}}},{"type":"Feature","geometry":{"type":"Point","coordinates":[-6.49766,53.29804]},"properties":{"asset_id":"osm:node/11935531744","kind":"manhole_unspecified","source":"OpenStreetMap","name":NaN,"evidence_level":"medium","details":{}}},{"type":"Feature","geometry":{"type":"Point","coordinates":[-6.49634,53.29642]},"properties":{"asset_id":"osm:node/11935531752","kind":"manhole_unspecified","source":"OpenStreetMap","name":NaN,"evidence_level":"medium","details":{}}},{"type":"Feature","geometry":{"type":"Point","coordinates":[-6.49632,53.29641]},"properties":{"asset_id":"osm:node/11935531753","kind":"manhole_unspecified","source":"OpenStreetMap","name":NaN,"evidence_level":"medium","details":{}}},{"type":"Feature","geometry":{"type":"Point","coordinates":[-6.49629,53.29635]},"properties":{"asset_id":"osm:node/11935531754","kind":"manhole_unspecified","source":"OpenStreetMap","name":NaN,"evidence_level":"medium","details":{}}},{"type":"Feature","geometry":{"type":"Point","coordinates":[-6.49633,53.29633]},"properties":{"asset_id":"osm:node/11935531755","kind":"manhole_unspecified","source":"OpenStreetMap","name":NaN,"evidence_level":"medium","details":{}}},{"type":"Feature","geometry":{"type":"Point","coordinates":[-6.49635,53.29642]},"properties":{"asset_id":"osm:node/11935531759","kind":"manhole_unspecified","source":"OpenStreetMap","name":NaN,"evidence_level":"medium","details":{}}},{"type":"Feature","geometry":{"type":"Point","coordinates":[-6.4967,53.29651]},"properties":{"asset_id":"osm:node/11935531784","kind":"manhole_unspecified","source":"OpenStreetMap","name":NaN,"evidence_level":"medium","details":{}}},{"type":"Feature","geometry":{"type":"Point","coordinates":[-6.49683,53.29654]},"properties":{"asset_id":"osm:node/11935531786","kind":"manhole_unspecified","source":"OpenStreetMap","name":NaN,"evidence_level":"medium","details":{}}},{"type":"Feature","geometry":{"type":"Point","coordinates":[-6.49699,53.29819]},"properties":{"asset_id":"osm:node/11935548269","kind":"manhole_unspecified","source":"OpenStreetMap","name":NaN,"evidence_level":"medium","details":{}}},{"type":"Feature","geometry":{"type":"Point","coordinates":[-6.49733,53.29814]},"properties":{"asset_id":"osm:node/11935548270","kind":"manhole_unspecified","source":"OpenStreetMap","name":NaN,"evidence_level":"medium","details":{}}},{"type":"Feature","geometry":{"type":"Point","coordinates":[-6.49733,53.29812]},"properties":{"asset_id":"osm:node/11935548271","kind":"manhole_unspecified","source":"OpenStreetMap","name":NaN,"evidence_level":"medium","details":{}}},{"type":"Feature","geometry":{"type":"Point","coordinates":[-6.49727,53.29775]},"properties":{"asset_id":"osm:node/11935548272","kind":"manhole_unspecified","source":"OpenStreetMap","name":NaN,"evidence_level":"medium","details":{}}},{"type":"Feature","geometry":{"type":"Point","coordinates":[-6.50065,53.29636]},"properties":{"asset_id":"osm:node/11935548273","kind":"manhole_unspecified","source":"OpenStreetMap","name":NaN,"evidence_level":"medium","details":{}}},{"type":"Feature","geometry":{"type":"Point","coordinates":[-6.5004,53.29632]},"properties":{"asset_id":"osm:node/11935548274","kind":"manhole_unspecified","source":"OpenStreetMap","name":NaN,"evidence_level":"medium","details":{}}},{"type":"Feature","geometry":{"type":"Point","coordinates":[-6.50035,53.29631]},"properties":{"asset_id":"osm:node/11935548275","kind":"manhole_unspecified","source":"OpenStreetMap","name":NaN,"evidence_level":"medium","details":{}}},{"type":"Feature","geometry":{"type":"Point","coordinates":[-6.5,53.29629]},"properties":{"asset_id":"osm:node/11935548276","kind":"manhole_unspecified","source":"OpenStreetMap","name":NaN,"evidence_level":"medium","details":{}}},{"type":"Feature","geometry":{"type":"Point","coordinates":[-6.49962,53.29633]},"properties":{"asset_id":"osm:node/11935548277","kind":"manhole_unspecified","source":"OpenStreetMap","name":NaN,"evidence_level":"medium","details":{}}},{"type":"Feature","geometry":{"type":"Point","coordinates":[-6.49965,53.29633]},"properties":{"asset_id":"osm:node/11935548278","kind":"manhole_unspecified","source":"OpenStreetMap","name":NaN,"evidence_level":"medium","details":{}}},{"type":"Feature","geometry":{"type":"Point","coordinates":[-6.49967,53.2963]},"properties":{"asset_id":"osm:node/11935548279","kind":"manhole_unspecified","source":"OpenStreetMap","name":NaN,"evidence_level":"medium","details":{}}},{"type":"Feature","geometry":{"type":"Point","coordinates":[-6.49968,53.29628]},"properties":{"asset_id":"osm:node/11935548280","kind":"manhole_unspecified","source":"OpenStreetMap","name":NaN,"evidence_level":"medium","details":{}}},{"type":"Feature","geometry":{"type":"Point","coordinates":[-6.50063,53.29605]},"properties":{"asset_id":"osm:node/11935548281","kind":"manhole_unspecified","source":"OpenStreetMap","name":NaN,"evidence_level":"medium","details":{}}},{"type":"Feature","geometry":{"type":"Point","coordinates":[-6.5007,53.29586]},"properties":{"asset_id":"osm:node/11935548282","kind":"manhole_unspecified","source":"OpenStreetMap","name":NaN,"evidence_level":"medium","details":{}}},{"type":"Feature","geometry":{"type":"Point","coordinates":[-6.22081,53.29618]},"properties":{"asset_id":"osm:node/11941532996","kind":"hydrant","source":"OpenStreetMap","name":NaN,"evidence_level":"high","details":{"fire_hydrant:type":"underground"}}},{"type":"Feature","geometry":{"type":"Point","coordinates":[-6.21987,53.30458]},"properties":{"asset_id":"osm:node/11948558014","kind":"drinking_fountain","source":"OpenStreetMap","name":NaN,"evidence_level":"medium","details":{}}},{"type":"Feature","geometry":{"type":"Point","coordinates":[-6.22264,53.30924]},"properties":{"asset_id":"osm:node/11948558015","kind":"drinking_fountain","source":"OpenStreetMap","name":NaN,"evidence_level":"medium","details":{}}},{"type":"Feature","geometry":{"type":"Point","coordinates":[-6.22447,53.30775]},"properties":{"asset_id":"osm:node/11948558016","kind":"drinking_fountain","source":"OpenStreetMap","name":NaN,"evidence_level":"medium","details":{}}},{"type":"Feature","geometry":{"type":"Point","coordinates":[-6.22371,53.30929]},"properties":{"asset_id":"osm:node/11948558017","kind":"drinking_fountain","source":"OpenStreetMap","name":NaN,"evidence_level":"medium","details":{}}},{"type":"Feature","geometry":{"type":"Point","coordinates":[-6.22427,53.30826]},"properties":{"asset_id":"osm:node/11948558018","kind":"drinking_fountain","source":"OpenStreetMap","name":NaN,"evidence_level":"medium","details":{}}},{"type":"Feature","geometry":{"type":"Point","coordinates":[-6.22429,53.30827]},"properties":{"asset_id":"osm:node/11948558019","kind":"drinking_fountain","source":"OpenStreetMap","name":NaN,"evidence_level":"medium","details":{}}},{"type":"Feature","geometry":{"type":"Point","coordinates":[-6.22386,53.30927]},"properties":{"asset_id":"osm:node/11948558020","kind":"drinking_fountain","source":"OpenStreetMap","name":NaN,"evidence_level":"medium","details":{}}},{"type":"Feature","geometry":{"type":"Point","coordinates":[-6.2289,53.30809]},"properties":{"asset_id":"osm:node/11948558021","kind":"drinking_fountain","source":"OpenStreetMap","name":NaN,"evidence_level":"medium","details":{}}},{"type":"Feature","geometry":{"type":"Point","coordinates":[-6.35128,53.30296]},"properties":{"asset_id":"osm:node/11949195048","kind":"hydrant","source":"OpenStreetMap","name":NaN,"evidence_level":"high","details":{"fire_hydrant:type":"underground","water_source":"main"}}},{"type":"Feature","geometry":{"type":"Point","coordinates":[-6.50375,53.30002]},"properties":{"asset_id":"osm:node/11950748238","kind":"manhole_unspecified","source":"OpenStreetMap","name":NaN,"evidence_level":"medium","details":{}}},{"type":"Feature","geometry":{"type":"Point","coordinates":[-6.50511,53.29891]},"properties":{"asset_id":"osm:node/11950782084","kind":"manhole_unspecified","source":"OpenStreetMap","name":NaN,"evidence_level":"medium","details":{}}},{"type":"Feature","geometry":{"type":"Point","coordinates":[-6.50282,53.30002]},"properties":{"asset_id":"osm:node/11950782085","kind":"manhole_unspecified","source":"OpenStreetMap","name":NaN,"evidence_level":"medium","details":{}}},{"type":"Feature","geometry":{"type":"Point","coordinates":[-6.50254,53.30002]},"properties":{"asset_id":"osm:node/11950782087","kind":"manhole_unspecified","source":"OpenStreetMap","name":NaN,"evidence_level":"medium","details":{}}},{"type":"Feature","geometry":{"type":"Point","coordinates":[-6.50253,53.30004]},"properties":{"asset_id":"osm:node/11950782088","kind":"manhole_unspecified","source":"OpenStreetMap","name":NaN,"evidence_level":"medium","details":{}}},{"type":"Feature","geometry":{"type":"Point","coordinates":[-6.5025,53.30014]},"properties":{"asset_id":"osm:node/11950782089","kind":"manhole_unspecified","source":"OpenStreetMap","name":NaN,"evidence_level":"medium","details":{}}},{"type":"Feature","geometry":{"type":"Point","coordinates":[-6.50238,53.30035]},"properties":{"asset_id":"osm:node/11950782103","kind":"manhole_unspecified","source":"OpenStreetMap","name":NaN,"evidence_level":"medium","details":{}}},{"type":"Feature","geometry":{"type":"Point","coordinates":[-6.50267,53.30059]},"properties":{"asset_id":"osm:node/11950782104","kind":"manhole_unspecified","source":"OpenStreetMap","name":NaN,"evidence_level":"medium","details":{}}},{"type":"Feature","geometry":{"type":"Point","coordinates":[-6.50253,53.30059]},"properties":{"asset_id":"osm:node/11950782105","kind":"manhole_unspecified","source":"OpenStreetMap","name":NaN,"evidence_level":"medium","details":{}}},{"type":"Feature","geometry":{"type":"Point","coordinates":[-6.50257,53.30058]},"properties":{"asset_id":"osm:node/11950782106","kind":"manhole_unspecified","source":"OpenStreetMap","name":NaN,"evidence_level":"medium","details":{}}},{"type":"Feature","geometry":{"type":"Point","coordinates":[-6.50212,53.30056]},"properties":{"asset_id":"osm:node/11950782108","kind":"manhole_unspecified","source":"OpenStreetMap","name":NaN,"evidence_level":"medium","details":{}}},{"type":"Feature","geometry":{"type":"Point","coordinates":[-6.50203,53.30057]},"properties":{"asset_id":"osm:node/11950782110","kind":"manhole_unspecified","source":"OpenStreetMap","name":NaN,"evidence_level":"medium","details":{}}},{"type":"Feature","geometry":{"type":"Point","coordinates":[-6.5018,53.30046]},"properties":{"asset_id":"osm:node/11950782111","kind":"manhole_unspecified","source":"OpenStreetMap","name":NaN,"evidence_level":"medium","details":{}}},{"type":"Feature","geometry":{"type":"Point","coordinates":[-6.50182,53.30045]},"properties":{"asset_id":"osm:node/11950782112","kind":"manhole_unspecified","source":"OpenStreetMap","name":NaN,"evidence_level":"medium","details":{}}},{"type":"Feature","geometry":{"type":"Point","coordinates":[-6.50208,53.30043]},"properties":{"asset_id":"osm:node/11950782113","kind":"manhole_unspecified","source":"OpenStreetMap","name":NaN,"evidence_level":"medium","details":{}}},{"type":"Feature","geometry":{"type":"Point","coordinates":[-6.50209,53.30045]},"properties":{"asset_id":"osm:node/11950782114","kind":"manhole_unspecified","source":"OpenStreetMap","name":NaN,"evidence_level":"medium","details":{}}},{"type":"Feature","geometry":{"type":"Point","coordinates":[-6.50209,53.30044]},"properties":{"asset_id":"osm:node/11950782115","kind":"manhole_unspecified","source":"OpenStreetMap","name":NaN,"evidence_level":"medium","details":{}}},{"type":"Feature","geometry":{"type":"Point","coordinates":[-6.50209,53.30038]},"properties":{"asset_id":"osm:node/11950782116","kind":"manhole_unspecified","source":"OpenStreetMap","name":NaN,"evidence_level":"medium","details":{}}},{"type":"Feature","geometry":{"type":"Point","coordinates":[-6.50211,53.30024]},"properties":{"asset_id":"osm:node/11950782117","kind":"manhole_unspecified","source":"OpenStreetMap","name":NaN,"evidence_level":"medium","details":{}}},{"type":"Feature","geometry":{"type":"Point","coordinates":[-6.50214,53.30016]},"properties":{"asset_id":"osm:node/11950782119","kind":"manhole_unspecified","source":"OpenStreetMap","name":NaN,"evidence_level":"medium","details":{}}},{"type":"Feature","geometry":{"type":"Point","coordinates":[-6.50215,53.30009]},"properties":{"asset_id":"osm:node/11950782120","kind":"manhole_unspecified","source":"OpenStreetMap","name":NaN,"evidence_level":"medium","details":{}}},{"type":"Feature","geometry":{"type":"Point","coordinates":[-6.50218,53.3]},"properties":{"asset_id":"osm:node/11950782121","kind":"manhole_unspecified","source":"OpenStreetMap","name":NaN,"evidence_level":"medium","details":{}}},{"type":"Feature","geometry":{"type":"Point","coordinates":[-6.50217,53.29997]},"properties":{"asset_id":"osm:node/11950782122","kind":"manhole_unspecified","source":"OpenStreetMap","name":NaN,"evidence_level":"medium","details":{}}},{"type":"Feature","geometry":{"type":"Point","coordinates":[-6.50219,53.29996]},"properties":{"asset_id":"osm:node/11950782123","kind":"manhole_unspecified","source":"OpenStreetMap","name":NaN,"evidence_level":"medium","details":{}}},{"type":"Feature","geometry":{"type":"Point","coordinates":[-6.50177,53.29994]},"properties":{"asset_id":"osm:node/11950782125","kind":"manhole_unspecified","source":"OpenStreetMap","name":NaN,"evidence_level":"medium","details":{}}},{"type":"Feature","geometry":{"type":"Point","coordinates":[-6.50178,53.29993]},"properties":{"asset_id":"osm:node/11950782126","kind":"manhole_unspecified","source":"OpenStreetMap","name":NaN,"evidence_level":"medium","details":{}}},{"type":"Feature","geometry":{"type":"Point","coordinates":[-6.50176,53.2999]},"properties":{"asset_id":"osm:node/11950782127","kind":"manhole_unspecified","source":"OpenStreetMap","name":NaN,"evidence_level":"medium","details":{}}},{"type":"Feature","geometry":{"type":"Point","coordinates":[-6.50262,53.30231]},"properties":{"asset_id":"osm:node/11950843354","kind":"manhole_unspecified","source":"OpenStreetMap","name":NaN,"evidence_level":"medium","details":{}}},{"type":"Feature","geometry":{"type":"Point","coordinates":[-6.50256,53.30232]},"properties":{"asset_id":"osm:node/11950843355","kind":"manhole_unspecified","source":"OpenStreetMap","name":NaN,"evidence_level":"medium","details":{}}},{"type":"Feature","geometry":{"type":"Point","coordinates":[-6.50254,53.30235]},"properties":{"asset_id":"osm:node/11950843356","kind":"manhole_unspecified","source":"OpenStreetMap","name":NaN,"evidence_level":"medium","details":{}}},{"type":"Feature","geometry":{"type":"Point","coordinates":[-6.50261,53.30241]},"properties":{"asset_id":"osm:node/11950843360","kind":"manhole_unspecified","source":"OpenStreetMap","name":NaN,"evidence_level":"medium","details":{}}},{"type":"Feature","geometry":{"type":"Point","coordinates":[-6.50261,53.3024]},"properties":{"asset_id":"osm:node/11950843361","kind":"manhole_unspecified","source":"OpenStreetMap","name":NaN,"evidence_level":"medium","details":{}}},{"type":"Feature","geometry":{"type":"Point","coordinates":[-6.5026,53.30247]},"properties":{"asset_id":"osm:node/11950843362","kind":"manhole_unspecified","source":"OpenStreetMap","name":NaN,"evidence_level":"medium","details":{}}},{"type":"Feature","geometry":{"type":"Point","coordinates":[-6.50251,53.30219]},"properties":{"asset_id":"osm:node/11950843363","kind":"manhole_unspecified","source":"OpenStreetMap","name":NaN,"evidence_level":"medium","details":{}}},{"type":"Feature","geometry":{"type":"Point","coordinates":[-6.5025,53.3023]},"properties":{"asset_id":"osm:node/11950843364","kind":"manhole_unspecified","source":"OpenStreetMap","name":NaN,"evidence_level":"medium","details":{}}},{"type":"Feature","geometry":{"type":"Point","coordinates":[-6.5025,53.30205]},"properties":{"asset_id":"osm:node/11950843365","kind":"manhole_unspecified","source":"OpenStreetMap","name":NaN,"evidence_level":"medium","details":{}}},{"type":"Feature","geometry":{"type":"Point","coordinates":[-6.50249,53.30202]},"properties":{"asset_id":"osm:node/11950843366","kind":"manhole_unspecified","source":"OpenStreetMap","name":NaN,"evidence_level":"medium","details":{}}},{"type":"Feature","geometry":{"type":"Point","coordinates":[-6.50249,53.30201]},"properties":{"asset_id":"osm:node/11950843367","kind":"manhole_unspecified","source":"OpenStreetMap","name":NaN,"evidence_level":"medium","details":{}}},{"type":"Feature","geometry":{"type":"Point","coordinates":[-6.50262,53.30202]},"properties":{"asset_id":"osm:node/11950843368","kind":"manhole_unspecified","source":"OpenStreetMap","name":NaN,"evidence_level":"medium","details":{}}},{"type":"Feature","geometry":{"type":"Point","coordinates":[-6.50263,53.30201]},"properties":{"asset_id":"osm:node/11950857069","kind":"manhole_unspecified","source":"OpenStreetMap","name":NaN,"evidence_level":"medium","details":{}}},{"type":"Feature","geometry":{"type":"Point","coordinates":[-6.50274,53.30198]},"properties":{"asset_id":"osm:node/11950857071","kind":"manhole_unspecified","source":"OpenStreetMap","name":NaN,"evidence_level":"medium","details":{}}},{"type":"Feature","geometry":{"type":"Point","coordinates":[-6.502,53.302]},"properties":{"asset_id":"osm:node/11950857072","kind":"manhole_unspecified","source":"OpenStreetMap","name":NaN,"evidence_level":"medium","details":{}}},{"type":"Feature","geometry":{"type":"Point","coordinates":[-6.50202,53.30199]},"properties":{"asset_id":"osm:node/11950857073","kind":"manhole_unspecified","source":"OpenStreetMap","name":NaN,"evidence_level":"medium","details":{}}},{"type":"Feature","geometry":{"type":"Point","coordinates":[-6.50193,53.30193]},"properties":{"asset_id":"osm:node/11950857074","kind":"manhole_unspecified","source":"OpenStreetMap","name":NaN,"evidence_level":"medium","details":{}}},{"type":"Feature","geometry":{"type":"Point","coordinates":[-6.50195,53.30192]},"properties":{"asset_id":"osm:node/11950857075","kind":"manhole_unspecified","source":"OpenStreetMap","name":NaN,"evidence_level":"medium","details":{}}},{"type":"Feature","geometry":{"type":"Point","coordinates":[-6.50175,53.30202]},"properties":{"asset_id":"osm:node/11950857076","kind":"manhole_unspecified","source":"OpenStreetMap","name":NaN,"evidence_level":"medium","details":{}}},{"type":"Feature","geometry":{"type":"Point","coordinates":[-6.50171,53.30204]},"properties":{"asset_id":"osm:node/11950857077","kind":"manhole_unspecified","source":"OpenStreetMap","name":NaN,"evidence_level":"medium","details":{}}},{"type":"Feature","geometry":{"type":"Point","coordinates":[-6.50165,53.30233]},"properties":{"asset_id":"osm:node/11950857080","kind":"manhole_unspecified","source":"OpenStreetMap","name":NaN,"evidence_level":"medium","details":{}}},{"type":"Feature","geometry":{"type":"Point","coordinates":[-6.50164,53.30239]},"properties":{"asset_id":"osm:node/11950857081","kind":"manhole_unspecified","source":"OpenStreetMap","name":NaN,"evidence_level":"medium","details":{}}},{"type":"Feature","geometry":{"type":"Point","coordinates":[-6.50204,53.30118]},"properties":{"asset_id":"osm:node/11950857084","kind":"manhole_unspecified","source":"OpenStreetMap","name":NaN,"evidence_level":"medium","details":{}}},{"type":"Feature","geometry":{"type":"Point","coordinates":[-6.50204,53.30115]},"properties":{"asset_id":"osm:node/11950857085","kind":"manhole_unspecified","source":"OpenStreetMap","name":NaN,"evidence_level":"medium","details":{}}},{"type":"Feature","geometry":{"type":"Point","coordinates":[-6.50217,53.30122]},"properties":{"asset_id":"osm:node/11950857086","kind":"manhole_unspecified","source":"OpenStreetMap","name":NaN,"evidence_level":"medium","details":{}}},{"type":"Feature","geometry":{"type":"Point","coordinates":[-6.50257,53.30117]},"properties":{"asset_id":"osm:node/11950857104","kind":"manhole_unspecified","source":"OpenStreetMap","name":NaN,"evidence_level":"medium","details":{}}},{"type":"Feature","geometry":{"type":"Point","coordinates":[-6.54072,53.16955]},"properties":{"asset_id":"osm:node/11951597623","kind":"manhole_unknown","source":"OpenStreetMap","name":NaN,"evidence_level":"medium","details":{"manhole":"unknown","material":"metal"}}},{"type":"Feature","geometry":{"type":"Point","coordinates":[-6.49442,53.29291]},"properties":{"asset_id":"osm:node/11951630813","kind":"manhole_unspecified","source":"OpenStreetMap","name":NaN,"evidence_level":"medium","details":{}}},{"type":"Feature","geometry":{"type":"Point","coordinates":[-6.49444,53.29293]},"properties":{"asset_id":"osm:node/11951630879","kind":"manhole_unspecified","source":"OpenStreetMap","name":NaN,"evidence_level":"medium","details":{}}},{"type":"Feature","geometry":{"type":"Point","coordinates":[-6.49452,53.29308]},"properties":{"asset_id":"osm:node/11951630880","kind":"manhole_unspecified","source":"OpenStreetMap","name":NaN,"evidence_level":"medium","details":{}}},{"type":"Feature","geometry":{"type":"Point","coordinates":[-6.49457,53.29311]},"properties":{"asset_id":"osm:node/11951630881","kind":"manhole_unspecified","source":"OpenStreetMap","name":NaN,"evidence_level":"medium","details":{}}},{"type":"Feature","geometry":{"type":"Point","coordinates":[-6.49388,53.29246]},"properties":{"asset_id":"osm:node/11951630882","kind":"manhole_unspecified","source":"OpenStreetMap","name":NaN,"evidence_level":"medium","details":{}}},{"type":"Feature","geometry":{"type":"Point","coordinates":[-6.49397,53.29244]},"properties":{"asset_id":"osm:node/11951630883","kind":"manhole_unspecified","source":"OpenStreetMap","name":NaN,"evidence_level":"medium","details":{}}},{"type":"Feature","geometry":{"type":"Point","coordinates":[-6.49354,53.29242]},"properties":{"asset_id":"osm:node/11951630884","kind":"manhole_unspecified","source":"OpenStreetMap","name":NaN,"evidence_level":"medium","details":{}}},{"type":"Feature","geometry":{"type":"Point","coordinates":[-6.49422,53.29258]},"properties":{"asset_id":"osm:node/11951630885","kind":"manhole_unspecified","source":"OpenStreetMap","name":NaN,"evidence_level":"medium","details":{}}},{"type":"Feature","geometry":{"type":"Point","coordinates":[-6.4943,53.29259]},"properties":{"asset_id":"osm:node/11951630886","kind":"manhole_unspecified","source":"OpenStreetMap","name":NaN,"evidence_level":"medium","details":{}}},{"type":"Feature","geometry":{"type":"Point","coordinates":[-6.49453,53.29283]},"properties":{"asset_id":"osm:node/11951630887","kind":"manhole_unspecified","source":"OpenStreetMap","name":NaN,"evidence_level":"medium","details":{}}},{"type":"Feature","geometry":{"type":"Point","coordinates":[-6.49446,53.29282]},"properties":{"asset_id":"osm:node/11951630888","kind":"manhole_unspecified","source":"OpenStreetMap","name":NaN,"evidence_level":"medium","details":{}}},{"type":"Feature","geometry":{"type":"Point","coordinates":[-6.49443,53.29348]},"properties":{"asset_id":"osm:node/11951630889","kind":"manhole_unspecified","source":"OpenStreetMap","name":NaN,"evidence_level":"medium","details":{}}},{"type":"Feature","geometry":{"type":"Point","coordinates":[-6.49431,53.29391]},"properties":{"asset_id":"osm:node/11951630890","kind":"manhole_unspecified","source":"OpenStreetMap","name":NaN,"evidence_level":"medium","details":{}}},{"type":"Feature","geometry":{"type":"Point","coordinates":[-6.49425,53.29387]},"properties":{"asset_id":"osm:node/11951630891","kind":"manhole_unspecified","source":"OpenStreetMap","name":NaN,"evidence_level":"medium","details":{}}},{"type":"Feature","geometry":{"type":"Point","coordinates":[-6.49413,53.29398]},"properties":{"asset_id":"osm:node/11951630894","kind":"manhole_unspecified","source":"OpenStreetMap","name":NaN,"evidence_level":"medium","details":{}}},{"type":"Feature","geometry":{"type":"Point","coordinates":[-6.49414,53.29397]},"properties":{"asset_id":"osm:node/11951630895","kind":"manhole_unspecified","source":"OpenStreetMap","name":NaN,"evidence_level":"medium","details":{}}},{"type":"Feature","geometry":{"type":"Point","coordinates":[-6.48566,53.2945]},"properties":{"asset_id":"osm:node/11951691971","kind":"manhole_unspecified","source":"OpenStreetMap","name":NaN,"evidence_level":"medium","details":{}}},{"type":"Feature","geometry":{"type":"Point","coordinates":[-6.489,53.29808]},"properties":{"asset_id":"osm:node/11951849938","kind":"manhole_unspecified","source":"OpenStreetMap","name":NaN,"evidence_level":"medium","details":{}}},{"type":"Feature","geometry":{"type":"Point","coordinates":[-6.48969,53.29789]},"properties":{"asset_id":"osm:node/11951849939","kind":"manhole_unspecified","source":"OpenStreetMap","name":NaN,"evidence_level":"medium","details":{}}},{"type":"Feature","geometry":{"type":"Point","coordinates":[-6.49003,53.29798]},"properties":{"asset_id":"osm:node/11951849940","kind":"manhole_unspecified","source":"OpenStreetMap","name":NaN,"evidence_level":"medium","details":{}}},{"type":"Feature","geometry":{"type":"Point","coordinates":[-6.49058,53.29724]},"properties":{"asset_id":"osm:node/11951873761","kind":"manhole_unspecified","source":"OpenStreetMap","name":NaN,"evidence_level":"medium","details":{}}},{"type":"Feature","geometry":{"type":"Point","coordinates":[-6.49102,53.29786]},"properties":{"asset_id":"osm:node/11951873762","kind":"manhole_unspecified","source":"OpenStreetMap","name":NaN,"evidence_level":"medium","details":{}}},{"type":"Feature","geometry":{"type":"Point","coordinates":[-6.491,53.29789]},"properties":{"asset_id":"osm:node/11951873763","kind":"manhole_unspecified","source":"OpenStreetMap","name":NaN,"evidence_level":"medium","details":{}}},{"type":"Feature","geometry":{"type":"Point","coordinates":[-6.49179,53.29812]},"properties":{"asset_id":"osm:node/11951873764","kind":"manhole_unspecified","source":"OpenStreetMap","name":NaN,"evidence_level":"medium","details":{}}},{"type":"Feature","geometry":{"type":"Point","coordinates":[-6.49189,53.29812]},"properties":{"asset_id":"osm:node/11951873765","kind":"manhole_unspecified","source":"OpenStreetMap","name":NaN,"evidence_level":"medium","details":{}}},{"type":"Feature","geometry":{"type":"Point","coordinates":[-6.49149,53.29765]},"properties":{"asset_id":"osm:node/11951873766","kind":"manhole_unspecified","source":"OpenStreetMap","name":NaN,"evidence_level":"medium","details":{}}},{"type":"Feature","geometry":{"type":"Point","coordinates":[-6.49137,53.29729]},"properties":{"asset_id":"osm:node/11951873767","kind":"manhole_unspecified","source":"OpenStreetMap","name":NaN,"evidence_level":"medium","details":{}}},{"type":"Feature","geometry":{"type":"Point","coordinates":[-6.49132,53.29727]},"properties":{"asset_id":"osm:node/11951873768","kind":"manhole_unspecified","source":"OpenStreetMap","name":NaN,"evidence_level":"medium","details":{}}},{"type":"Feature","geometry":{"type":"Point","coordinates":[-6.49213,53.2971]},"properties":{"asset_id":"osm:node/11951874569","kind":"manhole_unspecified","source":"OpenStreetMap","name":NaN,"evidence_level":"medium","details":{}}},{"type":"Feature","geometry":{"type":"Point","coordinates":[-6.49217,53.29712]},"properties":{"asset_id":"osm:node/11951874570","kind":"manhole_unspecified","source":"OpenStreetMap","name":NaN,"evidence_level":"medium","details":{}}},{"type":"Feature","geometry":{"type":"Point","coordinates":[-6.49214,53.29707]},"properties":{"asset_id":"osm:node/11951874571","kind":"manhole_unspecified","source":"OpenStreetMap","name":NaN,"evidence_level":"medium","details":{}}},{"type":"Feature","geometry":{"type":"Point","coordinates":[-6.49256,53.29703]},"properties":{"asset_id":"osm:node/11951874572","kind":"manhole_unspecified","source":"OpenStreetMap","name":NaN,"evidence_level":"medium","details":{}}},{"type":"Feature","geometry":{"type":"Point","coordinates":[-6.49186,53.29675]},"properties":{"asset_id":"osm:node/11951874573","kind":"manhole_unspecified","source":"OpenStreetMap","name":NaN,"evidence_level":"medium","details":{}}},{"type":"Feature","geometry":{"type":"Point","coordinates":[-6.49183,53.29665]},"properties":{"asset_id":"osm:node/11951874574","kind":"manhole_unspecified","source":"OpenStreetMap","name":NaN,"evidence_level":"medium","details":{}}},{"type":"Feature","geometry":{"type":"Point","coordinates":[-6.49185,53.2966]},"properties":{"asset_id":"osm:node/11951874575","kind":"manhole_unspecified","source":"OpenStreetMap","name":NaN,"evidence_level":"medium","details":{}}},{"type":"Feature","geometry":{"type":"Point","coordinates":[-6.49245,53.29635]},"properties":{"asset_id":"osm:node/11951874576","kind":"manhole_unspecified","source":"OpenStreetMap","name":NaN,"evidence_level":"medium","details":{}}},{"type":"Feature","geometry":{"type":"Point","coordinates":[-6.49244,53.29632]},"properties":{"asset_id":"osm:node/11951874577","kind":"manhole_unspecified","source":"OpenStreetMap","name":NaN,"evidence_level":"medium","details":{}}},{"type":"Feature","geometry":{"type":"Point","coordinates":[-6.49246,53.29632]},"properties":{"asset_id":"osm:node/11951874578","kind":"manhole_unspecified","source":"OpenStreetMap","name":NaN,"evidence_level":"medium","details":{}}},{"type":"Feature","geometry":{"type":"Point","coordinates":[-6.49142,53.29629]},"properties":{"asset_id":"osm:node/11951874579","kind":"manhole_unspecified","source":"OpenStreetMap","name":NaN,"evidence_level":"medium","details":{}}},{"type":"Feature","geometry":{"type":"Point","coordinates":[-6.49144,53.29627]},"properties":{"asset_id":"osm:node/11951874580","kind":"manhole_unspecified","source":"OpenStreetMap","name":NaN,"evidence_level":"medium","details":{}}},{"type":"Feature","geometry":{"type":"Point","coordinates":[-6.49146,53.29607]},"properties":{"asset_id":"osm:node/11951874581","kind":"manhole_unspecified","source":"OpenStreetMap","name":NaN,"evidence_level":"medium","details":{}}},{"type":"Feature","geometry":{"type":"Point","coordinates":[-6.49147,53.29606]},"properties":{"asset_id":"osm:node/11951874582","kind":"manhole_unspecified","source":"OpenStreetMap","name":NaN,"evidence_level":"medium","details":{}}},{"type":"Feature","geometry":{"type":"Point","coordinates":[-6.49058,53.29623]},"properties":{"asset_id":"osm:node/11951874583","kind":"manhole_unspecified","source":"OpenStreetMap","name":NaN,"evidence_level":"medium","details":{}}},{"type":"Feature","geometry":{"type":"Point","coordinates":[-6.49062,53.29623]},"properties":{"asset_id":"osm:node/11951874584","kind":"manhole_unspecified","source":"OpenStreetMap","name":NaN,"evidence_level":"medium","details":{}}},{"type":"Feature","geometry":{"type":"Point","coordinates":[-6.49053,53.29659]},"properties":{"asset_id":"osm:node/11951874585","kind":"manhole_unspecified","source":"OpenStreetMap","name":NaN,"evidence_level":"medium","details":{}}},{"type":"Feature","geometry":{"type":"Point","coordinates":[-6.49054,53.29664]},"properties":{"asset_id":"osm:node/11951874586","kind":"manhole_unspecified","source":"OpenStreetMap","name":NaN,"evidence_level":"medium","details":{}}},{"type":"Feature","geometry":{"type":"Point","coordinates":[-6.49057,53.29657]},"properties":{"asset_id":"osm:node/11951874587","kind":"manhole_unspecified","source":"OpenStreetMap","name":NaN,"evidence_level":"medium","details":{}}},{"type":"Feature","geometry":{"type":"Point","coordinates":[-6.49081,53.29593]},"properties":{"asset_id":"osm:node/11951874588","kind":"manhole_unspecified","source":"OpenStreetMap","name":NaN,"evidence_level":"medium","details":{}}},{"type":"Feature","geometry":{"type":"Point","coordinates":[-6.49062,53.29594]},"properties":{"asset_id":"osm:node/11951874589","kind":"manhole_unspecified","source":"OpenStreetMap","name":NaN,"evidence_level":"medium","details":{}}},{"type":"Feature","geometry":{"type":"Point","coordinates":[-6.49083,53.29587]},"properties":{"asset_id":"osm:node/11951874590","kind":"manhole_unspecified","source":"OpenStreetMap","name":NaN,"evidence_level":"medium","details":{}}},{"type":"Feature","geometry":{"type":"Point","coordinates":[-6.4862,53.30047]},"properties":{"asset_id":"osm:node/11951938112","kind":"manhole_unspecified","source":"OpenStreetMap","name":NaN,"evidence_level":"medium","details":{}}},{"type":"Feature","geometry":{"type":"Point","coordinates":[-6.486,53.30045]},"properties":{"asset_id":"osm:node/11951938113","kind":"manhole_unspecified","source":"OpenStreetMap","name":NaN,"evidence_level":"medium","details":{}}},{"type":"Feature","geometry":{"type":"Point","coordinates":[-6.48521,53.30066]},"properties":{"asset_id":"osm:node/11951938114","kind":"manhole_unspecified","source":"OpenStreetMap","name":NaN,"evidence_level":"medium","details":{}}},{"type":"Feature","geometry":{"type":"Point","coordinates":[-6.4872,53.30009]},"properties":{"asset_id":"osm:node/11951938115","kind":"manhole_unspecified","source":"OpenStreetMap","name":NaN,"evidence_level":"medium","details":{}}},{"type":"Feature","geometry":{"type":"Point","coordinates":[-6.49201,53.29878]},"properties":{"asset_id":"osm:node/11951938116","kind":"manhole_unspecified","source":"OpenStreetMap","name":NaN,"evidence_level":"medium","details":{}}},{"type":"Feature","geometry":{"type":"Point","coordinates":[-6.49321,53.2985]},"properties":{"asset_id":"osm:node/11951938117","kind":"manhole_unspecified","source":"OpenStreetMap","name":NaN,"evidence_level":"medium","details":{}}},{"type":"Feature","geometry":{"type":"Point","coordinates":[-6.49315,53.29848]},"properties":{"asset_id":"osm:node/11951938118","kind":"manhole_unspecified","source":"OpenStreetMap","name":NaN,"evidence_level":"medium","details":{}}},{"type":"Feature","geometry":{"type":"Point","coordinates":[-6.49358,53.29842]},"properties":{"asset_id":"osm:node/11951938119","kind":"manhole_unspecified","source":"OpenStreetMap","name":NaN,"evidence_level":"medium","details":{}}},{"type":"Feature","geometry":{"type":"Point","coordinates":[-6.49361,53.29841]},"properties":{"asset_id":"osm:node/11951938120","kind":"manhole_unspecified","source":"OpenStreetMap","name":NaN,"evidence_level":"medium","details":{}}},{"type":"Feature","geometry":{"type":"Point","coordinates":[-6.49084,53.29912]},"properties":{"asset_id":"osm:node/11951938121","kind":"manhole_unspecified","source":"OpenStreetMap","name":NaN,"evidence_level":"medium","details":{}}},{"type":"Feature","geometry":{"type":"Point","coordinates":[-6.49088,53.29913]},"properties":{"asset_id":"osm:node/11951938122","kind":"manhole_unspecified","source":"OpenStreetMap","name":NaN,"evidence_level":"medium","details":{}}},{"type":"Feature","geometry":{"type":"Point","coordinates":[-6.49024,53.29934]},"properties":{"asset_id":"osm:node/11951938123","kind":"manhole_unspecified","source":"OpenStreetMap","name":NaN,"evidence_level":"medium","details":{}}},{"type":"Feature","geometry":{"type":"Point","coordinates":[-6.48935,53.29959]},"properties":{"asset_id":"osm:node/11951938124","kind":"manhole_unspecified","source":"OpenStreetMap","name":NaN,"evidence_level":"medium","details":{}}},{"type":"Feature","geometry":{"type":"Point","coordinates":[-6.48657,53.30036]},"properties":{"asset_id":"osm:node/11951938125","kind":"manhole_unspecified","source":"OpenStreetMap","name":NaN,"evidence_level":"medium","details":{}}},{"type":"Feature","geometry":{"type":"Point","coordinates":[-6.48655,53.30037]},"properties":{"asset_id":"osm:node/11951938126","kind":"manhole_unspecified","source":"OpenStreetMap","name":NaN,"evidence_level":"medium","details":{}}},{"type":"Feature","geometry":{"type":"Point","coordinates":[-6.48749,53.3001]},"properties":{"asset_id":"osm:node/11951938127","kind":"manhole_unspecified","source":"OpenStreetMap","name":NaN,"evidence_level":"medium","details":{}}},{"type":"Feature","geometry":{"type":"Point","coordinates":[-6.48872,53.29977]},"properties":{"asset_id":"osm:node/11951938128","kind":"manhole_unspecified","source":"OpenStreetMap","name":NaN,"evidence_level":"medium","details":{}}},{"type":"Feature","geometry":{"type":"Point","coordinates":[-6.49133,53.29902]},"properties":{"asset_id":"osm:node/11951938129","kind":"manhole_unspecified","source":"OpenStreetMap","name":NaN,"evidence_level":"medium","details":{}}},{"type":"Feature","geometry":{"type":"Point","coordinates":[-6.49993,53.29692]},"properties":{"asset_id":"osm:node/11952061699","kind":"manhole_unspecified","source":"OpenStreetMap","name":NaN,"evidence_level":"medium","details":{}}},{"type":"Feature","geometry":{"type":"Point","coordinates":[-6.49989,53.2969]},"properties":{"asset_id":"osm:node/11952061700","kind":"manhole_unspecified","source":"OpenStreetMap","name":NaN,"evidence_level":"medium","details":{}}},{"type":"Feature","geometry":{"type":"Point","coordinates":[-6.49997,53.29689]},"properties":{"asset_id":"osm:node/11952061701","kind":"manhole_unspecified","source":"OpenStreetMap","name":NaN,"evidence_level":"medium","details":{}}},{"type":"Feature","geometry":{"type":"Point","coordinates":[-6.49975,53.29688]},"properties":{"asset_id":"osm:node/11952061702","kind":"manhole_unspecified","source":"OpenStreetMap","name":NaN,"evidence_level":"medium","details":{}}},{"type":"Feature","geometry":{"type":"Point","coordinates":[-6.49981,53.29685]},"properties":{"asset_id":"osm:node/11952061703","kind":"manhole_unspecified","source":"OpenStreetMap","name":NaN,"evidence_level":"medium","details":{}}},{"type":"Feature","geometry":{"type":"Point","coordinates":[-6.49979,53.29686]},"properties":{"asset_id":"osm:node/11952061704","kind":"manhole_unspecified","source":"OpenStreetMap","name":NaN,"evidence_level":"medium","details":{}}},{"type":"Feature","geometry":{"type":"Point","coordinates":[-6.49976,53.29684]},"properties":{"asset_id":"osm:node/11952061705","kind":"manhole_unspecified","source":"OpenStreetMap","name":NaN,"evidence_level":"medium","details":{}}},{"type":"Feature","geometry":{"type":"Point","coordinates":[-6.49974,53.29684]},"properties":{"asset_id":"osm:node/11952061706","kind":"manhole_unspecified","source":"OpenStreetMap","name":NaN,"evidence_level":"medium","details":{}}},{"type":"Feature","geometry":{"type":"Point","coordinates":[-6.49971,53.29684]},"properties":{"asset_id":"osm:node/11952061707","kind":"manhole_unspecified","source":"OpenStreetMap","name":NaN,"evidence_level":"medium","details":{}}},{"type":"Feature","geometry":{"type":"Point","coordinates":[-6.49982,53.29685]},"properties":{"asset_id":"osm:node/11952061708","kind":"manhole_unspecified","source":"OpenStreetMap","name":NaN,"evidence_level":"medium","details":{}}},{"type":"Feature","geometry":{"type":"Point","coordinates":[-6.49988,53.29687]},"properties":{"asset_id":"osm:node/11952061709","kind":"manhole_unspecified","source":"OpenStreetMap","name":NaN,"evidence_level":"medium","details":{}}},{"type":"Feature","geometry":{"type":"Point","coordinates":[-6.49967,53.29682]},"properties":{"asset_id":"osm:node/11952061710","kind":"manhole_unspecified","source":"OpenStreetMap","name":NaN,"evidence_level":"medium","details":{}}},{"type":"Feature","geometry":{"type":"Point","coordinates":[-6.49966,53.29682]},"properties":{"asset_id":"osm:node/11952061711","kind":"manhole_unspecified","source":"OpenStreetMap","name":NaN,"evidence_level":"medium","details":{}}},{"type":"Feature","geometry":{"type":"Point","coordinates":[-6.49963,53.29677]},"properties":{"asset_id":"osm:node/11952061712","kind":"manhole_unspecified","source":"OpenStreetMap","name":NaN,"evidence_level":"medium","details":{}}},{"type":"Feature","geometry":{"type":"Point","coordinates":[-6.49952,53.29682]},"properties":{"asset_id":"osm:node/11952061713","kind":"manhole_unspecified","source":"OpenStreetMap","name":NaN,"evidence_level":"medium","details":{}}},{"type":"Feature","geometry":{"type":"Point","coordinates":[-6.49975,53.29652]},"properties":{"asset_id":"osm:node/11952061715","kind":"manhole_unspecified","source":"OpenStreetMap","name":NaN,"evidence_level":"medium","details":{}}},{"type":"Feature","geometry":{"type":"Point","coordinates":[-6.49977,53.29654]},"properties":{"asset_id":"osm:node/11952061716","kind":"manhole_unspecified","source":"OpenStreetMap","name":NaN,"evidence_level":"medium","details":{}}},{"type":"Feature","geometry":{"type":"Point","coordinates":[-6.49976,53.29655]},"properties":{"asset_id":"osm:node/11952061717","kind":"manhole_unspecified","source":"OpenStreetMap","name":NaN,"evidence_level":"medium","details":{}}},{"type":"Feature","geometry":{"type":"Point","coordinates":[-6.49977,53.29651]},"properties":{"asset_id":"osm:node/11952061718","kind":"manhole_unspecified","source":"OpenStreetMap","name":NaN,"evidence_level":"medium","details":{}}},{"type":"Feature","geometry":{"type":"Point","coordinates":[-6.49984,53.29635]},"properties":{"asset_id":"osm:node/11952061719","kind":"manhole_unspecified","source":"OpenStreetMap","name":NaN,"evidence_level":"medium","details":{}}},{"type":"Feature","geometry":{"type":"Point","coordinates":[-6.50017,53.29631]},"properties":{"asset_id":"osm:node/11952061721","kind":"manhole_unspecified","source":"OpenStreetMap","name":NaN,"evidence_level":"medium","details":{}}},{"type":"Feature","geometry":{"type":"Point","coordinates":[-6.50019,53.29631]},"properties":{"asset_id":"osm:node/11952061722","kind":"manhole_unspecified","source":"OpenStreetMap","name":NaN,"evidence_level":"medium","details":{}}},{"type":"Feature","geometry":{"type":"Point","coordinates":[-6.50029,53.29632]},"properties":{"asset_id":"osm:node/11952061723","kind":"manhole_unspecified","source":"OpenStreetMap","name":NaN,"evidence_level":"medium","details":{}}},{"type":"Feature","geometry":{"type":"Point","coordinates":[-6.50031,53.29632]},"properties":{"asset_id":"osm:node/11952061724","kind":"manhole_unspecified","source":"OpenStreetMap","name":NaN,"evidence_level":"medium","details":{}}},{"type":"Feature","geometry":{"type":"Point","coordinates":[-6.50024,53.2963]},"properties":{"asset_id":"osm:node/11952061725","kind":"manhole_unspecified","source":"OpenStreetMap","name":NaN,"evidence_level":"medium","details":{}}},{"type":"Feature","geometry":{"type":"Point","coordinates":[-6.49918,53.29747]},"properties":{"asset_id":"osm:node/11952061727","kind":"manhole_unspecified","source":"OpenStreetMap","name":NaN,"evidence_level":"medium","details":{}}},{"type":"Feature","geometry":{"type":"Point","coordinates":[-6.49914,53.29746]},"properties":{"asset_id":"osm:node/11952061728","kind":"manhole_unspecified","source":"OpenStreetMap","name":NaN,"evidence_level":"medium","details":{}}},{"type":"Feature","geometry":{"type":"Point","coordinates":[-6.49919,53.29742]},"properties":{"asset_id":"osm:node/11952061729","kind":"manhole_unspecified","source":"OpenStreetMap","name":NaN,"evidence_level":"medium","details":{}}},{"type":"Feature","geometry":{"type":"Point","coordinates":[-6.49923,53.29743]},"properties":{"asset_id":"osm:node/11952061730","kind":"manhole_unspecified","source":"OpenStreetMap","name":NaN,"evidence_level":"medium","details":{}}},{"type":"Feature","geometry":{"type":"Point","coordinates":[-6.49909,53.29775]},"properties":{"asset_id":"osm:node/11952061732","kind":"manhole_unspecified","source":"OpenStreetMap","name":NaN,"evidence_level":"medium","details":{}}},{"type":"Feature","geometry":{"type":"Point","coordinates":[-6.49904,53.29778]},"properties":{"asset_id":"osm:node/11952061733","kind":"manhole_unspecified","source":"OpenStreetMap","name":NaN,"evidence_level":"medium","details":{}}},{"type":"Feature","geometry":{"type":"Point","coordinates":[-6.49922,53.29781]},"properties":{"asset_id":"osm:node/11952061734","kind":"manhole_unspecified","source":"OpenStreetMap","name":NaN,"evidence_level":"medium","details":{}}},{"type":"Feature","geometry":{"type":"Point","coordinates":[-6.49929,53.29782]},"properties":{"asset_id":"osm:node/11952061735","kind":"manhole_unspecified","source":"OpenStreetMap","name":NaN,"evidence_level":"medium","details":{}}},{"type":"Feature","geometry":{"type":"Point","coordinates":[-6.49938,53.2978]},"properties":{"asset_id":"osm:node/11952061736","kind":"manhole_unspecified","source":"OpenStreetMap","name":NaN,"evidence_level":"medium","details":{}}},{"type":"Feature","geometry":{"type":"Point","coordinates":[-6.50004,53.29784]},"properties":{"asset_id":"osm:node/11952061737","kind":"manhole_unspecified","source":"OpenStreetMap","name":NaN,"evidence_level":"medium","details":{}}},{"type":"Feature","geometry":{"type":"Point","coordinates":[-6.50001,53.29781]},"properties":{"asset_id":"osm:node/11952061738","kind":"manhole_unspecified","source":"OpenStreetMap","name":NaN,"evidence_level":"medium","details":{}}},{"type":"Feature","geometry":{"type":"Point","coordinates":[-6.50006,53.29767]},"properties":{"asset_id":"osm:node/11952061739","kind":"manhole_unspecified","source":"OpenStreetMap","name":NaN,"evidence_level":"medium","details":{}}},{"type":"Feature","geometry":{"type":"Point","coordinates":[-6.49917,53.29785]},"properties":{"asset_id":"osm:node/11952124675","kind":"manhole_unspecified","source":"OpenStreetMap","name":NaN,"evidence_level":"medium","details":{}}},{"type":"Feature","geometry":{"type":"Point","coordinates":[-6.49929,53.29785]},"properties":{"asset_id":"osm:node/11952124676","kind":"manhole_unspecified","source":"OpenStreetMap","name":NaN,"evidence_level":"medium","details":{}}},{"type":"Feature","geometry":{"type":"Point","coordinates":[-6.49922,53.29787]},"properties":{"asset_id":"osm:node/11952124677","kind":"manhole_unspecified","source":"OpenStreetMap","name":NaN,"evidence_level":"medium","details":{}}},{"type":"Feature","geometry":{"type":"Point","coordinates":[-6.49921,53.29786]},"properties":{"asset_id":"osm:node/11952124678","kind":"manhole_unspecified","source":"OpenStreetMap","name":NaN,"evidence_level":"medium","details":{}}},{"type":"Feature","geometry":{"type":"Point","coordinates":[-6.49931,53.29785]},"properties":{"asset_id":"osm:node/11952124679","kind":"manhole_unspecified","source":"OpenStreetMap","name":NaN,"evidence_level":"medium","details":{}}},{"type":"Feature","geometry":{"type":"Point","coordinates":[-6.4994,53.29786]},"properties":{"asset_id":"osm:node/11952124680","kind":"manhole_unspecified","source":"OpenStreetMap","name":NaN,"evidence_level":"medium","details":{}}},{"type":"Feature","geometry":{"type":"Point","coordinates":[-6.49941,53.29786]},"properties":{"asset_id":"osm:node/11952124681","kind":"manhole_unspecified","source":"OpenStreetMap","name":NaN,"evidence_level":"medium","details":{}}},{"type":"Feature","geometry":{"type":"Point","coordinates":[-6.49946,53.29786]},"properties":{"asset_id":"osm:node/11952124682","kind":"manhole_unspecified","source":"OpenStreetMap","name":NaN,"evidence_level":"medium","details":{}}},{"type":"Feature","geometry":{"type":"Point","coordinates":[-6.49949,53.29786]},"properties":{"asset_id":"osm:node/11952124683","kind":"manhole_unspecified","source":"OpenStreetMap","name":NaN,"evidence_level":"medium","details":{}}},{"type":"Feature","geometry":{"type":"Point","coordinates":[-6.49956,53.29786]},"properties":{"asset_id":"osm:node/11952124684","kind":"manhole_unspecified","source":"OpenStreetMap","name":NaN,"evidence_level":"medium","details":{}}},{"type":"Feature","geometry":{"type":"Point","coordinates":[-6.49965,53.29786]},"properties":{"asset_id":"osm:node/11952124686","kind":"manhole_unspecified","source":"OpenStreetMap","name":NaN,"evidence_level":"medium","details":{}}},{"type":"Feature","geometry":{"type":"Point","coordinates":[-6.49966,53.29786]},"properties":{"asset_id":"osm:node/11952124687","kind":"manhole_unspecified","source":"OpenStreetMap","name":NaN,"evidence_level":"medium","details":{}}},{"type":"Feature","geometry":{"type":"Point","coordinates":[-6.49971,53.29786]},"properties":{"asset_id":"osm:node/11952124688","kind":"manhole_unspecified","source":"OpenStreetMap","name":NaN,"evidence_level":"medium","details":{}}},{"type":"Feature","geometry":{"type":"Point","coordinates":[-6.49973,53.29785]},"properties":{"asset_id":"osm:node/11952124689","kind":"manhole_unspecified","source":"OpenStreetMap","name":NaN,"evidence_level":"medium","details":{}}},{"type":"Feature","geometry":{"type":"Point","coordinates":[-6.49976,53.29785]},"properties":{"asset_id":"osm:node/11952124690","kind":"manhole_unspecified","source":"OpenStreetMap","name":NaN,"evidence_level":"medium","details":{}}},{"type":"Feature","geometry":{"type":"Point","coordinates":[-6.5,53.29788]},"properties":{"asset_id":"osm:node/11952124692","kind":"manhole_unspecified","source":"OpenStreetMap","name":NaN,"evidence_level":"medium","details":{}}},{"type":"Feature","geometry":{"type":"Point","coordinates":[-6.50001,53.29789]},"properties":{"asset_id":"osm:node/11952124693","kind":"manhole_unspecified","source":"OpenStreetMap","name":NaN,"evidence_level":"medium","details":{}}},{"type":"Feature","geometry":{"type":"Point","coordinates":[-6.50001,53.2979]},"properties":{"asset_id":"osm:node/11952124694","kind":"manhole_unspecified","source":"OpenStreetMap","name":NaN,"evidence_level":"medium","details":{}}},{"type":"Feature","geometry":{"type":"Point","coordinates":[-6.5,53.29792]},"properties":{"asset_id":"osm:node/11952124695","kind":"manhole_unspecified","source":"OpenStreetMap","name":NaN,"evidence_level":"medium","details":{}}},{"type":"Feature","geometry":{"type":"Point","coordinates":[-6.50002,53.29792]},"properties":{"asset_id":"osm:node/11952124696","kind":"manhole_unspecified","source":"OpenStreetMap","name":NaN,"evidence_level":"medium","details":{}}},{"type":"Feature","geometry":{"type":"Point","coordinates":[-6.5,53.29796]},"properties":{"asset_id":"osm:node/11952124697","kind":"manhole_unspecified","source":"OpenStreetMap","name":NaN,"evidence_level":"medium","details":{}}},{"type":"Feature","geometry":{"type":"Point","coordinates":[-6.50001,53.29795]},"properties":{"asset_id":"osm:node/11952124698","kind":"manhole_unspecified","source":"OpenStreetMap","name":NaN,"evidence_level":"medium","details":{}}},{"type":"Feature","geometry":{"type":"Point","coordinates":[-6.5,53.29804]},"properties":{"asset_id":"osm:node/11952124699","kind":"manhole_unspecified","source":"OpenStreetMap","name":NaN,"evidence_level":"medium","details":{}}},{"type":"Feature","geometry":{"type":"Point","coordinates":[-6.50001,53.29804]},"properties":{"asset_id":"osm:node/11952124700","kind":"manhole_unspecified","source":"OpenStreetMap","name":NaN,"evidence_level":"medium","details":{}}},{"type":"Feature","geometry":{"type":"Point","coordinates":[-6.49999,53.29809]},"properties":{"asset_id":"osm:node/11952124701","kind":"manhole_unspecified","source":"OpenStreetMap","name":NaN,"evidence_level":"medium","details":{}}},{"type":"Feature","geometry":{"type":"Point","coordinates":[-6.50001,53.29808]},"properties":{"asset_id":"osm:node/11952124702","kind":"manhole_unspecified","source":"OpenStreetMap","name":NaN,"evidence_level":"medium","details":{}}},{"type":"Feature","geometry":{"type":"Point","coordinates":[-6.50001,53.29807]},"properties":{"asset_id":"osm:node/11952124703","kind":"manhole_unspecified","source":"OpenStreetMap","name":NaN,"evidence_level":"medium","details":{}}},{"type":"Feature","geometry":{"type":"Point","coordinates":[-6.50002,53.29806]},"properties":{"asset_id":"osm:node/11952124704","kind":"manhole_unspecified","source":"OpenStreetMap","name":NaN,"evidence_level":"medium","details":{}}},{"type":"Feature","geometry":{"type":"Point","coordinates":[-6.50001,53.29813]},"properties":{"asset_id":"osm:node/11952124705","kind":"manhole_unspecified","source":"OpenStreetMap","name":NaN,"evidence_level":"medium","details":{}}},{"type":"Feature","geometry":{"type":"Point","coordinates":[-6.50002,53.29816]},"properties":{"asset_id":"osm:node/11952124707","kind":"manhole_unspecified","source":"OpenStreetMap","name":NaN,"evidence_level":"medium","details":{}}},{"type":"Feature","geometry":{"type":"Point","coordinates":[-6.49999,53.29818]},"properties":{"asset_id":"osm:node/11952124708","kind":"manhole_unspecified","source":"OpenStreetMap","name":NaN,"evidence_level":"medium","details":{}}},{"type":"Feature","geometry":{"type":"Point","coordinates":[-6.5,53.29817]},"properties":{"asset_id":"osm:node/11952124709","kind":"manhole_unspecified","source":"OpenStreetMap","name":NaN,"evidence_level":"medium","details":{}}},{"type":"Feature","geometry":{"type":"Point","coordinates":[-6.49999,53.29819]},"properties":{"asset_id":"osm:node/11952124710","kind":"manhole_unspecified","source":"OpenStreetMap","name":NaN,"evidence_level":"medium","details":{}}},{"type":"Feature","geometry":{"type":"Point","coordinates":[-6.50001,53.29818]},"properties":{"asset_id":"osm:node/11952124711","kind":"manhole_unspecified","source":"OpenStreetMap","name":NaN,"evidence_level":"medium","details":{}}},{"type":"Feature","geometry":{"type":"Point","coordinates":[-6.49999,53.29826]},"properties":{"asset_id":"osm:node/11952124712","kind":"manhole_unspecified","source":"OpenStreetMap","name":NaN,"evidence_level":"medium","details":{}}},{"type":"Feature","geometry":{"type":"Point","coordinates":[-6.50001,53.29827]},"properties":{"asset_id":"osm:node/11952124713","kind":"manhole_unspecified","source":"OpenStreetMap","name":NaN,"evidence_level":"medium","details":{}}},{"type":"Feature","geometry":{"type":"Point","coordinates":[-6.50002,53.2983]},"properties":{"asset_id":"osm:node/11952124714","kind":"manhole_unspecified","source":"OpenStreetMap","name":NaN,"evidence_level":"medium","details":{}}},{"type":"Feature","geometry":{"type":"Point","coordinates":[-6.50002,53.29835]},"properties":{"asset_id":"osm:node/11952124715","kind":"manhole_unspecified","source":"OpenStreetMap","name":NaN,"evidence_level":"medium","details":{}}},{"type":"Feature","geometry":{"type":"Point","coordinates":[-6.50003,53.29836]},"properties":{"asset_id":"osm:node/11952124716","kind":"manhole_unspecified","source":"OpenStreetMap","name":NaN,"evidence_level":"medium","details":{}}},{"type":"Feature","geometry":{"type":"Point","coordinates":[-6.49998,53.29833]},"properties":{"asset_id":"osm:node/11952124717","kind":"manhole_unspecified","source":"OpenStreetMap","name":NaN,"evidence_level":"medium","details":{}}},{"type":"Feature","geometry":{"type":"Point","coordinates":[-6.49996,53.29834]},"properties":{"asset_id":"osm:node/11952124718","kind":"manhole_unspecified","source":"OpenStreetMap","name":NaN,"evidence_level":"medium","details":{}}},{"type":"Feature","geometry":{"type":"Point","coordinates":[-6.49995,53.29834]},"properties":{"asset_id":"osm:node/11952124719","kind":"manhole_unspecified","source":"OpenStreetMap","name":NaN,"evidence_level":"medium","details":{}}},{"type":"Feature","geometry":{"type":"Point","coordinates":[-6.49976,53.29833]},"properties":{"asset_id":"osm:node/11952124720","kind":"manhole_unspecified","source":"OpenStreetMap","name":NaN,"evidence_level":"medium","details":{}}},{"type":"Feature","geometry":{"type":"Point","coordinates":[-6.49979,53.29821]},"properties":{"asset_id":"osm:node/11952124721","kind":"manhole_unspecified","source":"OpenStreetMap","name":NaN,"evidence_level":"medium","details":{}}},{"type":"Feature","geometry":{"type":"Point","coordinates":[-6.49914,53.29799]},"properties":{"asset_id":"osm:node/11952124722","kind":"manhole_unspecified","source":"OpenStreetMap","name":NaN,"evidence_level":"medium","details":{}}},{"type":"Feature","geometry":{"type":"Point","coordinates":[-6.49907,53.29818]},"properties":{"asset_id":"osm:node/11952124723","kind":"manhole_unspecified","source":"OpenStreetMap","name":NaN,"evidence_level":"medium","details":{}}},{"type":"Feature","geometry":{"type":"Point","coordinates":[-6.4992,53.29832]},"properties":{"asset_id":"osm:node/11952124725","kind":"manhole_unspecified","source":"OpenStreetMap","name":NaN,"evidence_level":"medium","details":{}}},{"type":"Feature","geometry":{"type":"Point","coordinates":[-6.49915,53.29832]},"properties":{"asset_id":"osm:node/11952124726","kind":"manhole_unspecified","source":"OpenStreetMap","name":NaN,"evidence_level":"medium","details":{}}},{"type":"Feature","geometry":{"type":"Point","coordinates":[-6.49927,53.29832]},"properties":{"asset_id":"osm:node/11952124727","kind":"manhole_unspecified","source":"OpenStreetMap","name":NaN,"evidence_level":"medium","details":{}}},{"type":"Feature","geometry":{"type":"Point","coordinates":[-6.49933,53.29833]},"properties":{"asset_id":"osm:node/11952124728","kind":"manhole_unspecified","source":"OpenStreetMap","name":NaN,"evidence_level":"medium","details":{}}},{"type":"Feature","geometry":{"type":"Point","coordinates":[-6.49938,53.29832]},"properties":{"asset_id":"osm:node/11952124730","kind":"manhole_unspecified","source":"OpenStreetMap","name":NaN,"evidence_level":"medium","details":{}}},{"type":"Feature","geometry":{"type":"Point","coordinates":[-6.49941,53.29833]},"properties":{"asset_id":"osm:node/11952124731","kind":"manhole_unspecified","source":"OpenStreetMap","name":NaN,"evidence_level":"medium","details":{}}},{"type":"Feature","geometry":{"type":"Point","coordinates":[-6.49943,53.29833]},"properties":{"asset_id":"osm:node/11952124732","kind":"manhole_unspecified","source":"OpenStreetMap","name":NaN,"evidence_level":"medium","details":{}}},{"type":"Feature","geometry":{"type":"Point","coordinates":[-6.49945,53.29833]},"properties":{"asset_id":"osm:node/11952124733","kind":"manhole_unspecified","source":"OpenStreetMap","name":NaN,"evidence_level":"medium","details":{}}},{"type":"Feature","geometry":{"type":"Point","coordinates":[-6.49947,53.29833]},"properties":{"asset_id":"osm:node/11952124734","kind":"manhole_unspecified","source":"OpenStreetMap","name":NaN,"evidence_level":"medium","details":{}}},{"type":"Feature","geometry":{"type":"Point","coordinates":[-6.4996,53.29833]},"properties":{"asset_id":"osm:node/11952124735","kind":"manhole_unspecified","source":"OpenStreetMap","name":NaN,"evidence_level":"medium","details":{}}},{"type":"Feature","geometry":{"type":"Point","coordinates":[-6.49965,53.29833]},"properties":{"asset_id":"osm:node/11952124736","kind":"manhole_unspecified","source":"OpenStreetMap","name":NaN,"evidence_level":"medium","details":{}}},{"type":"Feature","geometry":{"type":"Point","coordinates":[-6.49957,53.29835]},"properties":{"asset_id":"osm:node/11952124737","kind":"manhole_unspecified","source":"OpenStreetMap","name":NaN,"evidence_level":"medium","details":{}}},{"type":"Feature","geometry":{"type":"Point","coordinates":[-6.49957,53.29837]},"properties":{"asset_id":"osm:node/11952124738","kind":"manhole_unspecified","source":"OpenStreetMap","name":NaN,"evidence_level":"medium","details":{}}},{"type":"Feature","geometry":{"type":"Point","coordinates":[-6.49962,53.2985]},"properties":{"asset_id":"osm:node/11952124740","kind":"manhole_unspecified","source":"OpenStreetMap","name":NaN,"evidence_level":"medium","details":{}}},{"type":"Feature","geometry":{"type":"Point","coordinates":[-6.49953,53.2985]},"properties":{"asset_id":"osm:node/11952124741","kind":"manhole_unspecified","source":"OpenStreetMap","name":NaN,"evidence_level":"medium","details":{}}},{"type":"Feature","geometry":{"type":"Point","coordinates":[-6.49952,53.29849]},"properties":{"asset_id":"osm:node/11952124743","kind":"manhole_unspecified","source":"OpenStreetMap","name":NaN,"evidence_level":"medium","details":{}}},{"type":"Feature","geometry":{"type":"Point","coordinates":[-6.49948,53.2985]},"properties":{"asset_id":"osm:node/11952124744","kind":"manhole_unspecified","source":"OpenStreetMap","name":NaN,"evidence_level":"medium","details":{}}},{"type":"Feature","geometry":{"type":"Point","coordinates":[-6.49946,53.2985]},"properties":{"asset_id":"osm:node/11952124745","kind":"manhole_unspecified","source":"OpenStreetMap","name":NaN,"evidence_level":"medium","details":{}}},{"type":"Feature","geometry":{"type":"Point","coordinates":[-6.49944,53.2985]},"properties":{"asset_id":"osm:node/11952124746","kind":"manhole_unspecified","source":"OpenStreetMap","name":NaN,"evidence_level":"medium","details":{}}},{"type":"Feature","geometry":{"type":"Point","coordinates":[-6.49944,53.29851]},"properties":{"asset_id":"osm:node/11952124747","kind":"manhole_unspecified","source":"OpenStreetMap","name":NaN,"evidence_level":"medium","details":{}}},{"type":"Feature","geometry":{"type":"Point","coordinates":[-6.4994,53.29851]},"properties":{"asset_id":"osm:node/11952124748","kind":"manhole_unspecified","source":"OpenStreetMap","name":NaN,"evidence_level":"medium","details":{}}},{"type":"Feature","geometry":{"type":"Point","coordinates":[-6.4994,53.2985]},"properties":{"asset_id":"osm:node/11952124749","kind":"manhole_unspecified","source":"OpenStreetMap","name":NaN,"evidence_level":"medium","details":{}}},{"type":"Feature","geometry":{"type":"Point","coordinates":[-6.49933,53.29851]},"properties":{"asset_id":"osm:node/11952124750","kind":"manhole_unspecified","source":"OpenStreetMap","name":NaN,"evidence_level":"medium","details":{}}},{"type":"Feature","geometry":{"type":"Point","coordinates":[-6.4993,53.29851]},"properties":{"asset_id":"osm:node/11952124751","kind":"manhole_unspecified","source":"OpenStreetMap","name":NaN,"evidence_level":"medium","details":{}}},{"type":"Feature","geometry":{"type":"Point","coordinates":[-6.49931,53.2985]},"properties":{"asset_id":"osm:node/11952124752","kind":"manhole_unspecified","source":"OpenStreetMap","name":NaN,"evidence_level":"medium","details":{}}},{"type":"Feature","geometry":{"type":"Point","coordinates":[-6.49933,53.29849]},"properties":{"asset_id":"osm:node/11952124753","kind":"manhole_unspecified","source":"OpenStreetMap","name":NaN,"evidence_level":"medium","details":{}}},{"type":"Feature","geometry":{"type":"Point","coordinates":[-6.49941,53.2985]},"properties":{"asset_id":"osm:node/11952124754","kind":"manhole_unspecified","source":"OpenStreetMap","name":NaN,"evidence_level":"medium","details":{}}},{"type":"Feature","geometry":{"type":"Point","coordinates":[-6.49945,53.2985]},"properties":{"asset_id":"osm:node/11952124755","kind":"manhole_unspecified","source":"OpenStreetMap","name":NaN,"evidence_level":"medium","details":{}}},{"type":"Feature","geometry":{"type":"Point","coordinates":[-6.49928,53.2985]},"properties":{"asset_id":"osm:node/11952124756","kind":"manhole_unspecified","source":"OpenStreetMap","name":NaN,"evidence_level":"medium","details":{}}},{"type":"Feature","geometry":{"type":"Point","coordinates":[-6.49924,53.29849]},"properties":{"asset_id":"osm:node/11952124757","kind":"manhole_unspecified","source":"OpenStreetMap","name":NaN,"evidence_level":"medium","details":{}}},{"type":"Feature","geometry":{"type":"Point","coordinates":[-6.49914,53.29849]},"properties":{"asset_id":"osm:node/11952124759","kind":"manhole_unspecified","source":"OpenStreetMap","name":NaN,"evidence_level":"medium","details":{}}},{"type":"Feature","geometry":{"type":"Point","coordinates":[-6.49909,53.29851]},"properties":{"asset_id":"osm:node/11952124760","kind":"manhole_unspecified","source":"OpenStreetMap","name":NaN,"evidence_level":"medium","details":{}}},{"type":"Feature","geometry":{"type":"Point","coordinates":[-6.4991,53.2985]},"properties":{"asset_id":"osm:node/11952124761","kind":"manhole_unspecified","source":"OpenStreetMap","name":NaN,"evidence_level":"medium","details":{}}},{"type":"Feature","geometry":{"type":"Point","coordinates":[-6.49909,53.29849]},"properties":{"asset_id":"osm:node/11952124762","kind":"manhole_unspecified","source":"OpenStreetMap","name":NaN,"evidence_level":"medium","details":{}}},{"type":"Feature","geometry":{"type":"Point","coordinates":[-6.49907,53.29849]},"properties":{"asset_id":"osm:node/11952124763","kind":"manhole_unspecified","source":"OpenStreetMap","name":NaN,"evidence_level":"medium","details":{}}},{"type":"Feature","geometry":{"type":"Point","coordinates":[-6.49905,53.29849]},"properties":{"asset_id":"osm:node/11952124764","kind":"manhole_unspecified","source":"OpenStreetMap","name":NaN,"evidence_level":"medium","details":{}}},{"type":"Feature","geometry":{"type":"Point","coordinates":[-6.49904,53.29849]},"properties":{"asset_id":"osm:node/11952124765","kind":"manhole_unspecified","source":"OpenStreetMap","name":NaN,"evidence_level":"medium","details":{}}},{"type":"Feature","geometry":{"type":"Point","coordinates":[-6.49897,53.29848]},"properties":{"asset_id":"osm:node/11952124766","kind":"manhole_unspecified","source":"OpenStreetMap","name":NaN,"evidence_level":"medium","details":{}}},{"type":"Feature","geometry":{"type":"Point","coordinates":[-6.4989,53.2985]},"properties":{"asset_id":"osm:node/11952124767","kind":"manhole_unspecified","source":"OpenStreetMap","name":NaN,"evidence_level":"medium","details":{}}},{"type":"Feature","geometry":{"type":"Point","coordinates":[-6.4989,53.29849]},"properties":{"asset_id":"osm:node/11952124768","kind":"manhole_unspecified","source":"OpenStreetMap","name":NaN,"evidence_level":"medium","details":{}}},{"type":"Feature","geometry":{"type":"Point","coordinates":[-6.4992,53.29844]},"properties":{"asset_id":"osm:node/11952143369","kind":"manhole_unspecified","source":"OpenStreetMap","name":NaN,"evidence_level":"medium","details":{}}},{"type":"Feature","geometry":{"type":"Point","coordinates":[-6.49949,53.29842]},"properties":{"asset_id":"osm:node/11952143370","kind":"manhole_unspecified","source":"OpenStreetMap","name":NaN,"evidence_level":"medium","details":{}}},{"type":"Feature","geometry":{"type":"Point","coordinates":[-6.50002,53.29843]},"properties":{"asset_id":"osm:node/11952143371","kind":"manhole_unspecified","source":"OpenStreetMap","name":NaN,"evidence_level":"medium","details":{}}},{"type":"Feature","geometry":{"type":"Point","coordinates":[-6.49993,53.29844]},"properties":{"asset_id":"osm:node/11952143372","kind":"manhole_unspecified","source":"OpenStreetMap","name":NaN,"evidence_level":"medium","details":{}}},{"type":"Feature","geometry":{"type":"Point","coordinates":[-6.49978,53.29851]},"properties":{"asset_id":"osm:node/11952143373","kind":"manhole_unspecified","source":"OpenStreetMap","name":NaN,"evidence_level":"medium","details":{}}},{"type":"Feature","geometry":{"type":"Point","coordinates":[-6.49994,53.29851]},"properties":{"asset_id":"osm:node/11952143374","kind":"manhole_unspecified","source":"OpenStreetMap","name":NaN,"evidence_level":"medium","details":{}}},{"type":"Feature","geometry":{"type":"Point","coordinates":[-6.49998,53.2985]},"properties":{"asset_id":"osm:node/11952162839","kind":"manhole_unspecified","source":"OpenStreetMap","name":NaN,"evidence_level":"medium","details":{}}},{"type":"Feature","geometry":{"type":"Point","coordinates":[-6.49999,53.29849]},"properties":{"asset_id":"osm:node/11952162840","kind":"manhole_unspecified","source":"OpenStreetMap","name":NaN,"evidence_level":"medium","details":{}}},{"type":"Feature","geometry":{"type":"Point","coordinates":[-6.50002,53.29848]},"properties":{"asset_id":"osm:node/11952162841","kind":"manhole_unspecified","source":"OpenStreetMap","name":NaN,"evidence_level":"medium","details":{}}},{"type":"Feature","geometry":{"type":"Point","coordinates":[-6.49997,53.29849]},"properties":{"asset_id":"osm:node/11952162842","kind":"manhole_unspecified","source":"OpenStreetMap","name":NaN,"evidence_level":"medium","details":{}}},{"type":"Feature","geometry":{"type":"Point","coordinates":[-6.49996,53.29848]},"properties":{"asset_id":"osm:node/11952162843","kind":"manhole_unspecified","source":"OpenStreetMap","name":NaN,"evidence_level":"medium","details":{}}},{"type":"Feature","geometry":{"type":"Point","coordinates":[-6.49999,53.29848]},"properties":{"asset_id":"osm:node/11952162844","kind":"manhole_unspecified","source":"OpenStreetMap","name":NaN,"evidence_level":"medium","details":{}}},{"type":"Feature","geometry":{"type":"Point","coordinates":[-6.50002,53.29846]},"properties":{"asset_id":"osm:node/11952162845","kind":"manhole_unspecified","source":"OpenStreetMap","name":NaN,"evidence_level":"medium","details":{}}},{"type":"Feature","geometry":{"type":"Point","coordinates":[-6.49971,53.29869]},"properties":{"asset_id":"osm:node/11952162846","kind":"manhole_unspecified","source":"OpenStreetMap","name":NaN,"evidence_level":"medium","details":{}}},{"type":"Feature","geometry":{"type":"Point","coordinates":[-6.4997,53.29883]},"properties":{"asset_id":"osm:node/11952162847","kind":"manhole_unspecified","source":"OpenStreetMap","name":NaN,"evidence_level":"medium","details":{}}},{"type":"Feature","geometry":{"type":"Point","coordinates":[-6.49968,53.29896]},"properties":{"asset_id":"osm:node/11952162848","kind":"manhole_unspecified","source":"OpenStreetMap","name":NaN,"evidence_level":"medium","details":{}}},{"type":"Feature","geometry":{"type":"Point","coordinates":[-6.49914,53.29901]},"properties":{"asset_id":"osm:node/11952162849","kind":"manhole_unspecified","source":"OpenStreetMap","name":NaN,"evidence_level":"medium","details":{}}},{"type":"Feature","geometry":{"type":"Point","coordinates":[-6.4988,53.29896]},"properties":{"asset_id":"osm:node/11952162850","kind":"manhole_unspecified","source":"OpenStreetMap","name":NaN,"evidence_level":"medium","details":{}}},{"type":"Feature","geometry":{"type":"Point","coordinates":[-6.49884,53.29895]},"properties":{"asset_id":"osm:node/11952162851","kind":"manhole_unspecified","source":"OpenStreetMap","name":NaN,"evidence_level":"medium","details":{}}},{"type":"Feature","geometry":{"type":"Point","coordinates":[-6.49887,53.29895]},"properties":{"asset_id":"osm:node/11952162852","kind":"manhole_unspecified","source":"OpenStreetMap","name":NaN,"evidence_level":"medium","details":{}}},{"type":"Feature","geometry":{"type":"Point","coordinates":[-6.49891,53.29896]},"properties":{"asset_id":"osm:node/11952162853","kind":"manhole_unspecified","source":"OpenStreetMap","name":NaN,"evidence_level":"medium","details":{}}},{"type":"Feature","geometry":{"type":"Point","coordinates":[-6.49893,53.29896]},"properties":{"asset_id":"osm:node/11952162854","kind":"manhole_unspecified","source":"OpenStreetMap","name":NaN,"evidence_level":"medium","details":{}}},{"type":"Feature","geometry":{"type":"Point","coordinates":[-6.49894,53.29896]},"properties":{"asset_id":"osm:node/11952162855","kind":"manhole_unspecified","source":"OpenStreetMap","name":NaN,"evidence_level":"medium","details":{}}},{"type":"Feature","geometry":{"type":"Point","coordinates":[-6.49898,53.29896]},"properties":{"asset_id":"osm:node/11952162856","kind":"manhole_unspecified","source":"OpenStreetMap","name":NaN,"evidence_level":"medium","details":{}}},{"type":"Feature","geometry":{"type":"Point","coordinates":[-6.49903,53.29896]},"properties":{"asset_id":"osm:node/11952162857","kind":"manhole_unspecified","source":"OpenStreetMap","name":NaN,"evidence_level":"medium","details":{}}},{"type":"Feature","geometry":{"type":"Point","coordinates":[-6.49911,53.29896]},"properties":{"asset_id":"osm:node/11952162858","kind":"manhole_unspecified","source":"OpenStreetMap","name":NaN,"evidence_level":"medium","details":{}}},{"type":"Feature","geometry":{"type":"Point","coordinates":[-6.49914,53.29898]},"properties":{"asset_id":"osm:node/11952162859","kind":"manhole_unspecified","source":"OpenStreetMap","name":NaN,"evidence_level":"medium","details":{}}},{"type":"Feature","geometry":{"type":"Point","coordinates":[-6.49919,53.29896]},"properties":{"asset_id":"osm:node/11952162860","kind":"manhole_unspecified","source":"OpenStreetMap","name":NaN,"evidence_level":"medium","details":{}}},{"type":"Feature","geometry":{"type":"Point","coordinates":[-6.49929,53.29896]},"properties":{"asset_id":"osm:node/11952162861","kind":"manhole_unspecified","source":"OpenStreetMap","name":NaN,"evidence_level":"medium","details":{}}},{"type":"Feature","geometry":{"type":"Point","coordinates":[-6.49928,53.29896]},"properties":{"asset_id":"osm:node/11952162862","kind":"manhole_unspecified","source":"OpenStreetMap","name":NaN,"evidence_level":"medium","details":{}}},{"type":"Feature","geometry":{"type":"Point","coordinates":[-6.49936,53.29896]},"properties":{"asset_id":"osm:node/11952162863","kind":"manhole_unspecified","source":"OpenStreetMap","name":NaN,"evidence_level":"medium","details":{}}},{"type":"Feature","geometry":{"type":"Point","coordinates":[-6.49937,53.29896]},"properties":{"asset_id":"osm:node/11952162864","kind":"manhole_unspecified","source":"OpenStreetMap","name":NaN,"evidence_level":"medium","details":{}}},{"type":"Feature","geometry":{"type":"Point","coordinates":[-6.49943,53.29897]},"properties":{"asset_id":"osm:node/11952162865","kind":"manhole_unspecified","source":"OpenStreetMap","name":NaN,"evidence_level":"medium","details":{}}},{"type":"Feature","geometry":{"type":"Point","coordinates":[-6.49945,53.29897]},"properties":{"asset_id":"osm:node/11952162866","kind":"manhole_unspecified","source":"OpenStreetMap","name":NaN,"evidence_level":"medium","details":{}}},{"type":"Feature","geometry":{"type":"Point","coordinates":[-6.49947,53.29897]},"properties":{"asset_id":"osm:node/11952162867","kind":"manhole_unspecified","source":"OpenStreetMap","name":NaN,"evidence_level":"medium","details":{}}},{"type":"Feature","geometry":{"type":"Point","coordinates":[-6.49947,53.29901]},"properties":{"asset_id":"osm:node/11952162868","kind":"manhole_unspecified","source":"OpenStreetMap","name":NaN,"evidence_level":"medium","details":{}}},{"type":"Feature","geometry":{"type":"Point","coordinates":[-6.49951,53.29897]},"properties":{"asset_id":"osm:node/11952170270","kind":"manhole_unspecified","source":"OpenStreetMap","name":NaN,"evidence_level":"medium","details":{}}},{"type":"Feature","geometry":{"type":"Point","coordinates":[-6.49953,53.29897]},"properties":{"asset_id":"osm:node/11952170271","kind":"manhole_unspecified","source":"OpenStreetMap","name":NaN,"evidence_level":"medium","details":{}}},{"type":"Feature","geometry":{"type":"Point","coordinates":[-6.49959,53.29897]},"properties":{"asset_id":"osm:node/11952170272","kind":"manhole_unspecified","source":"OpenStreetMap","name":NaN,"evidence_level":"medium","details":{}}},{"type":"Feature","geometry":{"type":"Point","coordinates":[-6.4995,53.29902]},"properties":{"asset_id":"osm:node/11952170273","kind":"manhole_unspecified","source":"OpenStreetMap","name":NaN,"evidence_level":"medium","details":{}}},{"type":"Feature","geometry":{"type":"Point","coordinates":[-6.49717,53.30034]},"properties":{"asset_id":"osm:node/11952323169","kind":"manhole_unspecified","source":"OpenStreetMap","name":NaN,"evidence_level":"medium","details":{}}},{"type":"Feature","geometry":{"type":"Point","coordinates":[-6.49049,53.29415]},"properties":{"asset_id":"osm:node/11952655329","kind":"manhole_unspecified","source":"OpenStreetMap","name":NaN,"evidence_level":"medium","details":{}}},{"type":"Feature","geometry":{"type":"Point","coordinates":[-6.4911,53.29429]},"properties":{"asset_id":"osm:node/11952655330","kind":"manhole_unspecified","source":"OpenStreetMap","name":NaN,"evidence_level":"medium","details":{}}},{"type":"Feature","geometry":{"type":"Point","coordinates":[-6.49111,53.29439]},"properties":{"asset_id":"osm:node/11952655331","kind":"manhole_unspecified","source":"OpenStreetMap","name":NaN,"evidence_level":"medium","details":{}}},{"type":"Feature","geometry":{"type":"Point","coordinates":[-6.49113,53.29439]},"properties":{"asset_id":"osm:node/11952655332","kind":"manhole_unspecified","source":"OpenStreetMap","name":NaN,"evidence_level":"medium","details":{}}},{"type":"Feature","geometry":{"type":"Point","coordinates":[-6.49126,53.29435]},"properties":{"asset_id":"osm:node/11952655333","kind":"manhole_unspecified","source":"OpenStreetMap","name":NaN,"evidence_level":"medium","details":{}}},{"type":"Feature","geometry":{"type":"Point","coordinates":[-6.4902,53.29419]},"properties":{"asset_id":"osm:node/11952655334","kind":"manhole_unspecified","source":"OpenStreetMap","name":NaN,"evidence_level":"medium","details":{}}},{"type":"Feature","geometry":{"type":"Point","coordinates":[-6.49016,53.29425]},"properties":{"asset_id":"osm:node/11952655335","kind":"manhole_unspecified","source":"OpenStreetMap","name":NaN,"evidence_level":"medium","details":{}}},{"type":"Feature","geometry":{"type":"Point","coordinates":[-6.48986,53.29439]},"properties":{"asset_id":"osm:node/11952655336","kind":"manhole_unspecified","source":"OpenStreetMap","name":NaN,"evidence_level":"medium","details":{}}},{"type":"Feature","geometry":{"type":"Point","coordinates":[-6.48995,53.29443]},"properties":{"asset_id":"osm:node/11952655337","kind":"manhole_unspecified","source":"OpenStreetMap","name":NaN,"evidence_level":"medium","details":{}}},{"type":"Feature","geometry":{"type":"Point","coordinates":[-6.48993,53.29445]},"properties":{"asset_id":"osm:node/11952655338","kind":"manhole_unspecified","source":"OpenStreetMap","name":NaN,"evidence_level":"medium","details":{}}},{"type":"Feature","geometry":{"type":"Point","coordinates":[-6.48989,53.29446]},"properties":{"asset_id":"osm:node/11952655339","kind":"manhole_unspecified","source":"OpenStreetMap","name":NaN,"evidence_level":"medium","details":{}}},{"type":"Feature","geometry":{"type":"Point","coordinates":[-6.48972,53.2945]},"properties":{"asset_id":"osm:node/11952655340","kind":"manhole_unspecified","source":"OpenStreetMap","name":NaN,"evidence_level":"medium","details":{}}},{"type":"Feature","geometry":{"type":"Point","coordinates":[-6.49116,53.29542]},"properties":{"asset_id":"osm:node/11952655342","kind":"manhole_unspecified","source":"OpenStreetMap","name":NaN,"evidence_level":"medium","details":{}}},{"type":"Feature","geometry":{"type":"Point","coordinates":[-6.49121,53.2954]},"properties":{"asset_id":"osm:node/11952655343","kind":"manhole_unspecified","source":"OpenStreetMap","name":NaN,"evidence_level":"medium","details":{}}},{"type":"Feature","geometry":{"type":"Point","coordinates":[-6.4912,53.29539]},"properties":{"asset_id":"osm:node/11952655344","kind":"manhole_unspecified","source":"OpenStreetMap","name":NaN,"evidence_level":"medium","details":{}}},{"type":"Feature","geometry":{"type":"Point","coordinates":[-6.49119,53.29538]},"properties":{"asset_id":"osm:node/11952655345","kind":"manhole_unspecified","source":"OpenStreetMap","name":NaN,"evidence_level":"medium","details":{}}},{"type":"Feature","geometry":{"type":"Point","coordinates":[-6.49113,53.29537]},"properties":{"asset_id":"osm:node/11952655346","kind":"manhole_unspecified","source":"OpenStreetMap","name":NaN,"evidence_level":"medium","details":{}}},{"type":"Feature","geometry":{"type":"Point","coordinates":[-6.4912,53.29534]},"properties":{"asset_id":"osm:node/11952655347","kind":"manhole_unspecified","source":"OpenStreetMap","name":NaN,"evidence_level":"medium","details":{}}},{"type":"Feature","geometry":{"type":"Point","coordinates":[-6.49111,53.29534]},"properties":{"asset_id":"osm:node/11952655348","kind":"manhole_unspecified","source":"OpenStreetMap","name":NaN,"evidence_level":"medium","details":{}}},{"type":"Feature","geometry":{"type":"Point","coordinates":[-6.49105,53.29532]},"properties":{"asset_id":"osm:node/11952655349","kind":"manhole_unspecified","source":"OpenStreetMap","name":NaN,"evidence_level":"medium","details":{}}},{"type":"Feature","geometry":{"type":"Point","coordinates":[-6.49129,53.2953]},"properties":{"asset_id":"osm:node/11952655351","kind":"manhole_unspecified","source":"OpenStreetMap","name":NaN,"evidence_level":"medium","details":{}}},{"type":"Feature","geometry":{"type":"Point","coordinates":[-6.49125,53.29523]},"properties":{"asset_id":"osm:node/11952655352","kind":"manhole_unspecified","source":"OpenStreetMap","name":NaN,"evidence_level":"medium","details":{}}},{"type":"Feature","geometry":{"type":"Point","coordinates":[-6.49136,53.29526]},"properties":{"asset_id":"osm:node/11952655353","kind":"manhole_unspecified","source":"OpenStreetMap","name":NaN,"evidence_level":"medium","details":{}}},{"type":"Feature","geometry":{"type":"Point","coordinates":[-6.49151,53.29521]},"properties":{"asset_id":"osm:node/11952655354","kind":"manhole_unspecified","source":"OpenStreetMap","name":NaN,"evidence_level":"medium","details":{}}},{"type":"Feature","geometry":{"type":"Point","coordinates":[-6.49153,53.29521]},"properties":{"asset_id":"osm:node/11952655355","kind":"manhole_unspecified","source":"OpenStreetMap","name":NaN,"evidence_level":"medium","details":{}}},{"type":"Feature","geometry":{"type":"Point","coordinates":[-6.49166,53.29517]},"properties":{"asset_id":"osm:node/11952655356","kind":"manhole_unspecified","source":"OpenStreetMap","name":NaN,"evidence_level":"medium","details":{}}},{"type":"Feature","geometry":{"type":"Point","coordinates":[-6.49165,53.2951]},"properties":{"asset_id":"osm:node/11952655357","kind":"manhole_unspecified","source":"OpenStreetMap","name":NaN,"evidence_level":"medium","details":{}}},{"type":"Feature","geometry":{"type":"Point","coordinates":[-6.49141,53.29486]},"properties":{"asset_id":"osm:node/11952655358","kind":"manhole_unspecified","source":"OpenStreetMap","name":NaN,"evidence_level":"medium","details":{}}},{"type":"Feature","geometry":{"type":"Point","coordinates":[-6.49151,53.29483]},"properties":{"asset_id":"osm:node/11952655359","kind":"manhole_unspecified","source":"OpenStreetMap","name":NaN,"evidence_level":"medium","details":{}}},{"type":"Feature","geometry":{"type":"Point","coordinates":[-6.4915,53.29482]},"properties":{"asset_id":"osm:node/11952655360","kind":"manhole_unspecified","source":"OpenStreetMap","name":NaN,"evidence_level":"medium","details":{}}},{"type":"Feature","geometry":{"type":"Point","coordinates":[-6.49166,53.29478]},"properties":{"asset_id":"osm:node/11952655361","kind":"manhole_unspecified","source":"OpenStreetMap","name":NaN,"evidence_level":"medium","details":{}}},{"type":"Feature","geometry":{"type":"Point","coordinates":[-6.49166,53.29478]},"properties":{"asset_id":"osm:node/11952655362","kind":"manhole_unspecified","source":"OpenStreetMap","name":NaN,"evidence_level":"medium","details":{}}},{"type":"Feature","geometry":{"type":"Point","coordinates":[-6.49182,53.29516]},"properties":{"asset_id":"osm:node/11952710171","kind":"manhole_unspecified","source":"OpenStreetMap","name":NaN,"evidence_level":"medium","details":{}}},{"type":"Feature","geometry":{"type":"Point","coordinates":[-6.49185,53.29519]},"properties":{"asset_id":"osm:node/11952710172","kind":"manhole_unspecified","source":"OpenStreetMap","name":NaN,"evidence_level":"medium","details":{}}},{"type":"Feature","geometry":{"type":"Point","coordinates":[-6.49187,53.29521]},"properties":{"asset_id":"osm:node/11952710173","kind":"manhole_unspecified","source":"OpenStreetMap","name":NaN,"evidence_level":"medium","details":{}}},{"type":"Feature","geometry":{"type":"Point","coordinates":[-6.49189,53.29524]},"properties":{"asset_id":"osm:node/11952710174","kind":"manhole_unspecified","source":"OpenStreetMap","name":NaN,"evidence_level":"medium","details":{}}},{"type":"Feature","geometry":{"type":"Point","coordinates":[-6.49279,53.29511]},"properties":{"asset_id":"osm:node/11952710175","kind":"manhole_unspecified","source":"OpenStreetMap","name":NaN,"evidence_level":"medium","details":{}}},{"type":"Feature","geometry":{"type":"Point","coordinates":[-6.49283,53.29512]},"properties":{"asset_id":"osm:node/11952710176","kind":"manhole_unspecified","source":"OpenStreetMap","name":NaN,"evidence_level":"medium","details":{}}},{"type":"Feature","geometry":{"type":"Point","coordinates":[-6.49302,53.29511]},"properties":{"asset_id":"osm:node/11952710177","kind":"manhole_unspecified","source":"OpenStreetMap","name":NaN,"evidence_level":"medium","details":{}}},{"type":"Feature","geometry":{"type":"Point","coordinates":[-6.49371,53.29512]},"properties":{"asset_id":"osm:node/11952710178","kind":"manhole_unspecified","source":"OpenStreetMap","name":NaN,"evidence_level":"medium","details":{}}},{"type":"Feature","geometry":{"type":"Point","coordinates":[-6.49374,53.29511]},"properties":{"asset_id":"osm:node/11952710179","kind":"manhole_unspecified","source":"OpenStreetMap","name":NaN,"evidence_level":"medium","details":{}}},{"type":"Feature","geometry":{"type":"Point","coordinates":[-6.49392,53.29467]},"properties":{"asset_id":"osm:node/11952710180","kind":"manhole_unspecified","source":"OpenStreetMap","name":NaN,"evidence_level":"medium","details":{}}},{"type":"Feature","geometry":{"type":"Point","coordinates":[-6.494,53.29463]},"properties":{"asset_id":"osm:node/11952710181","kind":"manhole_unspecified","source":"OpenStreetMap","name":NaN,"evidence_level":"medium","details":{}}},{"type":"Feature","geometry":{"type":"Point","coordinates":[-6.4939,53.29465]},"properties":{"asset_id":"osm:node/11952710182","kind":"manhole_unspecified","source":"OpenStreetMap","name":NaN,"evidence_level":"medium","details":{}}},{"type":"Feature","geometry":{"type":"Point","coordinates":[-6.4939,53.29465]},"properties":{"asset_id":"osm:node/11952710183","kind":"manhole_unspecified","source":"OpenStreetMap","name":NaN,"evidence_level":"medium","details":{}}},{"type":"Feature","geometry":{"type":"Point","coordinates":[-6.49392,53.29463]},"properties":{"asset_id":"osm:node/11952710184","kind":"manhole_unspecified","source":"OpenStreetMap","name":NaN,"evidence_level":"medium","details":{}}},{"type":"Feature","geometry":{"type":"Point","coordinates":[-6.4941,53.29471]},"properties":{"asset_id":"osm:node/11952710185","kind":"manhole_unspecified","source":"OpenStreetMap","name":NaN,"evidence_level":"medium","details":{}}},{"type":"Feature","geometry":{"type":"Point","coordinates":[-6.49411,53.29473]},"properties":{"asset_id":"osm:node/11952710186","kind":"manhole_unspecified","source":"OpenStreetMap","name":NaN,"evidence_level":"medium","details":{}}},{"type":"Feature","geometry":{"type":"Point","coordinates":[-6.49411,53.29474]},"properties":{"asset_id":"osm:node/11952710187","kind":"manhole_unspecified","source":"OpenStreetMap","name":NaN,"evidence_level":"medium","details":{}}},{"type":"Feature","geometry":{"type":"Point","coordinates":[-6.49408,53.29477]},"properties":{"asset_id":"osm:node/11952710188","kind":"manhole_unspecified","source":"OpenStreetMap","name":NaN,"evidence_level":"medium","details":{}}},{"type":"Feature","geometry":{"type":"Point","coordinates":[-6.49409,53.29481]},"properties":{"asset_id":"osm:node/11952710189","kind":"manhole_unspecified","source":"OpenStreetMap","name":NaN,"evidence_level":"medium","details":{}}},{"type":"Feature","geometry":{"type":"Point","coordinates":[-6.49409,53.2948]},"properties":{"asset_id":"osm:node/11952710190","kind":"manhole_unspecified","source":"OpenStreetMap","name":NaN,"evidence_level":"medium","details":{}}},{"type":"Feature","geometry":{"type":"Point","coordinates":[-6.49407,53.29482]},"properties":{"asset_id":"osm:node/11952710191","kind":"manhole_unspecified","source":"OpenStreetMap","name":NaN,"evidence_level":"medium","details":{}}},{"type":"Feature","geometry":{"type":"Point","coordinates":[-6.49384,53.29482]},"properties":{"asset_id":"osm:node/11952710192","kind":"manhole_unspecified","source":"OpenStreetMap","name":NaN,"evidence_level":"medium","details":{}}},{"type":"Feature","geometry":{"type":"Point","coordinates":[-6.49384,53.29481]},"properties":{"asset_id":"osm:node/11952710193","kind":"manhole_unspecified","source":"OpenStreetMap","name":NaN,"evidence_level":"medium","details":{}}},{"type":"Feature","geometry":{"type":"Point","coordinates":[-6.49385,53.29479]},"properties":{"asset_id":"osm:node/11952710194","kind":"manhole_unspecified","source":"OpenStreetMap","name":NaN,"evidence_level":"medium","details":{}}},{"type":"Feature","geometry":{"type":"Point","coordinates":[-6.49385,53.29478]},"properties":{"asset_id":"osm:node/11952710195","kind":"manhole_unspecified","source":"OpenStreetMap","name":NaN,"evidence_level":"medium","details":{}}},{"type":"Feature","geometry":{"type":"Point","coordinates":[-6.49388,53.29475]},"properties":{"asset_id":"osm:node/11952710196","kind":"manhole_unspecified","source":"OpenStreetMap","name":NaN,"evidence_level":"medium","details":{}}},{"type":"Feature","geometry":{"type":"Point","coordinates":[-6.4939,53.29469]},"properties":{"asset_id":"osm:node/11952710197","kind":"manhole_unspecified","source":"OpenStreetMap","name":NaN,"evidence_level":"medium","details":{}}},{"type":"Feature","geometry":{"type":"Point","coordinates":[-6.49388,53.29472]},"properties":{"asset_id":"osm:node/11952710198","kind":"manhole_unspecified","source":"OpenStreetMap","name":NaN,"evidence_level":"medium","details":{}}},{"type":"Feature","geometry":{"type":"Point","coordinates":[-6.4939,53.29531]},"properties":{"asset_id":"osm:node/11952710199","kind":"manhole_unspecified","source":"OpenStreetMap","name":NaN,"evidence_level":"medium","details":{}}},{"type":"Feature","geometry":{"type":"Point","coordinates":[-6.49422,53.2954]},"properties":{"asset_id":"osm:node/11952710200","kind":"manhole_unspecified","source":"OpenStreetMap","name":NaN,"evidence_level":"medium","details":{}}},{"type":"Feature","geometry":{"type":"Point","coordinates":[-6.49424,53.29539]},"properties":{"asset_id":"osm:node/11952710201","kind":"manhole_unspecified","source":"OpenStreetMap","name":NaN,"evidence_level":"medium","details":{}}},{"type":"Feature","geometry":{"type":"Point","coordinates":[-6.49388,53.29567]},"properties":{"asset_id":"osm:node/11952710202","kind":"manhole_unspecified","source":"OpenStreetMap","name":NaN,"evidence_level":"medium","details":{}}},{"type":"Feature","geometry":{"type":"Point","coordinates":[-6.49387,53.2957]},"properties":{"asset_id":"osm:node/11952710203","kind":"manhole_unspecified","source":"OpenStreetMap","name":NaN,"evidence_level":"medium","details":{}}},{"type":"Feature","geometry":{"type":"Point","coordinates":[-6.49388,53.29574]},"properties":{"asset_id":"osm:node/11952710204","kind":"manhole_unspecified","source":"OpenStreetMap","name":NaN,"evidence_level":"medium","details":{}}},{"type":"Feature","geometry":{"type":"Point","coordinates":[-6.49416,53.29575]},"properties":{"asset_id":"osm:node/11952710205","kind":"manhole_unspecified","source":"OpenStreetMap","name":NaN,"evidence_level":"medium","details":{}}},{"type":"Feature","geometry":{"type":"Point","coordinates":[-6.49419,53.29586]},"properties":{"asset_id":"osm:node/11952710206","kind":"manhole_unspecified","source":"OpenStreetMap","name":NaN,"evidence_level":"medium","details":{}}},{"type":"Feature","geometry":{"type":"Point","coordinates":[-6.49386,53.2959]},"properties":{"asset_id":"osm:node/11952710207","kind":"manhole_unspecified","source":"OpenStreetMap","name":NaN,"evidence_level":"medium","details":{}}},{"type":"Feature","geometry":{"type":"Point","coordinates":[-6.49502,53.29498]},"properties":{"asset_id":"osm:node/11952710208","kind":"manhole_unspecified","source":"OpenStreetMap","name":NaN,"evidence_level":"medium","details":{}}},{"type":"Feature","geometry":{"type":"Point","coordinates":[-6.49505,53.29498]},"properties":{"asset_id":"osm:node/11952710209","kind":"manhole_unspecified","source":"OpenStreetMap","name":NaN,"evidence_level":"medium","details":{}}},{"type":"Feature","geometry":{"type":"Point","coordinates":[-6.49569,53.29486]},"properties":{"asset_id":"osm:node/11952710210","kind":"manhole_unspecified","source":"OpenStreetMap","name":NaN,"evidence_level":"medium","details":{}}},{"type":"Feature","geometry":{"type":"Point","coordinates":[-6.49597,53.29488]},"properties":{"asset_id":"osm:node/11952710213","kind":"manhole_unspecified","source":"OpenStreetMap","name":NaN,"evidence_level":"medium","details":{}}},{"type":"Feature","geometry":{"type":"Point","coordinates":[-6.49597,53.29487]},"properties":{"asset_id":"osm:node/11952710214","kind":"manhole_unspecified","source":"OpenStreetMap","name":NaN,"evidence_level":"medium","details":{}}},{"type":"Feature","geometry":{"type":"Point","coordinates":[-6.49627,53.29484]},"properties":{"asset_id":"osm:node/11952710215","kind":"manhole_unspecified","source":"OpenStreetMap","name":NaN,"evidence_level":"medium","details":{}}},{"type":"Feature","geometry":{"type":"Point","coordinates":[-6.49622,53.29471]},"properties":{"asset_id":"osm:node/11952710216","kind":"manhole_unspecified","source":"OpenStreetMap","name":NaN,"evidence_level":"medium","details":{}}},{"type":"Feature","geometry":{"type":"Point","coordinates":[-6.49622,53.29469]},"properties":{"asset_id":"osm:node/11952710217","kind":"manhole_unspecified","source":"OpenStreetMap","name":NaN,"evidence_level":"medium","details":{}}},{"type":"Feature","geometry":{"type":"Point","coordinates":[-6.49603,53.29472]},"properties":{"asset_id":"osm:node/11952710218","kind":"manhole_unspecified","source":"OpenStreetMap","name":NaN,"evidence_level":"medium","details":{}}},{"type":"Feature","geometry":{"type":"Point","coordinates":[-6.49612,53.29465]},"properties":{"asset_id":"osm:node/11952710219","kind":"manhole_unspecified","source":"OpenStreetMap","name":NaN,"evidence_level":"medium","details":{}}},{"type":"Feature","geometry":{"type":"Point","coordinates":[-6.49579,53.29562]},"properties":{"asset_id":"osm:node/11952710221","kind":"manhole_unspecified","source":"OpenStreetMap","name":NaN,"evidence_level":"medium","details":{}}},{"type":"Feature","geometry":{"type":"Point","coordinates":[-6.49564,53.29555]},"properties":{"asset_id":"osm:node/11952710222","kind":"manhole_unspecified","source":"OpenStreetMap","name":NaN,"evidence_level":"medium","details":{}}},{"type":"Feature","geometry":{"type":"Point","coordinates":[-6.49602,53.29557]},"properties":{"asset_id":"osm:node/11952710223","kind":"manhole_unspecified","source":"OpenStreetMap","name":NaN,"evidence_level":"medium","details":{}}},{"type":"Feature","geometry":{"type":"Point","coordinates":[-6.49663,53.2955]},"properties":{"asset_id":"osm:node/11952710224","kind":"manhole_unspecified","source":"OpenStreetMap","name":NaN,"evidence_level":"medium","details":{}}},{"type":"Feature","geometry":{"type":"Point","coordinates":[-6.49665,53.29548]},"properties":{"asset_id":"osm:node/11952710225","kind":"manhole_unspecified","source":"OpenStreetMap","name":NaN,"evidence_level":"medium","details":{}}},{"type":"Feature","geometry":{"type":"Point","coordinates":[-6.49666,53.29544]},"properties":{"asset_id":"osm:node/11952710226","kind":"manhole_unspecified","source":"OpenStreetMap","name":NaN,"evidence_level":"medium","details":{}}},{"type":"Feature","geometry":{"type":"Point","coordinates":[-6.49686,53.29517]},"properties":{"asset_id":"osm:node/11952710227","kind":"manhole_unspecified","source":"OpenStreetMap","name":NaN,"evidence_level":"medium","details":{}}},{"type":"Feature","geometry":{"type":"Point","coordinates":[-6.49691,53.29513]},"properties":{"asset_id":"osm:node/11952710228","kind":"manhole_unspecified","source":"OpenStreetMap","name":NaN,"evidence_level":"medium","details":{}}},{"type":"Feature","geometry":{"type":"Point","coordinates":[-6.49674,53.295]},"properties":{"asset_id":"osm:node/11952710229","kind":"manhole_unspecified","source":"OpenStreetMap","name":NaN,"evidence_level":"medium","details":{}}},{"type":"Feature","geometry":{"type":"Point","coordinates":[-6.49724,53.29455]},"properties":{"asset_id":"osm:node/11952710230","kind":"manhole_unspecified","source":"OpenStreetMap","name":NaN,"evidence_level":"medium","details":{}}},{"type":"Feature","geometry":{"type":"Point","coordinates":[-6.49694,53.29434]},"properties":{"asset_id":"osm:node/11952710232","kind":"manhole_unspecified","source":"OpenStreetMap","name":NaN,"evidence_level":"medium","details":{}}},{"type":"Feature","geometry":{"type":"Point","coordinates":[-6.49689,53.29432]},"properties":{"asset_id":"osm:node/11952710233","kind":"manhole_unspecified","source":"OpenStreetMap","name":NaN,"evidence_level":"medium","details":{}}},{"type":"Feature","geometry":{"type":"Point","coordinates":[-6.49694,53.29543]},"properties":{"asset_id":"osm:node/11952710234","kind":"manhole_unspecified","source":"OpenStreetMap","name":NaN,"evidence_level":"medium","details":{}}},{"type":"Feature","geometry":{"type":"Point","coordinates":[-6.4969,53.29549]},"properties":{"asset_id":"osm:node/11952710235","kind":"manhole_unspecified","source":"OpenStreetMap","name":NaN,"evidence_level":"medium","details":{}}},{"type":"Feature","geometry":{"type":"Point","coordinates":[-6.49685,53.29548]},"properties":{"asset_id":"osm:node/11952710236","kind":"manhole_unspecified","source":"OpenStreetMap","name":NaN,"evidence_level":"medium","details":{}}},{"type":"Feature","geometry":{"type":"Point","coordinates":[-6.49674,53.29569]},"properties":{"asset_id":"osm:node/11952710237","kind":"manhole_unspecified","source":"OpenStreetMap","name":NaN,"evidence_level":"medium","details":{}}},{"type":"Feature","geometry":{"type":"Point","coordinates":[-6.49667,53.29584]},"properties":{"asset_id":"osm:node/11952710238","kind":"manhole_unspecified","source":"OpenStreetMap","name":NaN,"evidence_level":"medium","details":{}}},{"type":"Feature","geometry":{"type":"Point","coordinates":[-6.49669,53.2958]},"properties":{"asset_id":"osm:node/11952710239","kind":"manhole_unspecified","source":"OpenStreetMap","name":NaN,"evidence_level":"medium","details":{}}},{"type":"Feature","geometry":{"type":"Point","coordinates":[-6.49649,53.29576]},"properties":{"asset_id":"osm:node/11952710240","kind":"manhole_unspecified","source":"OpenStreetMap","name":NaN,"evidence_level":"medium","details":{}}},{"type":"Feature","geometry":{"type":"Point","coordinates":[-6.49652,53.29571]},"properties":{"asset_id":"osm:node/11952710242","kind":"manhole_unspecified","source":"OpenStreetMap","name":NaN,"evidence_level":"medium","details":{}}},{"type":"Feature","geometry":{"type":"Point","coordinates":[-6.49654,53.29566]},"properties":{"asset_id":"osm:node/11952710243","kind":"manhole_unspecified","source":"OpenStreetMap","name":NaN,"evidence_level":"medium","details":{}}},{"type":"Feature","geometry":{"type":"Point","coordinates":[-6.49643,53.29589]},"properties":{"asset_id":"osm:node/11952710244","kind":"manhole_unspecified","source":"OpenStreetMap","name":NaN,"evidence_level":"medium","details":{}}},{"type":"Feature","geometry":{"type":"Point","coordinates":[-6.4965,53.29618]},"properties":{"asset_id":"osm:node/11952710245","kind":"manhole_unspecified","source":"OpenStreetMap","name":NaN,"evidence_level":"medium","details":{}}},{"type":"Feature","geometry":{"type":"Point","coordinates":[-6.49666,53.29589]},"properties":{"asset_id":"osm:node/11952710246","kind":"manhole_unspecified","source":"OpenStreetMap","name":NaN,"evidence_level":"medium","details":{}}},{"type":"Feature","geometry":{"type":"Point","coordinates":[-6.49667,53.29587]},"properties":{"asset_id":"osm:node/11952710247","kind":"manhole_unspecified","source":"OpenStreetMap","name":NaN,"evidence_level":"medium","details":{}}},{"type":"Feature","geometry":{"type":"Point","coordinates":[-6.4967,53.29581]},"properties":{"asset_id":"osm:node/11952710248","kind":"manhole_unspecified","source":"OpenStreetMap","name":NaN,"evidence_level":"medium","details":{}}},{"type":"Feature","geometry":{"type":"Point","coordinates":[-6.49671,53.29578]},"properties":{"asset_id":"osm:node/11952710249","kind":"manhole_unspecified","source":"OpenStreetMap","name":NaN,"evidence_level":"medium","details":{}}},{"type":"Feature","geometry":{"type":"Point","coordinates":[-6.49673,53.29574]},"properties":{"asset_id":"osm:node/11952710250","kind":"manhole_unspecified","source":"OpenStreetMap","name":NaN,"evidence_level":"medium","details":{}}},{"type":"Feature","geometry":{"type":"Point","coordinates":[-6.49677,53.29568]},"properties":{"asset_id":"osm:node/11952710251","kind":"manhole_unspecified","source":"OpenStreetMap","name":NaN,"evidence_level":"medium","details":{}}},{"type":"Feature","geometry":{"type":"Point","coordinates":[-6.49677,53.29567]},"properties":{"asset_id":"osm:node/11952710252","kind":"manhole_unspecified","source":"OpenStreetMap","name":NaN,"evidence_level":"medium","details":{}}},{"type":"Feature","geometry":{"type":"Point","coordinates":[-6.4968,53.2956]},"properties":{"asset_id":"osm:node/11952710253","kind":"manhole_unspecified","source":"OpenStreetMap","name":NaN,"evidence_level":"medium","details":{}}},{"type":"Feature","geometry":{"type":"Point","coordinates":[-6.49682,53.29558]},"properties":{"asset_id":"osm:node/11952710254","kind":"manhole_unspecified","source":"OpenStreetMap","name":NaN,"evidence_level":"medium","details":{}}},{"type":"Feature","geometry":{"type":"Point","coordinates":[-6.49686,53.29552]},"properties":{"asset_id":"osm:node/11952710255","kind":"manhole_unspecified","source":"OpenStreetMap","name":NaN,"evidence_level":"medium","details":{}}},{"type":"Feature","geometry":{"type":"Point","coordinates":[-6.49704,53.29532]},"properties":{"asset_id":"osm:node/11952710256","kind":"manhole_unspecified","source":"OpenStreetMap","name":NaN,"evidence_level":"medium","details":{}}},{"type":"Feature","geometry":{"type":"Point","coordinates":[-6.49708,53.29532]},"properties":{"asset_id":"osm:node/11952710257","kind":"manhole_unspecified","source":"OpenStreetMap","name":NaN,"evidence_level":"medium","details":{}}},{"type":"Feature","geometry":{"type":"Point","coordinates":[-6.53988,53.17164]},"properties":{"asset_id":"osm:node/11964370387","kind":"manhole_water","source":"OpenStreetMap","name":NaN,"evidence_level":"medium","details":{"manhole":"water"}}},{"type":"Feature","geometry":{"type":"Point","coordinates":[-6.45388,53.31388]},"properties":{"asset_id":"osm:node/11990658848","kind":"manhole_unspecified","source":"OpenStreetMap","name":NaN,"evidence_level":"medium","details":{}}},{"type":"Feature","geometry":{"type":"Point","coordinates":[-6.22503,53.31012]},"properties":{"asset_id":"osm:node/12001230914","kind":"hydrant","source":"OpenStreetMap","name":NaN,"evidence_level":"high","details":{"ref":"H6-11"}}},{"type":"Feature","geometry":{"type":"Point","coordinates":[-6.22401,53.30966]},"properties":{"asset_id":"osm:node/12001230918","kind":"hydrant","source":"OpenStreetMap","name":NaN,"evidence_level":"high","details":{}}},{"type":"Feature","geometry":{"type":"Point","coordinates":[-6.22545,53.30997]},"properties":{"asset_id":"osm:node/12001230962","kind":"hydrant","source":"OpenStreetMap","name":NaN,"evidence_level":"high","details":{}}},{"type":"Feature","geometry":{"type":"Point","coordinates":[-6.2249,53.30984]},"properties":{"asset_id":"osm:node/12001303469","kind":"hydrant","source":"OpenStreetMap","name":NaN,"evidence_level":"high","details":{}}},{"type":"Feature","geometry":{"type":"Point","coordinates":[-6.22226,53.30899]},"properties":{"asset_id":"osm:node/12001303498","kind":"hydrant","source":"OpenStreetMap","name":NaN,"evidence_level":"high","details":{}}},{"type":"Feature","geometry":{"type":"Point","coordinates":[-6.22336,53.30946]},"properties":{"asset_id":"osm:node/12001303500","kind":"hydrant","source":"OpenStreetMap","name":NaN,"evidence_level":"high","details":{}}},{"type":"Feature","geometry":{"type":"Point","coordinates":[-6.28189,53.31638]},"properties":{"asset_id":"osm:node/12001557473","kind":"hydrant","source":"OpenStreetMap","name":NaN,"evidence_level":"high","details":{"fire_hydrant:type":"underground","water_source":"main"}}},{"type":"Feature","geometry":{"type":"Point","coordinates":[-6.28181,53.31687]},"properties":{"asset_id":"osm:node/12001677175","kind":"hydrant","source":"OpenStreetMap","name":NaN,"evidence_level":"high","details":{"fire_hydrant:type":"underground","water_source":"main"}}},{"type":"Feature","geometry":{"type":"Point","coordinates":[-6.26161,53.3704]},"properties":{"asset_id":"osm:node/12046645645","kind":"drinking_fountain","source":"OpenStreetMap","name":NaN,"evidence_level":"medium","details":{"operator":"Dublin City Council"}}},{"type":"Feature","geometry":{"type":"Point","coordinates":[-6.26316,53.34556]},"properties":{"asset_id":"osm:node/12053173255","kind":"drinking_fountain","source":"OpenStreetMap","name":NaN,"evidence_level":"medium","details":{}}},{"type":"Feature","geometry":{"type":"Point","coordinates":[-6.09617,53.53204]},"properties":{"asset_id":"osm:node/12060259866","kind":"hydrant","source":"OpenStreetMap","name":NaN,"evidence_level":"high","details":{"fire_hydrant:type":"underground","water_source":"main"}}},{"type":"Feature","geometry":{"type":"Point","coordinates":[-6.09737,53.54693]},"properties":{"asset_id":"osm:node/12077620578","kind":"hydrant","source":"OpenStreetMap","name":NaN,"evidence_level":"high","details":{"fire_hydrant:type":"underground","water_source":"main"}}},{"type":"Feature","geometry":{"type":"Point","coordinates":[-6.10127,53.54683]},"properties":{"asset_id":"osm:node/12080707593","kind":"water_well","source":"OpenStreetMap","name":NaN,"evidence_level":NaN,"details":{}}},{"type":"Feature","geometry":{"type":"Point","coordinates":[-6.27893,53.35346]},"properties":{"asset_id":"osm:node/12090145737","kind":"hydrant","source":"OpenStreetMap","name":NaN,"evidence_level":"high","details":{}}},{"type":"Feature","geometry":{"type":"Point","coordinates":[-6.20937,53.30323]},"properties":{"asset_id":"osm:node/12090337393","kind":"hydrant","source":"OpenStreetMap","name":NaN,"evidence_level":"high","details":{"fire_hydrant:type":"underground","fire_hydrant:position":"grass"}}},{"type":"Feature","geometry":{"type":"Point","coordinates":[-6.21534,53.29741]},"properties":{"asset_id":"osm:node/12096904219","kind":"hydrant","source":"OpenStreetMap","name":NaN,"evidence_level":"high","details":{"fire_hydrant:type":"underground"}}},{"type":"Feature","geometry":{"type":"Point","coordinates":[-6.21963,53.29831]},"properties":{"asset_id":"osm:node/12096904225","kind":"hydrant","source":"OpenStreetMap","name":NaN,"evidence_level":"high","details":{"fire_hydrant:type":"underground"}}},{"type":"Feature","geometry":{"type":"Point","coordinates":[-6.21516,53.29171]},"properties":{"asset_id":"osm:node/12099073875","kind":"hydrant","source":"OpenStreetMap","name":NaN,"evidence_level":"high","details":{"fire_hydrant:type":"underground"}}},{"type":"Feature","geometry":{"type":"Point","coordinates":[-6.21236,53.2935]},"properties":{"asset_id":"osm:node/12099073878","kind":"hydrant","source":"OpenStreetMap","name":NaN,"evidence_level":"high","details":{"fire_hydrant:type":"underground"}}},{"type":"Feature","geometry":{"type":"Point","coordinates":[-6.24961,53.35119]},"properties":{"asset_id":"osm:node/12104246945","kind":"drinking_fountain","source":"OpenStreetMap","name":NaN,"evidence_level":"medium","details":{}}},{"type":"Feature","geometry":{"type":"Point","coordinates":[-6.20859,53.29987]},"properties":{"asset_id":"osm:node/12106012147","kind":"hydrant","source":"OpenStreetMap","name":NaN,"evidence_level":"high","details":{"fire_hydrant:type":"underground"}}},{"type":"Feature","geometry":{"type":"Point","coordinates":[-6.20647,53.29727]},"properties":{"asset_id":"osm:node/12107785419","kind":"hydrant","source":"OpenStreetMap","name":NaN,"evidence_level":"high","details":{"fire_hydrant:type":"underground"}}},{"type":"Feature","geometry":{"type":"Point","coordinates":[-6.20517,53.29344]},"properties":{"asset_id":"osm:node/12112851293","kind":"hydrant","source":"OpenStreetMap","name":NaN,"evidence_level":"high","details":{"fire_hydrant:type":"underground"}}},{"type":"Feature","geometry":{"type":"Point","coordinates":[-6.21293,53.28895]},"properties":{"asset_id":"osm:node/12114411579","kind":"hydrant","source":"OpenStreetMap","name":NaN,"evidence_level":"high","details":{"fire_hydrant:type":"underground"}}},{"type":"Feature","geometry":{"type":"Point","coordinates":[-6.22321,53.30606]},"properties":{"asset_id":"osm:node/12117135536","kind":"hydrant","source":"OpenStreetMap","name":NaN,"evidence_level":"high","details":{"fire_hydrant:type":"underground"}}},{"type":"Feature","geometry":{"type":"Point","coordinates":[-6.22177,53.30492]},"properties":{"asset_id":"osm:node/12117135548","kind":"hydrant","source":"OpenStreetMap","name":NaN,"evidence_level":"high","details":{"fire_hydrant:type":"underground","ref":"H9-05"}}},{"type":"Feature","geometry":{"type":"Point","coordinates":[-6.25734,53.34346]},"properties":{"asset_id":"osm:node/12118553966","kind":"drinking_fountain","source":"OpenStreetMap","name":NaN,"evidence_level":"medium","details":{}}},{"type":"Feature","geometry":{"type":"Point","coordinates":[-6.22147,53.30473]},"properties":{"asset_id":"osm:node/12118608285","kind":"hydrant","source":"OpenStreetMap","name":NaN,"evidence_level":"high","details":{"ref":"H4-01"}}},{"type":"Feature","geometry":{"type":"Point","coordinates":[-6.25892,53.38582]},"properties":{"asset_id":"osm:node/12133856999","kind":"drinking_fountain","source":"OpenStreetMap","name":NaN,"evidence_level":"medium","details":{}}},{"type":"Feature","geometry":{"type":"Point","coordinates":[-6.25728,53.33651]},"properties":{"asset_id":"osm:node/12135712394","kind":"hydrant","source":"OpenStreetMap","name":NaN,"evidence_level":"high","details":{"fire_hydrant:type":"underground","fire_hydrant:position":"sidewalk"}}},{"type":"Feature","geometry":{"type":"Point","coordinates":[-6.25727,53.33651]},"properties":{"asset_id":"osm:node/12135750276","kind":"hydrant","source":"OpenStreetMap","name":NaN,"evidence_level":"high","details":{"fire_hydrant:type":"underground"}}},{"type":"Feature","geometry":{"type":"Point","coordinates":[-6.25983,53.33961]},"properties":{"asset_id":"osm:node/12135750279","kind":"hydrant","source":"OpenStreetMap","name":NaN,"evidence_level":"high","details":{"fire_hydrant:type":"underground"}}},{"type":"Feature","geometry":{"type":"Point","coordinates":[-6.25693,53.33689]},"properties":{"asset_id":"osm:node/12135750304","kind":"hydrant","source":"OpenStreetMap","name":NaN,"evidence_level":"high","details":{"fire_hydrant:type":"underground"}}},{"type":"Feature","geometry":{"type":"Point","coordinates":[-6.20254,53.29376]},"properties":{"asset_id":"osm:node/12140773450","kind":"hydrant","source":"OpenStreetMap","name":NaN,"evidence_level":"high","details":{"fire_hydrant:type":"underground"}}},{"type":"Feature","geometry":{"type":"Point","coordinates":[-6.20229,53.293]},"properties":{"asset_id":"osm:node/12140773457","kind":"hydrant","source":"OpenStreetMap","name":NaN,"evidence_level":"high","details":{"fire_hydrant:type":"underground"}}},{"type":"Feature","geometry":{"type":"Point","coordinates":[-6.20861,53.36202]},"properties":{"asset_id":"osm:node/12142637355","kind":"water_well","source":"OpenStreetMap","name":NaN,"evidence_level":NaN,"details":{}}},{"type":"Feature","geometry":{"type":"Point","coordinates":[-6.2772,53.3539]},"properties":{"asset_id":"osm:node/12145987571","kind":"hydrant","source":"OpenStreetMap","name":NaN,"evidence_level":"high","details":{"fire_hydrant:type":"underground"}}},{"type":"Feature","geometry":{"type":"Point","coordinates":[-6.21359,53.28733]},"properties":{"asset_id":"osm:node/12155133473","kind":"hydrant","source":"OpenStreetMap","name":NaN,"evidence_level":"high","details":{"fire_hydrant:type":"underground"}}},{"type":"Feature","geometry":{"type":"Point","coordinates":[-6.22006,53.28823]},"properties":{"asset_id":"osm:node/12155133499","kind":"hydrant","source":"OpenStreetMap","name":NaN,"evidence_level":"high","details":{"fire_hydrant:type":"underground"}}},{"type":"Feature","geometry":{"type":"Point","coordinates":[-6.22285,53.28812]},"properties":{"asset_id":"osm:node/12155138106","kind":"hydrant","source":"OpenStreetMap","name":NaN,"evidence_level":"high","details":{"fire_hydrant:type":"underground"}}},{"type":"Feature","geometry":{"type":"Point","coordinates":[-6.21371,53.28783]},"properties":{"asset_id":"osm:node/12155138123","kind":"hydrant","source":"OpenStreetMap","name":NaN,"evidence_level":"high","details":{"fire_hydrant:type":"underground"}}},{"type":"Feature","geometry":{"type":"Point","coordinates":[-6.22059,53.28819]},"properties":{"asset_id":"osm:node/12155138127","kind":"hydrant","source":"OpenStreetMap","name":NaN,"evidence_level":"high","details":{"fire_hydrant:type":"underground"}}},{"type":"Feature","geometry":{"type":"Point","coordinates":[-6.21454,53.28133]},"properties":{"asset_id":"osm:node/12155948161","kind":"hydrant","source":"OpenStreetMap","name":NaN,"evidence_level":"high","details":{"fire_hydrant:type":"underground"}}},{"type":"Feature","geometry":{"type":"Point","coordinates":[-6.21573,53.2817]},"properties":{"asset_id":"osm:node/12155948164","kind":"hydrant","source":"OpenStreetMap","name":NaN,"evidence_level":"high","details":{"fire_hydrant:type":"underground"}}},{"type":"Feature","geometry":{"type":"Point","coordinates":[-6.21965,53.28579]},"properties":{"asset_id":"osm:node/12159966792","kind":"hydrant","source":"OpenStreetMap","name":NaN,"evidence_level":"high","details":{"fire_hydrant:type":"underground"}}},{"type":"Feature","geometry":{"type":"Point","coordinates":[-6.21738,53.28552]},"properties":{"asset_id":"osm:node/12159975338","kind":"hydrant","source":"OpenStreetMap","name":NaN,"evidence_level":"high","details":{"fire_hydrant:type":"underground"}}},{"type":"Feature","geometry":{"type":"Point","coordinates":[-6.217,53.28676]},"properties":{"asset_id":"osm:node/12159975351","kind":"hydrant","source":"OpenStreetMap","name":NaN,"evidence_level":"high","details":{"fire_hydrant:type":"underground"}}},{"type":"Feature","geometry":{"type":"Point","coordinates":[-6.21633,53.28387]},"properties":{"asset_id":"osm:node/12163642245","kind":"hydrant","source":"OpenStreetMap","name":NaN,"evidence_level":"high","details":{"fire_hydrant:type":"underground"}}},{"type":"Feature","geometry":{"type":"Point","coordinates":[-6.21904,53.28366]},"properties":{"asset_id":"osm:node/12163642247","kind":"hydrant","source":"OpenStreetMap","name":NaN,"evidence_level":"high","details":{"fire_hydrant:type":"underground"}}},{"type":"Feature","geometry":{"type":"Point","coordinates":[-6.2178,53.28324]},"properties":{"asset_id":"osm:node/12163642253","kind":"hydrant","source":"OpenStreetMap","name":NaN,"evidence_level":"high","details":{"fire_hydrant:type":"underground"}}},{"type":"Feature","geometry":{"type":"Point","coordinates":[-6.21234,53.30422]},"properties":{"asset_id":"osm:node/12176467845","kind":"hydrant","source":"OpenStreetMap","name":NaN,"evidence_level":"high","details":{"fire_hydrant:type":"underground"}}},{"type":"Feature","geometry":{"type":"Point","coordinates":[-6.22329,53.30544]},"properties":{"asset_id":"osm:node/12176467846","kind":"hydrant","source":"OpenStreetMap","name":NaN,"evidence_level":"high","details":{"fire_hydrant:type":"underground","ref":"H9-08"}}},{"type":"Feature","geometry":{"type":"Point","coordinates":[-6.22015,53.30358]},"properties":{"asset_id":"osm:node/12176467850","kind":"hydrant","source":"OpenStreetMap","name":NaN,"evidence_level":"high","details":{"fire_hydrant:type":"underground","ref":"225 4.3"}}},{"type":"Feature","geometry":{"type":"Point","coordinates":[-6.21903,53.30369]},"properties":{"asset_id":"osm:node/12176467853","kind":"hydrant","source":"OpenStreetMap","name":NaN,"evidence_level":"high","details":{"fire_hydrant:type":"underground"}}},{"type":"Feature","geometry":{"type":"Point","coordinates":[-6.23025,53.30568]},"properties":{"asset_id":"osm:node/12176467860","kind":"hydrant","source":"OpenStreetMap","name":NaN,"evidence_level":"high","details":{"fire_hydrant:type":"underground","ref":"H2-03"}}},{"type":"Feature","geometry":{"type":"Point","coordinates":[-6.22274,53.30518]},"properties":{"asset_id":"osm:node/12176467866","kind":"hydrant","source":"OpenStreetMap","name":NaN,"evidence_level":"high","details":{"fire_hydrant:type":"underground","ref":"H9-07"}}},{"type":"Feature","geometry":{"type":"Point","coordinates":[-6.54352,53.33651]},"properties":{"asset_id":"osm:node/12178782782","kind":"water_pumping_station","source":"OpenStreetMap","name":NaN,"evidence_level":NaN,"details":{}}},{"type":"Feature","geometry":{"type":"Point","coordinates":[-6.19629,53.2726]},"properties":{"asset_id":"osm:node/12185921244","kind":"hydrant","source":"OpenStreetMap","name":NaN,"evidence_level":"high","details":{"fire_hydrant:type":"underground","ref":"100:1"}}},{"type":"Feature","geometry":{"type":"Point","coordinates":[-6.1923,53.27189]},"properties":{"asset_id":"osm:node/12185921259","kind":"hydrant","source":"OpenStreetMap","name":NaN,"evidence_level":"high","details":{"fire_hydrant:type":"underground","ref":"100:1"}}},{"type":"Feature","geometry":{"type":"Point","coordinates":[-6.19254,53.27148]},"properties":{"asset_id":"osm:node/12185921262","kind":"hydrant","source":"OpenStreetMap","name":NaN,"evidence_level":"high","details":{"fire_hydrant:type":"underground","ref":"100:1"}}},{"type":"Feature","geometry":{"type":"Point","coordinates":[-6.19407,53.27178]},"properties":{"asset_id":"osm:node/12185921266","kind":"hydrant","source":"OpenStreetMap","name":NaN,"evidence_level":"high","details":{"fire_hydrant:type":"underground","ref":"100:1"}}},{"type":"Feature","geometry":{"type":"Point","coordinates":[-6.19521,53.27208]},"properties":{"asset_id":"osm:node/12185921268","kind":"hydrant","source":"OpenStreetMap","name":NaN,"evidence_level":"high","details":{"fire_hydrant:type":"underground"}}},{"type":"Feature","geometry":{"type":"Point","coordinates":[-6.19319,53.27235]},"properties":{"asset_id":"osm:node/12185921284","kind":"hydrant","source":"OpenStreetMap","name":NaN,"evidence_level":"high","details":{"fire_hydrant:type":"underground","ref":"100:1"}}},{"type":"Feature","geometry":{"type":"Point","coordinates":[-6.27236,53.34311]},"properties":{"asset_id":"osm:node/12189950582","kind":"hydrant","source":"OpenStreetMap","name":NaN,"evidence_level":"high","details":{"fire_hydrant:type":"underground"}}},{"type":"Feature","geometry":{"type":"Point","coordinates":[-6.51242,53.38364]},"properties":{"asset_id":"osm:node/12198823748","kind":"water_tower","source":"OpenStreetMap","name":NaN,"evidence_level":NaN,"details":{}}},{"type":"Feature","geometry":{"type":"Point","coordinates":[-6.25831,53.34072]},"properties":{"asset_id":"osm:node/12206774113","kind":"hydrant","source":"OpenStreetMap","name":NaN,"evidence_level":"high","details":{"fire_hydrant:type":"underground"}}},{"type":"Feature","geometry":{"type":"Point","coordinates":[-6.25513,53.33454]},"properties":{"asset_id":"osm:node/12206774114","kind":"hydrant","source":"OpenStreetMap","name":NaN,"evidence_level":"high","details":{"fire_hydrant:type":"underground"}}},{"type":"Feature","geometry":{"type":"Point","coordinates":[-6.25393,53.33504]},"properties":{"asset_id":"osm:node/12206774115","kind":"hydrant","source":"OpenStreetMap","name":NaN,"evidence_level":"high","details":{"fire_hydrant:type":"underground"}}},{"type":"Feature","geometry":{"type":"Point","coordinates":[-6.25347,53.33808]},"properties":{"asset_id":"osm:node/12206774118","kind":"hydrant","source":"OpenStreetMap","name":NaN,"evidence_level":"high","details":{"fire_hydrant:type":"underground","fire_hydrant:position":"sidewalk"}}},{"type":"Feature","geometry":{"type":"Point","coordinates":[-6.25369,53.33823]},"properties":{"asset_id":"osm:node/12206774119","kind":"hydrant","source":"OpenStreetMap","name":NaN,"evidence_level":"high","details":{"fire_hydrant:type":"underground","fire_hydrant:position":"sidewalk"}}},{"type":"Feature","geometry":{"type":"Point","coordinates":[-6.25626,53.33896]},"properties":{"asset_id":"osm:node/12206774121","kind":"hydrant","source":"OpenStreetMap","name":NaN,"evidence_level":"high","details":{"fire_hydrant:type":"underground"}}},{"type":"Feature","geometry":{"type":"Point","coordinates":[-6.25745,53.33919]},"properties":{"asset_id":"osm:node/12206774122","kind":"hydrant","source":"OpenStreetMap","name":NaN,"evidence_level":"high","details":{"fire_hydrant:type":"underground"}}},{"type":"Feature","geometry":{"type":"Point","coordinates":[-6.25861,53.33953]},"properties":{"asset_id":"osm:node/12206774123","kind":"hydrant","source":"OpenStreetMap","name":NaN,"evidence_level":"high","details":{"fire_hydrant:type":"underground"}}},{"type":"Feature","geometry":{"type":"Point","coordinates":[-6.25856,53.33984]},"properties":{"asset_id":"osm:node/12206774124","kind":"hydrant","source":"OpenStreetMap","name":NaN,"evidence_level":"high","details":{"fire_hydrant:type":"underground"}}},{"type":"Feature","geometry":{"type":"Point","coordinates":[-6.25498,53.3343]},"properties":{"asset_id":"osm:node/12206774125","kind":"hydrant","source":"OpenStreetMap","name":NaN,"evidence_level":"high","details":{"fire_hydrant:type":"underground"}}},{"type":"Feature","geometry":{"type":"Point","coordinates":[-6.25918,53.34311]},"properties":{"asset_id":"osm:node/12206774130","kind":"hydrant","source":"OpenStreetMap","name":NaN,"evidence_level":"high","details":{"fire_hydrant:type":"underground"}}},{"type":"Feature","geometry":{"type":"Point","coordinates":[-6.26163,53.34421]},"properties":{"asset_id":"osm:node/12206774133","kind":"hydrant","source":"OpenStreetMap","name":NaN,"evidence_level":"high","details":{"fire_hydrant:type":"underground"}}},{"type":"Feature","geometry":{"type":"Point","coordinates":[-6.26216,53.34419]},"properties":{"asset_id":"osm:node/12206774134","kind":"hydrant","source":"OpenStreetMap","name":NaN,"evidence_level":"high","details":{"fire_hydrant:type":"underground"}}},{"type":"Feature","geometry":{"type":"Point","coordinates":[-6.26261,53.34415]},"properties":{"asset_id":"osm:node/12206774135","kind":"hydrant","source":"OpenStreetMap","name":NaN,"evidence_level":"high","details":{"fire_hydrant:type":"underground"}}},{"type":"Feature","geometry":{"type":"Point","coordinates":[-6.26423,53.3441]},"properties":{"asset_id":"osm:node/12206774136","kind":"hydrant","source":"OpenStreetMap","name":NaN,"evidence_level":"high","details":{"fire_hydrant:type":"underground"}}},{"type":"Feature","geometry":{"type":"Point","coordinates":[-6.2661,53.34361]},"properties":{"asset_id":"osm:node/12206774138","kind":"hydrant","source":"OpenStreetMap","name":NaN,"evidence_level":"high","details":{"fire_hydrant:type":"underground"}}},{"type":"Feature","geometry":{"type":"Point","coordinates":[-6.26603,53.3432]},"properties":{"asset_id":"osm:node/12206774139","kind":"hydrant","source":"OpenStreetMap","name":NaN,"evidence_level":"high","details":{"fire_hydrant:type":"underground"}}},{"type":"Feature","geometry":{"type":"Point","coordinates":[-6.26878,53.34231]},"properties":{"asset_id":"osm:node/12206774144","kind":"hydrant","source":"OpenStreetMap","name":NaN,"evidence_level":"high","details":{"fire_hydrant:type":"underground"}}},{"type":"Feature","geometry":{"type":"Point","coordinates":[-6.27259,53.34099]},"properties":{"asset_id":"osm:node/12206774145","kind":"hydrant","source":"OpenStreetMap","name":NaN,"evidence_level":"high","details":{"fire_hydrant:type":"underground"}}},{"type":"Feature","geometry":{"type":"Point","coordinates":[-6.27494,53.34136]},"properties":{"asset_id":"osm:node/12206774146","kind":"hydrant","source":"OpenStreetMap","name":NaN,"evidence_level":"high","details":{"fire_hydrant:type":"underground","fire_hydrant:position":"sidewalk"}}},{"type":"Feature","geometry":{"type":"Point","coordinates":[-6.27508,53.34156]},"properties":{"asset_id":"osm:node/12206774147","kind":"hydrant","source":"OpenStreetMap","name":NaN,"evidence_level":"high","details":{"fire_hydrant:type":"underground","fire_hydrant:position":"sidewalk"}}},{"type":"Feature","geometry":{"type":"Point","coordinates":[-6.27335,53.34142]},"properties":{"asset_id":"osm:node/12206774148","kind":"hydrant","source":"OpenStreetMap","name":NaN,"evidence_level":"high","details":{"fire_hydrant:type":"underground"}}},{"type":"Feature","geometry":{"type":"Point","coordinates":[-6.22325,53.3077]},"properties":{"asset_id":"osm:node/12208660930","kind":"hydrant","source":"OpenStreetMap","name":NaN,"evidence_level":"high","details":{"fire_hydrant:type":"underground","ref":"H7-06"}}},{"type":"Feature","geometry":{"type":"Point","coordinates":[-6.25617,53.25816]},"properties":{"asset_id":"osm:node/12213993896","kind":"drinking_fountain","source":"OpenStreetMap","name":NaN,"evidence_level":"medium","details":{}}},{"type":"Feature","geometry":{"type":"Point","coordinates":[-6.26174,53.38381]},"properties":{"asset_id":"osm:node/12224153162","kind":"drinking_fountain","source":"OpenStreetMap","name":NaN,"evidence_level":"medium","details":{}}},{"type":"Feature","geometry":{"type":"Point","coordinates":[-6.23461,53.30986]},"properties":{"asset_id":"osm:node/12229231839","kind":"hydrant","source":"OpenStreetMap","name":NaN,"evidence_level":"high","details":{"fire_hydrant:type":"underground","ref":"H1-10"}}},{"type":"Feature","geometry":{"type":"Point","coordinates":[-6.22089,53.30457]},"properties":{"asset_id":"osm:node/12229733664","kind":"hydrant","source":"OpenStreetMap","name":NaN,"evidence_level":"high","details":{"fire_hydrant:type":"underground","ref":"H4-02"}}},{"type":"Feature","geometry":{"type":"Point","coordinates":[-6.26258,53.34083]},"properties":{"asset_id":"osm:node/12231306876","kind":"drinking_fountain","source":"OpenStreetMap","name":NaN,"evidence_level":"medium","details":{}}},{"type":"Feature","geometry":{"type":"Point","coordinates":[-6.45942,53.42977]},"properties":{"asset_id":"osm:node/12237844573","kind":"hydrant","source":"OpenStreetMap","name":NaN,"evidence_level":"high","details":{"fire_hydrant:type":"underground","water_source":"main"}}},{"type":"Feature","geometry":{"type":"Point","coordinates":[-6.24159,53.27774]},"properties":{"asset_id":"osm:node/12244899276","kind":"drinking_fountain","source":"OpenStreetMap","name":NaN,"evidence_level":"medium","details":{}}},{"type":"Feature","geometry":{"type":"Point","coordinates":[-6.24159,53.27773]},"properties":{"asset_id":"osm:node/12244899277","kind":"drinking_fountain","source":"OpenStreetMap","name":NaN,"evidence_level":"medium","details":{}}},{"type":"Feature","geometry":{"type":"Point","coordinates":[-6.24153,53.2779]},"properties":{"asset_id":"osm:node/12244899311","kind":"drinking_fountain","source":"OpenStreetMap","name":NaN,"evidence_level":"medium","details":{}}},{"type":"Feature","geometry":{"type":"Point","coordinates":[-6.24164,53.27798]},"properties":{"asset_id":"osm:node/12244899312","kind":"drinking_fountain","source":"OpenStreetMap","name":NaN,"evidence_level":"medium","details":{}}},{"type":"Feature","geometry":{"type":"Point","coordinates":[-6.24189,53.27826]},"properties":{"asset_id":"osm:node/12244899313","kind":"drinking_fountain","source":"OpenStreetMap","name":NaN,"evidence_level":"medium","details":{}}},{"type":"Feature","geometry":{"type":"Point","coordinates":[-6.18229,53.30243]},"properties":{"asset_id":"osm:node/12246588805","kind":"drinking_fountain","source":"OpenStreetMap","name":NaN,"evidence_level":"medium","details":{}}},{"type":"Feature","geometry":{"type":"Point","coordinates":[-6.21416,53.29269]},"properties":{"asset_id":"osm:node/12373555145","kind":"hydrant","source":"OpenStreetMap","name":NaN,"evidence_level":"high","details":{"fire_hydrant:type":"underground"}}},{"type":"Feature","geometry":{"type":"Point","coordinates":[-6.23041,53.29999]},"properties":{"asset_id":"osm:node/12386079652","kind":"hydrant","source":"OpenStreetMap","name":NaN,"evidence_level":"high","details":{"fire_hydrant:type":"underground"}}},{"type":"Feature","geometry":{"type":"Point","coordinates":[-6.22797,53.29854]},"properties":{"asset_id":"osm:node/12386079655","kind":"hydrant","source":"OpenStreetMap","name":NaN,"evidence_level":"high","details":{"fire_hydrant:type":"underground"}}},{"type":"Feature","geometry":{"type":"Point","coordinates":[-6.22884,53.29916]},"properties":{"asset_id":"osm:node/12386079674","kind":"hydrant","source":"OpenStreetMap","name":NaN,"evidence_level":"high","details":{"fire_hydrant:type":"underground"}}},{"type":"Feature","geometry":{"type":"Point","coordinates":[-6.22982,53.30009]},"properties":{"asset_id":"osm:node/12386116410","kind":"hydrant","source":"OpenStreetMap","name":NaN,"evidence_level":"high","details":{"fire_hydrant:type":"underground"}}},{"type":"Feature","geometry":{"type":"Point","coordinates":[-6.22767,53.29801]},"properties":{"asset_id":"osm:node/12386116435","kind":"hydrant","source":"OpenStreetMap","name":NaN,"evidence_level":"high","details":{"fire_hydrant:type":"underground"}}},{"type":"Feature","geometry":{"type":"Point","coordinates":[-6.22717,53.29625]},"properties":{"asset_id":"osm:node/12388219831","kind":"hydrant","source":"OpenStreetMap","name":NaN,"evidence_level":"high","details":{}}},{"type":"Feature","geometry":{"type":"Point","coordinates":[-6.22752,53.29657]},"properties":{"asset_id":"osm:node/12388219866","kind":"hydrant","source":"OpenStreetMap","name":NaN,"evidence_level":"high","details":{"fire_hydrant:type":"underground"}}},{"type":"Feature","geometry":{"type":"Point","coordinates":[-6.22746,53.29697]},"properties":{"asset_id":"osm:node/12388219880","kind":"hydrant","source":"OpenStreetMap","name":NaN,"evidence_level":"high","details":{"fire_hydrant:type":"underground"}}},{"type":"Feature","geometry":{"type":"Point","coordinates":[-6.2249,53.29722]},"properties":{"asset_id":"osm:node/12388266812","kind":"hydrant","source":"OpenStreetMap","name":NaN,"evidence_level":"high","details":{"fire_hydrant:type":"underground"}}},{"type":"Feature","geometry":{"type":"Point","coordinates":[-6.22698,53.29629]},"properties":{"asset_id":"osm:node/12388266839","kind":"hydrant","source":"OpenStreetMap","name":NaN,"evidence_level":"high","details":{"fire_hydrant:type":"underground"}}},{"type":"Feature","geometry":{"type":"Point","coordinates":[-6.22632,53.29737]},"properties":{"asset_id":"osm:node/12388266842","kind":"hydrant","source":"OpenStreetMap","name":NaN,"evidence_level":"high","details":{"fire_hydrant:type":"underground"}}},{"type":"Feature","geometry":{"type":"Point","coordinates":[-6.22375,53.29724]},"properties":{"asset_id":"osm:node/12388266858","kind":"hydrant","source":"OpenStreetMap","name":NaN,"evidence_level":"high","details":{"fire_hydrant:type":"underground"}}},{"type":"Feature","geometry":{"type":"Point","coordinates":[-6.15675,53.48669]},"properties":{"asset_id":"osm:node/12394637471","kind":"hydrant","source":"OpenStreetMap","name":NaN,"evidence_level":"high","details":{"fire_hydrant:type":"underground","fire_hydrant:position":"lane","water_source":"main"}}},{"type":"Feature","geometry":{"type":"Point","coordinates":[-6.14838,53.48685]},"properties":{"asset_id":"osm:node/12395742411","kind":"water_well","source":"OpenStreetMap","name":NaN,"evidence_level":NaN,"details":{}}},{"type":"Feature","geometry":{"type":"Point","coordinates":[-6.23173,53.2984]},"properties":{"asset_id":"osm:node/12396325402","kind":"hydrant","source":"OpenStreetMap","name":NaN,"evidence_level":"high","details":{"fire_hydrant:type":"underground"}}},{"type":"Feature","geometry":{"type":"Point","coordinates":[-6.23139,53.29811]},"properties":{"asset_id":"osm:node/12396645994","kind":"hydrant","source":"OpenStreetMap","name":NaN,"evidence_level":"high","details":{"fire_hydrant:type":"underground"}}},{"type":"Feature","geometry":{"type":"Point","coordinates":[-6.23135,53.30033]},"properties":{"asset_id":"osm:node/12396645995","kind":"hydrant","source":"OpenStreetMap","name":NaN,"evidence_level":"high","details":{"fire_hydrant:type":"underground"}}},{"type":"Feature","geometry":{"type":"Point","coordinates":[-6.23398,53.30226]},"properties":{"asset_id":"osm:node/12397681250","kind":"hydrant","source":"OpenStreetMap","name":NaN,"evidence_level":"high","details":{"fire_hydrant:type":"underground"}}},{"type":"Feature","geometry":{"type":"Point","coordinates":[-6.23445,53.30158]},"properties":{"asset_id":"osm:node/12397681256","kind":"hydrant","source":"OpenStreetMap","name":NaN,"evidence_level":"high","details":{"fire_hydrant:type":"underground"}}},{"type":"Feature","geometry":{"type":"Point","coordinates":[-6.23706,53.30186]},"properties":{"asset_id":"osm:node/12397690713","kind":"hydrant","source":"OpenStreetMap","name":NaN,"evidence_level":"high","details":{"fire_hydrant:type":"underground"}}},{"type":"Feature","geometry":{"type":"Point","coordinates":[-6.23564,53.30165]},"properties":{"asset_id":"osm:node/12397690717","kind":"hydrant","source":"OpenStreetMap","name":NaN,"evidence_level":"high","details":{"fire_hydrant:type":"underground"}}},{"type":"Feature","geometry":{"type":"Point","coordinates":[-6.23156,53.3018]},"properties":{"asset_id":"osm:node/12397690726","kind":"hydrant","source":"OpenStreetMap","name":NaN,"evidence_level":"high","details":{"fire_hydrant:type":"underground"}}},{"type":"Feature","geometry":{"type":"Point","coordinates":[-6.23706,53.30217]},"properties":{"asset_id":"osm:node/12397690731","kind":"hydrant","source":"OpenStreetMap","name":NaN,"evidence_level":"high","details":{"fire_hydrant:type":"underground"}}},{"type":"Feature","geometry":{"type":"Point","coordinates":[-6.23,53.30135]},"properties":{"asset_id":"osm:node/12399954678","kind":"hydrant","source":"OpenStreetMap","name":NaN,"evidence_level":"high","details":{"fire_hydrant:type":"underground"}}},{"type":"Feature","geometry":{"type":"Point","coordinates":[-6.22498,53.29835]},"properties":{"asset_id":"osm:node/12399954679","kind":"hydrant","source":"OpenStreetMap","name":NaN,"evidence_level":"high","details":{"fire_hydrant:type":"underground"}}},{"type":"Feature","geometry":{"type":"Point","coordinates":[-6.23082,53.3009]},"properties":{"asset_id":"osm:node/12399954680","kind":"hydrant","source":"OpenStreetMap","name":NaN,"evidence_level":"high","details":{"fire_hydrant:type":"underground"}}},{"type":"Feature","geometry":{"type":"Point","coordinates":[-6.2237,53.30019]},"properties":{"asset_id":"osm:node/12399954686","kind":"hydrant","source":"OpenStreetMap","name":NaN,"evidence_level":"high","details":{"fire_hydrant:type":"underground"}}},{"type":"Feature","geometry":{"type":"Point","coordinates":[-6.22432,53.29878]},"properties":{"asset_id":"osm:node/12399970507","kind":"hydrant","source":"OpenStreetMap","name":NaN,"evidence_level":"high","details":{"fire_hydrant:type":"underground"}}},{"type":"Feature","geometry":{"type":"Point","coordinates":[-6.22902,53.30116]},"properties":{"asset_id":"osm:node/12399970516","kind":"hydrant","source":"OpenStreetMap","name":NaN,"evidence_level":"high","details":{"fire_hydrant:type":"underground"}}},{"type":"Feature","geometry":{"type":"Point","coordinates":[-6.2304,53.30066]},"properties":{"asset_id":"osm:node/12399970547","kind":"hydrant","source":"OpenStreetMap","name":NaN,"evidence_level":"high","details":{"fire_hydrant:type":"underground"}}},{"type":"Feature","geometry":{"type":"Point","coordinates":[-6.23015,53.301]},"properties":{"asset_id":"osm:node/12399970559","kind":"hydrant","source":"OpenStreetMap","name":NaN,"evidence_level":"high","details":{"fire_hydrant:type":"underground"}}},{"type":"Feature","geometry":{"type":"Point","coordinates":[-6.22569,53.29894]},"properties":{"asset_id":"osm:node/12399970593","kind":"hydrant","source":"OpenStreetMap","name":NaN,"evidence_level":"high","details":{"fire_hydrant:type":"underground"}}},{"type":"Feature","geometry":{"type":"Point","coordinates":[-6.17971,53.48236]},"properties":{"asset_id":"osm:node/12401183925","kind":"hydrant","source":"OpenStreetMap","name":NaN,"evidence_level":"high","details":{"fire_hydrant:type":"underground","fire_hydrant:position":"green","water_source":"main"}}},{"type":"Feature","geometry":{"type":"Point","coordinates":[-6.24048,53.31254]},"properties":{"asset_id":"osm:node/12402581197","kind":"hydrant","source":"OpenStreetMap","name":NaN,"evidence_level":"high","details":{"fire_hydrant:type":"underground"}}},{"type":"Feature","geometry":{"type":"Point","coordinates":[-6.24015,53.31185]},"properties":{"asset_id":"osm:node/12402590105","kind":"hydrant","source":"OpenStreetMap","name":NaN,"evidence_level":"high","details":{"fire_hydrant:type":"underground"}}},{"type":"Feature","geometry":{"type":"Point","coordinates":[-6.24139,53.31177]},"properties":{"asset_id":"osm:node/12402590111","kind":"hydrant","source":"OpenStreetMap","name":NaN,"evidence_level":"high","details":{"fire_hydrant:type":"underground","fire_hydrant:position":"sidewalk"}}},{"type":"Feature","geometry":{"type":"Point","coordinates":[-6.24106,53.30756]},"properties":{"asset_id":"osm:node/12404547361","kind":"hydrant","source":"OpenStreetMap","name":NaN,"evidence_level":"high","details":{"fire_hydrant:type":"underground"}}},{"type":"Feature","geometry":{"type":"Point","coordinates":[-6.2396,53.30576]},"properties":{"asset_id":"osm:node/12404547380","kind":"hydrant","source":"OpenStreetMap","name":NaN,"evidence_level":"high","details":{"fire_hydrant:type":"underground"}}},{"type":"Feature","geometry":{"type":"Point","coordinates":[-6.24185,53.30605]},"properties":{"asset_id":"osm:node/12404553810","kind":"hydrant","source":"OpenStreetMap","name":NaN,"evidence_level":"high","details":{"fire_hydrant:type":"underground"}}},{"type":"Feature","geometry":{"type":"Point","coordinates":[-6.24116,53.30644]},"properties":{"asset_id":"osm:node/12404553876","kind":"hydrant","source":"OpenStreetMap","name":NaN,"evidence_level":"high","details":{"fire_hydrant:type":"underground"}}},{"type":"Feature","geometry":{"type":"Point","coordinates":[-6.14327,53.4955]},"properties":{"asset_id":"osm:node/12406557552","kind":"hydrant","source":"OpenStreetMap","name":NaN,"evidence_level":"high","details":{"fire_hydrant:type":"underground","water_source":"main"}}},{"type":"Feature","geometry":{"type":"Point","coordinates":[-6.24536,53.30891]},"properties":{"asset_id":"osm:node/12409100635","kind":"hydrant","source":"OpenStreetMap","name":NaN,"evidence_level":"high","details":{"fire_hydrant:type":"underground"}}},{"type":"Feature","geometry":{"type":"Point","coordinates":[-6.24284,53.30671]},"properties":{"asset_id":"osm:node/12409100641","kind":"hydrant","source":"OpenStreetMap","name":NaN,"evidence_level":"high","details":{"fire_hydrant:type":"underground"}}},{"type":"Feature","geometry":{"type":"Point","coordinates":[-6.24121,53.30826]},"properties":{"asset_id":"osm:node/12409100667","kind":"hydrant","source":"OpenStreetMap","name":NaN,"evidence_level":"high","details":{"fire_hydrant:type":"underground"}}},{"type":"Feature","geometry":{"type":"Point","coordinates":[-6.24455,53.30865]},"properties":{"asset_id":"osm:node/12409100673","kind":"hydrant","source":"OpenStreetMap","name":NaN,"evidence_level":"high","details":{"fire_hydrant:type":"underground"}}},{"type":"Feature","geometry":{"type":"Point","coordinates":[-6.2428,53.30701]},"properties":{"asset_id":"osm:node/12409100675","kind":"hydrant","source":"OpenStreetMap","name":NaN,"evidence_level":"high","details":{"fire_hydrant:type":"underground"}}},{"type":"Feature","geometry":{"type":"Point","coordinates":[-6.24259,53.30836]},"properties":{"asset_id":"osm:node/12409171427","kind":"hydrant","source":"OpenStreetMap","name":NaN,"evidence_level":"high","details":{"fire_hydrant:type":"underground"}}},{"type":"Feature","geometry":{"type":"Point","coordinates":[-6.2425,53.30779]},"properties":{"asset_id":"osm:node/12409171461","kind":"hydrant","source":"OpenStreetMap","name":NaN,"evidence_level":"high","details":{"fire_hydrant:type":"underground"}}},{"type":"Feature","geometry":{"type":"Point","coordinates":[-6.24369,53.30698]},"properties":{"asset_id":"osm:node/12409171470","kind":"hydrant","source":"OpenStreetMap","name":NaN,"evidence_level":"high","details":{"fire_hydrant:type":"underground"}}},{"type":"Feature","geometry":{"type":"Point","coordinates":[-6.24264,53.3088]},"properties":{"asset_id":"osm:node/12409171489","kind":"hydrant","source":"OpenStreetMap","name":NaN,"evidence_level":"high","details":{"fire_hydrant:type":"underground"}}},{"type":"Feature","geometry":{"type":"Point","coordinates":[-6.24376,53.30821]},"properties":{"asset_id":"osm:node/12409171510","kind":"hydrant","source":"OpenStreetMap","name":NaN,"evidence_level":"high","details":{"fire_hydrant:type":"underground"}}},{"type":"Feature","geometry":{"type":"Point","coordinates":[-6.24355,53.30762]},"properties":{"asset_id":"osm:node/12409171524","kind":"hydrant","source":"OpenStreetMap","name":NaN,"evidence_level":"high","details":{"fire_hydrant:type":"underground"}}},{"type":"Feature","geometry":{"type":"Point","coordinates":[-6.23995,53.31086]},"properties":{"asset_id":"osm:node/12412320514","kind":"hydrant","source":"OpenStreetMap","name":NaN,"evidence_level":"high","details":{"fire_hydrant:type":"underground"}}},{"type":"Feature","geometry":{"type":"Point","coordinates":[-6.23983,53.31134]},"properties":{"asset_id":"osm:node/12412320524","kind":"hydrant","source":"OpenStreetMap","name":NaN,"evidence_level":"high","details":{"fire_hydrant:type":"underground"}}},{"type":"Feature","geometry":{"type":"Point","coordinates":[-6.24112,53.31084]},"properties":{"asset_id":"osm:node/12412320532","kind":"hydrant","source":"OpenStreetMap","name":NaN,"evidence_level":"high","details":{"fire_hydrant:type":"underground"}}},{"type":"Feature","geometry":{"type":"Point","coordinates":[-6.24112,53.31034]},"properties":{"asset_id":"osm:node/12412320540","kind":"hydrant","source":"OpenStreetMap","name":NaN,"evidence_level":"high","details":{"fire_hydrant:type":"underground"}}},{"type":"Feature","geometry":{"type":"Point","coordinates":[-6.24207,53.30962]},"properties":{"asset_id":"osm:node/12422339199","kind":"hydrant","source":"OpenStreetMap","name":NaN,"evidence_level":"high","details":{"fire_hydrant:type":"underground"}}},{"type":"Feature","geometry":{"type":"Point","coordinates":[-6.24473,53.30971]},"properties":{"asset_id":"osm:node/12422370809","kind":"hydrant","source":"OpenStreetMap","name":NaN,"evidence_level":"high","details":{"fire_hydrant:type":"underground"}}},{"type":"Feature","geometry":{"type":"Point","coordinates":[-6.23996,53.30847]},"properties":{"asset_id":"osm:node/12422370831","kind":"hydrant","source":"OpenStreetMap","name":NaN,"evidence_level":"high","details":{"fire_hydrant:type":"underground"}}},{"type":"Feature","geometry":{"type":"Point","coordinates":[-6.23972,53.30699]},"properties":{"asset_id":"osm:node/12422370833","kind":"hydrant","source":"OpenStreetMap","name":NaN,"evidence_level":"high","details":{"fire_hydrant:type":"underground"}}},{"type":"Feature","geometry":{"type":"Point","coordinates":[-6.23986,53.30798]},"properties":{"asset_id":"osm:node/12422370835","kind":"hydrant","source":"OpenStreetMap","name":NaN,"evidence_level":"high","details":{"fire_hydrant:type":"underground"}}},{"type":"Feature","geometry":{"type":"Point","coordinates":[-6.24414,53.30997]},"properties":{"asset_id":"osm:node/12422370841","kind":"hydrant","source":"OpenStreetMap","name":NaN,"evidence_level":"high","details":{"fire_hydrant:type":"underground"}}},{"type":"Feature","geometry":{"type":"Point","coordinates":[-6.15526,53.48107]},"properties":{"asset_id":"osm:node/12422715373","kind":"hydrant","source":"OpenStreetMap","name":NaN,"evidence_level":"high","details":{"fire_hydrant:type":"underground","water_source":"main"}}},{"type":"Feature","geometry":{"type":"Point","coordinates":[-6.1535,53.48069]},"properties":{"asset_id":"osm:node/12422715380","kind":"hydrant","source":"OpenStreetMap","name":NaN,"evidence_level":"high","details":{"fire_hydrant:type":"underground","water_source":"main"}}},{"type":"Feature","geometry":{"type":"Point","coordinates":[-6.15292,53.48079]},"properties":{"asset_id":"osm:node/12422715386","kind":"hydrant","source":"OpenStreetMap","name":NaN,"evidence_level":"high","details":{"fire_hydrant:type":"underground","water_source":"main"}}},{"type":"Feature","geometry":{"type":"Point","coordinates":[-6.14769,53.48501]},"properties":{"asset_id":"osm:node/12426890345","kind":"water_well","source":"OpenStreetMap","name":NaN,"evidence_level":NaN,"details":{}}},{"type":"Feature","geometry":{"type":"Point","coordinates":[-6.10578,53.4913]},"properties":{"asset_id":"osm:node/12437524663","kind":"hydrant","source":"OpenStreetMap","name":NaN,"evidence_level":"high","details":{"fire_hydrant:type":"underground","water_source":"main"}}},{"type":"Feature","geometry":{"type":"Point","coordinates":[-6.10548,53.49168]},"properties":{"asset_id":"osm:node/12437524664","kind":"hydrant","source":"OpenStreetMap","name":NaN,"evidence_level":"high","details":{"fire_hydrant:type":"underground","water_source":"main"}}},{"type":"Feature","geometry":{"type":"Point","coordinates":[-6.10456,53.49167]},"properties":{"asset_id":"osm:node/12437524666","kind":"hydrant","source":"OpenStreetMap","name":NaN,"evidence_level":"high","details":{"fire_hydrant:type":"underground","water_source":"main"}}},{"type":"Feature","geometry":{"type":"Point","coordinates":[-6.10373,53.49166]},"properties":{"asset_id":"osm:node/12437524668","kind":"hydrant","source":"OpenStreetMap","name":NaN,"evidence_level":"high","details":{"fire_hydrant:type":"underground","water_source":"main"}}},{"type":"Feature","geometry":{"type":"Point","coordinates":[-6.10695,53.49135]},"properties":{"asset_id":"osm:node/12437524678","kind":"hydrant","source":"OpenStreetMap","name":NaN,"evidence_level":"high","details":{"fire_hydrant:type":"underground","water_source":"main"}}},{"type":"Feature","geometry":{"type":"Point","coordinates":[-6.10787,53.4912]},"properties":{"asset_id":"osm:node/12437524679","kind":"hydrant","source":"OpenStreetMap","name":NaN,"evidence_level":"high","details":{"fire_hydrant:type":"underground","water_source":"main"}}},{"type":"Feature","geometry":{"type":"Point","coordinates":[-6.13247,53.49253]},"properties":{"asset_id":"osm:node/12441641777","kind":"hydrant","source":"OpenStreetMap","name":NaN,"evidence_level":"high","details":{"fire_hydrant:type":"underground","water_source":"main"}}},{"type":"Feature","geometry":{"type":"Point","coordinates":[-6.23405,53.30867]},"properties":{"asset_id":"osm:node/12448250754","kind":"hydrant","source":"OpenStreetMap","name":NaN,"evidence_level":"high","details":{"fire_hydrant:type":"underground"}}},{"type":"Feature","geometry":{"type":"Point","coordinates":[-6.23849,53.31122]},"properties":{"asset_id":"osm:node/12448250774","kind":"hydrant","source":"OpenStreetMap","name":NaN,"evidence_level":"high","details":{"fire_hydrant:type":"underground"}}},{"type":"Feature","geometry":{"type":"Point","coordinates":[-6.2352,53.30861]},"properties":{"asset_id":"osm:node/12448250777","kind":"hydrant","source":"OpenStreetMap","name":NaN,"evidence_level":"high","details":{"fire_hydrant:type":"underground"}}},{"type":"Feature","geometry":{"type":"Point","coordinates":[-6.23711,53.30973]},"properties":{"asset_id":"osm:node/12448250785","kind":"hydrant","source":"OpenStreetMap","name":NaN,"evidence_level":"high","details":{"fire_hydrant:type":"underground"}}},{"type":"Feature","geometry":{"type":"Point","coordinates":[-6.23635,53.3094]},"properties":{"asset_id":"osm:node/12448250786","kind":"hydrant","source":"OpenStreetMap","name":NaN,"evidence_level":"high","details":{"fire_hydrant:type":"underground"}}},{"type":"Feature","geometry":{"type":"Point","coordinates":[-6.23605,53.30975]},"properties":{"asset_id":"osm:node/12448294001","kind":"hydrant","source":"OpenStreetMap","name":NaN,"evidence_level":"high","details":{"fire_hydrant:type":"underground"}}},{"type":"Feature","geometry":{"type":"Point","coordinates":[-6.23836,53.31073]},"properties":{"asset_id":"osm:node/12448294004","kind":"hydrant","source":"OpenStreetMap","name":NaN,"evidence_level":"high","details":{"fire_hydrant:type":"underground"}}},{"type":"Feature","geometry":{"type":"Point","coordinates":[-6.23821,53.30768]},"properties":{"asset_id":"osm:node/12448294059","kind":"hydrant","source":"OpenStreetMap","name":NaN,"evidence_level":"high","details":{"fire_hydrant:type":"underground"}}},{"type":"Feature","geometry":{"type":"Point","coordinates":[-6.23769,53.3093]},"properties":{"asset_id":"osm:node/12448294065","kind":"hydrant","source":"OpenStreetMap","name":NaN,"evidence_level":"high","details":{"fire_hydrant:type":"underground"}}},{"type":"Feature","geometry":{"type":"Point","coordinates":[-6.12445,53.47386]},"properties":{"asset_id":"osm:node/12453273116","kind":"hydrant","source":"OpenStreetMap","name":NaN,"evidence_level":"high","details":{"fire_hydrant:type":"underground","water_source":"main"}}},{"type":"Feature","geometry":{"type":"Point","coordinates":[-6.12729,53.47112]},"properties":{"asset_id":"osm:node/12453273118","kind":"hydrant","source":"OpenStreetMap","name":NaN,"evidence_level":"high","details":{"fire_hydrant:type":"underground","water_source":"main"}}},{"type":"Feature","geometry":{"type":"Point","coordinates":[-6.24591,53.42632]},"properties":{"asset_id":"osm:node/12455506002","kind":"drinking_fountain","source":"OpenStreetMap","name":NaN,"evidence_level":"medium","details":{}}},{"type":"Feature","geometry":{"type":"Point","coordinates":[-6.112,53.48747]},"properties":{"asset_id":"osm:node/12455560102","kind":"hydrant","source":"OpenStreetMap","name":NaN,"evidence_level":"high","details":{"fire_hydrant:type":"underground","water_source":"main"}}},{"type":"Feature","geometry":{"type":"Point","coordinates":[-6.11309,53.48783]},"properties":{"asset_id":"osm:node/12455560104","kind":"hydrant","source":"OpenStreetMap","name":NaN,"evidence_level":"high","details":{"fire_hydrant:type":"underground","water_source":"main"}}},{"type":"Feature","geometry":{"type":"Point","coordinates":[-6.19449,53.49475]},"properties":{"asset_id":"osm:node/12455609507","kind":"hydrant","source":"OpenStreetMap","name":NaN,"evidence_level":"high","details":{"fire_hydrant:type":"underground","water_source":"main"}}},{"type":"Feature","geometry":{"type":"Point","coordinates":[-6.3624,53.36347]},"properties":{"asset_id":"osm:node/12455893319","kind":"hydrant","source":"OpenStreetMap","name":NaN,"evidence_level":"high","details":{"fire_hydrant:type":"underground"}}},{"type":"Feature","geometry":{"type":"Point","coordinates":[-6.13374,53.49245]},"properties":{"asset_id":"osm:node/12459398391","kind":"hydrant","source":"OpenStreetMap","name":NaN,"evidence_level":"high","details":{"fire_hydrant:type":"underground","water_source":"main"}}},{"type":"Feature","geometry":{"type":"Point","coordinates":[-6.14068,53.48924]},"properties":{"asset_id":"osm:node/12459639661","kind":"hydrant","source":"OpenStreetMap","name":NaN,"evidence_level":"high","details":{"fire_hydrant:type":"underground","water_source":"main"}}},{"type":"Feature","geometry":{"type":"Point","coordinates":[-6.14919,53.4858]},"properties":{"asset_id":"osm:node/12459645704","kind":"hydrant","source":"OpenStreetMap","name":NaN,"evidence_level":"high","details":{"fire_hydrant:type":"underground","water_source":"main"}}},{"type":"Feature","geometry":{"type":"Point","coordinates":[-6.11141,53.49428]},"properties":{"asset_id":"osm:node/12461249157","kind":"hydrant","source":"OpenStreetMap","name":NaN,"evidence_level":"high","details":{"fire_hydrant:type":"underground","water_source":"main"}}},{"type":"Feature","geometry":{"type":"Point","coordinates":[-6.11887,53.50034]},"properties":{"asset_id":"osm:node/12462562946","kind":"hydrant","source":"OpenStreetMap","name":NaN,"evidence_level":"high","details":{"fire_hydrant:type":"underground","water_source":"main"}}},{"type":"Feature","geometry":{"type":"Point","coordinates":[-6.15491,53.48765]},"properties":{"asset_id":"osm:node/12465387579","kind":"hydrant","source":"OpenStreetMap","name":NaN,"evidence_level":"high","details":{"fire_hydrant:type":"underground","water_source":"main"}}},{"type":"Feature","geometry":{"type":"Point","coordinates":[-6.15699,53.48783]},"properties":{"asset_id":"osm:node/12465523071","kind":"hydrant","source":"OpenStreetMap","name":NaN,"evidence_level":"high","details":{"fire_hydrant:type":"underground","water_source":"main"}}},{"type":"Feature","geometry":{"type":"Point","coordinates":[-6.15548,53.48815]},"properties":{"asset_id":"osm:node/12465523085","kind":"hydrant","source":"OpenStreetMap","name":NaN,"evidence_level":"high","details":{"fire_hydrant:type":"underground","water_source":"main"}}},{"type":"Feature","geometry":{"type":"Point","coordinates":[-6.14157,53.48777]},"properties":{"asset_id":"osm:node/12465635780","kind":"hydrant","source":"OpenStreetMap","name":NaN,"evidence_level":"high","details":{"fire_hydrant:type":"underground","water_source":"main"}}},{"type":"Feature","geometry":{"type":"Point","coordinates":[-6.14392,53.48804]},"properties":{"asset_id":"osm:node/12465651302","kind":"hydrant","source":"OpenStreetMap","name":NaN,"evidence_level":"high","details":{"fire_hydrant:type":"underground","water_source":"main"}}},{"type":"Feature","geometry":{"type":"Point","coordinates":[-6.15435,53.48883]},"properties":{"asset_id":"osm:node/12466288007","kind":"hydrant","source":"OpenStreetMap","name":NaN,"evidence_level":"high","details":{"fire_hydrant:type":"underground","water_source":"main"}}},{"type":"Feature","geometry":{"type":"Point","coordinates":[-6.15608,53.48875]},"properties":{"asset_id":"osm:node/12466288015","kind":"hydrant","source":"OpenStreetMap","name":NaN,"evidence_level":"high","details":{"fire_hydrant:type":"underground","water_source":"main"}}},{"type":"Feature","geometry":{"type":"Point","coordinates":[-6.1041,53.49222]},"properties":{"asset_id":"osm:node/12468649716","kind":"hydrant","source":"OpenStreetMap","name":NaN,"evidence_level":"high","details":{"fire_hydrant:type":"underground","water_source":"main"}}},{"type":"Feature","geometry":{"type":"Point","coordinates":[-6.1561,53.48675]},"properties":{"asset_id":"osm:node/12475269679","kind":"hydrant","source":"OpenStreetMap","name":NaN,"evidence_level":"high","details":{"fire_hydrant:type":"underground","water_source":"main"}}},{"type":"Feature","geometry":{"type":"Point","coordinates":[-6.14701,53.49075]},"properties":{"asset_id":"osm:node/12478472836","kind":"hydrant","source":"OpenStreetMap","name":NaN,"evidence_level":"high","details":{"fire_hydrant:type":"underground","water_source":"main"}}},{"type":"Feature","geometry":{"type":"Point","coordinates":[-6.14171,53.49522]},"properties":{"asset_id":"osm:node/12478472844","kind":"hydrant","source":"OpenStreetMap","name":NaN,"evidence_level":"high","details":{"fire_hydrant:type":"underground","water_source":"main"}}},{"type":"Feature","geometry":{"type":"Point","coordinates":[-6.11348,53.51689]},"properties":{"asset_id":"osm:node/12486340140","kind":"water_well","source":"OpenStreetMap","name":NaN,"evidence_level":NaN,"details":{}}},{"type":"Feature","geometry":{"type":"Point","coordinates":[-6.09358,53.53195]},"properties":{"asset_id":"osm:node/12496590126","kind":"hydrant","source":"OpenStreetMap","name":NaN,"evidence_level":"high","details":{"fire_hydrant:type":"underground","water_source":"main"}}},{"type":"Feature","geometry":{"type":"Point","coordinates":[-6.09175,53.53073]},"properties":{"asset_id":"osm:node/12504436044","kind":"hydrant","source":"OpenStreetMap","name":NaN,"evidence_level":"high","details":{"fire_hydrant:type":"underground"}}},{"type":"Feature","geometry":{"type":"Point","coordinates":[-6.09356,53.53095]},"properties":{"asset_id":"osm:node/12504446465","kind":"hydrant","source":"OpenStreetMap","name":NaN,"evidence_level":"high","details":{"fire_hydrant:type":"underground"}}},{"type":"Feature","geometry":{"type":"Point","coordinates":[-6.0922,53.5308]},"properties":{"asset_id":"osm:node/12504446474","kind":"hydrant","source":"OpenStreetMap","name":NaN,"evidence_level":"high","details":{"fire_hydrant:type":"underground"}}},{"type":"Feature","geometry":{"type":"Point","coordinates":[-6.28301,53.29805]},"properties":{"asset_id":"osm:node/12504447449","kind":"drinking_fountain","source":"OpenStreetMap","name":NaN,"evidence_level":"medium","details":{}}},{"type":"Feature","geometry":{"type":"Point","coordinates":[-6.10098,53.5249]},"properties":{"asset_id":"osm:node/12504980430","kind":"hydrant","source":"OpenStreetMap","name":NaN,"evidence_level":"high","details":{"fire_hydrant:type":"underground","water_source":"main"}}},{"type":"Feature","geometry":{"type":"Point","coordinates":[-6.10097,53.52507]},"properties":{"asset_id":"osm:node/12504980432","kind":"hydrant","source":"OpenStreetMap","name":NaN,"evidence_level":"high","details":{"fire_hydrant:type":"underground","water_source":"main"}}},{"type":"Feature","geometry":{"type":"Point","coordinates":[-6.10121,53.52555]},"properties":{"asset_id":"osm:node/12504980470","kind":"hydrant","source":"OpenStreetMap","name":NaN,"evidence_level":"high","details":{"fire_hydrant:type":"underground","water_source":"main"}}},{"type":"Feature","geometry":{"type":"Point","coordinates":[-6.10039,53.52581]},"properties":{"asset_id":"osm:node/12504980504","kind":"hydrant","source":"OpenStreetMap","name":NaN,"evidence_level":"high","details":{"fire_hydrant:type":"underground","water_source":"main"}}},{"type":"Feature","geometry":{"type":"Point","coordinates":[-6.10052,53.52491]},"properties":{"asset_id":"osm:node/12504980506","kind":"hydrant","source":"OpenStreetMap","name":NaN,"evidence_level":"high","details":{"fire_hydrant:type":"underground","water_source":"main"}}},{"type":"Feature","geometry":{"type":"Point","coordinates":[-6.14037,53.28405]},"properties":{"asset_id":"osm:node/12504999521","kind":"hydrant","source":"OpenStreetMap","name":NaN,"evidence_level":"high","details":{"fire_hydrant:type":"pillar","fire_hydrant:position":"sidewalk"}}},{"type":"Feature","geometry":{"type":"Point","coordinates":[-6.08306,53.51909]},"properties":{"asset_id":"osm:node/12510864921","kind":"hydrant","source":"OpenStreetMap","name":NaN,"evidence_level":"high","details":{"fire_hydrant:type":"underground","water_source":"main"}}},{"type":"Feature","geometry":{"type":"Point","coordinates":[-6.08197,53.51921]},"properties":{"asset_id":"osm:node/12510864929","kind":"hydrant","source":"OpenStreetMap","name":NaN,"evidence_level":"high","details":{"fire_hydrant:type":"underground","water_source":"main"}}},{"type":"Feature","geometry":{"type":"Point","coordinates":[-6.08082,53.51939]},"properties":{"asset_id":"osm:node/12510864934","kind":"hydrant","source":"OpenStreetMap","name":NaN,"evidence_level":"high","details":{"fire_hydrant:type":"underground","water_source":"main"}}},{"type":"Feature","geometry":{"type":"Point","coordinates":[-6.07915,53.51988]},"properties":{"asset_id":"osm:node/12510864947","kind":"hydrant","source":"OpenStreetMap","name":NaN,"evidence_level":"high","details":{"fire_hydrant:type":"underground","water_source":"main"}}},{"type":"Feature","geometry":{"type":"Point","coordinates":[-6.08028,53.51956]},"properties":{"asset_id":"osm:node/12510864993","kind":"hydrant","source":"OpenStreetMap","name":NaN,"evidence_level":"high","details":{"fire_hydrant:type":"underground","water_source":"main"}}},{"type":"Feature","geometry":{"type":"Point","coordinates":[-6.08712,53.52172]},"properties":{"asset_id":"osm:node/12512300219","kind":"hydrant","source":"OpenStreetMap","name":NaN,"evidence_level":"high","details":{"fire_hydrant:type":"underground","water_source":"main"}}},{"type":"Feature","geometry":{"type":"Point","coordinates":[-6.08456,53.52177]},"properties":{"asset_id":"osm:node/12514224960","kind":"hydrant","source":"OpenStreetMap","name":NaN,"evidence_level":"high","details":{"fire_hydrant:type":"underground","water_source":"main"}}},{"type":"Feature","geometry":{"type":"Point","coordinates":[-6.09774,53.52731]},"properties":{"asset_id":"osm:node/12531248155","kind":"hydrant","source":"OpenStreetMap","name":NaN,"evidence_level":"high","details":{"fire_hydrant:type":"underground","water_source":"main"}}},{"type":"Feature","geometry":{"type":"Point","coordinates":[-6.10156,53.52253]},"properties":{"asset_id":"osm:node/12555471175","kind":"hydrant","source":"OpenStreetMap","name":NaN,"evidence_level":"high","details":{"fire_hydrant:type":"underground","water_source":"main"}}},{"type":"Feature","geometry":{"type":"Point","coordinates":[-6.19381,53.50617]},"properties":{"asset_id":"osm:node/12565196859","kind":"hydrant","source":"OpenStreetMap","name":NaN,"evidence_level":"high","details":{"fire_hydrant:type":"underground","water_source":"main"}}},{"type":"Feature","geometry":{"type":"Point","coordinates":[-6.19383,53.50613]},"properties":{"asset_id":"osm:node/12565449913","kind":"hydrant","source":"OpenStreetMap","name":NaN,"evidence_level":"high","details":{"fire_hydrant:type":"underground","water_source":"main"}}},{"type":"Feature","geometry":{"type":"Point","coordinates":[-6.16899,53.52038]},"properties":{"asset_id":"osm:node/12568078102","kind":"hydrant","source":"OpenStreetMap","name":NaN,"evidence_level":"high","details":{"fire_hydrant:type":"underground","water_source":"main"}}},{"type":"Feature","geometry":{"type":"Point","coordinates":[-6.18721,53.55517]},"properties":{"asset_id":"osm:node/12571346377","kind":"water_well","source":"OpenStreetMap","name":NaN,"evidence_level":NaN,"details":{}}},{"type":"Feature","geometry":{"type":"Point","coordinates":[-6.17265,53.53034]},"properties":{"asset_id":"osm:node/12587698013","kind":"hydrant","source":"OpenStreetMap","name":NaN,"evidence_level":"high","details":{"fire_hydrant:type":"underground","water_source":"main"}}},{"type":"Feature","geometry":{"type":"Point","coordinates":[-6.18349,53.53672]},"properties":{"asset_id":"osm:node/12588423120","kind":"water_well","source":"OpenStreetMap","name":NaN,"evidence_level":NaN,"details":{}}},{"type":"Feature","geometry":{"type":"Point","coordinates":[-6.17274,53.51554]},"properties":{"asset_id":"osm:node/12593959412","kind":"hydrant","source":"OpenStreetMap","name":NaN,"evidence_level":"high","details":{"fire_hydrant:type":"underground","water_source":"main"}}},{"type":"Feature","geometry":{"type":"Point","coordinates":[-6.16559,53.53146]},"properties":{"asset_id":"osm:node/12594980732","kind":"hydrant","source":"OpenStreetMap","name":NaN,"evidence_level":"high","details":{"fire_hydrant:type":"underground","water_source":"main"}}},{"type":"Feature","geometry":{"type":"Point","coordinates":[-6.16863,53.52184]},"properties":{"asset_id":"osm:node/12596056196","kind":"hydrant","source":"OpenStreetMap","name":NaN,"evidence_level":"high","details":{"fire_hydrant:type":"underground","water_source":"main"}}},{"type":"Feature","geometry":{"type":"Point","coordinates":[-6.16449,53.56878]},"properties":{"asset_id":"osm:node/12598097533","kind":"water_well","source":"OpenStreetMap","name":NaN,"evidence_level":NaN,"details":{}}},{"type":"Feature","geometry":{"type":"Point","coordinates":[-6.17616,53.52696]},"properties":{"asset_id":"osm:node/12599898867","kind":"hydrant","source":"OpenStreetMap","name":NaN,"evidence_level":"high","details":{"fire_hydrant:type":"underground","water_source":"main"}}},{"type":"Feature","geometry":{"type":"Point","coordinates":[-6.16531,53.52973]},"properties":{"asset_id":"osm:node/12606407005","kind":"hydrant","source":"OpenStreetMap","name":NaN,"evidence_level":"high","details":{"fire_hydrant:type":"underground","water_source":"main"}}},{"type":"Feature","geometry":{"type":"Point","coordinates":[-6.16736,53.5254]},"properties":{"asset_id":"osm:node/12610111247","kind":"hydrant","source":"OpenStreetMap","name":NaN,"evidence_level":"high","details":{"fire_hydrant:type":"underground","water_source":"main"}}},{"type":"Feature","geometry":{"type":"Point","coordinates":[-6.17365,53.528]},"properties":{"asset_id":"osm:node/12610641578","kind":"hydrant","source":"OpenStreetMap","name":NaN,"evidence_level":"high","details":{"fire_hydrant:type":"underground","water_source":"main"}}},{"type":"Feature","geometry":{"type":"Point","coordinates":[-6.16221,53.52469]},"properties":{"asset_id":"osm:node/12613149993","kind":"hydrant","source":"OpenStreetMap","name":NaN,"evidence_level":"high","details":{"fire_hydrant:type":"underground","water_source":"main"}}},{"type":"Feature","geometry":{"type":"Point","coordinates":[-6.17179,53.52547]},"properties":{"asset_id":"osm:node/12613443821","kind":"hydrant","source":"OpenStreetMap","name":NaN,"evidence_level":"high","details":{"fire_hydrant:type":"underground","water_source":"main"}}},{"type":"Feature","geometry":{"type":"Point","coordinates":[-6.10131,53.56988]},"properties":{"asset_id":"osm:node/12618387446","kind":"hydrant","source":"OpenStreetMap","name":NaN,"evidence_level":"high","details":{"fire_hydrant:type":"underground","water_source":"main"}}},{"type":"Feature","geometry":{"type":"Point","coordinates":[-6.10576,53.57025]},"properties":{"asset_id":"osm:node/12620111922","kind":"hydrant","source":"OpenStreetMap","name":NaN,"evidence_level":"high","details":{"fire_hydrant:type":"underground","fire_hydrant:position":"green","water_source":"main"}}},{"type":"Feature","geometry":{"type":"Point","coordinates":[-6.10406,53.57475]},"properties":{"asset_id":"osm:node/12620286244","kind":"hydrant","source":"OpenStreetMap","name":NaN,"evidence_level":"high","details":{"fire_hydrant:type":"underground","water_source":"main"}}},{"type":"Feature","geometry":{"type":"Point","coordinates":[-6.10377,53.57551]},"properties":{"asset_id":"osm:node/12620654718","kind":"hydrant","source":"OpenStreetMap","name":NaN,"evidence_level":"high","details":{"fire_hydrant:type":"underground","water_source":"main"}}},{"type":"Feature","geometry":{"type":"Point","coordinates":[-6.10433,53.5774]},"properties":{"asset_id":"osm:node/12620654752","kind":"hydrant","source":"OpenStreetMap","name":NaN,"evidence_level":"high","details":{"fire_hydrant:type":"underground","water_source":"main"}}},{"type":"Feature","geometry":{"type":"Point","coordinates":[-6.10359,53.57641]},"properties":{"asset_id":"osm:node/12620654754","kind":"hydrant","source":"OpenStreetMap","name":NaN,"evidence_level":"high","details":{"fire_hydrant:type":"underground","water_source":"main"}}},{"type":"Feature","geometry":{"type":"Point","coordinates":[-6.10322,53.57567]},"properties":{"asset_id":"osm:node/12620667476","kind":"hydrant","source":"OpenStreetMap","name":NaN,"evidence_level":"high","details":{"fire_hydrant:type":"underground","water_source":"main"}}},{"type":"Feature","geometry":{"type":"Point","coordinates":[-6.10542,53.57918]},"properties":{"asset_id":"osm:node/12621066072","kind":"hydrant","source":"OpenStreetMap","name":NaN,"evidence_level":"high","details":{"fire_hydrant:type":"underground","water_source":"main"}}},{"type":"Feature","geometry":{"type":"Point","coordinates":[-6.10309,53.58491]},"properties":{"asset_id":"osm:node/12625185676","kind":"hydrant","source":"OpenStreetMap","name":NaN,"evidence_level":"high","details":{"fire_hydrant:type":"underground","water_source":"main"}}},{"type":"Feature","geometry":{"type":"Point","coordinates":[-6.14452,53.58563]},"properties":{"asset_id":"osm:node/12627329605","kind":"hydrant","source":"OpenStreetMap","name":NaN,"evidence_level":"high","details":{"fire_hydrant:type":"underground","fire_hydrant:position":"lane","water_source":"main"}}},{"type":"Feature","geometry":{"type":"Point","coordinates":[-6.14142,53.58465]},"properties":{"asset_id":"osm:node/12627329629","kind":"hydrant","source":"OpenStreetMap","name":NaN,"evidence_level":"high","details":{"fire_hydrant:type":"underground","water_source":"main"}}},{"type":"Feature","geometry":{"type":"Point","coordinates":[-6.12587,53.58409]},"properties":{"asset_id":"osm:node/12629262201","kind":"hydrant","source":"OpenStreetMap","name":NaN,"evidence_level":"high","details":{"fire_hydrant:type":"underground","water_source":"main"}}},{"type":"Feature","geometry":{"type":"Point","coordinates":[-6.12431,53.58349]},"properties":{"asset_id":"osm:node/12629302323","kind":"hydrant","source":"OpenStreetMap","name":NaN,"evidence_level":"high","details":{"fire_hydrant:type":"underground","water_source":"main"}}},{"type":"Feature","geometry":{"type":"Point","coordinates":[-6.11632,53.58149]},"properties":{"asset_id":"osm:node/12630215618","kind":"hydrant","source":"OpenStreetMap","name":NaN,"evidence_level":"high","details":{"fire_hydrant:type":"underground","water_source":"main"}}},{"type":"Feature","geometry":{"type":"Point","coordinates":[-6.11511,53.58064]},"properties":{"asset_id":"osm:node/12631444797","kind":"hydrant","source":"OpenStreetMap","name":NaN,"evidence_level":"high","details":{"fire_hydrant:type":"underground","water_source":"main"}}},{"type":"Feature","geometry":{"type":"Point","coordinates":[-6.13895,53.58438]},"properties":{"asset_id":"osm:node/12641998023","kind":"hydrant","source":"OpenStreetMap","name":NaN,"evidence_level":"high","details":{"fire_hydrant:type":"underground","water_source":"main"}}},{"type":"Feature","geometry":{"type":"Point","coordinates":[-6.1387,53.5849]},"properties":{"asset_id":"osm:node/12641998028","kind":"hydrant","source":"OpenStreetMap","name":NaN,"evidence_level":"high","details":{"fire_hydrant:type":"underground","water_source":"main"}}},{"type":"Feature","geometry":{"type":"Point","coordinates":[-6.13972,53.58474]},"properties":{"asset_id":"osm:node/12641998032","kind":"hydrant","source":"OpenStreetMap","name":NaN,"evidence_level":"high","details":{"fire_hydrant:type":"underground","water_source":"main"}}},{"type":"Feature","geometry":{"type":"Point","coordinates":[-6.1374,53.58564]},"properties":{"asset_id":"osm:node/12642016279","kind":"hydrant","source":"OpenStreetMap","name":NaN,"evidence_level":"high","details":{"fire_hydrant:type":"underground","water_source":"main"}}},{"type":"Feature","geometry":{"type":"Point","coordinates":[-6.1392,53.58521]},"properties":{"asset_id":"osm:node/12642082584","kind":"hydrant","source":"OpenStreetMap","name":NaN,"evidence_level":"high","details":{"fire_hydrant:type":"underground","water_source":"main"}}},{"type":"Feature","geometry":{"type":"Point","coordinates":[-6.1423,53.58488]},"properties":{"asset_id":"osm:node/12642675942","kind":"hydrant","source":"OpenStreetMap","name":NaN,"evidence_level":"high","details":{"fire_hydrant:type":"underground","fire_hydrant:position":"lane","water_source":"main"}}},{"type":"Feature","geometry":{"type":"Point","coordinates":[-6.21349,53.30367]},"properties":{"asset_id":"osm:node/12647295048","kind":"hydrant","source":"OpenStreetMap","name":NaN,"evidence_level":"high","details":{"fire_hydrant:type":"underground","ref":"H3-30"}}},{"type":"Feature","geometry":{"type":"Point","coordinates":[-6.23451,53.32693]},"properties":{"asset_id":"osm:node/12647995431","kind":"drinking_fountain","source":"OpenStreetMap","name":NaN,"evidence_level":"medium","details":{}}},{"type":"Feature","geometry":{"type":"Point","coordinates":[-6.10807,53.57046]},"properties":{"asset_id":"osm:node/12649319893","kind":"hydrant","source":"OpenStreetMap","name":NaN,"evidence_level":"high","details":{"fire_hydrant:type":"underground","water_source":"main"}}},{"type":"Feature","geometry":{"type":"Point","coordinates":[-6.10622,53.5697]},"properties":{"asset_id":"osm:node/12649323106","kind":"hydrant","source":"OpenStreetMap","name":NaN,"evidence_level":"high","details":{"fire_hydrant:type":"underground","water_source":"main"}}},{"type":"Feature","geometry":{"type":"Point","coordinates":[-6.18626,53.58277]},"properties":{"asset_id":"osm:node/12652608214","kind":"hydrant","source":"OpenStreetMap","name":NaN,"evidence_level":"high","details":{"fire_hydrant:type":"underground","water_source":"main"}}},{"type":"Feature","geometry":{"type":"Point","coordinates":[-6.18645,53.58315]},"properties":{"asset_id":"osm:node/12652608215","kind":"hydrant","source":"OpenStreetMap","name":NaN,"evidence_level":"high","details":{"fire_hydrant:type":"underground","fire_hydrant:position":"sidewalk","water_source":"main"}}},{"type":"Feature","geometry":{"type":"Point","coordinates":[-6.23736,53.27481]},"properties":{"asset_id":"osm:node/12653922155","kind":"drinking_fountain","source":"OpenStreetMap","name":NaN,"evidence_level":"medium","details":{}}},{"type":"Feature","geometry":{"type":"Point","coordinates":[-6.2361,53.27406]},"properties":{"asset_id":"osm:node/12653922156","kind":"drinking_fountain","source":"OpenStreetMap","name":NaN,"evidence_level":"medium","details":{}}},{"type":"Feature","geometry":{"type":"Point","coordinates":[-6.13776,53.57447]},"properties":{"asset_id":"osm:node/12662706339","kind":"hydrant","source":"OpenStreetMap","name":NaN,"evidence_level":"high","details":{"fire_hydrant:type":"underground"}}},{"type":"Feature","geometry":{"type":"Point","coordinates":[-6.1894,53.58361]},"properties":{"asset_id":"osm:node/12665315755","kind":"hydrant","source":"OpenStreetMap","name":NaN,"evidence_level":"high","details":{"fire_hydrant:type":"underground","water_source":"main"}}},{"type":"Feature","geometry":{"type":"Point","coordinates":[-6.18916,53.58306]},"properties":{"asset_id":"osm:node/12665315757","kind":"hydrant","source":"OpenStreetMap","name":NaN,"evidence_level":"high","details":{"fire_hydrant:type":"underground","water_source":"main"}}},{"type":"Feature","geometry":{"type":"Point","coordinates":[-6.19005,53.58326]},"properties":{"asset_id":"osm:node/12665339949","kind":"hydrant","source":"OpenStreetMap","name":NaN,"evidence_level":"high","details":{"fire_hydrant:type":"underground","water_source":"main"}}},{"type":"Feature","geometry":{"type":"Point","coordinates":[-6.18783,53.58362]},"properties":{"asset_id":"osm:node/12666739577","kind":"hydrant","source":"OpenStreetMap","name":NaN,"evidence_level":"high","details":{"fire_hydrant:type":"underground","water_source":"main"}}},{"type":"Feature","geometry":{"type":"Point","coordinates":[-6.18712,53.58268]},"properties":{"asset_id":"osm:node/12666739586","kind":"hydrant","source":"OpenStreetMap","name":NaN,"evidence_level":"high","details":{"fire_hydrant:type":"underground","water_source":"main"}}},{"type":"Feature","geometry":{"type":"Point","coordinates":[-6.18798,53.58262]},"properties":{"asset_id":"osm:node/12666739589","kind":"hydrant","source":"OpenStreetMap","name":NaN,"evidence_level":"high","details":{"fire_hydrant:type":"underground","water_source":"main"}}},{"type":"Feature","geometry":{"type":"Point","coordinates":[-6.18722,53.58336]},"properties":{"asset_id":"osm:node/12666739592","kind":"hydrant","source":"OpenStreetMap","name":NaN,"evidence_level":"high","details":{"fire_hydrant:type":"underground","water_source":"main"}}},{"type":"Feature","geometry":{"type":"Point","coordinates":[-6.18788,53.5846]},"properties":{"asset_id":"osm:node/12666739593","kind":"hydrant","source":"OpenStreetMap","name":NaN,"evidence_level":"high","details":{"fire_hydrant:type":"underground","water_source":"main"}}},{"type":"Feature","geometry":{"type":"Point","coordinates":[-6.18687,53.58373]},"properties":{"asset_id":"osm:node/12669919936","kind":"hydrant","source":"OpenStreetMap","name":NaN,"evidence_level":"high","details":{"fire_hydrant:type":"underground","water_source":"main"}}},{"type":"Feature","geometry":{"type":"Point","coordinates":[-6.18753,53.58528]},"properties":{"asset_id":"osm:node/12670560525","kind":"hydrant","source":"OpenStreetMap","name":NaN,"evidence_level":"high","details":{"fire_hydrant:type":"underground","water_source":"main"}}},{"type":"Feature","geometry":{"type":"Point","coordinates":[-6.44227,53.34253]},"properties":{"asset_id":"osm:node/12681367586","kind":"manhole_unspecified","source":"OpenStreetMap","name":NaN,"evidence_level":"medium","details":{}}},{"type":"Feature","geometry":{"type":"Point","coordinates":[-6.21328,53.49379]},"properties":{"asset_id":"osm:node/12682509386","kind":"hydrant","source":"OpenStreetMap","name":NaN,"evidence_level":"high","details":{"fire_hydrant:type":"underground","water_source":"main"}}},{"type":"Feature","geometry":{"type":"Point","coordinates":[-6.24057,53.53951]},"properties":{"asset_id":"osm:node/12702181798","kind":"hydrant","source":"OpenStreetMap","name":NaN,"evidence_level":"high","details":{"fire_hydrant:type":"underground","water_source":"main"}}},{"type":"Feature","geometry":{"type":"Point","coordinates":[-6.26739,53.52172]},"properties":{"asset_id":"osm:node/12703631008","kind":"hydrant","source":"OpenStreetMap","name":NaN,"evidence_level":"high","details":{"fire_hydrant:type":"underground","water_source":"main"}}},{"type":"Feature","geometry":{"type":"Point","coordinates":[-6.26782,53.52217]},"properties":{"asset_id":"osm:node/12703631019","kind":"water_well","source":"OpenStreetMap","name":NaN,"evidence_level":NaN,"details":{}}},{"type":"Feature","geometry":{"type":"Point","coordinates":[-6.4106,53.31481]},"properties":{"asset_id":"osm:node/12707916872","kind":"drinking_fountain","source":"OpenStreetMap","name":NaN,"evidence_level":"medium","details":{}}},{"type":"Feature","geometry":{"type":"Point","coordinates":[-6.24552,53.54065]},"properties":{"asset_id":"osm:node/12710497691","kind":"hydrant","source":"OpenStreetMap","name":NaN,"evidence_level":"high","details":{"fire_hydrant:type":"underground","water_source":"main"}}},{"type":"Feature","geometry":{"type":"Point","coordinates":[-6.26784,53.51301]},"properties":{"asset_id":"osm:node/12712850196","kind":"hydrant","source":"OpenStreetMap","name":NaN,"evidence_level":"high","details":{"fire_hydrant:type":"underground","water_source":"main"}}},{"type":"Feature","geometry":{"type":"Point","coordinates":[-6.26709,53.51463]},"properties":{"asset_id":"osm:node/12712850198","kind":"hydrant","source":"OpenStreetMap","name":NaN,"evidence_level":"high","details":{"fire_hydrant:type":"underground","water_source":"main"}}},{"type":"Feature","geometry":{"type":"Point","coordinates":[-6.26734,53.51344]},"properties":{"asset_id":"osm:node/12712896330","kind":"hydrant","source":"OpenStreetMap","name":NaN,"evidence_level":"high","details":{"fire_hydrant:type":"underground","water_source":"main"}}},{"type":"Feature","geometry":{"type":"Point","coordinates":[-6.26618,53.51585]},"properties":{"asset_id":"osm:node/12713044604","kind":"hydrant","source":"OpenStreetMap","name":NaN,"evidence_level":"high","details":{"fire_hydrant:type":"underground","water_source":"main"}}},{"type":"Feature","geometry":{"type":"Point","coordinates":[-6.26622,53.51662]},"properties":{"asset_id":"osm:node/12713044697","kind":"hydrant","source":"OpenStreetMap","name":NaN,"evidence_level":"high","details":{"fire_hydrant:type":"underground","water_source":"main"}}},{"type":"Feature","geometry":{"type":"Point","coordinates":[-6.26563,53.51765]},"properties":{"asset_id":"osm:node/12713051005","kind":"hydrant","source":"OpenStreetMap","name":NaN,"evidence_level":"high","details":{"fire_hydrant:type":"underground","water_source":"main"}}},{"type":"Feature","geometry":{"type":"Point","coordinates":[-6.26475,53.51767]},"properties":{"asset_id":"osm:node/12713051009","kind":"hydrant","source":"OpenStreetMap","name":NaN,"evidence_level":"high","details":{"fire_hydrant:type":"underground","water_source":"main"}}},{"type":"Feature","geometry":{"type":"Point","coordinates":[-6.26505,53.51719]},"properties":{"asset_id":"osm:node/12713051013","kind":"hydrant","source":"OpenStreetMap","name":NaN,"evidence_level":"high","details":{"fire_hydrant:type":"underground","water_source":"main"}}},{"type":"Feature","geometry":{"type":"Point","coordinates":[-6.26447,53.5165]},"properties":{"asset_id":"osm:node/12713051022","kind":"hydrant","source":"OpenStreetMap","name":NaN,"evidence_level":"high","details":{"fire_hydrant:type":"underground","water_source":"main"}}},{"type":"Feature","geometry":{"type":"Point","coordinates":[-6.26372,53.51623]},"properties":{"asset_id":"osm:node/12713051049","kind":"hydrant","source":"OpenStreetMap","name":NaN,"evidence_level":"high","details":{"fire_hydrant:type":"underground","water_source":"main"}}},{"type":"Feature","geometry":{"type":"Point","coordinates":[-6.26893,53.51733]},"properties":{"asset_id":"osm:node/12713864091","kind":"hydrant","source":"OpenStreetMap","name":NaN,"evidence_level":"high","details":{"fire_hydrant:type":"underground","water_source":"main"}}},{"type":"Feature","geometry":{"type":"Point","coordinates":[-6.2691,53.51694]},"properties":{"asset_id":"osm:node/12713864095","kind":"hydrant","source":"OpenStreetMap","name":NaN,"evidence_level":"high","details":{"fire_hydrant:type":"underground","water_source":"main"}}},{"type":"Feature","geometry":{"type":"Point","coordinates":[-6.26635,53.52054]},"properties":{"asset_id":"osm:node/12714316998","kind":"hydrant","source":"OpenStreetMap","name":NaN,"evidence_level":"high","details":{"fire_hydrant:type":"underground","water_source":"main"}}},{"type":"Feature","geometry":{"type":"Point","coordinates":[-6.2659,53.52043]},"properties":{"asset_id":"osm:node/12715784763","kind":"hydrant","source":"OpenStreetMap","name":NaN,"evidence_level":"high","details":{"fire_hydrant:type":"underground","water_source":"main"}}},{"type":"Feature","geometry":{"type":"Point","coordinates":[-6.26158,53.5194]},"properties":{"asset_id":"osm:node/12716100439","kind":"hydrant","source":"OpenStreetMap","name":NaN,"evidence_level":"high","details":{"fire_hydrant:type":"underground","fire_hydrant:position":"lane","water_source":"main"}}},{"type":"Feature","geometry":{"type":"Point","coordinates":[-6.26722,53.52087]},"properties":{"asset_id":"osm:node/12717398410","kind":"hydrant","source":"OpenStreetMap","name":NaN,"evidence_level":"high","details":{"fire_hydrant:type":"underground","water_source":"main"}}},{"type":"Feature","geometry":{"type":"Point","coordinates":[-6.26987,53.49891]},"properties":{"asset_id":"osm:node/12717555425","kind":"water_well","source":"OpenStreetMap","name":NaN,"evidence_level":NaN,"details":{"material":"metal"}}},{"type":"Feature","geometry":{"type":"Point","coordinates":[-6.19108,53.51575]},"properties":{"asset_id":"osm:node/12717593649","kind":"water_well","source":"OpenStreetMap","name":NaN,"evidence_level":NaN,"details":{"material":"metal"}}},{"type":"Feature","geometry":{"type":"Point","coordinates":[-6.26793,53.50499]},"properties":{"asset_id":"osm:node/12717654463","kind":"hydrant","source":"OpenStreetMap","name":NaN,"evidence_level":"high","details":{"fire_hydrant:type":"underground","water_source":"main"}}},{"type":"Feature","geometry":{"type":"Point","coordinates":[-6.27971,53.51336]},"properties":{"asset_id":"osm:node/12720309447","kind":"hydrant","source":"OpenStreetMap","name":NaN,"evidence_level":"high","details":{"fire_hydrant:type":"underground","water_source":"main"}}},{"type":"Feature","geometry":{"type":"Point","coordinates":[-6.28916,53.58511]},"properties":{"asset_id":"osm:node/12722364939","kind":"water_well","source":"OpenStreetMap","name":NaN,"evidence_level":NaN,"details":{"material":"metal"}}},{"type":"Feature","geometry":{"type":"Point","coordinates":[-6.28668,53.58184]},"properties":{"asset_id":"osm:node/12722519120","kind":"hydrant","source":"OpenStreetMap","name":NaN,"evidence_level":"high","details":{"fire_hydrant:type":"underground","water_source":"main"}}},{"type":"Feature","geometry":{"type":"Point","coordinates":[-6.28808,53.58369]},"properties":{"asset_id":"osm:node/12722519121","kind":"hydrant","source":"OpenStreetMap","name":NaN,"evidence_level":"high","details":{"fire_hydrant:type":"underground","water_source":"main"}}},{"type":"Feature","geometry":{"type":"Point","coordinates":[-6.28456,53.58279]},"properties":{"asset_id":"osm:node/12722662469","kind":"hydrant","source":"OpenStreetMap","name":NaN,"evidence_level":"high","details":{"fire_hydrant:type":"underground","water_source":"main"}}},{"type":"Feature","geometry":{"type":"Point","coordinates":[-6.28632,53.58237]},"properties":{"asset_id":"osm:node/12722662476","kind":"hydrant","source":"OpenStreetMap","name":NaN,"evidence_level":"high","details":{"fire_hydrant:type":"underground","water_source":"main"}}},{"type":"Feature","geometry":{"type":"Point","coordinates":[-6.54556,53.17216]},"properties":{"asset_id":"osm:node/12723762438","kind":"hydrant","source":"OpenStreetMap","name":NaN,"evidence_level":"high","details":{"fire_hydrant:type":"underground","fire_hydrant:diameter":"100"}}},{"type":"Feature","geometry":{"type":"Point","coordinates":[-6.2628,53.57848]},"properties":{"asset_id":"osm:node/12726719680","kind":"hydrant","source":"OpenStreetMap","name":NaN,"evidence_level":"high","details":{"fire_hydrant:type":"underground","water_source":"main"}}},{"type":"Feature","geometry":{"type":"Point","coordinates":[-6.26906,53.57712]},"properties":{"asset_id":"osm:node/12726719689","kind":"water_well","source":"OpenStreetMap","name":NaN,"evidence_level":NaN,"details":{}}},{"type":"Feature","geometry":{"type":"Point","coordinates":[-6.27241,53.55813]},"properties":{"asset_id":"osm:node/12726796001","kind":"hydrant","source":"OpenStreetMap","name":NaN,"evidence_level":"high","details":{"fire_hydrant:type":"underground","water_source":"main"}}},{"type":"Feature","geometry":{"type":"Point","coordinates":[-6.27241,53.55849]},"properties":{"asset_id":"osm:node/12726796019","kind":"hydrant","source":"OpenStreetMap","name":NaN,"evidence_level":"high","details":{"fire_hydrant:type":"underground","water_source":"main"}}},{"type":"Feature","geometry":{"type":"Point","coordinates":[-6.28778,53.5868]},"properties":{"asset_id":"osm:node/12726965481","kind":"hydrant","source":"OpenStreetMap","name":NaN,"evidence_level":"high","details":{"fire_hydrant:type":"underground","water_source":"main"}}},{"type":"Feature","geometry":{"type":"Point","coordinates":[-6.28801,53.58568]},"properties":{"asset_id":"osm:node/12726965903","kind":"hydrant","source":"OpenStreetMap","name":NaN,"evidence_level":"high","details":{"fire_hydrant:type":"underground","water_source":"main"}}},{"type":"Feature","geometry":{"type":"Point","coordinates":[-6.28709,53.58504]},"properties":{"asset_id":"osm:node/12727010125","kind":"hydrant","source":"OpenStreetMap","name":NaN,"evidence_level":"high","details":{"fire_hydrant:type":"underground","water_source":"main"}}},{"type":"Feature","geometry":{"type":"Point","coordinates":[-6.28679,53.58699]},"properties":{"asset_id":"osm:node/12727018088","kind":"hydrant","source":"OpenStreetMap","name":NaN,"evidence_level":"high","details":{"fire_hydrant:type":"underground","fire_hydrant:diameter":"100","water_source":"main"}}},{"type":"Feature","geometry":{"type":"Point","coordinates":[-6.28833,53.58616]},"properties":{"asset_id":"osm:node/12727088203","kind":"hydrant","source":"OpenStreetMap","name":NaN,"evidence_level":"high","details":{"fire_hydrant:type":"underground","fire_hydrant:position":"sidewalk","water_source":"main"}}},{"type":"Feature","geometry":{"type":"Point","coordinates":[-6.28705,53.58612]},"properties":{"asset_id":"osm:node/12727127160","kind":"hydrant","source":"OpenStreetMap","name":NaN,"evidence_level":"high","details":{"fire_hydrant:type":"underground","water_source":"main"}}},{"type":"Feature","geometry":{"type":"Point","coordinates":[-6.26684,53.5186]},"properties":{"asset_id":"osm:node/12729516358","kind":"hydrant","source":"OpenStreetMap","name":NaN,"evidence_level":"high","details":{"fire_hydrant:type":"underground","fire_hydrant:position":"sidewalk","water_source":"main"}}},{"type":"Feature","geometry":{"type":"Point","coordinates":[-6.27254,53.54353]},"properties":{"asset_id":"osm:node/12731808874","kind":"hydrant","source":"OpenStreetMap","name":NaN,"evidence_level":"high","details":{"fire_hydrant:type":"underground","water_source":"main"}}},{"type":"Feature","geometry":{"type":"Point","coordinates":[-6.27233,53.55216]},"properties":{"asset_id":"osm:node/12731886430","kind":"hydrant","source":"OpenStreetMap","name":NaN,"evidence_level":"high","details":{"fire_hydrant:type":"underground","water_source":"main"}}},{"type":"Feature","geometry":{"type":"Point","coordinates":[-6.2791,53.56773]},"properties":{"asset_id":"osm:node/12734399602","kind":"hydrant","source":"OpenStreetMap","name":NaN,"evidence_level":"high","details":{"fire_hydrant:type":"underground","fire_hydrant:position":"green","water_source":"main"}}},{"type":"Feature","geometry":{"type":"Point","coordinates":[-6.2906,53.58633]},"properties":{"asset_id":"osm:node/12734475448","kind":"hydrant","source":"OpenStreetMap","name":NaN,"evidence_level":"high","details":{"fire_hydrant:type":"underground","fire_hydrant:position":"sidewalk","water_source":"main"}}},{"type":"Feature","geometry":{"type":"Point","coordinates":[-6.28387,53.5765]},"properties":{"asset_id":"osm:node/12734642160","kind":"hydrant","source":"OpenStreetMap","name":NaN,"evidence_level":"high","details":{"fire_hydrant:type":"underground","water_source":"main"}}},{"type":"Feature","geometry":{"type":"Point","coordinates":[-6.2837,53.57499]},"properties":{"asset_id":"osm:node/12734642169","kind":"hydrant","source":"OpenStreetMap","name":NaN,"evidence_level":"high","details":{"fire_hydrant:type":"underground","water_source":"main"}}},{"type":"Feature","geometry":{"type":"Point","coordinates":[-6.28273,53.57368]},"properties":{"asset_id":"osm:node/12734642171","kind":"hydrant","source":"OpenStreetMap","name":NaN,"evidence_level":"high","details":{"fire_hydrant:type":"underground","water_source":"main"}}},{"type":"Feature","geometry":{"type":"Point","coordinates":[-6.54368,53.17267]},"properties":{"asset_id":"osm:node/12741748353","kind":"hydrant","source":"OpenStreetMap","name":NaN,"evidence_level":"high","details":{"fire_hydrant:type":"underground","fire_hydrant:diameter":"100"}}},{"type":"Feature","geometry":{"type":"Point","coordinates":[-6.54429,53.1727]},"properties":{"asset_id":"osm:node/12741753868","kind":"hydrant","source":"OpenStreetMap","name":NaN,"evidence_level":"high","details":{"fire_hydrant:type":"underground"}}},{"type":"Feature","geometry":{"type":"Point","coordinates":[-6.54458,53.17157]},"properties":{"asset_id":"osm:node/12741868159","kind":"hydrant","source":"OpenStreetMap","name":NaN,"evidence_level":"high","details":{"fire_hydrant:type":"underground","fire_hydrant:position":"sidewalk"}}},{"type":"Feature","geometry":{"type":"Point","coordinates":[-6.54318,53.1731]},"properties":{"asset_id":"osm:node/12741879520","kind":"hydrant","source":"OpenStreetMap","name":NaN,"evidence_level":"high","details":{"fire_hydrant:type":"underground","fire_hydrant:position":"sidewalk"}}},{"type":"Feature","geometry":{"type":"Point","coordinates":[-6.54624,53.17215]},"properties":{"asset_id":"osm:node/12741888812","kind":"hydrant","source":"OpenStreetMap","name":NaN,"evidence_level":"high","details":{"fire_hydrant:type":"underground"}}},{"type":"Feature","geometry":{"type":"Point","coordinates":[-6.54315,53.17244]},"properties":{"asset_id":"osm:node/12741890272","kind":"hydrant","source":"OpenStreetMap","name":NaN,"evidence_level":"high","details":{"fire_hydrant:type":"underground","fire_hydrant:position":"sidewalk"}}},{"type":"Feature","geometry":{"type":"Point","coordinates":[-6.54521,53.17247]},"properties":{"asset_id":"osm:node/12741891066","kind":"hydrant","source":"OpenStreetMap","name":NaN,"evidence_level":"high","details":{"fire_hydrant:type":"underground","fire_hydrant:position":"sidewalk","fire_hydrant:diameter":"100"}}},{"type":"Feature","geometry":{"type":"Point","coordinates":[-6.54634,53.17259]},"properties":{"asset_id":"osm:node/12741894633","kind":"hydrant","source":"OpenStreetMap","name":NaN,"evidence_level":"high","details":{"fire_hydrant:type":"underground"}}},{"type":"Feature","geometry":{"type":"Point","coordinates":[-6.54496,53.17303]},"properties":{"asset_id":"osm:node/12741902959","kind":"hydrant","source":"OpenStreetMap","name":NaN,"evidence_level":"high","details":{"fire_hydrant:type":"underground","fire_hydrant:position":"sidewalk"}}},{"type":"Feature","geometry":{"type":"Point","coordinates":[-6.54576,53.17277]},"properties":{"asset_id":"osm:node/12741903024","kind":"hydrant","source":"OpenStreetMap","name":NaN,"evidence_level":"high","details":{"fire_hydrant:type":"underground"}}},{"type":"Feature","geometry":{"type":"Point","coordinates":[-6.54228,53.17273]},"properties":{"asset_id":"osm:node/12741903891","kind":"hydrant","source":"OpenStreetMap","name":NaN,"evidence_level":"high","details":{"fire_hydrant:type":"underground","fire_hydrant:position":"sidewalk"}}},{"type":"Feature","geometry":{"type":"Point","coordinates":[-6.54683,53.17131]},"properties":{"asset_id":"osm:node/12741908249","kind":"hydrant","source":"OpenStreetMap","name":NaN,"evidence_level":"high","details":{"fire_hydrant:type":"underground","fire_hydrant:position":"sidewalk","fire_hydrant:diameter":"100"}}},{"type":"Feature","geometry":{"type":"Point","coordinates":[-6.54471,53.17371]},"properties":{"asset_id":"osm:node/12741912648","kind":"hydrant","source":"OpenStreetMap","name":NaN,"evidence_level":"high","details":{"fire_hydrant:type":"underground","fire_hydrant:position":"sidewalk"}}},{"type":"Feature","geometry":{"type":"Point","coordinates":[-6.54458,53.17186]},"properties":{"asset_id":"osm:node/12741924410","kind":"hydrant","source":"OpenStreetMap","name":NaN,"evidence_level":"high","details":{"fire_hydrant:type":"underground","fire_hydrant:position":"sidewalk"}}},{"type":"Feature","geometry":{"type":"Point","coordinates":[-6.54553,53.1714]},"properties":{"asset_id":"osm:node/12741928798","kind":"hydrant","source":"OpenStreetMap","name":NaN,"evidence_level":"high","details":{"fire_hydrant:type":"underground","fire_hydrant:position":"sidewalk","fire_hydrant:diameter":"100"}}},{"type":"Feature","geometry":{"type":"Point","coordinates":[-6.55275,53.17422]},"properties":{"asset_id":"osm:node/12741929840","kind":"hydrant","source":"OpenStreetMap","name":NaN,"evidence_level":"high","details":{"fire_hydrant:type":"underground","fire_hydrant:position":"sidewalk"}}},{"type":"Feature","geometry":{"type":"Point","coordinates":[-6.54376,53.172]},"properties":{"asset_id":"osm:node/12741929916","kind":"hydrant","source":"OpenStreetMap","name":NaN,"evidence_level":"high","details":{"fire_hydrant:type":"underground","fire_hydrant:position":"sidewalk"}}},{"type":"Feature","geometry":{"type":"Point","coordinates":[-6.54968,53.17279]},"properties":{"asset_id":"osm:node/12741941464","kind":"hydrant","source":"OpenStreetMap","name":NaN,"evidence_level":"high","details":{"fire_hydrant:type":"underground","fire_hydrant:position":"sidewalk","fire_hydrant:diameter":"100"}}},{"type":"Feature","geometry":{"type":"Point","coordinates":[-6.55207,53.17382]},"properties":{"asset_id":"osm:node/12741947132","kind":"hydrant","source":"OpenStreetMap","name":NaN,"evidence_level":"high","details":{"fire_hydrant:type":"underground","fire_hydrant:position":"lane"}}},{"type":"Feature","geometry":{"type":"Point","coordinates":[-6.54585,53.1707]},"properties":{"asset_id":"osm:node/12741950730","kind":"hydrant","source":"OpenStreetMap","name":NaN,"evidence_level":"high","details":{"fire_hydrant:type":"underground","fire_hydrant:position":"sidewalk","fire_hydrant:diameter":"100"}}},{"type":"Feature","geometry":{"type":"Point","coordinates":[-6.5468,53.17104]},"properties":{"asset_id":"osm:node/12741951942","kind":"hydrant","source":"OpenStreetMap","name":NaN,"evidence_level":"high","details":{"fire_hydrant:type":"underground","fire_hydrant:position":"sidewalk","fire_hydrant:diameter":"100"}}},{"type":"Feature","geometry":{"type":"Point","coordinates":[-6.54861,53.17252]},"properties":{"asset_id":"osm:node/12741955457","kind":"hydrant","source":"OpenStreetMap","name":NaN,"evidence_level":"high","details":{"fire_hydrant:type":"underground","fire_hydrant:position":"sidewalk"}}},{"type":"Feature","geometry":{"type":"Point","coordinates":[-6.55238,53.17351]},"properties":{"asset_id":"osm:node/12741956760","kind":"hydrant","source":"OpenStreetMap","name":NaN,"evidence_level":"high","details":{"fire_hydrant:type":"underground","fire_hydrant:position":"sidewalk","fire_hydrant:diameter":"100"}}},{"type":"Feature","geometry":{"type":"Point","coordinates":[-6.55321,53.17372]},"properties":{"asset_id":"osm:node/12741973509","kind":"hydrant","source":"OpenStreetMap","name":NaN,"evidence_level":"high","details":{"fire_hydrant:type":"underground","fire_hydrant:position":"sidewalk","fire_hydrant:diameter":"100"}}},{"type":"Feature","geometry":{"type":"Point","coordinates":[-6.55219,53.17456]},"properties":{"asset_id":"osm:node/12741982516","kind":"hydrant","source":"OpenStreetMap","name":NaN,"evidence_level":"high","details":{"fire_hydrant:type":"underground","fire_hydrant:position":"lane"}}},{"type":"Feature","geometry":{"type":"Point","coordinates":[-6.55091,53.17452]},"properties":{"asset_id":"osm:node/12741986028","kind":"hydrant","source":"OpenStreetMap","name":NaN,"evidence_level":"high","details":{"fire_hydrant:type":"underground","fire_hydrant:position":"green"}}},{"type":"Feature","geometry":{"type":"Point","coordinates":[-6.55143,53.17492]},"properties":{"asset_id":"osm:node/12741990180","kind":"hydrant","source":"OpenStreetMap","name":NaN,"evidence_level":"high","details":{"fire_hydrant:type":"underground","fire_hydrant:position":"lane","fire_hydrant:diameter":"100"}}},{"type":"Feature","geometry":{"type":"Point","coordinates":[-6.54141,53.17034]},"properties":{"asset_id":"osm:node/12745076947","kind":"hydrant","source":"OpenStreetMap","name":NaN,"evidence_level":"high","details":{"fire_hydrant:type":"underground","fire_hydrant:position":"sidewalk"}}},{"type":"Feature","geometry":{"type":"Point","coordinates":[-6.54078,53.1709]},"properties":{"asset_id":"osm:node/12745105052","kind":"hydrant","source":"OpenStreetMap","name":NaN,"evidence_level":"high","details":{"fire_hydrant:type":"underground","fire_hydrant:position":"sidewalk"}}},{"type":"Feature","geometry":{"type":"Point","coordinates":[-6.54094,53.17135]},"properties":{"asset_id":"osm:node/12745112372","kind":"hydrant","source":"OpenStreetMap","name":NaN,"evidence_level":"high","details":{"fire_hydrant:type":"underground","fire_hydrant:position":"sidewalk"}}},{"type":"Feature","geometry":{"type":"Point","coordinates":[-6.53985,53.17173]},"properties":{"asset_id":"osm:node/12745128790","kind":"hydrant","source":"OpenStreetMap","name":NaN,"evidence_level":"high","details":{"fire_hydrant:type":"underground","fire_hydrant:position":"sidewalk"}}},{"type":"Feature","geometry":{"type":"Point","coordinates":[-6.54043,53.17116]},"properties":{"asset_id":"osm:node/12745130176","kind":"hydrant","source":"OpenStreetMap","name":NaN,"evidence_level":"high","details":{"fire_hydrant:type":"underground","fire_hydrant:position":"sidewalk"}}},{"type":"Feature","geometry":{"type":"Point","coordinates":[-6.54196,53.17094]},"properties":{"asset_id":"osm:node/12745131510","kind":"hydrant","source":"OpenStreetMap","name":NaN,"evidence_level":"high","details":{"fire_hydrant:type":"underground","fire_hydrant:position":"sidewalk"}}},{"type":"Feature","geometry":{"type":"Point","coordinates":[-6.54036,53.17196]},"properties":{"asset_id":"osm:node/12745146032","kind":"hydrant","source":"OpenStreetMap","name":NaN,"evidence_level":"high","details":{"fire_hydrant:type":"underground","fire_hydrant:position":"sidewalk"}}},{"type":"Feature","geometry":{"type":"Point","coordinates":[-6.54163,53.1696]},"properties":{"asset_id":"osm:node/12745172895","kind":"hydrant","source":"OpenStreetMap","name":NaN,"evidence_level":"high","details":{"fire_hydrant:type":"underground","fire_hydrant:position":"sidewalk"}}},{"type":"Feature","geometry":{"type":"Point","coordinates":[-6.54258,53.16938]},"properties":{"asset_id":"osm:node/12745221819","kind":"hydrant","source":"OpenStreetMap","name":NaN,"evidence_level":"high","details":{"fire_hydrant:type":"underground","fire_hydrant:position":"sidewalk"}}},{"type":"Feature","geometry":{"type":"Point","coordinates":[-6.53705,53.17073]},"properties":{"asset_id":"osm:node/12745227294","kind":"hydrant","source":"OpenStreetMap","name":NaN,"evidence_level":"high","details":{"fire_hydrant:type":"underground","fire_hydrant:position":"sidewalk"}}},{"type":"Feature","geometry":{"type":"Point","coordinates":[-6.53629,53.17034]},"properties":{"asset_id":"osm:node/12745238793","kind":"hydrant","source":"OpenStreetMap","name":NaN,"evidence_level":"high","details":{"fire_hydrant:type":"underground","fire_hydrant:position":"sidewalk"}}},{"type":"Feature","geometry":{"type":"Point","coordinates":[-6.53704,53.16897]},"properties":{"asset_id":"osm:node/12745239549","kind":"hydrant","source":"OpenStreetMap","name":NaN,"evidence_level":"high","details":{"fire_hydrant:type":"underground","fire_hydrant:position":"sidewalk"}}},{"type":"Feature","geometry":{"type":"Point","coordinates":[-6.53807,53.16945]},"properties":{"asset_id":"osm:node/12745241537","kind":"hydrant","source":"OpenStreetMap","name":NaN,"evidence_level":"high","details":{"fire_hydrant:type":"underground","fire_hydrant:position":"sidewalk"}}},{"type":"Feature","geometry":{"type":"Point","coordinates":[-6.53693,53.16998]},"properties":{"asset_id":"osm:node/12745259438","kind":"hydrant","source":"OpenStreetMap","name":NaN,"evidence_level":"high","details":{"fire_hydrant:type":"underground","fire_hydrant:position":"sidewalk"}}},{"type":"Feature","geometry":{"type":"Point","coordinates":[-6.5362,53.16954]},"properties":{"asset_id":"osm:node/12745261013","kind":"hydrant","source":"OpenStreetMap","name":NaN,"evidence_level":"high","details":{"fire_hydrant:type":"underground","fire_hydrant:position":"sidewalk"}}},{"type":"Feature","geometry":{"type":"Point","coordinates":[-6.53549,53.17017]},"properties":{"asset_id":"osm:node/12745272890","kind":"hydrant","source":"OpenStreetMap","name":NaN,"evidence_level":"high","details":{"fire_hydrant:type":"underground","fire_hydrant:position":"sidewalk"}}},{"type":"Feature","geometry":{"type":"Point","coordinates":[-6.53758,53.17034]},"properties":{"asset_id":"osm:node/12745276552","kind":"hydrant","source":"OpenStreetMap","name":NaN,"evidence_level":"high","details":{"fire_hydrant:type":"underground","fire_hydrant:position":"sidewalk"}}},{"type":"Feature","geometry":{"type":"Point","coordinates":[-6.53105,53.17615]},"properties":{"asset_id":"osm:node/12747440904","kind":"hydrant","source":"OpenStreetMap","name":NaN,"evidence_level":"high","details":{"fire_hydrant:type":"underground","fire_hydrant:position":"sidewalk","fire_hydrant:diameter":"100"}}},{"type":"Feature","geometry":{"type":"Point","coordinates":[-6.52861,53.17404]},"properties":{"asset_id":"osm:node/12748217982","kind":"hydrant","source":"OpenStreetMap","name":NaN,"evidence_level":"high","details":{"fire_hydrant:type":"underground","fire_hydrant:position":"parking_lot"}}},{"type":"Feature","geometry":{"type":"Point","coordinates":[-6.53105,53.173]},"properties":{"asset_id":"osm:node/12748227804","kind":"hydrant","source":"OpenStreetMap","name":NaN,"evidence_level":"high","details":{"fire_hydrant:type":"underground","fire_hydrant:position":"sidewalk"}}},{"type":"Feature","geometry":{"type":"Point","coordinates":[-6.53404,53.17255]},"properties":{"asset_id":"osm:node/12749863463","kind":"hydrant","source":"OpenStreetMap","name":NaN,"evidence_level":"high","details":{"fire_hydrant:type":"underground","fire_hydrant:position":"lane","water_source":"main"}}},{"type":"Feature","geometry":{"type":"Point","coordinates":[-6.53303,53.17318]},"properties":{"asset_id":"osm:node/12749884957","kind":"hydrant","source":"OpenStreetMap","name":NaN,"evidence_level":"high","details":{"fire_hydrant:type":"underground","fire_hydrant:position":"sidewalk"}}},{"type":"Feature","geometry":{"type":"Point","coordinates":[-6.53366,53.17177]},"properties":{"asset_id":"osm:node/12749888377","kind":"hydrant","source":"OpenStreetMap","name":NaN,"evidence_level":"high","details":{"fire_hydrant:type":"underground","fire_hydrant:position":"sidewalk"}}},{"type":"Feature","geometry":{"type":"Point","coordinates":[-6.5321,53.17208]},"properties":{"asset_id":"osm:node/12749895477","kind":"hydrant","source":"OpenStreetMap","name":NaN,"evidence_level":"high","details":{"fire_hydrant:type":"underground","fire_hydrant:position":"sidewalk"}}},{"type":"Feature","geometry":{"type":"Point","coordinates":[-6.53346,53.17132]},"properties":{"asset_id":"osm:node/12749908461","kind":"hydrant","source":"OpenStreetMap","name":NaN,"evidence_level":"high","details":{"fire_hydrant:type":"underground","fire_hydrant:position":"sidewalk"}}},{"type":"Feature","geometry":{"type":"Point","coordinates":[-6.50494,53.47949]},"properties":{"asset_id":"osm:node/12750317767","kind":"water_well","source":"OpenStreetMap","name":NaN,"evidence_level":NaN,"details":{}}},{"type":"Feature","geometry":{"type":"Point","coordinates":[-6.5052,53.47957]},"properties":{"asset_id":"osm:node/12750317780","kind":"manhole_unspecified","source":"OpenStreetMap","name":NaN,"evidence_level":"medium","details":{}}},{"type":"Feature","geometry":{"type":"Point","coordinates":[-6.5354,53.17273]},"properties":{"asset_id":"osm:node/12760244923","kind":"hydrant","source":"OpenStreetMap","name":NaN,"evidence_level":"high","details":{"fire_hydrant:type":"underground","fire_hydrant:position":"sidewalk"}}},{"type":"Feature","geometry":{"type":"Point","coordinates":[-6.53187,53.17654]},"properties":{"asset_id":"osm:node/12760247964","kind":"hydrant","source":"OpenStreetMap","name":NaN,"evidence_level":"high","details":{"fire_hydrant:type":"underground","fire_hydrant:position":"sidewalk"}}},{"type":"Feature","geometry":{"type":"Point","coordinates":[-6.52998,53.17727]},"properties":{"asset_id":"osm:node/12760275175","kind":"hydrant","source":"OpenStreetMap","name":NaN,"evidence_level":"high","details":{"fire_hydrant:type":"underground","fire_hydrant:position":"sidewalk"}}},{"type":"Feature","geometry":{"type":"Point","coordinates":[-6.17923,53.4077]},"properties":{"asset_id":"osm:node/12794610057","kind":"hydrant","source":"OpenStreetMap","name":NaN,"evidence_level":"high","details":{"fire_hydrant:type":"underground","fire_hydrant:position":"sidewalk","water_source":"main"}}},{"type":"Feature","geometry":{"type":"Point","coordinates":[-6.17964,53.4077]},"properties":{"asset_id":"osm:node/12794610064","kind":"hydrant","source":"OpenStreetMap","name":NaN,"evidence_level":"high","details":{"fire_hydrant:type":"underground","fire_hydrant:position":"sidewalk","water_source":"main"}}},{"type":"Feature","geometry":{"type":"Point","coordinates":[-6.18335,53.40762]},"properties":{"asset_id":"osm:node/12794768862","kind":"hydrant","source":"OpenStreetMap","name":NaN,"evidence_level":"high","details":{"fire_hydrant:type":"underground","fire_hydrant:position":"sidewalk","water_source":"main"}}},{"type":"Feature","geometry":{"type":"Point","coordinates":[-6.1851,53.40771]},"properties":{"asset_id":"osm:node/12794768875","kind":"hydrant","source":"OpenStreetMap","name":NaN,"evidence_level":"high","details":{"fire_hydrant:type":"underground","fire_hydrant:position":"sidewalk","water_source":"main"}}},{"type":"Feature","geometry":{"type":"Point","coordinates":[-6.18588,53.40758]},"properties":{"asset_id":"osm:node/12794768884","kind":"hydrant","source":"OpenStreetMap","name":NaN,"evidence_level":"high","details":{"fire_hydrant:type":"underground","fire_hydrant:position":"green","water_source":"main"}}},{"type":"Feature","geometry":{"type":"Point","coordinates":[-6.18581,53.40701]},"properties":{"asset_id":"osm:node/12794813540","kind":"hydrant","source":"OpenStreetMap","name":NaN,"evidence_level":"high","details":{"fire_hydrant:type":"underground","fire_hydrant:position":"green","water_source":"main"}}},{"type":"Feature","geometry":{"type":"Point","coordinates":[-6.18454,53.40801]},"properties":{"asset_id":"osm:node/12794813554","kind":"hydrant","source":"OpenStreetMap","name":NaN,"evidence_level":"high","details":{"fire_hydrant:type":"underground","fire_hydrant:position":"green","water_source":"main"}}},{"type":"Feature","geometry":{"type":"Point","coordinates":[-6.18437,53.40772]},"properties":{"asset_id":"osm:node/12794813555","kind":"hydrant","source":"OpenStreetMap","name":NaN,"evidence_level":"high","details":{"fire_hydrant:type":"underground","fire_hydrant:position":"green","water_source":"main"}}},{"type":"Feature","geometry":{"type":"Point","coordinates":[-6.18354,53.40708]},"properties":{"asset_id":"osm:node/12794813597","kind":"hydrant","source":"OpenStreetMap","name":NaN,"evidence_level":"high","details":{"fire_hydrant:type":"underground","fire_hydrant:position":"sidewalk","water_source":"main"}}},{"type":"Feature","geometry":{"type":"Point","coordinates":[-6.18091,53.40688]},"properties":{"asset_id":"osm:node/12794813600","kind":"hydrant","source":"OpenStreetMap","name":NaN,"evidence_level":"high","details":{"fire_hydrant:type":"underground","fire_hydrant:position":"sidewalk","water_source":"main"}}},{"type":"Feature","geometry":{"type":"Point","coordinates":[-6.18002,53.40681]},"properties":{"asset_id":"osm:node/12794846404","kind":"hydrant","source":"OpenStreetMap","name":NaN,"evidence_level":"high","details":{"fire_hydrant:type":"underground","fire_hydrant:position":"sidewalk","water_source":"main"}}},{"type":"Feature","geometry":{"type":"Point","coordinates":[-6.17899,53.40784]},"properties":{"asset_id":"osm:node/12794897776","kind":"hydrant","source":"OpenStreetMap","name":NaN,"evidence_level":"high","details":{"fire_hydrant:type":"underground","fire_hydrant:position":"green","water_source":"main"}}},{"type":"Feature","geometry":{"type":"Point","coordinates":[-6.17906,53.4073]},"properties":{"asset_id":"osm:node/12795807081","kind":"hydrant","source":"OpenStreetMap","name":NaN,"evidence_level":"high","details":{"fire_hydrant:type":"underground","fire_hydrant:position":"sidewalk","water_source":"main"}}},{"type":"Feature","geometry":{"type":"Point","coordinates":[-6.17763,53.40834]},"properties":{"asset_id":"osm:node/12795807096","kind":"hydrant","source":"OpenStreetMap","name":NaN,"evidence_level":"high","details":{"fire_hydrant:type":"underground","fire_hydrant:position":"sidewalk","water_source":"main"}}},{"type":"Feature","geometry":{"type":"Point","coordinates":[-6.29719,53.26285]},"properties":{"asset_id":"osm:node/12819066886","kind":"water_well","source":"OpenStreetMap","name":NaN,"evidence_level":NaN,"details":{}}},{"type":"Feature","geometry":{"type":"Point","coordinates":[-6.22648,53.28537]},"properties":{"asset_id":"osm:node/12900174885","kind":"hydrant","source":"OpenStreetMap","name":NaN,"evidence_level":"high","details":{}}},{"type":"Feature","geometry":{"type":"Point","coordinates":[-6.2272,53.28448]},"properties":{"asset_id":"osm:node/12900174891","kind":"hydrant","source":"OpenStreetMap","name":NaN,"evidence_level":"high","details":{}}},{"type":"Feature","geometry":{"type":"Point","coordinates":[-6.22678,53.28377]},"properties":{"asset_id":"osm:node/12900174897","kind":"hydrant","source":"OpenStreetMap","name":NaN,"evidence_level":"high","details":{}}},{"type":"Feature","geometry":{"type":"Point","coordinates":[-6.22603,53.28368]},"properties":{"asset_id":"osm:node/12900194511","kind":"hydrant","source":"OpenStreetMap","name":NaN,"evidence_level":"high","details":{}}},{"type":"Feature","geometry":{"type":"Point","coordinates":[-6.22637,53.2847]},"properties":{"asset_id":"osm:node/12900194536","kind":"hydrant","source":"OpenStreetMap","name":NaN,"evidence_level":"high","details":{}}},{"type":"Feature","geometry":{"type":"Point","coordinates":[-6.25708,53.34603]},"properties":{"asset_id":"osm:node/12900220809","kind":"hydrant","source":"OpenStreetMap","name":NaN,"evidence_level":"high","details":{"fire_hydrant:type":"underground","fire_hydrant:position":"sidewalk"}}},{"type":"Feature","geometry":{"type":"Point","coordinates":[-6.22925,53.28447]},"properties":{"asset_id":"osm:node/12902666610","kind":"hydrant","source":"OpenStreetMap","name":NaN,"evidence_level":"high","details":{}}},{"type":"Feature","geometry":{"type":"Point","coordinates":[-6.22764,53.28659]},"properties":{"asset_id":"osm:node/12902666613","kind":"hydrant","source":"OpenStreetMap","name":NaN,"evidence_level":"high","details":{}}},{"type":"Feature","geometry":{"type":"Point","coordinates":[-6.22822,53.28422]},"properties":{"asset_id":"osm:node/12902666632","kind":"hydrant","source":"OpenStreetMap","name":NaN,"evidence_level":"high","details":{}}},{"type":"Feature","geometry":{"type":"Point","coordinates":[-6.22664,53.28676]},"properties":{"asset_id":"osm:node/12902666649","kind":"hydrant","source":"OpenStreetMap","name":NaN,"evidence_level":"high","details":{}}},{"type":"Feature","geometry":{"type":"Point","coordinates":[-6.2277,53.28652]},"properties":{"asset_id":"osm:node/12902666655","kind":"hydrant","source":"OpenStreetMap","name":NaN,"evidence_level":"high","details":{}}},{"type":"Feature","geometry":{"type":"Point","coordinates":[-6.22903,53.28554]},"properties":{"asset_id":"osm:node/12902666666","kind":"hydrant","source":"OpenStreetMap","name":NaN,"evidence_level":"high","details":{}}},{"type":"Feature","geometry":{"type":"Point","coordinates":[-6.22922,53.28658]},"properties":{"asset_id":"osm:node/12902666670","kind":"hydrant","source":"OpenStreetMap","name":NaN,"evidence_level":"high","details":{}}},{"type":"Feature","geometry":{"type":"Point","coordinates":[-6.22815,53.28483]},"properties":{"asset_id":"osm:node/12902666690","kind":"hydrant","source":"OpenStreetMap","name":NaN,"evidence_level":"high","details":{}}},{"type":"Feature","geometry":{"type":"Point","coordinates":[-6.52908,53.17488]},"properties":{"asset_id":"osm:node/12995107280","kind":"hydrant","source":"OpenStreetMap","name":NaN,"evidence_level":"high","details":{"fire_hydrant:type":"underground","fire_hydrant:diameter":"100","water_source":"main"}}},{"type":"Feature","geometry":{"type":"Point","coordinates":[-6.21207,53.33868]},"properties":{"asset_id":"osm:node/13041394296","kind":"manhole_sewer","source":"OpenStreetMap","name":NaN,"evidence_level":"medium","details":{"manhole":"sewer"}}},{"type":"Feature","geometry":{"type":"Point","coordinates":[-6.21031,53.33758]},"properties":{"asset_id":"osm:node/13041394297","kind":"manhole_sewer","source":"OpenStreetMap","name":NaN,"evidence_level":"medium","details":{"manhole":"sewer"}}},{"type":"Feature","geometry":{"type":"Point","coordinates":[-6.21059,53.33775]},"properties":{"asset_id":"osm:node/13041394298","kind":"manhole_sewer","source":"OpenStreetMap","name":NaN,"evidence_level":"medium","details":{"manhole":"sewer"}}},{"type":"Feature","geometry":{"type":"Point","coordinates":[-6.21142,53.33827]},"properties":{"asset_id":"osm:node/13041394299","kind":"manhole_sewer","source":"OpenStreetMap","name":NaN,"evidence_level":"medium","details":{"manhole":"sewer"}}},{"type":"Feature","geometry":{"type":"Point","coordinates":[-6.44959,53.35696]},"properties":{"asset_id":"osm:node/13059390020","kind":"drinking_fountain","source":"OpenStreetMap","name":NaN,"evidence_level":"medium","details":{}}},{"type":"Feature","geometry":{"type":"Point","coordinates":[-6.25301,53.3428]},"properties":{"asset_id":"osm:node/13060191600","kind":"drinking_fountain","source":"OpenStreetMap","name":NaN,"evidence_level":"medium","details":{}}},{"type":"Feature","geometry":{"type":"Point","coordinates":[-6.14154,53.28345]},"properties":{"asset_id":"osm:node/13065012293","kind":"hydrant","source":"OpenStreetMap","name":NaN,"evidence_level":"high","details":{"fire_hydrant:type":"pillar","fire_hydrant:position":"sidewalk"}}},{"type":"Feature","geometry":{"type":"Point","coordinates":[-6.39698,53.35337]},"properties":{"asset_id":"osm:node/13098959536","kind":"drinking_fountain","source":"OpenStreetMap","name":NaN,"evidence_level":"medium","details":{}}},{"type":"Feature","geometry":{"type":"Point","coordinates":[-6.23834,53.42295]},"properties":{"asset_id":"osm:node/13149590001","kind":"drinking_fountain","source":"OpenStreetMap","name":"Drinking Water Station","evidence_level":"medium","details":{}}},{"type":"Feature","geometry":{"type":"Point","coordinates":[-6.31369,53.26877]},"properties":{"asset_id":"osm:node/13153377364","kind":"manhole_water","source":"OpenStreetMap","name":NaN,"evidence_level":"medium","details":{"manhole":"water","operator":"Irish Water"}}},{"type":"Feature","geometry":{"type":"Point","coordinates":[-6.3137,53.27007]},"properties":{"asset_id":"osm:node/13153377365","kind":"manhole_water","source":"OpenStreetMap","name":NaN,"evidence_level":"medium","details":{"manhole":"water","operator":"Irish Water"}}},{"type":"Feature","geometry":{"type":"Point","coordinates":[-6.31371,53.26838]},"properties":{"asset_id":"osm:node/13153377369","kind":"manhole_water","source":"OpenStreetMap","name":NaN,"evidence_level":"medium","details":{"manhole":"water","operator":"Irish Water"}}},{"type":"Feature","geometry":{"type":"Point","coordinates":[-6.31369,53.26839]},"properties":{"asset_id":"osm:node/13153377370","kind":"manhole_unspecified","source":"OpenStreetMap","name":NaN,"evidence_level":"medium","details":{}}},{"type":"Feature","geometry":{"type":"Point","coordinates":[-6.3137,53.26847]},"properties":{"asset_id":"osm:node/13153377371","kind":"manhole_water","source":"OpenStreetMap","name":NaN,"evidence_level":"medium","details":{"manhole":"water","operator":"Irish Water"}}},{"type":"Feature","geometry":{"type":"Point","coordinates":[-6.19392,53.30751]},"properties":{"asset_id":"osm:node/13183575959","kind":"hydrant","source":"OpenStreetMap","name":NaN,"evidence_level":"high","details":{"fire_hydrant:type":"underground","fire_hydrant:position":"sidewalk","fire_hydrant:diameter":"100"}}},{"type":"Feature","geometry":{"type":"Point","coordinates":[-6.2451,53.35688]},"properties":{"asset_id":"osm:node/13185983161","kind":"drinking_fountain","source":"OpenStreetMap","name":NaN,"evidence_level":"medium","details":{}}},{"type":"Feature","geometry":{"type":"Point","coordinates":[-6.10827,53.28477]},"properties":{"asset_id":"osm:node/13195501709","kind":"hydrant","source":"OpenStreetMap","name":NaN,"evidence_level":"high","details":{"fire_hydrant:type":"underground","fire_hydrant:position":"parking_lot"}}},{"type":"Feature","geometry":{"type":"Point","coordinates":[-6.23169,53.2553]},"properties":{"asset_id":"osm:node/13201601239","kind":"manhole_drain","source":"OpenStreetMap","name":NaN,"evidence_level":"medium","details":{"manhole":"drain"}}},{"type":"Feature","geometry":{"type":"Point","coordinates":[-6.2303,53.34677]},"properties":{"asset_id":"osm:node/13207338640","kind":"manhole_unspecified","source":"OpenStreetMap","name":NaN,"evidence_level":"medium","details":{}}},{"type":"Feature","geometry":{"type":"Point","coordinates":[-6.24668,53.42864]},"properties":{"asset_id":"osm:node/13246224682","kind":"drinking_fountain","source":"OpenStreetMap","name":NaN,"evidence_level":"medium","details":{}}},{"type":"Feature","geometry":{"type":"Point","coordinates":[-6.19943,53.30306]},"properties":{"asset_id":"osm:node/13310526392","kind":"hydrant","source":"OpenStreetMap","name":NaN,"evidence_level":"high","details":{"fire_hydrant:type":"underground","fire_hydrant:position":"sidewalk"}}},{"type":"Feature","geometry":{"type":"Point","coordinates":[-6.19905,53.30346]},"properties":{"asset_id":"osm:node/13310526393","kind":"hydrant","source":"OpenStreetMap","name":NaN,"evidence_level":"high","details":{"fire_hydrant:type":"underground","fire_hydrant:position":"sidewalk","fire_hydrant:diameter":"250"}}},{"type":"Feature","geometry":{"type":"Point","coordinates":[-6.19722,53.30667]},"properties":{"asset_id":"osm:node/13312756051","kind":"hydrant","source":"OpenStreetMap","name":NaN,"evidence_level":"high","details":{"fire_hydrant:type":"underground","fire_hydrant:position":"sidewalk"}}},{"type":"Feature","geometry":{"type":"Point","coordinates":[-6.40555,53.38048]},"properties":{"asset_id":"osm:node/13357841337","kind":"water_well","source":"OpenStreetMap","name":NaN,"evidence_level":NaN,"details":{}}},{"type":"Feature","geometry":{"type":"Point","coordinates":[-6.14004,53.48331]},"properties":{"asset_id":"osm:node/13359970680","kind":"hydrant","source":"OpenStreetMap","name":NaN,"evidence_level":"high","details":{"fire_hydrant:type":"underground","fire_hydrant:position":"sidewalk","water_source":"main"}}},{"type":"Feature","geometry":{"type":"Point","coordinates":[-6.13948,53.48391]},"properties":{"asset_id":"osm:node/13359970689","kind":"hydrant","source":"OpenStreetMap","name":NaN,"evidence_level":"high","details":{"fire_hydrant:type":"underground","fire_hydrant:position":"sidewalk","water_source":"main"}}},{"type":"Feature","geometry":{"type":"Point","coordinates":[-6.13872,53.48446]},"properties":{"asset_id":"osm:node/13359971816","kind":"hydrant","source":"OpenStreetMap","name":NaN,"evidence_level":"high","details":{"fire_hydrant:type":"underground","fire_hydrant:position":"sidewalk","water_source":"main"}}},{"type":"Feature","geometry":{"type":"Point","coordinates":[-6.13803,53.48404]},"properties":{"asset_id":"osm:node/13359971835","kind":"hydrant","source":"OpenStreetMap","name":NaN,"evidence_level":"high","details":{"fire_hydrant:type":"underground","fire_hydrant:position":"sidewalk","water_source":"main"}}},{"type":"Feature","geometry":{"type":"Point","coordinates":[-6.13892,53.48415]},"properties":{"asset_id":"osm:node/13359971836","kind":"hydrant","source":"OpenStreetMap","name":NaN,"evidence_level":"high","details":{"fire_hydrant:type":"underground","fire_hydrant:position":"sidewalk","water_source":"main"}}},{"type":"Feature","geometry":{"type":"Point","coordinates":[-6.19613,53.30868]},"properties":{"asset_id":"osm:node/13360936955","kind":"hydrant","source":"OpenStreetMap","name":NaN,"evidence_level":"high","details":{"fire_hydrant:type":"underground","fire_hydrant:position":"sidewalk","fire_hydrant:diameter":"250"}}},{"type":"Feature","geometry":{"type":"Point","coordinates":[-6.15613,53.52942]},"properties":{"asset_id":"osm:node/13363549387","kind":"hydrant","source":"OpenStreetMap","name":NaN,"evidence_level":"high","details":{"fire_hydrant:type":"underground","water_source":"main"}}},{"type":"Feature","geometry":{"type":"Point","coordinates":[-6.24625,53.3434]},"properties":{"asset_id":"osm:node/13371270884","kind":"hydrant","source":"OpenStreetMap","name":NaN,"evidence_level":"high","details":{"fire_hydrant:type":"underground","fire_hydrant:position":"sidewalk","fire_hydrant:diameter":"90"}}},{"type":"Feature","geometry":{"type":"Point","coordinates":[-6.41519,53.40981]},"properties":{"asset_id":"osm:node/13372373321","kind":"manhole_sewer","source":"OpenStreetMap","name":NaN,"evidence_level":"medium","details":{"manhole":"sewer"}}},{"type":"Feature","geometry":{"type":"Point","coordinates":[-6.24974,53.46886]},"properties":{"asset_id":"osm:node/13382419650","kind":"hydrant","source":"OpenStreetMap","name":NaN,"evidence_level":"high","details":{"fire_hydrant:type":"underground","water_source":"main"}}},{"type":"Feature","geometry":{"type":"Point","coordinates":[-6.24739,53.46805]},"properties":{"asset_id":"osm:node/13382419667","kind":"hydrant","source":"OpenStreetMap","name":NaN,"evidence_level":"high","details":{"fire_hydrant:type":"underground","water_source":"main"}}},{"type":"Feature","geometry":{"type":"Point","coordinates":[-6.24759,53.46735]},"properties":{"asset_id":"osm:node/13382419668","kind":"hydrant","source":"OpenStreetMap","name":NaN,"evidence_level":"high","details":{"fire_hydrant:type":"underground","water_source":"main"}}},{"type":"Feature","geometry":{"type":"Point","coordinates":[-6.24826,53.46826]},"properties":{"asset_id":"osm:node/13382419670","kind":"hydrant","source":"OpenStreetMap","name":NaN,"evidence_level":"high","details":{"fire_hydrant:type":"underground","water_source":"main"}}},{"type":"Feature","geometry":{"type":"Point","coordinates":[-6.24919,53.46853]},"properties":{"asset_id":"osm:node/13382419671","kind":"hydrant","source":"OpenStreetMap","name":NaN,"evidence_level":"high","details":{"fire_hydrant:type":"underground","water_source":"main"}}},{"type":"Feature","geometry":{"type":"Point","coordinates":[-6.25138,53.47042]},"properties":{"asset_id":"osm:node/13382419674","kind":"hydrant","source":"OpenStreetMap","name":NaN,"evidence_level":"high","details":{"fire_hydrant:type":"underground","water_source":"main"}}},{"type":"Feature","geometry":{"type":"Point","coordinates":[-6.25145,53.47058]},"properties":{"asset_id":"osm:node/13382419675","kind":"hydrant","source":"OpenStreetMap","name":NaN,"evidence_level":"high","details":{"fire_hydrant:type":"underground","water_source":"main"}}},{"type":"Feature","geometry":{"type":"Point","coordinates":[-6.25089,53.46977]},"properties":{"asset_id":"osm:node/13382419676","kind":"hydrant","source":"OpenStreetMap","name":NaN,"evidence_level":"high","details":{"fire_hydrant:type":"underground","water_source":"main"}}},{"type":"Feature","geometry":{"type":"Point","coordinates":[-6.25126,53.46996]},"properties":{"asset_id":"osm:node/13382419677","kind":"hydrant","source":"OpenStreetMap","name":NaN,"evidence_level":"high","details":{"fire_hydrant:type":"underground","water_source":"main"}}},{"type":"Feature","geometry":{"type":"Point","coordinates":[-6.51199,53.37054]},"properties":{"asset_id":"osm:node/13421620015","kind":"drinking_fountain","source":"OpenStreetMap","name":NaN,"evidence_level":"medium","details":{}}},{"type":"Feature","geometry":{"type":"Point","coordinates":[-6.24046,53.32478]},"properties":{"asset_id":"osm:node/13439966699","kind":"hydrant","source":"OpenStreetMap","name":NaN,"evidence_level":"high","details":{"fire_hydrant:type":"underground"}}},{"type":"Feature","geometry":{"type":"Point","coordinates":[-6.19387,53.30774]},"properties":{"asset_id":"osm:node/13450328628","kind":"hydrant","source":"OpenStreetMap","name":NaN,"evidence_level":"high","details":{"fire_hydrant:type":"underground","fire_hydrant:position":"sidewalk"}}},{"type":"Feature","geometry":{"type":"Point","coordinates":[-6.28173,53.30444]},"properties":{"asset_id":"osm:node/13452931930","kind":"manhole_unspecified","source":"OpenStreetMap","name":NaN,"evidence_level":"medium","details":{}}},{"type":"Feature","geometry":{"type":"Point","coordinates":[-6.3882,53.36884]},"properties":{"asset_id":"osm:node/13462189876","kind":"hydrant","source":"OpenStreetMap","name":NaN,"evidence_level":"high","details":{"fire_hydrant:type":"underground","fire_hydrant:position":"sidewalk","fire_hydrant:diameter":"110"}}},{"type":"Feature","geometry":{"type":"Point","coordinates":[-6.3876,53.36871]},"properties":{"asset_id":"osm:node/13462194537","kind":"hydrant","source":"OpenStreetMap","name":NaN,"evidence_level":"high","details":{"fire_hydrant:type":"underground","fire_hydrant:position":"sidewalk","fire_hydrant:diameter":"110"}}},{"type":"Feature","geometry":{"type":"Point","coordinates":[-6.20902,53.31939]},"properties":{"asset_id":"osm:node/13526955500","kind":"hydrant","source":"OpenStreetMap","name":NaN,"evidence_level":"high","details":{"fire_hydrant:type":"underground"}}},{"type":"Feature","geometry":{"type":"Point","coordinates":[-6.20837,53.3197]},"properties":{"asset_id":"osm:node/13526998601","kind":"hydrant","source":"OpenStreetMap","name":NaN,"evidence_level":"high","details":{"fire_hydrant:type":"underground"}}},{"type":"Feature","geometry":{"type":"Point","coordinates":[-6.2515,53.34053]},"properties":{"asset_id":"osm:node/13534150678","kind":"hydrant","source":"OpenStreetMap","name":NaN,"evidence_level":"high","details":{"fire_hydrant:type":"underground","fire_hydrant:position":"sidewalk"}}},{"type":"Feature","geometry":{"type":"Point","coordinates":[-6.25149,53.34054]},"properties":{"asset_id":"osm:node/13534150679","kind":"hydrant","source":"OpenStreetMap","name":NaN,"evidence_level":"high","details":{"fire_hydrant:type":"underground","fire_hydrant:position":"sidewalk"}}},{"type":"Feature","geometry":{"type":"Point","coordinates":[-6.24827,53.34347]},"properties":{"asset_id":"osm:node/13536889912","kind":"drinking_fountain","source":"OpenStreetMap","name":NaN,"evidence_level":"medium","details":{"capacity":"1"}}},{"type":"Feature","geometry":{"type":"Point","coordinates":[-6.24854,53.34327]},"properties":{"asset_id":"osm:node/13543686122","kind":"drinking_fountain","source":"OpenStreetMap","name":NaN,"evidence_level":"medium","details":{"capacity":"1"}}},{"type":"Feature","geometry":{"type":"Point","coordinates":[-6.26997,53.34825]},"properties":{"asset_id":"osm:node/13574537898","kind":"hydrant","source":"OpenStreetMap","name":NaN,"evidence_level":"high","details":{"fire_hydrant:type":"wall"}}},{"type":"Feature","geometry":{"type":"Point","coordinates":[-6.25042,53.34218]},"properties":{"asset_id":"osm:node/13590674947","kind":"hydrant","source":"OpenStreetMap","name":NaN,"evidence_level":"high","details":{"fire_hydrant:type":"underground","fire_hydrant:position":"sidewalk"}}},{"type":"Feature","geometry":{"type":"Point","coordinates":[-6.23667,53.33942]},"properties":{"asset_id":"osm:node/13594645972","kind":"drinking_fountain","source":"OpenStreetMap","name":NaN,"evidence_level":"medium","details":{"capacity":"1"}}},{"type":"Feature","geometry":{"type":"Point","coordinates":[-6.54567,53.34675]},"properties":{"asset_id":"osm:node/13602155022","kind":"hydrant","source":"OpenStreetMap","name":NaN,"evidence_level":"high","details":{"fire_hydrant:type":"underground","fire_hydrant:position":"sidewalk"}}},{"type":"Feature","geometry":{"type":"Point","coordinates":[-6.5471,53.34894]},"properties":{"asset_id":"osm:node/13654809473","kind":"hydrant","source":"OpenStreetMap","name":NaN,"evidence_level":"high","details":{"fire_hydrant:type":"underground","fire_hydrant:position":"sidewalk","fire_hydrant:diameter":"100"}}},{"type":"Feature","geometry":{"type":"Point","coordinates":[-6.54323,53.3469]},"properties":{"asset_id":"osm:node/13666480574","kind":"hydrant","source":"OpenStreetMap","name":NaN,"evidence_level":"high","details":{"fire_hydrant:type":"underground","fire_hydrant:position":"sidewalk"}}},{"type":"Feature","geometry":{"type":"Point","coordinates":[-6.54259,53.34703]},"properties":{"asset_id":"osm:node/13666480575","kind":"hydrant","source":"OpenStreetMap","name":NaN,"evidence_level":"high","details":{"fire_hydrant:type":"underground","fire_hydrant:position":"sidewalk"}}},{"type":"Feature","geometry":{"type":"Point","coordinates":[-6.53782,53.34334]},"properties":{"asset_id":"osm:node/13666686260","kind":"hydrant","source":"OpenStreetMap","name":NaN,"evidence_level":"high","details":{"fire_hydrant:type":"underground","fire_hydrant:position":"sidewalk"}}},{"type":"Feature","geometry":{"type":"Point","coordinates":[-6.5386,53.34583]},"properties":{"asset_id":"osm:node/13666686261","kind":"hydrant","source":"OpenStreetMap","name":NaN,"evidence_level":"high","details":{"fire_hydrant:type":"underground","fire_hydrant:position":"sidewalk"}}},{"type":"Feature","geometry":{"type":"Point","coordinates":[-6.53902,53.34646]},"properties":{"asset_id":"osm:node/13666686262","kind":"hydrant","source":"OpenStreetMap","name":NaN,"evidence_level":"high","details":{"fire_hydrant:type":"underground","fire_hydrant:position":"sidewalk"}}},{"type":"Feature","geometry":{"type":"Point","coordinates":[-6.53745,53.34267]},"properties":{"asset_id":"osm:node/13666686263","kind":"hydrant","source":"OpenStreetMap","name":NaN,"evidence_level":"high","details":{"fire_hydrant:type":"underground","fire_hydrant:position":"sidewalk"}}},{"type":"Feature","geometry":{"type":"Point","coordinates":[-6.53843,53.34515]},"properties":{"asset_id":"osm:node/13666686264","kind":"hydrant","source":"OpenStreetMap","name":NaN,"evidence_level":"high","details":{"fire_hydrant:type":"underground","fire_hydrant:position":"sidewalk"}}},{"type":"Feature","geometry":{"type":"Point","coordinates":[-6.54234,53.34758]},"properties":{"asset_id":"osm:node/13666686266","kind":"hydrant","source":"OpenStreetMap","name":NaN,"evidence_level":"high","details":{"fire_hydrant:type":"underground","fire_hydrant:position":"sidewalk"}}},{"type":"Feature","geometry":{"type":"Point","coordinates":[-6.37446,53.3865]},"properties":{"asset_id":"osm:node/13681396957","kind":"hydrant","source":"OpenStreetMap","name":NaN,"evidence_level":"high","details":{"fire_hydrant:type":"underground","fire_hydrant:position":"sidewalk","fire_hydrant:diameter":"125"}}},{"type":"Feature","geometry":{"type":"Point","coordinates":[-6.2497,53.34334]},"properties":{"asset_id":"osm:node/13719463540","kind":"hydrant","source":"OpenStreetMap","name":NaN,"evidence_level":"high","details":{"fire_hydrant:type":"underground","fire_hydrant:position":"sidewalk"}}},{"type":"Feature","geometry":{"type":"Point","coordinates":[-6.3958,53.45453]},"properties":{"asset_id":"osm:node/13738463391","kind":"water_well","source":"OpenStreetMap","name":NaN,"evidence_level":NaN,"details":{}}},{"type":"Feature","geometry":{"type":"Point","coordinates":[-6.27761,53.33403]},"properties":{"asset_id":"osm:node/13753478049","kind":"hydrant","source":"OpenStreetMap","name":NaN,"evidence_level":"high","details":{"fire_hydrant:type":"underground","fire_hydrant:position":"sidewalk","fire_hydrant:diameter":"90"}}},{"type":"Feature","geometry":{"type":"Point","coordinates":[-6.2781,53.33402]},"properties":{"asset_id":"osm:node/13753478050","kind":"hydrant","source":"OpenStreetMap","name":NaN,"evidence_level":"high","details":{"fire_hydrant:type":"underground","fire_hydrant:position":"sidewalk"}}},{"type":"Feature","geometry":{"type":"Point","coordinates":[-6.27404,53.34339]},"properties":{"asset_id":"osm:node/13762921948","kind":"hydrant","source":"OpenStreetMap","name":NaN,"evidence_level":"high","details":{"fire_hydrant:type":"underground","fire_hydrant:position":"sidewalk"}}},{"type":"Feature","geometry":{"type":"Point","coordinates":[-6.2039,53.29858]},"properties":{"asset_id":"osm:node/13780432823","kind":"hydrant","source":"OpenStreetMap","name":NaN,"evidence_level":"high","details":{"fire_hydrant:type":"underground","fire_hydrant:position":"sidewalk"}}},{"type":"Feature","geometry":{"type":"Point","coordinates":[-6.51055,53.33652]},"properties":{"asset_id":"osm:node/13804689560","kind":"drinking_fountain","source":"OpenStreetMap","name":NaN,"evidence_level":"medium","details":{}}},{"type":"Feature","geometry":{"type":"Point","coordinates":[-6.23629,53.34038]},"properties":{"asset_id":"osm:node/13807680658","kind":"hydrant","source":"OpenStreetMap","name":NaN,"evidence_level":"high","details":{"fire_hydrant:type":"underground","fire_hydrant:position":"sidewalk"}}},{"type":"Feature","geometry":{"type":"Point","coordinates":[-6.23632,53.34035]},"properties":{"asset_id":"osm:node/13807711404","kind":"hydrant","source":"OpenStreetMap","name":NaN,"evidence_level":"high","details":{"fire_hydrant:type":"underground","fire_hydrant:position":"sidewalk"}}},{"type":"Feature","geometry":{"type":"Point","coordinates":[-6.29039,53.33408]},"properties":{"asset_id":"osm:node/13809386539","kind":"hydrant","source":"OpenStreetMap","name":NaN,"evidence_level":"high","details":{"fire_hydrant:type":"underground","fire_hydrant:position":"sidewalk"}}},{"type":"Feature","geometry":{"type":"Point","coordinates":[-6.27331,53.33902]},"properties":{"asset_id":"osm:node/13813339079","kind":"hydrant","source":"OpenStreetMap","name":NaN,"evidence_level":"high","details":{"fire_hydrant:type":"underground","fire_hydrant:position":"sidewalk"}}},{"type":"Feature","geometry":{"type":"Point","coordinates":[-6.27406,53.34207]},"properties":{"asset_id":"osm:node/13815346940","kind":"hydrant","source":"OpenStreetMap","name":NaN,"evidence_level":"high","details":{"fire_hydrant:type":"underground","fire_hydrant:position":"sidewalk"}}},{"type":"Feature","geometry":{"type":"Point","coordinates":[-6.27509,53.3366]},"properties":{"asset_id":"osm:node/13815362305","kind":"hydrant","source":"OpenStreetMap","name":NaN,"evidence_level":"high","details":{"fire_hydrant:type":"underground","fire_hydrant:position":"sidewalk","fire_hydrant:diameter":"100"}}},{"type":"Feature","geometry":{"type":"Point","coordinates":[-6.28177,53.33293]},"properties":{"asset_id":"osm:node/13815362306","kind":"hydrant","source":"OpenStreetMap","name":NaN,"evidence_level":"high","details":{"fire_hydrant:type":"underground","fire_hydrant:position":"sidewalk"}}},{"type":"Feature","geometry":{"type":"Point","coordinates":[-6.27517,53.33739]},"properties":{"asset_id":"osm:node/13815397540","kind":"hydrant","source":"OpenStreetMap","name":NaN,"evidence_level":"high","details":{"fire_hydrant:type":"underground","fire_hydrant:position":"sidewalk"}}},{"type":"Feature","geometry":{"type":"Point","coordinates":[-6.27672,53.33413]},"properties":{"asset_id":"osm:node/13815401354","kind":"hydrant","source":"OpenStreetMap","name":NaN,"evidence_level":"high","details":{"fire_hydrant:type":"underground","fire_hydrant:position":"sidewalk","fire_hydrant:diameter":"80"}}},{"type":"Feature","geometry":{"type":"Point","coordinates":[-6.24931,53.34398]},"properties":{"asset_id":"osm:node/13815425112","kind":"hydrant","source":"OpenStreetMap","name":NaN,"evidence_level":"high","details":{"fire_hydrant:type":"underground","fire_hydrant:position":"sidewalk"}}},{"type":"Feature","geometry":{"type":"Point","coordinates":[-6.19687,53.30523]},"properties":{"asset_id":"osm:node/13818372187","kind":"hydrant","source":"OpenStreetMap","name":NaN,"evidence_level":"high","details":{"fire_hydrant:type":"underground","fire_hydrant:position":"sidewalk"}}},{"type":"Feature","geometry":{"type":"Point","coordinates":[-6.16847,53.44486]},"properties":{"asset_id":"osm:node/13948226615","kind":"water_well","source":"OpenStreetMap","name":NaN,"evidence_level":NaN,"details":{}}},{"type":"Feature","geometry":{"type":"Point","coordinates":[-6.18125,53.44159]},"properties":{"asset_id":"osm:node/13948226616","kind":"water_well","source":"OpenStreetMap","name":NaN,"evidence_level":NaN,"details":{}}},{"type":"Feature","geometry":{"type":"Point","coordinates":[-6.1292,53.28978]},"properties":{"asset_id":"osm:node/13961984026","kind":"drinking_fountain","source":"OpenStreetMap","name":NaN,"evidence_level":"medium","details":{}}},{"type":"Feature","geometry":{"type":"Point","coordinates":[-6.22234,53.45943]},"properties":{"asset_id":"osm:node/13981952852","kind":"water_well","source":"OpenStreetMap","name":NaN,"evidence_level":NaN,"details":{}}},{"type":"Feature","geometry":{"type":"Point","coordinates":[-6.35992,53.40799]},"properties":{"asset_id":"osm:node/14014363729","kind":"hydrant","source":"OpenStreetMap","name":NaN,"evidence_level":"high","details":{"fire_hydrant:type":"underground","fire_hydrant:position":"green"}}},{"type":"Feature","geometry":{"type":"Point","coordinates":[-6.18542,53.58672]},"properties":{"asset_id":"osm:node/14018418159","kind":"water_well","source":"OpenStreetMap","name":NaN,"evidence_level":NaN,"details":{"ref":"Biddy Boughy's Well -"}}},{"type":"Feature","geometry":{"type":"Point","coordinates":[-6.53031,53.34811]},"properties":{"asset_id":"osm:node/14040897964","kind":"drinking_fountain","source":"OpenStreetMap","name":NaN,"evidence_level":"medium","details":{}}},{"type":"Feature","geometry":{"type":"Point","coordinates":[-6.28004,53.35461]},"properties":{"asset_id":"osm:node/14042278550","kind":"drinking_fountain","source":"OpenStreetMap","name":NaN,"evidence_level":"medium","details":{}}},{"type":"Feature","geometry":{"type":"Point","coordinates":[-6.27496,53.36063]},"properties":{"asset_id":"osm:node/14042334376","kind":"hydrant","source":"OpenStreetMap","name":NaN,"evidence_level":"high","details":{}}},{"type":"Feature","geometry":{"type":"Point","coordinates":[-6.20575,53.27746]},"properties":{"asset_id":"osm:node/14061984025","kind":"hydrant","source":"OpenStreetMap","name":NaN,"evidence_level":"high","details":{"fire_hydrant:diameter":"100"}}},{"type":"Feature","geometry":{"type":"Point","coordinates":[-6.26008,53.35529]},"properties":{"asset_id":"osm:node/14067649087","kind":"hydrant","source":"OpenStreetMap","name":NaN,"evidence_level":"high","details":{"fire_hydrant:type":"underground","fire_hydrant:position":"sidewalk"}}},{"type":"Feature","geometry":{"type":"Point","coordinates":[-6.26086,53.3556]},"properties":{"asset_id":"osm:node/14067843920","kind":"hydrant","source":"OpenStreetMap","name":NaN,"evidence_level":"high","details":{"fire_hydrant:type":"underground","fire_hydrant:position":"sidewalk","fire_hydrant:diameter":"125"}}},{"type":"Feature","geometry":{"type":"Point","coordinates":[-6.28499,53.35907]},"properties":{"asset_id":"osm:node/14088359459","kind":"hydrant","source":"OpenStreetMap","name":NaN,"evidence_level":"high","details":{"fire_hydrant:type":"underground","fire_hydrant:position":"sidewalk"}}},{"type":"Feature","geometry":{"type":"Point","coordinates":[-6.28191,53.36373]},"properties":{"asset_id":"osm:node/14088432677","kind":"hydrant","source":"OpenStreetMap","name":NaN,"evidence_level":"high","details":{"fire_hydrant:type":"underground","fire_hydrant:position":"sidewalk"}}},{"type":"Feature","geometry":{"type":"Point","coordinates":[-6.285,53.36425]},"properties":{"asset_id":"osm:node/14088434065","kind":"hydrant","source":"OpenStreetMap","name":NaN,"evidence_level":"high","details":{"fire_hydrant:type":"underground","fire_hydrant:position":"sidewalk"}}},{"type":"Feature","geometry":{"type":"Point","coordinates":[-6.27921,53.36331]},"properties":{"asset_id":"osm:node/14088442984","kind":"hydrant","source":"OpenStreetMap","name":NaN,"evidence_level":"high","details":{"fire_hydrant:type":"underground","fire_hydrant:position":"sidewalk"}}},{"type":"Feature","geometry":{"type":"Point","coordinates":[-6.54878,53.34938]},"properties":{"asset_id":"osm:node/14129489488","kind":"hydrant","source":"OpenStreetMap","name":NaN,"evidence_level":"high","details":{"fire_hydrant:type":"underground","fire_hydrant:position":"sidewalk"}}},{"type":"Feature","geometry":{"type":"Point","coordinates":[-6.13911,53.25891]},"properties":{"asset_id":"osm:node/14132908261","kind":"drinking_fountain","source":"OpenStreetMap","name":NaN,"evidence_level":"medium","details":{}}},{"type":"Feature","geometry":{"type":"Point","coordinates":[-6.54016,53.34288]},"properties":{"asset_id":"osm:node/14148601746","kind":"hydrant","source":"OpenStreetMap","name":NaN,"evidence_level":"high","details":{"fire_hydrant:type":"underground","fire_hydrant:position":"lane"}}},{"type":"Feature","geometry":{"type":"Point","coordinates":[-6.24294,53.42389]},"properties":{"asset_id":"osm:node/14172851476","kind":"drinking_fountain","source":"OpenStreetMap","name":NaN,"evidence_level":"medium","details":{}}},{"type":"Feature","geometry":{"type":"Point","coordinates":[-6.24298,53.42387]},"properties":{"asset_id":"osm:node/14172851495","kind":"drinking_fountain","source":"OpenStreetMap","name":NaN,"evidence_level":"medium","details":{}}},{"type":"Feature","geometry":{"type":"Point","coordinates":[-6.24387,53.42333]},"properties":{"asset_id":"osm:node/14172914120","kind":"drinking_fountain","source":"OpenStreetMap","name":NaN,"evidence_level":"medium","details":{}}},{"type":"Feature","geometry":{"type":"Point","coordinates":[-6.51903,53.63602]},"properties":{"asset_id":"osm:node/14214350639","kind":"water_well","source":"OpenStreetMap","name":NaN,"evidence_level":NaN,"details":{}}},{"type":"Feature","geometry":{"type":"Point","coordinates":[-6.32653,53.2965]},"properties":{"asset_id":"osm:node/14219773301","kind":"drinking_fountain","source":"OpenStreetMap","name":NaN,"evidence_level":"medium","details":{}}},{"type":"Feature","geometry":{"type":"Point","coordinates":[-6.29334,53.25966]},"properties":{"asset_id":"osm:node/14228218871","kind":"drinking_fountain","source":"OpenStreetMap","name":NaN,"evidence_level":"medium","details":{}}},{"type":"Feature","geometry":{"type":"Point","coordinates":[-6.33633,53.53479]},"properties":{"asset_id":"osm:way/23385520","kind":"reservoir_covered","source":"OpenStreetMap","name":NaN,"evidence_level":NaN,"details":{"operator":"Irish Water"}}},{"type":"Feature","geometry":{"type":"Point","coordinates":[-6.39436,53.56153]},"properties":{"asset_id":"osm:way/23385542","kind":"reservoir_covered","source":"OpenStreetMap","name":NaN,"evidence_level":NaN,"details":{"operator":"Irish Water"}}},{"type":"Feature","geometry":{"type":"Point","coordinates":[-6.25841,53.55848]},"properties":{"asset_id":"osm:way/23385598","kind":"reservoir_covered","source":"OpenStreetMap","name":NaN,"evidence_level":NaN,"details":{"operator":"Irish Water"}}},{"type":"Feature","geometry":{"type":"Point","coordinates":[-6.20602,53.55318]},"properties":{"asset_id":"osm:way/23385615","kind":"reservoir_covered","source":"OpenStreetMap","name":NaN,"evidence_level":NaN,"details":{"operator":"Irish Water"}}},{"type":"Feature","geometry":{"type":"Point","coordinates":[-6.18137,53.59581]},"properties":{"asset_id":"osm:way/23385633","kind":"reservoir_covered","source":"OpenStreetMap","name":NaN,"evidence_level":NaN,"details":{"operator":"Irish Water"}}},{"type":"Feature","geometry":{"type":"Point","coordinates":[-6.21057,53.46634]},"properties":{"asset_id":"osm:way/23385712","kind":"wastewater_plant","source":"OpenStreetMap","name":"Swords Wastewater Treatment Plant","evidence_level":NaN,"details":{"operator":"Irish Water"}}},{"type":"Feature","geometry":{"type":"Point","coordinates":[-6.05775,53.37104]},"properties":{"asset_id":"osm:way/23388510","kind":"reservoir_covered","source":"OpenStreetMap","name":NaN,"evidence_level":NaN,"details":{"operator":"Irish Water"}}},{"type":"Feature","geometry":{"type":"Point","coordinates":[-6.05737,53.37066]},"properties":{"asset_id":"osm:way/23388515","kind":"reservoir_covered","source":"OpenStreetMap","name":NaN,"evidence_level":NaN,"details":{"operator":"Irish Water"}}},{"type":"Feature","geometry":{"type":"Point","coordinates":[-6.06394,53.38121]},"properties":{"asset_id":"osm:way/23388531","kind":"reservoir_covered","source":"OpenStreetMap","name":NaN,"evidence_level":NaN,"details":{"operator":"Irish Water"}}},{"type":"Feature","geometry":{"type":"Point","coordinates":[-6.15496,53.45642]},"properties":{"asset_id":"osm:way/23397648","kind":"wastewater_plant","source":"OpenStreetMap","name":"Malahide Wastewater Treatment Plant","evidence_level":NaN,"details":{"operator":"Irish Water"}}},{"type":"Feature","geometry":{"type":"Point","coordinates":[-6.37279,53.5691]},"properties":{"asset_id":"osm:way/23413898","kind":"wastewater_plant","source":"OpenStreetMap","name":"Garristown Waste Water Treatment Plant","evidence_level":NaN,"details":{"operator":"Irish Water"}}},{"type":"Feature","geometry":{"type":"Point","coordinates":[-6.19631,53.33913]},"properties":{"asset_id":"osm:way/23567879","kind":"wastewater_plant","source":"OpenStreetMap","name":"Ringsend Wastewater Treatment Works","evidence_level":NaN,"details":{"operator":"Irish Water"}}},{"type":"Feature","geometry":{"type":"Point","coordinates":[-6.36471,53.4104]},"properties":{"asset_id":"osm:way/28097207","kind":"reservoir_covered","source":"OpenStreetMap","name":NaN,"evidence_level":NaN,"details":{"operator":"Irish Water"}}},{"type":"Feature","geometry":{"type":"Point","coordinates":[-6.36697,53.41047]},"properties":{"asset_id":"osm:way/28097214","kind":"reservoir_covered","source":"OpenStreetMap","name":NaN,"evidence_level":NaN,"details":{"operator":"Irish Water"}}},{"type":"Feature","geometry":{"type":"Point","coordinates":[-6.38625,53.30007]},"properties":{"asset_id":"osm:way/28514267","kind":"water_works","source":"OpenStreetMap","name":"Belgard Reservoir","evidence_level":NaN,"details":{"operator":"Irish Water"}}},{"type":"Feature","geometry":{"type":"Point","coordinates":[-6.47467,53.36387]},"properties":{"asset_id":"osm:way/29721595","kind":"wastewater_plant","source":"OpenStreetMap","name":"Leixlip Waste Water Treatment Plant","evidence_level":NaN,"details":{"operator":"Irish Water"}}},{"type":"Feature","geometry":{"type":"Point","coordinates":[-6.48916,53.36032]},"properties":{"asset_id":"osm:way/30661054","kind":"water_works","source":"OpenStreetMap","name":"Leixlip Water Treatment Plant","evidence_level":NaN,"details":{"operator":"Irish Water"}}},{"type":"Feature","geometry":{"type":"Point","coordinates":[-6.4871,53.36236]},"properties":{"asset_id":"osm:way/33691828","kind":"reservoir_covered","source":"OpenStreetMap","name":"New Clearwater Tank","evidence_level":NaN,"details":{"operator":"Irish Water"}}},{"type":"Feature","geometry":{"type":"Point","coordinates":[-6.48783,53.36209]},"properties":{"asset_id":"osm:way/33691829","kind":"reservoir_covered","source":"OpenStreetMap","name":"Old Clearwater Tank","evidence_level":NaN,"details":{"operator":"Irish Water"}}},{"type":"Feature","geometry":{"type":"Point","coordinates":[-6.11831,53.39151]},"properties":{"asset_id":"osm:way/42506255","kind":"sewage_pumping_station","source":"OpenStreetMap","name":"Sutton Pumping Station","evidence_level":NaN,"details":{"substance":"sewage","operator":"Irish Water"}}},{"type":"Feature","geometry":{"type":"Point","coordinates":[-6.20949,53.57844]},"properties":{"asset_id":"osm:way/43181500","kind":"water_works","source":"OpenStreetMap","name":"Bog of The Ring Water Treatment Plant","evidence_level":NaN,"details":{"operator":"Irish Water"}}},{"type":"Feature","geometry":{"type":"Point","coordinates":[-6.3824,53.29551]},"properties":{"asset_id":"osm:way/48227102","kind":"reservoir_covered","source":"OpenStreetMap","name":"Cookstown Reservoir","evidence_level":NaN,"details":{"operator":"Irish Water"}}},{"type":"Feature","geometry":{"type":"Point","coordinates":[-6.30458,53.27639]},"properties":{"asset_id":"osm:way/48227375","kind":"water_works","source":"OpenStreetMap","name":"Ballyboden Reservoir","evidence_level":NaN,"details":{"operator":"Irish Water"}}},{"type":"Feature","geometry":{"type":"Point","coordinates":[-6.36521,53.40999]},"properties":{"asset_id":"osm:way/49713158","kind":"water_works","source":"OpenStreetMap","name":"Ballycoolen Reservoir","evidence_level":NaN,"details":{"operator":"Irish Water"}}},{"type":"Feature","geometry":{"type":"Point","coordinates":[-6.36255,53.4108]},"properties":{"asset_id":"osm:way/49713168","kind":"reservoir_covered","source":"OpenStreetMap","name":NaN,"evidence_level":NaN,"details":{"operator":"Irish Water"}}},{"type":"Feature","geometry":{"type":"Point","coordinates":[-6.28712,53.4093]},"properties":{"asset_id":"osm:way/50682395","kind":"water_works","source":"OpenStreetMap","name":"Silloge Reservoirs","evidence_level":NaN,"details":{"operator":"Irish Water"}}},{"type":"Feature","geometry":{"type":"Point","coordinates":[-6.28779,53.40933]},"properties":{"asset_id":"osm:way/50682398","kind":"reservoir_covered","source":"OpenStreetMap","name":NaN,"evidence_level":NaN,"details":{"capacity":"15000","operator":"Irish Water"}}},{"type":"Feature","geometry":{"type":"Point","coordinates":[-6.13763,53.58263]},"properties":{"asset_id":"osm:way/52036161","kind":"wastewater_plant","source":"OpenStreetMap","name":"Barnageeragh Waste Water Treatment Plant","evidence_level":NaN,"details":{"operator":"Irish Water"}}},{"type":"Feature","geometry":{"type":"Point","coordinates":[-6.12765,53.26306]},"properties":{"asset_id":"osm:way/53361683","kind":"water_works","source":"OpenStreetMap","name":"Church Road Reservoir","evidence_level":NaN,"details":{"operator":"Irish Water"}}},{"type":"Feature","geometry":{"type":"Point","coordinates":[-6.37843,53.30117]},"properties":{"asset_id":"osm:way/54112850","kind":"water_works","source":"OpenStreetMap","name":NaN,"evidence_level":NaN,"details":{"operator":"Irish Water"}}},{"type":"Feature","geometry":{"type":"Point","coordinates":[-6.20205,53.23694]},"properties":{"asset_id":"osm:way/61159133","kind":"water_works","source":"OpenStreetMap","name":"Kilternan Reservoir","evidence_level":NaN,"details":{"operator":"Irish Water"}}},{"type":"Feature","geometry":{"type":"Point","coordinates":[-6.21658,53.24909]},"properties":{"asset_id":"osm:way/62780651","kind":"water_works","source":"OpenStreetMap","name":"Burrow Road Reservoir","evidence_level":NaN,"details":{"operator":"Irish Water"}}},{"type":"Feature","geometry":{"type":"Point","coordinates":[-6.10095,53.55438]},"properties":{"asset_id":"osm:way/70287824","kind":"reservoir_covered","source":"OpenStreetMap","name":NaN,"evidence_level":NaN,"details":{"operator":"Irish Water"}}},{"type":"Feature","geometry":{"type":"Point","coordinates":[-6.10101,53.55438]},"properties":{"asset_id":"osm:way/70287847","kind":"water_works","source":"OpenStreetMap","name":"Thomastown Reservoir","evidence_level":NaN,"details":{"operator":"Irish Water"}}},{"type":"Feature","geometry":{"type":"Point","coordinates":[-6.2614,53.51848]},"properties":{"asset_id":"osm:way/71391632","kind":"wastewater_plant","source":"OpenStreetMap","name":"Ballyboughal Wastewater Treatment Plant","evidence_level":NaN,"details":{"operator":"Irish Water"}}},{"type":"Feature","geometry":{"type":"Point","coordinates":[-6.14891,53.29607]},"properties":{"asset_id":"osm:way/106536110","kind":"sewage_pumping_station","source":"OpenStreetMap","name":"West Pier Pumping Station","evidence_level":NaN,"details":{"substance":"sewage","operator":"Irish Water"}}},{"type":"Feature","geometry":{"type":"Point","coordinates":[-6.53379,53.50141]},"properties":{"asset_id":"osm:way/108239701","kind":"sewage_pumping_station","source":"OpenStreetMap","name":NaN,"evidence_level":NaN,"details":{"substance":"sewage","operator":"Irish Water"}}},{"type":"Feature","geometry":{"type":"Point","coordinates":[-6.47462,53.42248]},"properties":{"asset_id":"osm:way/129842370","kind":"water_tower","source":"OpenStreetMap","name":NaN,"evidence_level":NaN,"details":{}}},{"type":"Feature","geometry":{"type":"Point","coordinates":[-6.55146,53.52307]},"properties":{"asset_id":"osm:way/133149651","kind":"water_tower","source":"OpenStreetMap","name":"Dunshaughlin Water Tower","evidence_level":NaN,"details":{"material":"concrete","operator":"Irish Water"}}},{"type":"Feature","geometry":{"type":"Point","coordinates":[-6.51091,53.36865]},"properties":{"asset_id":"osm:way/133615189","kind":"sewage_pumping_station","source":"OpenStreetMap","name":NaN,"evidence_level":NaN,"details":{"substance":"sewage"}}},{"type":"Feature","geometry":{"type":"Point","coordinates":[-6.11475,53.24466]},"properties":{"asset_id":"osm:way/231006106","kind":"wastewater_plant","source":"OpenStreetMap","name":"Shanganagh Waste Water Treatment Plant","evidence_level":NaN,"details":{"operator":"Irish Water"}}},{"type":"Feature","geometry":{"type":"Point","coordinates":[-6.16309,53.1928]},"properties":{"asset_id":"osm:way/242617163","kind":"wastewater_plant","source":"OpenStreetMap","name":"Enniskerry Waste Water Treatment Plant","evidence_level":NaN,"details":{"operator":"Wicklow County Council"}}},{"type":"Feature","geometry":{"type":"LineString","coordinates":[[-6.15419,53.18356],[-6.1542,53.18382]]},"properties":{"asset_id":"osm:way/242620068","kind":"water_pipeline","source":"OpenStreetMap","name":"Vartry Water Main","evidence_level":"high","details":{"substance":"water","location":"overground","operator":"Irish Water"}}},{"type":"Feature","geometry":{"type":"Point","coordinates":[-6.17663,53.34083]},"properties":{"asset_id":"osm:way/244344140","kind":"water_pumping_station","source":"OpenStreetMap","name":"White Sands Valve House","evidence_level":NaN,"details":{"operator":"Irish Water"}}},{"type":"Feature","geometry":{"type":"Point","coordinates":[-6.36483,53.4093]},"properties":{"asset_id":"osm:way/250580249","kind":"water_tower","source":"OpenStreetMap","name":"Ballycoolen Water Tower","evidence_level":NaN,"details":{"operator":"Irish Water"}}},{"type":"Feature","geometry":{"type":"Point","coordinates":[-6.40219,53.26992]},"properties":{"asset_id":"osm:way/254257304","kind":"reservoir_covered","source":"OpenStreetMap","name":NaN,"evidence_level":NaN,"details":{"operator":"Irish Water"}}},{"type":"Feature","geometry":{"type":"MultiLineString","coordinates":[[[-6.18635,53.04737],[-6.18597,53.04682]],[[-6.18597,53.04682],[-6.18575,53.04652]],[[-6.18575,53.04652],[-6.18556,53.04633]],[[-6.18556,53.04633],[-6.18525,53.04611]],[[-6.18525,53.04611],[-6.18464,53.04584]],[[-6.18464,53.04584],[-6.18325,53.04537]],[[-6.18325,53.04537],[-6.18096,53.04449]],[[-6.18096,53.04449],[-6.17636,53.04279]],[[-6.17636,53.04279],[-6.1688,53.0447]],[[-6.1688,53.0447],[-6.16351,53.04603]],[[-6.16351,53.04603],[-6.16137,53.04707]],[[-6.16137,53.04707],[-6.16045,53.04751]],[[-6.16045,53.04751],[-6.15723,53.04918]],[[-6.15723,53.04918],[-6.15525,53.05019]],[[-6.15525,53.05019],[-6.15087,53.05241]],[[-6.15087,53.05241],[-6.14424,53.05572]],[[-6.14424,53.05572],[-6.13975,53.05844]],[[-6.13975,53.05844],[-6.13745,53.06023]],[[-6.13745,53.06023],[-6.13598,53.06134]],[[-6.13598,53.06134],[-6.13554,53.06175]],[[-6.13554,53.06175],[-6.13508,53.06298]],[[-6.13508,53.06298],[-6.13472,53.06618]],[[-6.13472,53.06618],[-6.13342,53.06791]],[[-6.13342,53.06791],[-6.13199,53.06909]],[[-6.13199,53.06909],[-6.13092,53.06965]],[[-6.13092,53.06965],[-6.12976,53.07048]],[[-6.12976,53.07048],[-6.12802,53.07201]],[[-6.12802,53.07201],[-6.12488,53.07479]],[[-6.12488,53.07479],[-6.12272,53.07661]],[[-6.12272,53.07661],[-6.11822,53.08052]],[[-6.11822,53.08052],[-6.11594,53.08299]],[[-6.11594,53.08299],[-6.11592,53.08344]],[[-6.11592,53.08344],[-6.1159,53.08428]],[[-6.1159,53.08428],[-6.11564,53.08498]],[[-6.11564,53.08498],[-6.11546,53.08526]],[[-6.11546,53.08526],[-6.11424,53.08668]],[[-6.11424,53.08668],[-6.11101,53.0898]],[[-6.11101,53.0898],[-6.11117,53.09028]],[[-6.11117,53.09028],[-6.11175,53.09194]],[[-6.11175,53.09194],[-6.11185,53.09228]],[[-6.11185,53.09228],[-6.11197,53.09295]],[[-6.11197,53.09295],[-6.1117,53.0931]],[[-6.1117,53.0931],[-6.11123,53.0935]],[[-6.11123,53.0935],[-6.11099,53.09384]],[[-6.11099,53.09384],[-6.11092,53.09437]],[[-6.11092,53.09437],[-6.11079,53.09453]],[[-6.11079,53.09453],[-6.11046,53.09478]],[[-6.11046,53.09478],[-6.11022,53.095]],[[-6.11022,53.095],[-6.11022,53.09518]],[[-6.11022,53.09518],[-6.11039,53.09547]],[[-6.11039,53.09547],[-6.11054,53.09589]],[[-6.11054,53.09589],[-6.11042,53.09671]],[[-6.11042,53.09671],[-6.1102,53.09726]],[[-6.1102,53.09726],[-6.10968,53.09807]],[[-6.10968,53.09807],[-6.10876,53.09953]],[[-6.10876,53.09953],[-6.10859,53.09999]],[[-6.10859,53.09999],[-6.10834,53.10102]],[[-6.10834,53.10102],[-6.10834,53.1017]],[[-6.10834,53.1017],[-6.10853,53.10242]],[[-6.10853,53.10242],[-6.10857,53.10275]],[[-6.10857,53.10275],[-6.10861,53.10315]],[[-6.10861,53.10315],[-6.10849,53.1037]],[[-6.10849,53.1037],[-6.10827,53.10444]],[[-6.10827,53.10444],[-6.10824,53.10505]],[[-6.10824,53.10505],[-6.10822,53.10539]],[[-6.10822,53.10539],[-6.10822,53.1061]],[[-6.10822,53.1061],[-6.108,53.10714]],[[-6.108,53.10714],[-6.10766,53.10802]],[[-6.10766,53.10802],[-6.10711,53.10903]],[[-6.10711,53.10903],[-6.10671,53.10987]],[[-6.10671,53.10987],[-6.10642,53.11126]],[[-6.10642,53.11126],[-6.10609,53.11268]],[[-6.10609,53.11268],[-6.10636,53.11311]],[[-6.10636,53.11311],[-6.10675,53.11446]],[[-6.10675,53.11446],[-6.10712,53.11567]],[[-6.10712,53.11567],[-6.10733,53.11642]],[[-6.10733,53.11642],[-6.10769,53.11729]],[[-6.10769,53.11729],[-6.10793,53.11777]],[[-6.10793,53.11777],[-6.1081,53.1181]],[[-6.1081,53.1181],[-6.10851,53.11898]],[[-6.10851,53.11898],[-6.11001,53.12097]],[[-6.11001,53.12097],[-6.11029,53.12151]],[[-6.11029,53.12151],[-6.10988,53.12243]],[[-6.10988,53.12243],[-6.10867,53.12302]],[[-6.10867,53.12302],[-6.10695,53.12382]],[[-6.10695,53.12382],[-6.1059,53.12454]],[[-6.1059,53.12454],[-6.10541,53.12518]],[[-6.10541,53.12518],[-6.10505,53.12603]],[[-6.10505,53.12603],[-6.10519,53.12679]],[[-6.10519,53.12679],[-6.10587,53.12764]],[[-6.10587,53.12764],[-6.10701,53.12876]],[[-6.10701,53.12876],[-6.10788,53.12933]],[[-6.10788,53.12933],[-6.10827,53.12978]],[[-6.10827,53.12978],[-6.10871,53.13055]],[[-6.10871,53.13055],[-6.10956,53.13134]],[[-6.10956,53.13134],[-6.11127,53.1324]],[[-6.11127,53.1324],[-6.113,53.13343]],[[-6.113,53.13343],[-6.11486,53.13461]],[[-6.11486,53.13461],[-6.11622,53.13558]],[[-6.11622,53.13558],[-6.11868,53.13747]],[[-6.11868,53.13747],[-6.12088,53.13871]],[[-6.12088,53.13871],[-6.12251,53.13938]],[[-6.12251,53.13938],[-6.12327,53.1398]],[[-6.12327,53.1398],[-6.12383,53.14028]],[[-6.12383,53.14028],[-6.12426,53.14083]],[[-6.12426,53.14083],[-6.12447,53.14122]],[[-6.12447,53.14122],[-6.12472,53.14191]],[[-6.12472,53.14191],[-6.12474,53.14299]],[[-6.12474,53.14299],[-6.12535,53.14369]],[[-6.12535,53.14369],[-6.12594,53.14447]],[[-6.12594,53.14447],[-6.12614,53.1453]],[[-6.12614,53.1453],[-6.12599,53.146]],[[-6.12599,53.146],[-6.12557,53.14687]],[[-6.12557,53.14687],[-6.12466,53.14846]],[[-6.12466,53.14846],[-6.12455,53.14907]],[[-6.12455,53.14907],[-6.12428,53.14992]],[[-6.12428,53.14992],[-6.12406,53.15057]],[[-6.12406,53.15057],[-6.12406,53.15127]],[[-6.12406,53.15127],[-6.12424,53.15242]],[[-6.12424,53.15242],[-6.12462,53.15337]],[[-6.12462,53.15337],[-6.12541,53.15481]],[[-6.12541,53.15481],[-6.12624,53.15591]],[[-6.12624,53.15591],[-6.12684,53.157]],[[-6.12684,53.157],[-6.12744,53.15843]],[[-6.12744,53.15843],[-6.12809,53.15927]],[[-6.12809,53.15927],[-6.12855,53.15995]],[[-6.12855,53.15995],[-6.12934,53.16079]],[[-6.12934,53.16079],[-6.13008,53.16149]],[[-6.13008,53.16149],[-6.13117,53.16283]],[[-6.13117,53.16283],[-6.13226,53.16438]],[[-6.13226,53.16438],[-6.13376,53.16655]],[[-6.13376,53.16655],[-6.13454,53.16763]],[[-6.13454,53.16763],[-6.13646,53.17045]],[[-6.13646,53.17045],[-6.13795,53.17249]],[[-6.13795,53.17249],[-6.13835,53.17323]],[[-6.13835,53.17323],[-6.13841,53.17363]],[[-6.13841,53.17363],[-6.13934,53.17394]],[[-6.13934,53.17394],[-6.142,53.17539]],[[-6.142,53.17539],[-6.14328,53.17594]],[[-6.14328,53.17594],[-6.14563,53.1776]],[[-6.14563,53.1776],[-6.14629,53.1779]],[[-6.14629,53.1779],[-6.14783,53.17882]],[[-6.14783,53.17882],[-6.14816,53.17903]],[[-6.14816,53.17903],[-6.14852,53.17917]],[[-6.14852,53.17917],[-6.14888,53.1794]],[[-6.14888,53.1794],[-6.14983,53.17999]],[[-6.14983,53.17999],[-6.15198,53.18114]],[[-6.15198,53.18114],[-6.15349,53.18214]],[[-6.15349,53.18214],[-6.15419,53.18243]],[[-6.15419,53.18243],[-6.15418,53.1829]],[[-6.15418,53.1829],[-6.1542,53.18334]],[[-6.1542,53.18334],[-6.15419,53.18356]]]},"properties":{"asset_id":"osm:way/277736099","kind":"water_pipeline","source":"OpenStreetMap","name":"Vartry Water Main","evidence_level":"high","details":{"substance":"water","location":"underground","operator":"Irish Water"}}},{"type":"Feature","geometry":{"type":"MultiLineString","coordinates":[[[-6.1542,53.18382],[-6.1542,53.18391]],[[-6.1542,53.18391],[-6.15511,53.18465]],[[-6.15511,53.18465],[-6.1547,53.18692]],[[-6.1547,53.18692],[-6.15411,53.18963]],[[-6.15411,53.18963],[-6.15386,53.18994]],[[-6.15386,53.18994],[-6.15378,53.18999]],[[-6.15378,53.18999],[-6.15364,53.19007]],[[-6.15364,53.19007],[-6.15349,53.19021]],[[-6.15349,53.19021],[-6.15338,53.19031]],[[-6.15338,53.19031],[-6.15307,53.19208]],[[-6.15307,53.19208],[-6.15179,53.19597]],[[-6.15179,53.19597],[-6.15158,53.19658]],[[-6.15158,53.19658],[-6.15083,53.19855]],[[-6.15083,53.19855],[-6.14985,53.20207]],[[-6.14985,53.20207],[-6.14941,53.2039]],[[-6.14941,53.2039],[-6.14819,53.20829]],[[-6.14819,53.20829],[-6.14738,53.21113]],[[-6.14738,53.21113],[-6.14693,53.21187]],[[-6.14693,53.21187],[-6.14562,53.21328]],[[-6.14562,53.21328],[-6.1424,53.21633]],[[-6.1424,53.21633],[-6.14159,53.21818]],[[-6.14159,53.21818],[-6.14137,53.21947]],[[-6.14137,53.21947],[-6.14157,53.22075]],[[-6.14157,53.22075],[-6.14285,53.22255]],[[-6.14285,53.22255],[-6.14406,53.22389]],[[-6.14406,53.22389],[-6.14491,53.22482]],[[-6.14491,53.22482],[-6.14497,53.22488]],[[-6.14497,53.22488],[-6.14538,53.22624]],[[-6.14538,53.22624],[-6.14579,53.22754]],[[-6.14579,53.22754],[-6.14649,53.22963]],[[-6.14649,53.22963],[-6.14704,53.23195]],[[-6.14704,53.23195],[-6.14782,53.23302]],[[-6.14782,53.23302],[-6.14823,53.23336]],[[-6.14823,53.23336],[-6.15058,53.2356]],[[-6.15058,53.2356],[-6.15179,53.23682]],[[-6.15179,53.23682],[-6.1527,53.23773]],[[-6.1527,53.23773],[-6.1547,53.23951]],[[-6.1547,53.23951],[-6.1573,53.2416]],[[-6.1573,53.2416],[-6.16037,53.24441]],[[-6.16037,53.24441],[-6.16138,53.24517]],[[-6.16138,53.24517],[-6.16288,53.24654]],[[-6.16288,53.24654],[-6.16453,53.24827]],[[-6.16453,53.24827],[-6.16522,53.24884]],[[-6.16522,53.24884],[-6.16531,53.2496]],[[-6.16531,53.2496],[-6.16496,53.251]],[[-6.16496,53.251],[-6.16487,53.25193]],[[-6.16487,53.25193],[-6.16487,53.25272]],[[-6.16487,53.25272],[-6.16789,53.25329]],[[-6.16789,53.25329],[-6.17106,53.25403]],[[-6.17106,53.25403],[-6.17307,53.25451]],[[-6.17307,53.25451],[-6.175,53.25507]],[[-6.175,53.25507],[-6.17704,53.25583]],[[-6.17704,53.25583],[-6.17874,53.25657]],[[-6.17874,53.25657],[-6.18016,53.25748]],[[-6.18016,53.25748],[-6.18164,53.2587]],[[-6.18164,53.2587],[-6.18267,53.25975]],[[-6.18267,53.25975],[-6.18309,53.26029]],[[-6.18309,53.26029],[-6.18378,53.26156]],[[-6.18378,53.26156],[-6.18423,53.2626]],[[-6.18423,53.2626],[-6.18473,53.26423]],[[-6.18473,53.26423],[-6.18537,53.26683]],[[-6.18537,53.26683],[-6.18589,53.26867]],[[-6.18589,53.26867],[-6.18634,53.26946]],[[-6.18634,53.26946],[-6.18686,53.27012]],[[-6.18686,53.27012],[-6.18764,53.27093]],[[-6.18764,53.27093],[-6.18945,53.27216]],[[-6.18945,53.27216],[-6.19068,53.27271]],[[-6.19068,53.27271],[-6.19244,53.2733]],[[-6.19244,53.2733],[-6.1955,53.2743]],[[-6.1955,53.2743],[-6.19865,53.2754]],[[-6.19865,53.2754],[-6.2044,53.27745]],[[-6.2044,53.27745],[-6.20608,53.27805]]]},"properties":{"asset_id":"osm:way/277913420","kind":"water_pipeline","source":"OpenStreetMap","name":"Vartry Water Main","evidence_level":"high","details":{"substance":"water","location":"underground","operator":"Irish Water"}}},{"type":"Feature","geometry":{"type":"LineString","coordinates":[[-6.369,53.38651],[-6.36887,53.38596]]},"properties":{"asset_id":"osm:way/279130942","kind":"water_pipeline","source":"OpenStreetMap","name":NaN,"evidence_level":"high","details":{"substance":"water","location":"overhead","diameter":"750","operator":"Irish Water"}}},{"type":"Feature","geometry":{"type":"Point","coordinates":[-6.26547,53.39055]},"properties":{"asset_id":"osm:way/279547946","kind":"sewage_pumping_station","source":"OpenStreetMap","name":"Ballymun Pumping Station","evidence_level":NaN,"details":{"substance":"sewage","operator":"Irish Water"}}},{"type":"Feature","geometry":{"type":"Point","coordinates":[-6.23932,53.33799]},"properties":{"asset_id":"osm:way/283771400","kind":"water_pumping_station","source":"OpenStreetMap","name":NaN,"evidence_level":NaN,"details":{"operator":"Irish Water"}}},{"type":"Feature","geometry":{"type":"Point","coordinates":[-6.32053,53.37869]},"properties":{"asset_id":"osm:way/292041995","kind":"water_pumping_station","source":"OpenStreetMap","name":"Pelletstown Pumping Station","evidence_level":NaN,"details":{"operator":"Dublin City Council"}}},{"type":"Feature","geometry":{"type":"Point","coordinates":[-6.28582,53.34489]},"properties":{"asset_id":"osm:way/292055111","kind":"water_storage_tank","source":"OpenStreetMap","name":NaN,"evidence_level":NaN,"details":{"content":"water"}}},{"type":"Feature","geometry":{"type":"Point","coordinates":[-6.33404,53.34631]},"properties":{"asset_id":"osm:way/292158205","kind":"sewage_pumping_station","source":"OpenStreetMap","name":"Chapelizod Pumping Station","evidence_level":NaN,"details":{"substance":"sewage","operator":"Irish Water"}}},{"type":"Feature","geometry":{"type":"Point","coordinates":[-6.20584,53.33994]},"properties":{"asset_id":"osm:way/295378794","kind":"water_storage_tank","source":"OpenStreetMap","name":NaN,"evidence_level":NaN,"details":{"content":"water"}}},{"type":"Feature","geometry":{"type":"Point","coordinates":[-6.20601,53.33965]},"properties":{"asset_id":"osm:way/295378795","kind":"water_storage_tank","source":"OpenStreetMap","name":NaN,"evidence_level":NaN,"details":{"content":"water"}}},{"type":"Feature","geometry":{"type":"Point","coordinates":[-6.29162,53.37372]},"properties":{"asset_id":"osm:way/301622902","kind":"water_storage_tank","source":"OpenStreetMap","name":NaN,"evidence_level":NaN,"details":{"content":"water"}}},{"type":"Feature","geometry":{"type":"Point","coordinates":[-6.27881,53.41656]},"properties":{"asset_id":"osm:way/309975885","kind":"water_storage_tank","source":"OpenStreetMap","name":NaN,"evidence_level":NaN,"details":{"content":"water"}}},{"type":"Feature","geometry":{"type":"Point","coordinates":[-6.27895,53.41649]},"properties":{"asset_id":"osm:way/309975886","kind":"water_storage_tank","source":"OpenStreetMap","name":NaN,"evidence_level":NaN,"details":{"content":"water"}}},{"type":"Feature","geometry":{"type":"Point","coordinates":[-6.22673,53.36377]},"properties":{"asset_id":"osm:way/313945292","kind":"sewage_pumping_station","source":"OpenStreetMap","name":"Clontarf Pumping Station","evidence_level":NaN,"details":{"substance":"sewage","operator":"Irish Water"}}},{"type":"Feature","geometry":{"type":"Point","coordinates":[-6.42435,53.4146]},"properties":{"asset_id":"osm:way/316770269","kind":"wastewater_plant","source":"OpenStreetMap","name":NaN,"evidence_level":NaN,"details":{}}},{"type":"Feature","geometry":{"type":"MultiLineString","coordinates":[[[-6.12656,53.51355],[-6.128,53.51437]],[[-6.128,53.51437],[-6.12834,53.51457]],[[-6.12834,53.51457],[-6.13662,53.51374]],[[-6.13662,53.51374],[-6.14072,53.51353]],[[-6.14072,53.51353],[-6.14106,53.51352]],[[-6.14106,53.51352],[-6.14669,53.51321]],[[-6.14669,53.51321],[-6.14774,53.51325]],[[-6.14774,53.51325],[-6.15033,53.51341]],[[-6.15033,53.51341],[-6.15196,53.51527]],[[-6.15196,53.51527],[-6.15249,53.51554]],[[-6.15249,53.51554],[-6.15434,53.51619]],[[-6.15434,53.51619],[-6.15533,53.51682]],[[-6.15533,53.51682],[-6.16041,53.51945]],[[-6.16041,53.51945],[-6.16092,53.51977]],[[-6.16092,53.51977],[-6.16229,53.52004]]]},"properties":{"asset_id":"osm:way/326306363","kind":"sewer_pipeline","source":"OpenStreetMap","name":NaN,"evidence_level":"medium","details":{"substance":"sewage","location":"underground","operator":"Irish Water"}}},{"type":"Feature","geometry":{"type":"Point","coordinates":[-6.2042,53.27725]},"properties":{"asset_id":"osm:way/340480667","kind":"water_pumping_station","source":"OpenStreetMap","name":"Stillorgan Pumping Station","evidence_level":NaN,"details":{"substance":"water","operator":"Irish Water"}}},{"type":"Feature","geometry":{"type":"Point","coordinates":[-6.22847,53.45754]},"properties":{"asset_id":"osm:way/368923659","kind":"reservoir_covered","source":"OpenStreetMap","name":NaN,"evidence_level":NaN,"details":{"operator":"Irish Water"}}},{"type":"Feature","geometry":{"type":"Point","coordinates":[-6.21567,53.34204]},"properties":{"asset_id":"osm:way/370707971","kind":"water_pumping_station","source":"OpenStreetMap","name":"Main Lift Pumping Station","evidence_level":NaN,"details":{"operator":"Irish Water"}}},{"type":"Feature","geometry":{"type":"Point","coordinates":[-6.08141,53.38983]},"properties":{"asset_id":"osm:way/374259717","kind":"water_pumping_station","source":"OpenStreetMap","name":"Howth Harbour Pumping Station","evidence_level":NaN,"details":{}}},{"type":"Feature","geometry":{"type":"Point","coordinates":[-6.20098,53.35268]},"properties":{"asset_id":"osm:way/375300989","kind":"reservoir_covered","source":"OpenStreetMap","name":NaN,"evidence_level":NaN,"details":{}}},{"type":"Feature","geometry":{"type":"Point","coordinates":[-6.22804,53.39674]},"properties":{"asset_id":"osm:way/377555428","kind":"water_storage_tank","source":"OpenStreetMap","name":NaN,"evidence_level":NaN,"details":{"content":"water"}}},{"type":"Feature","geometry":{"type":"Point","coordinates":[-6.23195,53.30914]},"properties":{"asset_id":"osm:way/379235909","kind":"water_storage_tank","source":"OpenStreetMap","name":NaN,"evidence_level":NaN,"details":{"content":"water"}}},{"type":"Feature","geometry":{"type":"Point","coordinates":[-6.22278,53.26491]},"properties":{"asset_id":"osm:way/380251961","kind":"reservoir_covered","source":"OpenStreetMap","name":"Dun Gaoithe Reservoir","evidence_level":NaN,"details":{"substance":"water","operator":"Irish Water"}}},{"type":"Feature","geometry":{"type":"Point","coordinates":[-6.23019,53.26871]},"properties":{"asset_id":"osm:way/380269252","kind":"reservoir_covered","source":"OpenStreetMap","name":NaN,"evidence_level":NaN,"details":{"operator":"Irish Water"}}},{"type":"Feature","geometry":{"type":"Point","coordinates":[-6.24647,53.34263]},"properties":{"asset_id":"osm:way/386575292","kind":"water_tower","source":"OpenStreetMap","name":NaN,"evidence_level":NaN,"details":{"operator":"Irish Rail"}}},{"type":"Feature","geometry":{"type":"Point","coordinates":[-6.3781,53.31855]},"properties":{"asset_id":"osm:way/389443272","kind":"water_tower","source":"OpenStreetMap","name":NaN,"evidence_level":NaN,"details":{}}},{"type":"Feature","geometry":{"type":"Point","coordinates":[-6.2436,53.3419]},"properties":{"asset_id":"osm:way/394742380","kind":"water_tower","source":"OpenStreetMap","name":NaN,"evidence_level":NaN,"details":{}}},{"type":"Feature","geometry":{"type":"Point","coordinates":[-6.20564,53.27811]},"properties":{"asset_id":"osm:way/399058133","kind":"water_pumping_station","source":"OpenStreetMap","name":"Pumping Station","evidence_level":NaN,"details":{"operator":"Irish Water"}}},{"type":"Feature","geometry":{"type":"Point","coordinates":[-6.24702,53.3533]},"properties":{"asset_id":"osm:way/403583747","kind":"water_tower","source":"OpenStreetMap","name":NaN,"evidence_level":NaN,"details":{}}},{"type":"Feature","geometry":{"type":"Point","coordinates":[-6.41557,53.27534]},"properties":{"asset_id":"osm:way/403679191","kind":"water_storage_tank","source":"OpenStreetMap","name":NaN,"evidence_level":NaN,"details":{"content":"water"}}},{"type":"Feature","geometry":{"type":"Point","coordinates":[-6.52236,53.37118]},"properties":{"asset_id":"osm:way/423987297","kind":"water_storage_tank","source":"OpenStreetMap","name":NaN,"evidence_level":NaN,"details":{"content":"water"}}},{"type":"Feature","geometry":{"type":"Point","coordinates":[-6.54749,53.18048]},"properties":{"asset_id":"osm:way/437203713","kind":"water_storage_tank","source":"OpenStreetMap","name":NaN,"evidence_level":NaN,"details":{"material":"concrete","content":"water"}}},{"type":"Feature","geometry":{"type":"Point","coordinates":[-6.5478,53.18033]},"properties":{"asset_id":"osm:way/437203714","kind":"water_storage_tank","source":"OpenStreetMap","name":NaN,"evidence_level":NaN,"details":{"material":"concrete","content":"water"}}},{"type":"Feature","geometry":{"type":"Point","coordinates":[-6.54735,53.18034]},"properties":{"asset_id":"osm:way/437203717","kind":"water_works","source":"OpenStreetMap","name":"Glending Reservoir","evidence_level":NaN,"details":{"operator":"Irish Water"}}},{"type":"Feature","geometry":{"type":"Point","coordinates":[-6.41494,53.41894]},"properties":{"asset_id":"osm:way/437282795","kind":"water_storage_tank","source":"OpenStreetMap","name":NaN,"evidence_level":NaN,"details":{"content":"water"}}},{"type":"Feature","geometry":{"type":"Point","coordinates":[-6.42001,53.42291]},"properties":{"asset_id":"osm:way/437282797","kind":"water_storage_tank","source":"OpenStreetMap","name":NaN,"evidence_level":NaN,"details":{"material":"steel","content":"water"}}},{"type":"Feature","geometry":{"type":"Point","coordinates":[-6.42348,53.4105]},"properties":{"asset_id":"osm:way/437282799","kind":"water_storage_tank","source":"OpenStreetMap","name":NaN,"evidence_level":NaN,"details":{"content":"water"}}},{"type":"Feature","geometry":{"type":"Point","coordinates":[-6.32677,53.41319]},"properties":{"asset_id":"osm:way/437511736","kind":"water_storage_tank","source":"OpenStreetMap","name":NaN,"evidence_level":NaN,"details":{"material":"steel","content":"water"}}},{"type":"Feature","geometry":{"type":"Point","coordinates":[-6.32623,53.41306]},"properties":{"asset_id":"osm:way/437511737","kind":"water_storage_tank","source":"OpenStreetMap","name":NaN,"evidence_level":NaN,"details":{"material":"steel","content":"water"}}},{"type":"Feature","geometry":{"type":"Point","coordinates":[-6.32657,53.41315]},"properties":{"asset_id":"osm:way/437511738","kind":"water_storage_tank","source":"OpenStreetMap","name":NaN,"evidence_level":NaN,"details":{"material":"steel","content":"water"}}},{"type":"Feature","geometry":{"type":"Point","coordinates":[-6.32641,53.41311]},"properties":{"asset_id":"osm:way/437511739","kind":"water_storage_tank","source":"OpenStreetMap","name":NaN,"evidence_level":NaN,"details":{"material":"steel","content":"water"}}},{"type":"Feature","geometry":{"type":"Point","coordinates":[-6.32555,53.41187]},"properties":{"asset_id":"osm:way/437511743","kind":"water_storage_tank","source":"OpenStreetMap","name":NaN,"evidence_level":NaN,"details":{"material":"steel","content":"water"}}},{"type":"Feature","geometry":{"type":"Point","coordinates":[-6.45474,53.32578]},"properties":{"asset_id":"osm:way/438036934","kind":"water_storage_tank","source":"OpenStreetMap","name":NaN,"evidence_level":NaN,"details":{"material":"steel","content":"water"}}},{"type":"Feature","geometry":{"type":"Point","coordinates":[-6.21764,53.39981]},"properties":{"asset_id":"osm:way/438122025","kind":"water_storage_tank","source":"OpenStreetMap","name":NaN,"evidence_level":NaN,"details":{"material":"steel","content":"water"}}},{"type":"Feature","geometry":{"type":"Point","coordinates":[-6.30281,53.33749]},"properties":{"asset_id":"osm:way/439945766","kind":"water_storage_tank","source":"OpenStreetMap","name":NaN,"evidence_level":NaN,"details":{"content":"water"}}},{"type":"Feature","geometry":{"type":"Point","coordinates":[-6.1954,53.39303]},"properties":{"asset_id":"osm:way/440167902","kind":"water_storage_tank","source":"OpenStreetMap","name":NaN,"evidence_level":NaN,"details":{"content":"water"}}},{"type":"Feature","geometry":{"type":"MultiLineString","coordinates":[[[-6.22807,53.34493],[-6.22812,53.34494]],[[-6.22812,53.34494],[-6.2303,53.34676]],[[-6.2303,53.34676],[-6.23024,53.34679]]]},"properties":{"asset_id":"osm:way/441392520","kind":"water_pipeline","source":"OpenStreetMap","name":NaN,"evidence_level":"high","details":{"substance":"water","location":"underwater","operator":"Irish Water"}}},{"type":"Feature","geometry":{"type":"MultiLineString","coordinates":[[[-6.2303,53.34679],[-6.2303,53.34676]],[[-6.2303,53.34676],[-6.22812,53.34494]],[[-6.22812,53.34494],[-6.22808,53.34491]]]},"properties":{"asset_id":"osm:way/441392521","kind":"sewer_pipeline","source":"OpenStreetMap","name":NaN,"evidence_level":"medium","details":{"substance":"sewage","location":"underwater","operator":"Irish Water"}}},{"type":"Feature","geometry":{"type":"MultiLineString","coordinates":[[[-6.22811,53.34489],[-6.22812,53.34494]],[[-6.22812,53.34494],[-6.2303,53.34676]],[[-6.2303,53.34676],[-6.23034,53.34679]]]},"properties":{"asset_id":"osm:way/441392522","kind":"sewer_pipeline","source":"OpenStreetMap","name":NaN,"evidence_level":"medium","details":{"substance":"drain","location":"underwater","operator":"Dublin City Council"}}},{"type":"Feature","geometry":{"type":"MultiLineString","coordinates":[[[-6.25264,53.33215],[-6.25261,53.3321]],[[-6.25261,53.3321],[-6.25258,53.33206]]]},"properties":{"asset_id":"osm:way/441870623","kind":"water_pipeline","source":"OpenStreetMap","name":NaN,"evidence_level":"high","details":{"substance":"water","location":"overhead","material":"metal","operator":"Irish Water"}}},{"type":"Feature","geometry":{"type":"Point","coordinates":[-6.2091,53.5787]},"properties":{"asset_id":"osm:way/442141319","kind":"water_storage_tank","source":"OpenStreetMap","name":NaN,"evidence_level":NaN,"details":{"content":"water","operator":"Irish Water"}}},{"type":"Feature","geometry":{"type":"Point","coordinates":[-6.20939,53.57869]},"properties":{"asset_id":"osm:way/442141320","kind":"water_storage_tank","source":"OpenStreetMap","name":NaN,"evidence_level":NaN,"details":{"content":"water","operator":"Irish Water"}}},{"type":"Feature","geometry":{"type":"Point","coordinates":[-6.20999,53.57317]},"properties":{"asset_id":"osm:way/442141321","kind":"wastewater_plant","source":"OpenStreetMap","name":"Wastewater Treatment Plant","evidence_level":NaN,"details":{"operator":"Irish Water"}}},{"type":"Feature","geometry":{"type":"LineString","coordinates":[[-6.36181,53.38419],[-6.36162,53.38412]]},"properties":{"asset_id":"osm:way/443380863","kind":"water_pipeline","source":"OpenStreetMap","name":NaN,"evidence_level":"high","details":{"substance":"water","location":"underground","operator":"Irish Water"}}},{"type":"Feature","geometry":{"type":"LineString","coordinates":[[-6.36162,53.38412],[-6.361,53.38383]]},"properties":{"asset_id":"osm:way/443380864","kind":"water_pipeline","source":"OpenStreetMap","name":NaN,"evidence_level":"high","details":{"substance":"water","location":"overhead","operator":"Irish Water"}}},{"type":"Feature","geometry":{"type":"LineString","coordinates":[[-6.361,53.38383],[-6.36072,53.38371]]},"properties":{"asset_id":"osm:way/443380865","kind":"water_pipeline","source":"OpenStreetMap","name":NaN,"evidence_level":"high","details":{"substance":"water","location":"underground","operator":"Irish Water"}}},{"type":"Feature","geometry":{"type":"Point","coordinates":[-6.22899,53.36249]},"properties":{"asset_id":"osm:way/444963337","kind":"water_storage_tank","source":"OpenStreetMap","name":NaN,"evidence_level":NaN,"details":{"content":"water"}}},{"type":"Feature","geometry":{"type":"Point","coordinates":[-6.18927,53.34087]},"properties":{"asset_id":"osm:way/445343211","kind":"water_pumping_station","source":"OpenStreetMap","name":"Cooling Water Pump House","evidence_level":NaN,"details":{}}},{"type":"Feature","geometry":{"type":"Point","coordinates":[-6.31965,53.41877]},"properties":{"asset_id":"osm:way/446017374","kind":"sewage_pumping_station","source":"OpenStreetMap","name":NaN,"evidence_level":NaN,"details":{"substance":"sewage","operator":"Irish Water"}}},{"type":"Feature","geometry":{"type":"Point","coordinates":[-6.3783,53.42315]},"properties":{"asset_id":"osm:way/446019653","kind":"sewage_pumping_station","source":"OpenStreetMap","name":NaN,"evidence_level":NaN,"details":{"substance":"sewage","operator":"Irish Water"}}},{"type":"Feature","geometry":{"type":"Point","coordinates":[-6.48011,53.31973]},"properties":{"asset_id":"osm:way/447939260","kind":"reservoir_covered","source":"OpenStreetMap","name":"Peamount Reservoir","evidence_level":NaN,"details":{"operator":"Irish Water"}}},{"type":"Feature","geometry":{"type":"Point","coordinates":[-6.47958,53.31919]},"properties":{"asset_id":"osm:way/447939261","kind":"water_tower","source":"OpenStreetMap","name":NaN,"evidence_level":NaN,"details":{"operator":"Irish Water"}}},{"type":"Feature","geometry":{"type":"MultiLineString","coordinates":[[[-6.48038,53.31997],[-6.48061,53.32028]],[[-6.48061,53.32028],[-6.47883,53.32084]],[[-6.47883,53.32084],[-6.47846,53.32263]],[[-6.47846,53.32263],[-6.47818,53.32596]],[[-6.47818,53.32596],[-6.47803,53.32764]],[[-6.47803,53.32764],[-6.47575,53.33002]],[[-6.47575,53.33002],[-6.47288,53.3326]]]},"properties":{"asset_id":"osm:way/447939263","kind":"water_pipeline","source":"OpenStreetMap","name":NaN,"evidence_level":"high","details":{"substance":"water","location":"underground","diameter":"700","operator":"Irish Water"}}},{"type":"Feature","geometry":{"type":"Point","coordinates":[-6.4453,53.27711]},"properties":{"asset_id":"osm:way/447940017","kind":"water_pumping_station","source":"OpenStreetMap","name":"Pumping Station","evidence_level":NaN,"details":{"operator":"Irish Water"}}},{"type":"Feature","geometry":{"type":"Point","coordinates":[-6.44638,53.2773]},"properties":{"asset_id":"osm:way/447940018","kind":"reservoir_covered","source":"OpenStreetMap","name":"Boherboy Reservoir","evidence_level":NaN,"details":{"operator":"Irish Water"}}},{"type":"Feature","geometry":{"type":"Point","coordinates":[-6.43895,53.29474]},"properties":{"asset_id":"osm:way/448065874","kind":"water_storage_tank","source":"OpenStreetMap","name":NaN,"evidence_level":NaN,"details":{"content":"water"}}},{"type":"Feature","geometry":{"type":"Point","coordinates":[-6.43574,53.29405]},"properties":{"asset_id":"osm:way/448065877","kind":"water_storage_tank","source":"OpenStreetMap","name":NaN,"evidence_level":NaN,"details":{"material":"steel","content":"water"}}},{"type":"Feature","geometry":{"type":"Point","coordinates":[-6.47331,53.3498]},"properties":{"asset_id":"osm:way/448389291","kind":"water_pumping_station","source":"OpenStreetMap","name":"Tobermaclugg DPS","evidence_level":NaN,"details":{"operator":"Irish Water"}}},{"type":"Feature","geometry":{"type":"Point","coordinates":[-6.44461,53.27742]},"properties":{"asset_id":"osm:way/448712566","kind":"reservoir_covered","source":"OpenStreetMap","name":NaN,"evidence_level":NaN,"details":{"operator":"Irish Water"}}},{"type":"Feature","geometry":{"type":"Point","coordinates":[-6.44703,53.2764]},"properties":{"asset_id":"osm:way/448712567","kind":"water_works","source":"OpenStreetMap","name":"Saggart Waterworks","evidence_level":NaN,"details":{"operator":"Irish Water"}}},{"type":"Feature","geometry":{"type":"Point","coordinates":[-6.44603,53.27655]},"properties":{"asset_id":"osm:way/448712573","kind":"reservoir_covered","source":"OpenStreetMap","name":NaN,"evidence_level":NaN,"details":{"operator":"Irish Water"}}},{"type":"Feature","geometry":{"type":"Point","coordinates":[-6.47988,53.32031]},"properties":{"asset_id":"osm:way/448715490","kind":"water_works","source":"OpenStreetMap","name":"Peamount Reservoir","evidence_level":NaN,"details":{"operator":"Irish Water"}}},{"type":"Feature","geometry":{"type":"LineString","coordinates":[[-6.47956,53.3192],[-6.47814,53.32006]]},"properties":{"asset_id":"osm:way/448715491","kind":"water_pipeline","source":"OpenStreetMap","name":NaN,"evidence_level":"high","details":{"substance":"water","location":"underground","diameter":"180","operator":"Irish Water"}}},{"type":"Feature","geometry":{"type":"MultiLineString","coordinates":[[[-6.47244,53.31759],[-6.47457,53.3184]],[[-6.47457,53.3184],[-6.47673,53.31922]],[[-6.47673,53.31922],[-6.47751,53.31967]],[[-6.47751,53.31967],[-6.47814,53.32006]],[[-6.47814,53.32006],[-6.47887,53.3206]],[[-6.47887,53.3206],[-6.47903,53.32063]],[[-6.47903,53.32063],[-6.47924,53.32062]],[[-6.47924,53.32062],[-6.48049,53.32019]],[[-6.48049,53.32019],[-6.48031,53.31997]]]},"properties":{"asset_id":"osm:way/448715492","kind":"water_pipeline","source":"OpenStreetMap","name":NaN,"evidence_level":"high","details":{"substance":"water","location":"underground","diameter":"700","operator":"Irish Water"}}},{"type":"Feature","geometry":{"type":"MultiLineString","coordinates":[[[-6.48031,53.31993],[-6.48056,53.32027]],[[-6.48056,53.32027],[-6.47878,53.32082]],[[-6.47878,53.32082],[-6.47841,53.32265]],[[-6.47841,53.32265],[-6.47798,53.32763]],[[-6.47798,53.32763],[-6.4757,53.33003]],[[-6.4757,53.33003],[-6.47284,53.33259]]]},"properties":{"asset_id":"osm:way/448715493","kind":"water_pipeline","source":"OpenStreetMap","name":NaN,"evidence_level":"high","details":{"substance":"water","location":"underground","diameter":"600","operator":"Irish Water"}}},{"type":"Feature","geometry":{"type":"Point","coordinates":[-6.4625,53.32064]},"properties":{"asset_id":"osm:way/448749303","kind":"water_tower","source":"OpenStreetMap","name":NaN,"evidence_level":NaN,"details":{"operator":"Irish Water"}}},{"type":"Feature","geometry":{"type":"Point","coordinates":[-6.4732,53.34966]},"properties":{"asset_id":"osm:way/448802912","kind":"reservoir_covered","source":"OpenStreetMap","name":NaN,"evidence_level":NaN,"details":{"substance":"rainwater","operator":"Irish Water"}}},{"type":"Feature","geometry":{"type":"MultiLineString","coordinates":[[[-6.4731,53.34981],[-6.47295,53.34963]],[[-6.47295,53.34963],[-6.4728,53.34927]],[[-6.4728,53.34927],[-6.47258,53.34875]],[[-6.47258,53.34875],[-6.47272,53.34826]],[[-6.47272,53.34826],[-6.47289,53.34798]],[[-6.47289,53.34798],[-6.47318,53.34755]],[[-6.47318,53.34755],[-6.47329,53.34736]],[[-6.47329,53.34736],[-6.47352,53.34659]],[[-6.47352,53.34659],[-6.47361,53.34637]],[[-6.47361,53.34637],[-6.47362,53.34619]]]},"properties":{"asset_id":"osm:way/448802918","kind":"sewer_pipeline","source":"OpenStreetMap","name":NaN,"evidence_level":"medium","details":{"substance":"rainwater","location":"underground","diameter":"900","operator":"Irish Water"}}},{"type":"Feature","geometry":{"type":"Point","coordinates":[-6.42307,53.27738]},"properties":{"asset_id":"osm:way/449124598","kind":"water_storage_tank","source":"OpenStreetMap","name":NaN,"evidence_level":NaN,"details":{"content":"water"}}},{"type":"Feature","geometry":{"type":"Point","coordinates":[-6.48684,53.3595]},"properties":{"asset_id":"osm:way/449309342","kind":"reservoir_covered","source":"OpenStreetMap","name":NaN,"evidence_level":NaN,"details":{"operator":"Irish Water"}}},{"type":"Feature","geometry":{"type":"MultiLineString","coordinates":[[[-6.48503,53.36173],[-6.48547,53.36083]],[[-6.48547,53.36083],[-6.48541,53.35931]],[[-6.48541,53.35931],[-6.48628,53.35925]]]},"properties":{"asset_id":"osm:way/449309343","kind":"water_pipeline","source":"OpenStreetMap","name":NaN,"evidence_level":"high","details":{"substance":"water","location":"underground","operator":"Irish Water"}}},{"type":"Feature","geometry":{"type":"Point","coordinates":[-6.38234,53.29539]},"properties":{"asset_id":"osm:way/449450738","kind":"water_works","source":"OpenStreetMap","name":"Cookstown Reservoir","evidence_level":NaN,"details":{"operator":"Irish Water"}}},{"type":"Feature","geometry":{"type":"Point","coordinates":[-6.17627,53.20816]},"properties":{"asset_id":"osm:way/449554982","kind":"water_works","source":"OpenStreetMap","name":NaN,"evidence_level":NaN,"details":{"operator":"Irish Water"}}},{"type":"Feature","geometry":{"type":"Point","coordinates":[-6.28549,53.48944]},"properties":{"asset_id":"osm:way/452056535","kind":"sewage_pumping_station","source":"OpenStreetMap","name":NaN,"evidence_level":NaN,"details":{"substance":"sewage","operator":"Irish Water"}}},{"type":"Feature","geometry":{"type":"Point","coordinates":[-6.41768,53.52629]},"properties":{"asset_id":"osm:way/452304359","kind":"water_storage_tank","source":"OpenStreetMap","name":NaN,"evidence_level":NaN,"details":{"material":"concrete","content":"water"}}},{"type":"Feature","geometry":{"type":"Point","coordinates":[-6.25847,53.5585]},"properties":{"asset_id":"osm:way/452593095","kind":"water_works","source":"OpenStreetMap","name":"Hollywood Reservoir","evidence_level":NaN,"details":{"operator":"Irish Water"}}},{"type":"Feature","geometry":{"type":"Point","coordinates":[-6.12496,53.1809]},"properties":{"asset_id":"osm:way/454172631","kind":"reservoir_covered","source":"OpenStreetMap","name":NaN,"evidence_level":NaN,"details":{"operator":"Irish Water"}}},{"type":"Feature","geometry":{"type":"Point","coordinates":[-6.12443,53.18094]},"properties":{"asset_id":"osm:way/454172632","kind":"reservoir_covered","source":"OpenStreetMap","name":NaN,"evidence_level":NaN,"details":{"operator":"Irish Water"}}},{"type":"Feature","geometry":{"type":"Point","coordinates":[-6.12469,53.18095]},"properties":{"asset_id":"osm:way/454172634","kind":"water_works","source":"OpenStreetMap","name":NaN,"evidence_level":NaN,"details":{"operator":"Irish Water"}}},{"type":"Feature","geometry":{"type":"Point","coordinates":[-6.10335,53.20789]},"properties":{"asset_id":"osm:way/458979811","kind":"wastewater_plant","source":"OpenStreetMap","name":"Bray Wastewater Treatment Plant","evidence_level":NaN,"details":{"operator":"Irish Water"}}},{"type":"Feature","geometry":{"type":"Point","coordinates":[-6.10087,53.57136]},"properties":{"asset_id":"osm:way/468008510","kind":"water_pumping_station","source":"OpenStreetMap","name":"Irish Water Pumping Station","evidence_level":NaN,"details":{"operator":"Irish Water"}}},{"type":"Feature","geometry":{"type":"LineString","coordinates":[[-6.09347,53.19803],[-6.09397,53.19789]]},"properties":{"asset_id":"osm:way/470328350","kind":"sewer_pipeline","source":"OpenStreetMap","name":NaN,"evidence_level":"medium","details":{"substance":"drain","location":"underground","operator":"Wicklow County Council"}}},{"type":"Feature","geometry":{"type":"Point","coordinates":[-6.38433,53.29935]},"properties":{"asset_id":"osm:way/473557679","kind":"water_works","source":"OpenStreetMap","name":"Belgard Reservoir","evidence_level":NaN,"details":{"operator":"Irish Water"}}},{"type":"Feature","geometry":{"type":"Point","coordinates":[-6.38716,53.34765]},"properties":{"asset_id":"osm:way/478891584","kind":"water_storage_tank","source":"OpenStreetMap","name":NaN,"evidence_level":NaN,"details":{"content":"water"}}},{"type":"Feature","geometry":{"type":"Point","coordinates":[-6.3869,53.34764]},"properties":{"asset_id":"osm:way/478891585","kind":"water_storage_tank","source":"OpenStreetMap","name":NaN,"evidence_level":NaN,"details":{"content":"water"}}},{"type":"Feature","geometry":{"type":"Point","coordinates":[-6.41159,53.34633]},"properties":{"asset_id":"osm:way/478891587","kind":"water_storage_tank","source":"OpenStreetMap","name":NaN,"evidence_level":NaN,"details":{"content":"water"}}},{"type":"Feature","geometry":{"type":"Point","coordinates":[-6.40846,53.34644]},"properties":{"asset_id":"osm:way/478891599","kind":"water_storage_tank","source":"OpenStreetMap","name":NaN,"evidence_level":NaN,"details":{"content":"water"}}},{"type":"Feature","geometry":{"type":"Point","coordinates":[-6.40818,53.34723]},"properties":{"asset_id":"osm:way/478891600","kind":"water_storage_tank","source":"OpenStreetMap","name":NaN,"evidence_level":NaN,"details":{"content":"water"}}},{"type":"Feature","geometry":{"type":"Point","coordinates":[-6.40747,53.35217]},"properties":{"asset_id":"osm:way/478891601","kind":"water_storage_tank","source":"OpenStreetMap","name":NaN,"evidence_level":NaN,"details":{"content":"water"}}},{"type":"Feature","geometry":{"type":"Point","coordinates":[-6.26268,53.39746]},"properties":{"asset_id":"osm:way/478913622","kind":"reservoir_covered","source":"OpenStreetMap","name":NaN,"evidence_level":NaN,"details":{}}},{"type":"Feature","geometry":{"type":"Point","coordinates":[-6.38612,53.29994]},"properties":{"asset_id":"osm:way/479948878","kind":"reservoir_covered","source":"OpenStreetMap","name":NaN,"evidence_level":NaN,"details":{"operator":"Irish Water"}}},{"type":"Feature","geometry":{"type":"Point","coordinates":[-6.41623,53.28253]},"properties":{"asset_id":"osm:way/485443360","kind":"water_storage_tank","source":"OpenStreetMap","name":NaN,"evidence_level":NaN,"details":{"content":"water"}}},{"type":"Feature","geometry":{"type":"Point","coordinates":[-6.43702,53.30675]},"properties":{"asset_id":"osm:way/485523106","kind":"water_storage_tank","source":"OpenStreetMap","name":NaN,"evidence_level":NaN,"details":{"content":"water"}}},{"type":"Feature","geometry":{"type":"Point","coordinates":[-6.15531,53.17436]},"properties":{"asset_id":"osm:way/486390814","kind":"water_storage_tank","source":"OpenStreetMap","name":NaN,"evidence_level":NaN,"details":{"content":"water"}}},{"type":"Feature","geometry":{"type":"Point","coordinates":[-6.15522,53.1743]},"properties":{"asset_id":"osm:way/486390815","kind":"water_storage_tank","source":"OpenStreetMap","name":NaN,"evidence_level":NaN,"details":{"content":"water"}}},{"type":"Feature","geometry":{"type":"Point","coordinates":[-6.26186,53.40527]},"properties":{"asset_id":"osm:way/486896620","kind":"water_storage_tank","source":"OpenStreetMap","name":NaN,"evidence_level":NaN,"details":{"content":"water"}}},{"type":"Feature","geometry":{"type":"Point","coordinates":[-6.15512,53.45115]},"properties":{"asset_id":"osm:way/488894972","kind":"water_well","source":"OpenStreetMap","name":"Saint Sylvester's Well","evidence_level":NaN,"details":{}}},{"type":"Feature","geometry":{"type":"Point","coordinates":[-6.37308,53.34328]},"properties":{"asset_id":"osm:way/490347391","kind":"water_tower","source":"OpenStreetMap","name":NaN,"evidence_level":NaN,"details":{}}},{"type":"Feature","geometry":{"type":"Point","coordinates":[-6.22422,53.46163]},"properties":{"asset_id":"osm:way/491251846","kind":"water_storage_tank","source":"OpenStreetMap","name":NaN,"evidence_level":NaN,"details":{"content":"water"}}},{"type":"Feature","geometry":{"type":"Point","coordinates":[-6.22398,53.46147]},"properties":{"asset_id":"osm:way/491251847","kind":"water_storage_tank","source":"OpenStreetMap","name":NaN,"evidence_level":NaN,"details":{"content":"water"}}},{"type":"Feature","geometry":{"type":"MultiLineString","coordinates":[[[-6.3711,53.24801],[-6.37125,53.24826]],[[-6.37125,53.24826],[-6.37128,53.24844]],[[-6.37128,53.24844],[-6.37131,53.24865]],[[-6.37131,53.24865],[-6.37134,53.24894]],[[-6.37134,53.24894],[-6.37134,53.24927]],[[-6.37134,53.24927],[-6.37131,53.24978]],[[-6.37131,53.24978],[-6.37129,53.24997]],[[-6.37129,53.24997],[-6.37126,53.25025]],[[-6.37126,53.25025],[-6.37127,53.25045]],[[-6.37127,53.25045],[-6.37116,53.25083]],[[-6.37116,53.25083],[-6.37104,53.25111]],[[-6.37104,53.25111],[-6.37095,53.25129]],[[-6.37095,53.25129],[-6.37087,53.25147]],[[-6.37087,53.25147],[-6.37065,53.25207]],[[-6.37065,53.25207],[-6.37059,53.25232]],[[-6.37059,53.25232],[-6.37058,53.25249]],[[-6.37058,53.25249],[-6.37062,53.25275]],[[-6.37062,53.25275],[-6.37104,53.25422]],[[-6.37104,53.25422],[-6.37127,53.25491]],[[-6.37127,53.25491],[-6.37129,53.25507]],[[-6.37129,53.25507],[-6.37127,53.25518]],[[-6.37127,53.25518],[-6.37119,53.25536]],[[-6.37119,53.25536],[-6.37075,53.256]],[[-6.37075,53.256],[-6.37039,53.25653]],[[-6.37039,53.25653],[-6.36993,53.25717]],[[-6.36993,53.25717],[-6.36951,53.25777]],[[-6.36951,53.25777],[-6.3693,53.25807]],[[-6.3693,53.25807],[-6.36908,53.25843]],[[-6.36908,53.25843],[-6.36899,53.25862]],[[-6.36899,53.25862],[-6.369,53.25874]],[[-6.369,53.25874],[-6.36906,53.25895]],[[-6.36906,53.25895],[-6.36857,53.25917]],[[-6.36857,53.25917],[-6.36817,53.25937]],[[-6.36817,53.25937],[-6.36787,53.2595]],[[-6.36787,53.2595],[-6.36785,53.25951]],[[-6.36785,53.25951],[-6.36768,53.25956]],[[-6.36768,53.25956],[-6.36762,53.25957]],[[-6.36762,53.25957],[-6.36756,53.25959]],[[-6.36756,53.25959],[-6.3674,53.25961]],[[-6.3674,53.25961],[-6.36728,53.25962]],[[-6.36728,53.25962],[-6.36717,53.25959]],[[-6.36717,53.25959],[-6.36697,53.25951]],[[-6.36697,53.25951],[-6.3669,53.2595]],[[-6.3669,53.2595],[-6.36683,53.25952]],[[-6.36683,53.25952],[-6.36676,53.25959]],[[-6.36676,53.25959],[-6.36672,53.25966]],[[-6.36672,53.25966],[-6.36663,53.25981]],[[-6.36663,53.25981],[-6.36657,53.25991]],[[-6.36657,53.25991],[-6.36624,53.26035]],[[-6.36624,53.26035],[-6.36601,53.26065]],[[-6.36601,53.26065],[-6.36593,53.26083]],[[-6.36593,53.26083],[-6.36574,53.26121]],[[-6.36574,53.26121],[-6.3657,53.26129]],[[-6.3657,53.26129],[-6.36554,53.26142]],[[-6.36554,53.26142],[-6.36537,53.26154]],[[-6.36537,53.26154],[-6.36503,53.26173]],[[-6.36503,53.26173],[-6.36468,53.26194]],[[-6.36468,53.26194],[-6.36449,53.26207]],[[-6.36449,53.26207],[-6.36416,53.26253]],[[-6.36416,53.26253],[-6.36404,53.26266]],[[-6.36404,53.26266],[-6.36382,53.26278]],[[-6.36382,53.26278],[-6.36371,53.26283]],[[-6.36371,53.26283],[-6.36357,53.26287]],[[-6.36357,53.26287],[-6.3634,53.26291]],[[-6.3634,53.26291],[-6.36314,53.26298]],[[-6.36314,53.26298],[-6.36302,53.26302]],[[-6.36302,53.26302],[-6.36291,53.26311]],[[-6.36291,53.26311],[-6.36282,53.2633]],[[-6.36282,53.2633],[-6.36273,53.2634]],[[-6.36273,53.2634],[-6.3625,53.26355]],[[-6.3625,53.26355],[-6.36228,53.26371]],[[-6.36228,53.26371],[-6.36073,53.26412]],[[-6.36073,53.26412],[-6.35779,53.26504]],[[-6.35779,53.26504],[-6.35333,53.26571]],[[-6.35333,53.26571],[-6.34814,53.26662]],[[-6.34814,53.26662],[-6.34351,53.26742]],[[-6.34351,53.26742],[-6.33953,53.26805]],[[-6.33953,53.26805],[-6.33698,53.26855]],[[-6.33698,53.26855],[-6.33345,53.2693]],[[-6.33345,53.2693],[-6.33213,53.26966]],[[-6.33213,53.26966],[-6.32671,53.27098]],[[-6.32671,53.27098],[-6.32153,53.27222]],[[-6.32153,53.27222],[-6.31631,53.27354]],[[-6.31631,53.27354],[-6.31132,53.27475]],[[-6.31132,53.27475],[-6.30681,53.27576]],[[-6.30681,53.27576],[-6.30486,53.27564]]]},"properties":{"asset_id":"osm:way/491850530","kind":"water_pipeline","source":"OpenStreetMap","name":NaN,"evidence_level":"high","details":{"substance":"water","location":"underground","operator":"Irish Water"}}},{"type":"Feature","geometry":{"type":"LineString","coordinates":[[-6.30681,53.27576],[-6.30486,53.27613]]},"properties":{"asset_id":"osm:way/491850531","kind":"water_pipeline","source":"OpenStreetMap","name":NaN,"evidence_level":"high","details":{"substance":"water","location":"underground","operator":"Irish Water"}}},{"type":"Feature","geometry":{"type":"MultiLineString","coordinates":[[[-6.36329,53.23847],[-6.36268,53.23801]],[[-6.36268,53.23801],[-6.36167,53.2375]]]},"properties":{"asset_id":"osm:way/491852572","kind":"water_pipeline","source":"OpenStreetMap","name":NaN,"evidence_level":"high","details":{"substance":"water","location":"underground","operator":"Irish Water"}}},{"type":"Feature","geometry":{"type":"Point","coordinates":[-6.17646,53.20815]},"properties":{"asset_id":"osm:way/491853638","kind":"reservoir_covered","source":"OpenStreetMap","name":NaN,"evidence_level":NaN,"details":{"operator":"Irish Water"}}},{"type":"Feature","geometry":{"type":"Point","coordinates":[-6.37801,53.27909]},"properties":{"asset_id":"osm:way/492015984","kind":"water_storage_tank","source":"OpenStreetMap","name":NaN,"evidence_level":NaN,"details":{"content":"water"}}},{"type":"Feature","geometry":{"type":"Point","coordinates":[-6.22255,53.26452]},"properties":{"asset_id":"osm:way/493006247","kind":"water_works","source":"OpenStreetMap","name":NaN,"evidence_level":NaN,"details":{"operator":"Irish Water"}}},{"type":"Feature","geometry":{"type":"Point","coordinates":[-6.38463,53.29904]},"properties":{"asset_id":"osm:way/495671961","kind":"reservoir_covered","source":"OpenStreetMap","name":NaN,"evidence_level":NaN,"details":{"operator":"Irish Water"}}},{"type":"Feature","geometry":{"type":"Point","coordinates":[-6.40968,53.34741]},"properties":{"asset_id":"osm:way/496404239","kind":"water_storage_tank","source":"OpenStreetMap","name":NaN,"evidence_level":NaN,"details":{"content":"water"}}},{"type":"Feature","geometry":{"type":"Point","coordinates":[-6.23196,53.31673]},"properties":{"asset_id":"osm:way/499198759","kind":"water_storage_tank","source":"OpenStreetMap","name":NaN,"evidence_level":NaN,"details":{"content":"water"}}},{"type":"Feature","geometry":{"type":"Point","coordinates":[-6.22061,53.40502]},"properties":{"asset_id":"osm:way/502313850","kind":"water_storage_tank","source":"OpenStreetMap","name":NaN,"evidence_level":NaN,"details":{"content":"water"}}},{"type":"Feature","geometry":{"type":"Point","coordinates":[-6.1815,53.59593]},"properties":{"asset_id":"osm:way/504450677","kind":"water_works","source":"OpenStreetMap","name":"Kilsough Reservoir","evidence_level":NaN,"details":{"operator":"Irish Water"}}},{"type":"Feature","geometry":{"type":"Point","coordinates":[-6.18564,53.60393]},"properties":{"asset_id":"osm:way/509636387","kind":"water_pumping_station","source":"OpenStreetMap","name":NaN,"evidence_level":NaN,"details":{}}},{"type":"Feature","geometry":{"type":"Point","coordinates":[-6.26026,53.63044]},"properties":{"asset_id":"osm:way/512688979","kind":"wastewater_plant","source":"OpenStreetMap","name":"Stamullen Wastewater Plant","evidence_level":NaN,"details":{"operator":"Irish Water"}}},{"type":"Feature","geometry":{"type":"Point","coordinates":[-6.26899,53.62287]},"properties":{"asset_id":"osm:way/512689017","kind":"wastewater_plant","source":"OpenStreetMap","name":NaN,"evidence_level":NaN,"details":{}}},{"type":"Feature","geometry":{"type":"Point","coordinates":[-6.44154,53.32346]},"properties":{"asset_id":"osm:way/513703427","kind":"water_storage_tank","source":"OpenStreetMap","name":NaN,"evidence_level":NaN,"details":{"content":"water"}}},{"type":"Feature","geometry":{"type":"Point","coordinates":[-6.41278,53.41145]},"properties":{"asset_id":"osm:way/518124233","kind":"water_storage_tank","source":"OpenStreetMap","name":NaN,"evidence_level":NaN,"details":{"content":"water"}}},{"type":"Feature","geometry":{"type":"Point","coordinates":[-6.55178,53.52315]},"properties":{"asset_id":"osm:way/518322563","kind":"water_works","source":"OpenStreetMap","name":NaN,"evidence_level":NaN,"details":{"operator":"Irish Water"}}},{"type":"Feature","geometry":{"type":"Point","coordinates":[-6.1061,53.18798]},"properties":{"asset_id":"osm:way/519013559","kind":"water_storage_tank","source":"OpenStreetMap","name":NaN,"evidence_level":NaN,"details":{"content":"water"}}},{"type":"Feature","geometry":{"type":"Point","coordinates":[-6.17455,53.37819]},"properties":{"asset_id":"osm:way/519160585","kind":"water_pumping_station","source":"OpenStreetMap","name":"Raheny Valve House","evidence_level":NaN,"details":{"substance":"water","operator":"Irish Water"}}},{"type":"Feature","geometry":{"type":"Point","coordinates":[-6.36824,53.40729]},"properties":{"asset_id":"osm:way/519195026","kind":"water_storage_tank","source":"OpenStreetMap","name":NaN,"evidence_level":NaN,"details":{"content":"water"}}},{"type":"Feature","geometry":{"type":"Point","coordinates":[-6.25335,53.33232]},"properties":{"asset_id":"osm:way/525228767","kind":"water_pumping_station","source":"OpenStreetMap","name":NaN,"evidence_level":NaN,"details":{"location":"underground","operator":"Irish Water","start_date":"1929"}}},{"type":"Feature","geometry":{"type":"Point","coordinates":[-6.52995,53.34416]},"properties":{"asset_id":"osm:way/527048627","kind":"water_pumping_station","source":"OpenStreetMap","name":NaN,"evidence_level":NaN,"details":{}}},{"type":"Feature","geometry":{"type":"Point","coordinates":[-6.11301,53.21119]},"properties":{"asset_id":"osm:way/532061862","kind":"water_tower","source":"OpenStreetMap","name":NaN,"evidence_level":NaN,"details":{}}},{"type":"Feature","geometry":{"type":"Point","coordinates":[-6.14604,53.44341]},"properties":{"asset_id":"osm:way/533710043","kind":"reservoir_covered","source":"OpenStreetMap","name":NaN,"evidence_level":NaN,"details":{"operator":"Irish Water"}}},{"type":"Feature","geometry":{"type":"Point","coordinates":[-6.14606,53.44329]},"properties":{"asset_id":"osm:way/533710046","kind":"water_works","source":"OpenStreetMap","name":NaN,"evidence_level":NaN,"details":{"operator":"Irish Water"}}},{"type":"Feature","geometry":{"type":"Point","coordinates":[-6.45437,53.32321]},"properties":{"asset_id":"osm:way/538878075","kind":"wastewater_plant","source":"OpenStreetMap","name":NaN,"evidence_level":NaN,"details":{"operator":"Aryzta"}}},{"type":"Feature","geometry":{"type":"Point","coordinates":[-6.22049,53.46288]},"properties":{"asset_id":"osm:way/550274710","kind":"wastewater_plant","source":"OpenStreetMap","name":"Wastewater Treatment Plant","evidence_level":NaN,"details":{"operator":"Irish Water"}}},{"type":"Feature","geometry":{"type":"Point","coordinates":[-6.33144,53.36643]},"properties":{"asset_id":"osm:way/555777716","kind":"water_tower","source":"OpenStreetMap","name":NaN,"evidence_level":NaN,"details":{}}},{"type":"Feature","geometry":{"type":"Point","coordinates":[-6.19633,53.35888]},"properties":{"asset_id":"osm:way/560139368","kind":"sewage_pumping_station","source":"OpenStreetMap","name":"Vernon Avenue Pumping Station","evidence_level":NaN,"details":{"substance":"sewage","operator":"Irish Water"}}},{"type":"Feature","geometry":{"type":"Point","coordinates":[-6.2493,53.3914]},"properties":{"asset_id":"osm:way/561587880","kind":"water_storage_tank","source":"OpenStreetMap","name":NaN,"evidence_level":NaN,"details":{"content":"water"}}},{"type":"Feature","geometry":{"type":"Point","coordinates":[-6.41368,53.51658]},"properties":{"asset_id":"osm:way/561911115","kind":"water_storage_tank","source":"OpenStreetMap","name":NaN,"evidence_level":NaN,"details":{"content":"water"}}},{"type":"Feature","geometry":{"type":"Point","coordinates":[-6.4134,53.51664]},"properties":{"asset_id":"osm:way/561911116","kind":"water_storage_tank","source":"OpenStreetMap","name":NaN,"evidence_level":NaN,"details":{"content":"water"}}},{"type":"Feature","geometry":{"type":"Point","coordinates":[-6.27129,53.36931]},"properties":{"asset_id":"osm:way/562041801","kind":"water_tower","source":"OpenStreetMap","name":NaN,"evidence_level":NaN,"details":{}}},{"type":"Feature","geometry":{"type":"Point","coordinates":[-6.25871,53.44428]},"properties":{"asset_id":"osm:way/562053665","kind":"water_storage_tank","source":"OpenStreetMap","name":NaN,"evidence_level":NaN,"details":{"content":"water"}}},{"type":"Feature","geometry":{"type":"Point","coordinates":[-6.25849,53.44433]},"properties":{"asset_id":"osm:way/562053666","kind":"water_storage_tank","source":"OpenStreetMap","name":NaN,"evidence_level":NaN,"details":{"content":"water"}}},{"type":"Feature","geometry":{"type":"Point","coordinates":[-6.25845,53.44421]},"properties":{"asset_id":"osm:way/562053667","kind":"water_storage_tank","source":"OpenStreetMap","name":NaN,"evidence_level":NaN,"details":{"content":"water"}}},{"type":"Feature","geometry":{"type":"Point","coordinates":[-6.2587,53.44416]},"properties":{"asset_id":"osm:way/562053668","kind":"water_storage_tank","source":"OpenStreetMap","name":NaN,"evidence_level":NaN,"details":{"content":"water"}}},{"type":"Feature","geometry":{"type":"Point","coordinates":[-6.1863,53.25458]},"properties":{"asset_id":"osm:way/562242104","kind":"water_storage_tank","source":"OpenStreetMap","name":NaN,"evidence_level":NaN,"details":{"content":"water"}}},{"type":"Feature","geometry":{"type":"Point","coordinates":[-6.18601,53.25453]},"properties":{"asset_id":"osm:way/562242105","kind":"water_storage_tank","source":"OpenStreetMap","name":NaN,"evidence_level":NaN,"details":{"content":"water"}}},{"type":"Feature","geometry":{"type":"Point","coordinates":[-6.37743,53.34367]},"properties":{"asset_id":"osm:way/563749105","kind":"water_tower","source":"OpenStreetMap","name":NaN,"evidence_level":NaN,"details":{}}},{"type":"Feature","geometry":{"type":"Point","coordinates":[-6.31388,53.26799]},"properties":{"asset_id":"osm:way/574735399","kind":"water_works","source":"OpenStreetMap","name":"Woodtown Reservoir","evidence_level":NaN,"details":{"operator":"Irish Water"}}},{"type":"Feature","geometry":{"type":"Point","coordinates":[-6.31386,53.268]},"properties":{"asset_id":"osm:way/574735400","kind":"reservoir_covered","source":"OpenStreetMap","name":"Woodtown Reservoir","evidence_level":NaN,"details":{"operator":"Irish Water"}}},{"type":"Feature","geometry":{"type":"Point","coordinates":[-6.13667,53.40937]},"properties":{"asset_id":"osm:way/584488149","kind":"sewage_pumping_station","source":"OpenStreetMap","name":"Mayne Road Pumping Station","evidence_level":NaN,"details":{"substance":"sewage","operator":"Irish Water"}}},{"type":"Feature","geometry":{"type":"Point","coordinates":[-6.21759,53.31428]},"properties":{"asset_id":"osm:way/584520434","kind":"water_storage_tank","source":"OpenStreetMap","name":NaN,"evidence_level":NaN,"details":{"content":"water"}}},{"type":"Feature","geometry":{"type":"Point","coordinates":[-6.00428,53.59728]},"properties":{"asset_id":"osm:way/586872676","kind":"water_storage_tank","source":"OpenStreetMap","name":NaN,"evidence_level":NaN,"details":{"content":"water"}}},{"type":"Feature","geometry":{"type":"Point","coordinates":[-6.0044,53.59731]},"properties":{"asset_id":"osm:way/586872677","kind":"water_storage_tank","source":"OpenStreetMap","name":NaN,"evidence_level":NaN,"details":{"content":"water"}}},{"type":"Feature","geometry":{"type":"Point","coordinates":[-6.34358,53.31946]},"properties":{"asset_id":"osm:way/588992709","kind":"water_storage_tank","source":"OpenStreetMap","name":NaN,"evidence_level":NaN,"details":{"content":"water"}}},{"type":"Feature","geometry":{"type":"Point","coordinates":[-6.29921,53.27152]},"properties":{"asset_id":"osm:way/589657704","kind":"water_tower","source":"OpenStreetMap","name":NaN,"evidence_level":NaN,"details":{}}},{"type":"Feature","geometry":{"type":"Point","coordinates":[-6.11887,53.48634]},"properties":{"asset_id":"osm:way/594786009","kind":"wastewater_plant","source":"OpenStreetMap","name":"Portrane Waste Water Treatment Plant","evidence_level":NaN,"details":{"substance":"sewage","operator":"Irish Water"}}},{"type":"Feature","geometry":{"type":"Point","coordinates":[-6.12429,53.38829]},"properties":{"asset_id":"osm:way/597055998","kind":"sewage_pumping_station","source":"OpenStreetMap","name":NaN,"evidence_level":NaN,"details":{"substance":"sewage","operator":"Irish Water"}}},{"type":"Feature","geometry":{"type":"Point","coordinates":[-6.10239,53.38121]},"properties":{"asset_id":"osm:way/597440346","kind":"water_pumping_station","source":"OpenStreetMap","name":NaN,"evidence_level":NaN,"details":{"operator":"Irish Water"}}},{"type":"Feature","geometry":{"type":"Point","coordinates":[-6.47443,53.27859]},"properties":{"asset_id":"osm:way/599058967","kind":"water_works","source":"OpenStreetMap","name":NaN,"evidence_level":NaN,"details":{}}},{"type":"Feature","geometry":{"type":"Point","coordinates":[-6.2875,53.40896]},"properties":{"asset_id":"osm:way/603910567","kind":"water_pumping_station","source":"OpenStreetMap","name":NaN,"evidence_level":NaN,"details":{"operator":"Irish Water"}}},{"type":"Feature","geometry":{"type":"Point","coordinates":[-6.33623,53.5348]},"properties":{"asset_id":"osm:way/604081481","kind":"water_works","source":"OpenStreetMap","name":"Cottrelstown Reservoir","evidence_level":NaN,"details":{"operator":"Irish Water"}}},{"type":"Feature","geometry":{"type":"Point","coordinates":[-6.45272,53.31435]},"properties":{"asset_id":"osm:way/605963612","kind":"water_storage_tank","source":"OpenStreetMap","name":NaN,"evidence_level":NaN,"details":{"content":"water"}}},{"type":"Feature","geometry":{"type":"Point","coordinates":[-6.44036,53.31239]},"properties":{"asset_id":"osm:way/605963643","kind":"wastewater_plant","source":"OpenStreetMap","name":"Wastewater Treatment Plant","evidence_level":NaN,"details":{"operator":"Profile Park"}}},{"type":"Feature","geometry":{"type":"Point","coordinates":[-6.2722,53.33858]},"properties":{"asset_id":"osm:way/607822223","kind":"sewage_pumping_station","source":"OpenStreetMap","name":NaN,"evidence_level":NaN,"details":{"substance":"sewage","location":"underground","operator":"Irish Water"}}},{"type":"Feature","geometry":{"type":"Point","coordinates":[-6.37838,53.30122]},"properties":{"asset_id":"osm:way/608161823","kind":"reservoir_covered","source":"OpenStreetMap","name":NaN,"evidence_level":NaN,"details":{"operator":"Irish Water"}}},{"type":"Feature","geometry":{"type":"Point","coordinates":[-6.13507,53.39854]},"properties":{"asset_id":"osm:way/608748260","kind":"sewage_pumping_station","source":"OpenStreetMap","name":NaN,"evidence_level":NaN,"details":{"substance":"sewage","operator":"Irish Water"}}},{"type":"Feature","geometry":{"type":"Point","coordinates":[-6.1419,53.40315]},"properties":{"asset_id":"osm:way/608748265","kind":"sewage_pumping_station","source":"OpenStreetMap","name":NaN,"evidence_level":NaN,"details":{"substance":"sewage","operator":"Irish Water"}}},{"type":"Feature","geometry":{"type":"Point","coordinates":[-6.47004,53.44666]},"properties":{"asset_id":"osm:way/619166540","kind":"water_storage_tank","source":"OpenStreetMap","name":NaN,"evidence_level":NaN,"details":{"content":"water"}}},{"type":"Feature","geometry":{"type":"Point","coordinates":[-6.27359,53.27907]},"properties":{"asset_id":"osm:way/624725531","kind":"water_storage_tank","source":"OpenStreetMap","name":NaN,"evidence_level":NaN,"details":{"content":"water"}}},{"type":"Feature","geometry":{"type":"Point","coordinates":[-6.41765,53.52639]},"properties":{"asset_id":"osm:way/633158298","kind":"water_works","source":"OpenStreetMap","name":NaN,"evidence_level":NaN,"details":{}}},{"type":"Feature","geometry":{"type":"Point","coordinates":[-6.52747,53.1846]},"properties":{"asset_id":"osm:way/633755171","kind":"water_storage_tank","source":"OpenStreetMap","name":NaN,"evidence_level":NaN,"details":{"content":"water"}}},{"type":"Feature","geometry":{"type":"Point","coordinates":[-6.19648,53.44641]},"properties":{"asset_id":"osm:way/642631359","kind":"sewage_pumping_station","source":"OpenStreetMap","name":"Aspen Pumping Station","evidence_level":NaN,"details":{"substance":"sewage","operator":"Irish Water"}}},{"type":"Feature","geometry":{"type":"Point","coordinates":[-6.15147,53.40715]},"properties":{"asset_id":"osm:way/647086228","kind":"sewage_pumping_station","source":"OpenStreetMap","name":"Grange Pumping Station","evidence_level":NaN,"details":{"substance":"sewage","operator":"Irish Water"}}},{"type":"Feature","geometry":{"type":"Point","coordinates":[-6.41067,53.35838]},"properties":{"asset_id":"osm:way/648652136","kind":"water_tower","source":"OpenStreetMap","name":NaN,"evidence_level":NaN,"details":{}}},{"type":"Feature","geometry":{"type":"Point","coordinates":[-6.3494,53.40942]},"properties":{"asset_id":"osm:way/651681620","kind":"water_storage_tank","source":"OpenStreetMap","name":NaN,"evidence_level":NaN,"details":{"content":"water"}}},{"type":"Feature","geometry":{"type":"Point","coordinates":[-6.35038,53.40955]},"properties":{"asset_id":"osm:way/651681621","kind":"water_storage_tank","source":"OpenStreetMap","name":NaN,"evidence_level":NaN,"details":{"content":"water"}}},{"type":"Feature","geometry":{"type":"Point","coordinates":[-6.35056,53.40962]},"properties":{"asset_id":"osm:way/651681622","kind":"water_storage_tank","source":"OpenStreetMap","name":NaN,"evidence_level":NaN,"details":{"content":"water"}}},{"type":"Feature","geometry":{"type":"Point","coordinates":[-6.23346,53.31621]},"properties":{"asset_id":"osm:way/659244660","kind":"water_pumping_station","source":"OpenStreetMap","name":NaN,"evidence_level":NaN,"details":{"substance":"water"}}},{"type":"Feature","geometry":{"type":"Point","coordinates":[-6.39247,53.35612]},"properties":{"asset_id":"osm:way/667301411","kind":"water_pumping_station","source":"OpenStreetMap","name":NaN,"evidence_level":NaN,"details":{"substance":"water","operator":"Irish Water"}}},{"type":"Feature","geometry":{"type":"Point","coordinates":[-6.48192,53.3003]},"properties":{"asset_id":"osm:way/668608739","kind":"wastewater_plant","source":"OpenStreetMap","name":NaN,"evidence_level":NaN,"details":{}}},{"type":"Feature","geometry":{"type":"Point","coordinates":[-6.47185,53.29752]},"properties":{"asset_id":"osm:way/668615968","kind":"water_storage_tank","source":"OpenStreetMap","name":NaN,"evidence_level":NaN,"details":{"content":"water"}}},{"type":"Feature","geometry":{"type":"Point","coordinates":[-6.29112,53.45411]},"properties":{"asset_id":"osm:way/675058702","kind":"wastewater_plant","source":"OpenStreetMap","name":"Rivermeade Wastewater Treatment Plant","evidence_level":NaN,"details":{"operator":"Irish Water"}}},{"type":"Feature","geometry":{"type":"Point","coordinates":[-6.28363,53.44503]},"properties":{"asset_id":"osm:way/675058709","kind":"wastewater_plant","source":"OpenStreetMap","name":NaN,"evidence_level":NaN,"details":{}}},{"type":"Feature","geometry":{"type":"Point","coordinates":[-6.28048,53.44587]},"properties":{"asset_id":"osm:way/675058713","kind":"water_storage_tank","source":"OpenStreetMap","name":NaN,"evidence_level":NaN,"details":{"content":"water"}}},{"type":"Feature","geometry":{"type":"Point","coordinates":[-6.27996,53.4445]},"properties":{"asset_id":"osm:way/675058716","kind":"water_storage_tank","source":"OpenStreetMap","name":NaN,"evidence_level":NaN,"details":{"material":"steel","content":"water"}}},{"type":"Feature","geometry":{"type":"Point","coordinates":[-6.25998,53.46963]},"properties":{"asset_id":"osm:way/675741636","kind":"water_storage_tank","source":"OpenStreetMap","name":NaN,"evidence_level":NaN,"details":{"material":"steel","content":"water"}}},{"type":"Feature","geometry":{"type":"Point","coordinates":[-6.25988,53.46951]},"properties":{"asset_id":"osm:way/675741637","kind":"water_storage_tank","source":"OpenStreetMap","name":NaN,"evidence_level":NaN,"details":{"material":"steel","content":"water"}}},{"type":"Feature","geometry":{"type":"Point","coordinates":[-6.26176,53.46987]},"properties":{"asset_id":"osm:way/675741638","kind":"water_storage_tank","source":"OpenStreetMap","name":NaN,"evidence_level":NaN,"details":{"material":"steel","content":"water"}}},{"type":"Feature","geometry":{"type":"Point","coordinates":[-6.28618,53.37621]},"properties":{"asset_id":"osm:way/681143845","kind":"water_pumping_station","source":"OpenStreetMap","name":"Finglas Bridge Pumping Station","evidence_level":NaN,"details":{"operator":"Dublin City Council"}}},{"type":"Feature","geometry":{"type":"Point","coordinates":[-6.11804,53.20697]},"properties":{"asset_id":"osm:way/684052999","kind":"water_tower","source":"OpenStreetMap","name":NaN,"evidence_level":NaN,"details":{}}},{"type":"Feature","geometry":{"type":"Point","coordinates":[-6.53975,53.34367]},"properties":{"asset_id":"osm:way/684756081","kind":"water_storage_tank","source":"OpenStreetMap","name":NaN,"evidence_level":NaN,"details":{"content":"water"}}},{"type":"Feature","geometry":{"type":"Point","coordinates":[-6.27098,53.48792]},"properties":{"asset_id":"osm:way/690832461","kind":"wastewater_plant","source":"OpenStreetMap","name":NaN,"evidence_level":NaN,"details":{"operator":"Roganstown Golf and Country Club"}}},{"type":"Feature","geometry":{"type":"MultiLineString","coordinates":[[[-6.2484,53.4741],[-6.24658,53.47455]],[[-6.24658,53.47455],[-6.246,53.47469]],[[-6.246,53.47469],[-6.24377,53.47527]],[[-6.24377,53.47527],[-6.24024,53.47605]],[[-6.24024,53.47605],[-6.23976,53.47616]],[[-6.23976,53.47616],[-6.23766,53.47671]]]},"properties":{"asset_id":"osm:way/690834778","kind":"water_pipeline","source":"OpenStreetMap","name":NaN,"evidence_level":"high","details":{"substance":"water","location":"underground","diameter":"800","operator":"Irish Water"}}},{"type":"Feature","geometry":{"type":"Point","coordinates":[-6.26998,53.3779]},"properties":{"asset_id":"osm:way/693274992","kind":"water_storage_tank","source":"OpenStreetMap","name":NaN,"evidence_level":NaN,"details":{"material":"concrete","content":"water"}}},{"type":"Feature","geometry":{"type":"Point","coordinates":[-6.36826,53.2959]},"properties":{"asset_id":"osm:way/697656528","kind":"water_storage_tank","source":"OpenStreetMap","name":NaN,"evidence_level":NaN,"details":{"content":"water"}}},{"type":"Feature","geometry":{"type":"Point","coordinates":[-6.34895,53.29608]},"properties":{"asset_id":"osm:way/697659038","kind":"water_storage_tank","source":"OpenStreetMap","name":NaN,"evidence_level":NaN,"details":{"content":"water"}}},{"type":"Feature","geometry":{"type":"Point","coordinates":[-6.47399,53.42371]},"properties":{"asset_id":"osm:way/698379209","kind":"water_storage_tank","source":"OpenStreetMap","name":NaN,"evidence_level":NaN,"details":{"material":"concrete","content":"water","operator":"Irish Water"}}},{"type":"Feature","geometry":{"type":"Point","coordinates":[-6.47388,53.42377]},"properties":{"asset_id":"osm:way/698379213","kind":"water_works","source":"OpenStreetMap","name":NaN,"evidence_level":NaN,"details":{"operator":"Irish Water"}}},{"type":"Feature","geometry":{"type":"Point","coordinates":[-6.05742,53.37086]},"properties":{"asset_id":"osm:way/704352763","kind":"water_works","source":"OpenStreetMap","name":NaN,"evidence_level":NaN,"details":{"operator":"Irish Water"}}},{"type":"Feature","geometry":{"type":"Point","coordinates":[-6.09899,53.38356]},"properties":{"asset_id":"osm:way/704432190","kind":"water_pumping_station","source":"OpenStreetMap","name":NaN,"evidence_level":NaN,"details":{}}},{"type":"Feature","geometry":{"type":"MultiLineString","coordinates":[[[-6.19931,53.33874],[-6.19928,53.33878]],[[-6.19928,53.33878],[-6.1987,53.34029]]]},"properties":{"asset_id":"osm:way/704709425","kind":"sewer_pipeline","source":"OpenStreetMap","name":NaN,"evidence_level":"medium","details":{"substance":"wastewater","location":"overground","diameter":"1","operator":"Covanta"}}},{"type":"Feature","geometry":{"type":"LineString","coordinates":[[-6.1987,53.34029],[-6.19848,53.34048]]},"properties":{"asset_id":"osm:way/704709426","kind":"sewer_pipeline","source":"OpenStreetMap","name":NaN,"evidence_level":"medium","details":{"substance":"wastewater","location":"overhead","diameter":"1","operator":"Covanta"}}},{"type":"Feature","geometry":{"type":"MultiLineString","coordinates":[[[-6.19848,53.34048],[-6.19819,53.34123]],[[-6.19819,53.34123],[-6.19826,53.34146]],[[-6.19826,53.34146],[-6.19826,53.34147]],[[-6.19826,53.34147],[-6.19828,53.34148]],[[-6.19828,53.34148],[-6.19831,53.3415]],[[-6.19831,53.3415],[-6.19832,53.34151]],[[-6.19832,53.34151],[-6.19832,53.34152]],[[-6.19832,53.34152],[-6.19831,53.34153]],[[-6.19831,53.34153],[-6.1983,53.34153]],[[-6.1983,53.34153],[-6.19829,53.34153]],[[-6.19829,53.34153],[-6.19827,53.34152]],[[-6.19827,53.34152],[-6.19826,53.34153]],[[-6.19826,53.34153],[-6.19824,53.34153]],[[-6.19824,53.34153],[-6.19817,53.34173]]]},"properties":{"asset_id":"osm:way/704709427","kind":"sewer_pipeline","source":"OpenStreetMap","name":NaN,"evidence_level":"medium","details":{"substance":"wastewater","location":"overground","diameter":"1","operator":"Covanta"}}},{"type":"Feature","geometry":{"type":"Point","coordinates":[-6.32563,53.41002]},"properties":{"asset_id":"osm:way/706284591","kind":"wastewater_plant","source":"OpenStreetMap","name":NaN,"evidence_level":NaN,"details":{"operator":"Energia"}}},{"type":"Feature","geometry":{"type":"Point","coordinates":[-6.06359,53.38108]},"properties":{"asset_id":"osm:way/707092589","kind":"water_works","source":"OpenStreetMap","name":"Dungriffen Reservoir","evidence_level":NaN,"details":{"operator":"Irish Water"}}},{"type":"Feature","geometry":{"type":"Point","coordinates":[-6.44157,53.32266]},"properties":{"asset_id":"osm:way/709103299","kind":"water_storage_tank","source":"OpenStreetMap","name":NaN,"evidence_level":NaN,"details":{"content":"water"}}},{"type":"Feature","geometry":{"type":"Point","coordinates":[-6.43932,53.31996]},"properties":{"asset_id":"osm:way/709103302","kind":"water_storage_tank","source":"OpenStreetMap","name":NaN,"evidence_level":NaN,"details":{"content":"water"}}},{"type":"Feature","geometry":{"type":"Point","coordinates":[-6.45343,53.32772]},"properties":{"asset_id":"osm:way/709143736","kind":"water_storage_tank","source":"OpenStreetMap","name":NaN,"evidence_level":NaN,"details":{"content":"water"}}},{"type":"Feature","geometry":{"type":"MultiLineString","coordinates":[[[-6.11823,53.39164],[-6.11764,53.38998]],[[-6.11764,53.38998],[-6.11738,53.38869]]]},"properties":{"asset_id":"osm:way/714441891","kind":"sewer_pipeline","source":"OpenStreetMap","name":"Sutton Pumping Station to Ringsend Waste Water Treatment Plant","evidence_level":"medium","details":{"substance":"sewage","location":"underground","diameter":"1400","material":"steel","operator":"Irish Water"}}},{"type":"Feature","geometry":{"type":"MultiLineString","coordinates":[[[-6.19578,53.33804],[-6.19375,53.3351]],[[-6.19375,53.3351],[-6.20244,53.3161]],[[-6.20244,53.3161],[-6.18051,53.30504]],[[-6.18051,53.30504],[-6.15076,53.29583]],[[-6.15076,53.29583],[-6.15072,53.29583]]]},"properties":{"asset_id":"osm:way/714441892","kind":"sewer_pipeline","source":"OpenStreetMap","name":"West Pier Pumping Station to Ringsend Waste Water Treatment Plant","evidence_level":"medium","details":{"substance":"sewage","location":"underwater","operator":"Irish Water"}}},{"type":"Feature","geometry":{"type":"MultiLineString","coordinates":[[[-6.11738,53.38869],[-6.11626,53.38719]],[[-6.11626,53.38719],[-6.10734,53.38253]],[[-6.10734,53.38253],[-6.1062,53.372]],[[-6.1062,53.372],[-6.1506,53.34118]],[[-6.1506,53.34118],[-6.19259,53.33519]],[[-6.19259,53.33519],[-6.19578,53.33804]]]},"properties":{"asset_id":"osm:way/714441893","kind":"sewer_pipeline","source":"OpenStreetMap","name":"Sutton Pumping Station to Ringsend Waste Water Treatment Plant","evidence_level":"medium","details":{"substance":"sewage","location":"underwater","diameter":"1400","material":"steel","operator":"Irish Water"}}},{"type":"Feature","geometry":{"type":"LineString","coordinates":[[-6.11973,53.38864],[-6.12008,53.38789]]},"properties":{"asset_id":"osm:way/714441894","kind":"sewer_pipeline","source":"OpenStreetMap","name":NaN,"evidence_level":"medium","details":{"substance":"rainwater","location":"underwater","operator":"Fingal County Council"}}},{"type":"Feature","geometry":{"type":"LineString","coordinates":[[-6.12449,53.3882],[-6.1244,53.38795]]},"properties":{"asset_id":"osm:way/714441895","kind":"sewer_pipeline","source":"OpenStreetMap","name":NaN,"evidence_level":"medium","details":{"substance":"rainwater","location":"underwater","operator":"Fingal County Council"}}},{"type":"Feature","geometry":{"type":"LineString","coordinates":[[-6.12865,53.38681],[-6.12903,53.38769]]},"properties":{"asset_id":"osm:way/714441896","kind":"sewer_pipeline","source":"OpenStreetMap","name":NaN,"evidence_level":"medium","details":{"substance":"rainwater","location":"underwater","operator":"Fingal County Council"}}},{"type":"Feature","geometry":{"type":"LineString","coordinates":[[-6.13537,53.3864],[-6.13499,53.38573]]},"properties":{"asset_id":"osm:way/714441897","kind":"sewer_pipeline","source":"OpenStreetMap","name":NaN,"evidence_level":"medium","details":{"substance":"rainwater","location":"underwater","operator":"Fingal County Council"}}},{"type":"Feature","geometry":{"type":"LineString","coordinates":[[-6.14301,53.38453],[-6.14257,53.38405]]},"properties":{"asset_id":"osm:way/714441898","kind":"sewer_pipeline","source":"OpenStreetMap","name":NaN,"evidence_level":"medium","details":{"substance":"rainwater","location":"underwater"}}},{"type":"Feature","geometry":{"type":"LineString","coordinates":[[-6.15517,53.37956],[-6.15452,53.37912]]},"properties":{"asset_id":"osm:way/714441899","kind":"sewer_pipeline","source":"OpenStreetMap","name":NaN,"evidence_level":"medium","details":{"substance":"rainwater","location":"underwater","operator":"Dublin City Council"}}},{"type":"Feature","geometry":{"type":"LineString","coordinates":[[-6.15072,53.29583],[-6.14892,53.29597]]},"properties":{"asset_id":"osm:way/714441900","kind":"sewer_pipeline","source":"OpenStreetMap","name":"West Pier Pumping Station to Ringsend Waste Water Treatment Plant","evidence_level":"medium","details":{"substance":"sewage","location":"underground","operator":"Irish Water"}}},{"type":"Feature","geometry":{"type":"LineString","coordinates":[[-6.14665,53.29854],[-6.14768,53.29742]]},"properties":{"asset_id":"osm:way/714441901","kind":"sewer_pipeline","source":"OpenStreetMap","name":NaN,"evidence_level":"medium","details":{"substance":"rainwater","location":"underground"}}},{"type":"Feature","geometry":{"type":"MultiLineString","coordinates":[[[-6.14868,53.296],[-6.14791,53.2964]],[[-6.14791,53.2964],[-6.14776,53.29708]],[[-6.14776,53.29708],[-6.14768,53.29742]]]},"properties":{"asset_id":"osm:way/714441902","kind":"sewer_pipeline","source":"OpenStreetMap","name":NaN,"evidence_level":"medium","details":{"substance":"rainwater","location":"underground"}}},{"type":"Feature","geometry":{"type":"Point","coordinates":[-6.19585,53.33804]},"properties":{"asset_id":"osm:way/714441903","kind":"water_pumping_station","source":"OpenStreetMap","name":"Intermediate Lift Pumping Station","evidence_level":NaN,"details":{"operator":"Irish Water"}}},{"type":"Feature","geometry":{"type":"LineString","coordinates":[[-6.10276,53.38127],[-6.10243,53.38123]]},"properties":{"asset_id":"osm:way/714506645","kind":"sewer_pipeline","source":"OpenStreetMap","name":NaN,"evidence_level":"medium","details":{"substance":"rainwater","location":"underwater","operator":"Fingal County Council"}}},{"type":"Feature","geometry":{"type":"LineString","coordinates":[[-6.10295,53.37995],[-6.10269,53.37994]]},"properties":{"asset_id":"osm:way/714506646","kind":"sewer_pipeline","source":"OpenStreetMap","name":NaN,"evidence_level":"medium","details":{"substance":"rainwater","location":"underwater","operator":"Fingal County Council"}}},{"type":"Feature","geometry":{"type":"MultiLineString","coordinates":[[[-6.19433,53.34031],[-6.19433,53.34013]],[[-6.19433,53.34013],[-6.19447,53.33993]],[[-6.19447,53.33993],[-6.19475,53.33906]]]},"properties":{"asset_id":"osm:way/714513881","kind":"sewer_pipeline","source":"OpenStreetMap","name":"Emergency Overflow Culvert","evidence_level":"medium","details":{"substance":"sewage","location":"underground"}}},{"type":"Feature","geometry":{"type":"MultiLineString","coordinates":[[[-6.19937,53.3379],[-6.19989,53.33744]],[[-6.19989,53.33744],[-6.20672,53.33839]],[[-6.20672,53.33839],[-6.2086,53.33867]],[[-6.2086,53.33867],[-6.20924,53.3389]],[[-6.20924,53.3389],[-6.21282,53.34114]],[[-6.21282,53.34114],[-6.21349,53.3414]],[[-6.21349,53.3414],[-6.21517,53.34185]]]},"properties":{"asset_id":"osm:way/714526101","kind":"sewer_pipeline","source":"OpenStreetMap","name":NaN,"evidence_level":"medium","details":{"substance":"sewage","location":"underground","operator":"Irish Water"}}},{"type":"Feature","geometry":{"type":"Point","coordinates":[-6.23601,53.34965]},"properties":{"asset_id":"osm:way/714526103","kind":"sewage_pumping_station","source":"OpenStreetMap","name":"Spencer Dock Pumping Station","evidence_level":NaN,"details":{"substance":"sewage","operator":"Irish Water"}}},{"type":"Feature","geometry":{"type":"Point","coordinates":[-6.14284,53.38466]},"properties":{"asset_id":"osm:way/714963140","kind":"sewage_pumping_station","source":"OpenStreetMap","name":"Kilbarrack Pumping Station","evidence_level":NaN,"details":{"substance":"sewage","operator":"Irish Water"}}},{"type":"Feature","geometry":{"type":"LineString","coordinates":[[-6.17597,53.36452],[-6.1754,53.36424]]},"properties":{"asset_id":"osm:way/714963144","kind":"sewer_pipeline","source":"OpenStreetMap","name":NaN,"evidence_level":"medium","details":{"substance":"rainwater","location":"underwater","operator":"Dublin City Council"}}},{"type":"Feature","geometry":{"type":"Point","coordinates":[-6.23323,53.35128]},"properties":{"asset_id":"osm:way/727172781","kind":"water_pumping_station","source":"OpenStreetMap","name":"East Road Pumping Station","evidence_level":NaN,"details":{"operator":"Dublin City Council"}}},{"type":"Feature","geometry":{"type":"Point","coordinates":[-6.23309,53.43257]},"properties":{"asset_id":"osm:way/734033464","kind":"reservoir_covered","source":"OpenStreetMap","name":NaN,"evidence_level":NaN,"details":{"operator":"Dublin Airport Authority"}}},{"type":"Feature","geometry":{"type":"Point","coordinates":[-6.20924,53.53888]},"properties":{"asset_id":"osm:way/745423947","kind":"wastewater_plant","source":"OpenStreetMap","name":NaN,"evidence_level":NaN,"details":{}}},{"type":"Feature","geometry":{"type":"Point","coordinates":[-6.30566,53.27728]},"properties":{"asset_id":"osm:way/749091930","kind":"reservoir_covered","source":"OpenStreetMap","name":NaN,"evidence_level":NaN,"details":{"capacity":"16000","operator":"Irish Water"}}},{"type":"Feature","geometry":{"type":"Point","coordinates":[-6.20602,53.55313]},"properties":{"asset_id":"osm:way/779330230","kind":"water_works","source":"OpenStreetMap","name":"Jordanstown Reservoir","evidence_level":NaN,"details":{"operator":"Irish Water"}}},{"type":"Feature","geometry":{"type":"Point","coordinates":[-6.52874,53.33552]},"properties":{"asset_id":"osm:way/785415422","kind":"water_pumping_station","source":"OpenStreetMap","name":NaN,"evidence_level":NaN,"details":{}}},{"type":"Feature","geometry":{"type":"Point","coordinates":[-6.21669,53.24936]},"properties":{"asset_id":"osm:way/798548262","kind":"reservoir_covered","source":"OpenStreetMap","name":NaN,"evidence_level":NaN,"details":{"operator":"Irish Water"}}},{"type":"Feature","geometry":{"type":"Point","coordinates":[-6.2035,53.27985]},"properties":{"asset_id":"osm:way/799610348","kind":"reservoir_covered","source":"OpenStreetMap","name":NaN,"evidence_level":NaN,"details":{"operator":"Irish Water"}}},{"type":"Feature","geometry":{"type":"Point","coordinates":[-6.20551,53.28013]},"properties":{"asset_id":"osm:way/799610349","kind":"reservoir_covered","source":"OpenStreetMap","name":NaN,"evidence_level":NaN,"details":{"operator":"Irish Water"}}},{"type":"Feature","geometry":{"type":"Point","coordinates":[-6.20616,53.2794]},"properties":{"asset_id":"osm:way/799610350","kind":"reservoir_covered","source":"OpenStreetMap","name":NaN,"evidence_level":NaN,"details":{"operator":"Irish Water"}}},{"type":"Feature","geometry":{"type":"Point","coordinates":[-6.20272,53.27849]},"properties":{"asset_id":"osm:way/799610351","kind":"water_works","source":"OpenStreetMap","name":"Stillorgan Reservoirs","evidence_level":NaN,"details":{"capacity":"160000","operator":"Irish Water"}}},{"type":"Feature","geometry":{"type":"Point","coordinates":[-6.22852,53.45751]},"properties":{"asset_id":"osm:way/799610811","kind":"water_works","source":"OpenStreetMap","name":NaN,"evidence_level":NaN,"details":{"operator":"Irish Water"}}},{"type":"Feature","geometry":{"type":"Point","coordinates":[-6.32512,53.41015]},"properties":{"asset_id":"osm:way/820465234","kind":"water_storage_tank","source":"OpenStreetMap","name":NaN,"evidence_level":NaN,"details":{"material":"steel","content":"water"}}},{"type":"Feature","geometry":{"type":"Point","coordinates":[-6.21376,53.42848]},"properties":{"asset_id":"osm:way/820480293","kind":"sewage_pumping_station","source":"OpenStreetMap","name":NaN,"evidence_level":NaN,"details":{"substance":"sewage","operator":"Irish Water"}}},{"type":"Feature","geometry":{"type":"MultiLineString","coordinates":[[[-6.21492,53.3178],[-6.21425,53.31807]],[[-6.21425,53.31807],[-6.21336,53.31826]],[[-6.21336,53.31826],[-6.21246,53.31832]],[[-6.21246,53.31832],[-6.21177,53.31824]]]},"properties":{"asset_id":"osm:way/821188284","kind":"sewer_pipeline","source":"OpenStreetMap","name":"Dodder Valley Sewer","evidence_level":"medium","details":{"substance":"wastewater","location":"underground","operator":"Irish Water"}}},{"type":"Feature","geometry":{"type":"Point","coordinates":[-6.35815,53.25848]},"properties":{"asset_id":"osm:way/841486887","kind":"water_works","source":"OpenStreetMap","name":NaN,"evidence_level":NaN,"details":{"operator":"Irish Water"}}},{"type":"Feature","geometry":{"type":"MultiLineString","coordinates":[[[-6.26978,53.46081],[-6.27375,53.46109]],[[-6.27375,53.46109],[-6.28427,53.45626]],[[-6.28427,53.45626],[-6.28427,53.45348]],[[-6.28427,53.45348],[-6.2859,53.44979]],[[-6.2859,53.44979],[-6.28435,53.44682]],[[-6.28435,53.44682],[-6.285,53.44305]]]},"properties":{"asset_id":"osm:way/852225363","kind":"water_pipeline","source":"OpenStreetMap","name":NaN,"evidence_level":"high","details":{"substance":"water","location":"underground","operator":"Irish Water"}}},{"type":"Feature","geometry":{"type":"Point","coordinates":[-6.20989,53.46633]},"properties":{"asset_id":"osm:way/858467113","kind":"water_storage_tank","source":"OpenStreetMap","name":NaN,"evidence_level":NaN,"details":{"content":"water"}}},{"type":"Feature","geometry":{"type":"Point","coordinates":[-6.20971,53.46628]},"properties":{"asset_id":"osm:way/858467114","kind":"water_storage_tank","source":"OpenStreetMap","name":NaN,"evidence_level":NaN,"details":{"content":"water"}}},{"type":"Feature","geometry":{"type":"Point","coordinates":[-6.2098,53.46617]},"properties":{"asset_id":"osm:way/858467115","kind":"water_storage_tank","source":"OpenStreetMap","name":NaN,"evidence_level":NaN,"details":{"content":"water"}}},{"type":"Feature","geometry":{"type":"Point","coordinates":[-6.20997,53.46621]},"properties":{"asset_id":"osm:way/858467116","kind":"water_storage_tank","source":"OpenStreetMap","name":NaN,"evidence_level":NaN,"details":{"content":"water"}}},{"type":"Feature","geometry":{"type":"Point","coordinates":[-6.21014,53.46625]},"properties":{"asset_id":"osm:way/858467117","kind":"water_storage_tank","source":"OpenStreetMap","name":NaN,"evidence_level":NaN,"details":{"content":"water"}}},{"type":"Feature","geometry":{"type":"Point","coordinates":[-6.12037,53.41022]},"properties":{"asset_id":"osm:way/861111983","kind":"water_storage_tank","source":"OpenStreetMap","name":NaN,"evidence_level":NaN,"details":{"material":"steel","content":"water"}}},{"type":"Feature","geometry":{"type":"Point","coordinates":[-6.26836,53.45951]},"properties":{"asset_id":"osm:way/861123040","kind":"water_storage_tank","source":"OpenStreetMap","name":NaN,"evidence_level":NaN,"details":{"content":"water"}}},{"type":"Feature","geometry":{"type":"Point","coordinates":[-6.26851,53.45951]},"properties":{"asset_id":"osm:way/861123041","kind":"water_storage_tank","source":"OpenStreetMap","name":NaN,"evidence_level":NaN,"details":{"content":"water"}}},{"type":"Feature","geometry":{"type":"Point","coordinates":[-6.28862,53.40865]},"properties":{"asset_id":"osm:way/884843317","kind":"water_tower","source":"OpenStreetMap","name":"Silloge Water Tower","evidence_level":NaN,"details":{"capacity":"5000","operator":"Irish Water"}}},{"type":"Feature","geometry":{"type":"Point","coordinates":[-6.22255,53.35248]},"properties":{"asset_id":"osm:way/894002198","kind":"sewage_pumping_station","source":"OpenStreetMap","name":"Tolka Quay Pumping Station","evidence_level":NaN,"details":{"substance":"rainwater","operator":"Dublin City Council"}}},{"type":"Feature","geometry":{"type":"Point","coordinates":[-6.33399,53.336]},"properties":{"asset_id":"osm:way/899822368","kind":"water_tower","source":"OpenStreetMap","name":NaN,"evidence_level":NaN,"details":{}}},{"type":"Feature","geometry":{"type":"Point","coordinates":[-6.54809,53.33897]},"properties":{"asset_id":"osm:way/903135486","kind":"water_tower","source":"OpenStreetMap","name":NaN,"evidence_level":NaN,"details":{"material":"concrete","operator":"Irish Water"}}},{"type":"Feature","geometry":{"type":"Point","coordinates":[-6.33082,53.41316]},"properties":{"asset_id":"osm:way/905898568","kind":"water_storage_tank","source":"OpenStreetMap","name":NaN,"evidence_level":NaN,"details":{"content":"water"}}},{"type":"Feature","geometry":{"type":"Point","coordinates":[-6.29188,53.41655]},"properties":{"asset_id":"osm:way/911394628","kind":"water_storage_tank","source":"OpenStreetMap","name":NaN,"evidence_level":NaN,"details":{"content":"water"}}},{"type":"Feature","geometry":{"type":"Point","coordinates":[-6.26491,53.31106]},"properties":{"asset_id":"osm:way/928216208","kind":"water_storage_tank","source":"OpenStreetMap","name":NaN,"evidence_level":NaN,"details":{"content":"water"}}},{"type":"Feature","geometry":{"type":"Point","coordinates":[-6.26569,53.31138]},"properties":{"asset_id":"osm:way/928216210","kind":"water_storage_tank","source":"OpenStreetMap","name":NaN,"evidence_level":NaN,"details":{"content":"water"}}},{"type":"Feature","geometry":{"type":"MultiLineString","coordinates":[[[-6.25263,53.33215],[-6.2526,53.3321]],[[-6.2526,53.3321],[-6.25257,53.33206]]]},"properties":{"asset_id":"osm:way/928634673","kind":"water_pipeline","source":"OpenStreetMap","name":NaN,"evidence_level":"high","details":{"substance":"water","location":"overhead","material":"metal","operator":"Irish Water"}}},{"type":"Feature","geometry":{"type":"Point","coordinates":[-6.10789,53.48835]},"properties":{"asset_id":"osm:way/938020961","kind":"water_tower","source":"OpenStreetMap","name":NaN,"evidence_level":NaN,"details":{}}},{"type":"Feature","geometry":{"type":"Point","coordinates":[-6.38813,53.50645]},"properties":{"asset_id":"osm:way/941556346","kind":"wastewater_plant","source":"OpenStreetMap","name":NaN,"evidence_level":NaN,"details":{"operator":"Irish Water"}}},{"type":"Feature","geometry":{"type":"Point","coordinates":[-6.20921,53.31932]},"properties":{"asset_id":"osm:way/941766619","kind":"water_pumping_station","source":"OpenStreetMap","name":"Ailesbury Pumping Station","evidence_level":NaN,"details":{"operator":"Irish Water"}}},{"type":"Feature","geometry":{"type":"Point","coordinates":[-6.21659,53.34275]},"properties":{"asset_id":"osm:way/946421878","kind":"water_pumping_station","source":"OpenStreetMap","name":"Ringsend Park Valve House","evidence_level":NaN,"details":{"operator":"Irish Water"}}},{"type":"Feature","geometry":{"type":"Point","coordinates":[-6.29153,53.37885]},"properties":{"asset_id":"osm:way/964456992","kind":"water_storage_tank","source":"OpenStreetMap","name":NaN,"evidence_level":NaN,"details":{"material":"steel","content":"water"}}},{"type":"Feature","geometry":{"type":"MultiLineString","coordinates":[[[-6.48092,53.31917],[-6.48248,53.31871]],[[-6.48248,53.31871],[-6.4826,53.31865]],[[-6.4826,53.31865],[-6.48284,53.31824]],[[-6.48284,53.31824],[-6.48299,53.31815]],[[-6.48299,53.31815],[-6.48456,53.3181]],[[-6.48456,53.3181],[-6.48586,53.31808]],[[-6.48586,53.31808],[-6.48606,53.31702]],[[-6.48606,53.31702],[-6.48592,53.31614]],[[-6.48592,53.31614],[-6.48502,53.31533]],[[-6.48502,53.31533],[-6.48713,53.31445]],[[-6.48713,53.31445],[-6.48872,53.31333]],[[-6.48872,53.31333],[-6.48857,53.31298]],[[-6.48857,53.31298],[-6.48777,53.31264]],[[-6.48777,53.31264],[-6.48571,53.30846]],[[-6.48571,53.30846],[-6.47849,53.30494]],[[-6.47849,53.30494],[-6.47732,53.3049]],[[-6.47732,53.3049],[-6.47513,53.30465]],[[-6.47513,53.30465],[-6.47095,53.30269]],[[-6.47095,53.30269],[-6.45961,53.30125]],[[-6.45961,53.30125],[-6.45704,53.29606]],[[-6.45704,53.29606],[-6.45721,53.29327]],[[-6.45721,53.29327],[-6.45738,53.289]],[[-6.45738,53.289],[-6.45738,53.28855]],[[-6.45738,53.28855],[-6.45634,53.28643]],[[-6.45634,53.28643],[-6.45826,53.28562]],[[-6.45826,53.28562],[-6.45791,53.28487]],[[-6.45791,53.28487],[-6.45711,53.28324]],[[-6.45711,53.28324],[-6.45681,53.28229]],[[-6.45681,53.28229],[-6.45649,53.28145]],[[-6.45649,53.28145],[-6.45605,53.28082]],[[-6.45605,53.28082],[-6.45487,53.2799]],[[-6.45487,53.2799],[-6.45473,53.27966]],[[-6.45473,53.27966],[-6.45458,53.27897]],[[-6.45458,53.27897],[-6.45375,53.27858]],[[-6.45375,53.27858],[-6.45095,53.27833]],[[-6.45095,53.27833],[-6.44893,53.27794]],[[-6.44893,53.27794],[-6.44844,53.27768]],[[-6.44844,53.27768],[-6.44692,53.27747]]]},"properties":{"asset_id":"osm:way/970605517","kind":"water_pipeline","source":"OpenStreetMap","name":"Saggart to Peamount Pipeline","evidence_level":"high","details":{"substance":"water","location":"underground","diameter":"1200","material":"metal","operator":"Irish Water"}}},{"type":"Feature","geometry":{"type":"Point","coordinates":[-6.45792,53.28473]},"properties":{"asset_id":"osm:way/970605518","kind":"water_pumping_station","source":"OpenStreetMap","name":NaN,"evidence_level":NaN,"details":{"substance":"water","location":"underground","operator":"Irish Water"}}},{"type":"Feature","geometry":{"type":"Point","coordinates":[-6.45711,53.28325]},"properties":{"asset_id":"osm:way/970605519","kind":"water_pumping_station","source":"OpenStreetMap","name":NaN,"evidence_level":NaN,"details":{"substance":"water","location":"underground","operator":"Irish Water"}}},{"type":"Feature","geometry":{"type":"MultiLineString","coordinates":[[[-6.51621,53.37627],[-6.51306,53.37572]],[[-6.51306,53.37572],[-6.51211,53.37544]],[[-6.51211,53.37544],[-6.50677,53.37362]],[[-6.50677,53.37362],[-6.50324,53.37514]],[[-6.50324,53.37514],[-6.50198,53.37571]],[[-6.50198,53.37571],[-6.501,53.37597]],[[-6.501,53.37597],[-6.49966,53.3762]],[[-6.49966,53.3762],[-6.4983,53.37609]],[[-6.4983,53.37609],[-6.48496,53.37469]],[[-6.48496,53.37469],[-6.48451,53.3751]],[[-6.48451,53.3751],[-6.48401,53.37504]],[[-6.48401,53.37504],[-6.48378,53.3754]],[[-6.48378,53.3754],[-6.48286,53.3754]],[[-6.48286,53.3754],[-6.48242,53.37548]],[[-6.48242,53.37548],[-6.48109,53.37529]],[[-6.48109,53.37529],[-6.481,53.37514]],[[-6.481,53.37514],[-6.48056,53.37517]]]},"properties":{"asset_id":"osm:way/971239818","kind":"sewer_pipeline","source":"OpenStreetMap","name":"Leixlip Transfer Pipeline","evidence_level":"medium","details":{"substance":"sewage","location":"underground","diameter":"560","material":"plastic","operator":"Irish Water"}}},{"type":"Feature","geometry":{"type":"MultiLineString","coordinates":[[[-6.47659,53.36413],[-6.47788,53.36654]],[[-6.47788,53.36654],[-6.47725,53.3688]],[[-6.47725,53.3688],[-6.47636,53.36986]],[[-6.47636,53.36986],[-6.47482,53.37082]],[[-6.47482,53.37082],[-6.47407,53.37203]],[[-6.47407,53.37203],[-6.47342,53.37368]],[[-6.47342,53.37368],[-6.47236,53.37492]],[[-6.47236,53.37492],[-6.4717,53.37525]],[[-6.4717,53.37525],[-6.47124,53.37535]],[[-6.47124,53.37535],[-6.47093,53.37643]],[[-6.47093,53.37643],[-6.46983,53.37941]],[[-6.46983,53.37941],[-6.46855,53.38026]],[[-6.46855,53.38026],[-6.46664,53.38398]],[[-6.46664,53.38398],[-6.466,53.3848]],[[-6.466,53.3848],[-6.46529,53.38601]],[[-6.46529,53.38601],[-6.46502,53.38708]],[[-6.46502,53.38708],[-6.46486,53.38805]],[[-6.46486,53.38805],[-6.46297,53.38949]],[[-6.46297,53.38949],[-6.46176,53.39103]],[[-6.46176,53.39103],[-6.4617,53.3924]],[[-6.4617,53.3924],[-6.45868,53.39299]],[[-6.45868,53.39299],[-6.45515,53.39437]],[[-6.45515,53.39437],[-6.45413,53.39493]],[[-6.45413,53.39493],[-6.45091,53.39674]]]},"properties":{"asset_id":"osm:way/971509805","kind":"sewer_pipeline","source":"OpenStreetMap","name":"Leixlip Transfer Pipeline","evidence_level":"medium","details":{"substance":"sewage","location":"underground","diameter":"630","material":"plastic","operator":"Irish Water"}}},{"type":"Feature","geometry":{"type":"MultiLineString","coordinates":[[[-6.47655,53.36413],[-6.47784,53.36654]],[[-6.47784,53.36654],[-6.47719,53.36879]],[[-6.47719,53.36879],[-6.47632,53.36985]],[[-6.47632,53.36985],[-6.47476,53.3708]],[[-6.47476,53.3708],[-6.47402,53.37204]],[[-6.47402,53.37204],[-6.47336,53.37367]],[[-6.47336,53.37367],[-6.47234,53.37487]],[[-6.47234,53.37487],[-6.47176,53.37517]],[[-6.47176,53.37517],[-6.47117,53.37531]],[[-6.47117,53.37531],[-6.47084,53.37644]],[[-6.47084,53.37644],[-6.46973,53.37935]],[[-6.46973,53.37935],[-6.46845,53.38022]],[[-6.46845,53.38022],[-6.46653,53.38397]],[[-6.46653,53.38397],[-6.46589,53.38479]],[[-6.46589,53.38479],[-6.46519,53.38602]],[[-6.46519,53.38602],[-6.46476,53.38803]],[[-6.46476,53.38803],[-6.46291,53.38948]],[[-6.46291,53.38948],[-6.46168,53.39102]],[[-6.46168,53.39102],[-6.46163,53.39235]],[[-6.46163,53.39235],[-6.45865,53.39294]],[[-6.45865,53.39294],[-6.45511,53.39435]],[[-6.45511,53.39435],[-6.45404,53.39491]],[[-6.45404,53.39491],[-6.45088,53.39668]]]},"properties":{"asset_id":"osm:way/971509806","kind":"sewer_pipeline","source":"OpenStreetMap","name":"Leixlip Transfer Pipeline","evidence_level":"medium","details":{"substance":"sewage","location":"underground","diameter":"630","material":"plastic","operator":"Irish Water"}}},{"type":"Feature","geometry":{"type":"Point","coordinates":[-6.5445,53.51177]},"properties":{"asset_id":"osm:way/971795535","kind":"water_pumping_station","source":"OpenStreetMap","name":NaN,"evidence_level":NaN,"details":{"ref":"Borehole 7","operator":"Irish Water"}}},{"type":"Feature","geometry":{"type":"Point","coordinates":[-6.15241,53.394]},"properties":{"asset_id":"osm:way/972453427","kind":"water_storage_tank","source":"OpenStreetMap","name":NaN,"evidence_level":NaN,"details":{"material":"steel","content":"water"}}},{"type":"Feature","geometry":{"type":"Point","coordinates":[-6.39895,53.4561]},"properties":{"asset_id":"osm:way/984799608","kind":"sewage_pumping_station","source":"OpenStreetMap","name":"Kilbride Housing Pumping Station","evidence_level":NaN,"details":{"substance":"sewage","operator":"Irish Water"}}},{"type":"Feature","geometry":{"type":"MultiLineString","coordinates":[[[-6.11897,53.48686],[-6.11868,53.48779]],[[-6.11868,53.48779],[-6.11851,53.48891]],[[-6.11851,53.48891],[-6.11846,53.48936]],[[-6.11846,53.48936],[-6.11859,53.48975]],[[-6.11859,53.48975],[-6.1189,53.49016]],[[-6.1189,53.49016],[-6.11941,53.4905]],[[-6.11941,53.4905],[-6.12024,53.49087]],[[-6.12024,53.49087],[-6.12083,53.49119]],[[-6.12083,53.49119],[-6.12152,53.49192]],[[-6.12152,53.49192],[-6.1219,53.49241]],[[-6.1219,53.49241],[-6.12204,53.493]],[[-6.12204,53.493],[-6.12198,53.49338]],[[-6.12198,53.49338],[-6.12184,53.49385]],[[-6.12184,53.49385],[-6.12185,53.4943]],[[-6.12185,53.4943],[-6.12207,53.49462]],[[-6.12207,53.49462],[-6.12204,53.49618]],[[-6.12204,53.49618],[-6.12196,53.49831]]]},"properties":{"asset_id":"osm:way/985527661","kind":"sewer_pipeline","source":"OpenStreetMap","name":NaN,"evidence_level":"medium","details":{"substance":"sewage","location":"underground"}}},{"type":"Feature","geometry":{"type":"Point","coordinates":[-6.21955,53.61075]},"properties":{"asset_id":"osm:way/986263765","kind":"water_works","source":"OpenStreetMap","name":NaN,"evidence_level":NaN,"details":{"operator":"Irish Water"}}},{"type":"Feature","geometry":{"type":"Point","coordinates":[-6.21973,53.61089]},"properties":{"asset_id":"osm:way/986263766","kind":"reservoir_covered","source":"OpenStreetMap","name":NaN,"evidence_level":NaN,"details":{"operator":"Irish Water"}}},{"type":"Feature","geometry":{"type":"Point","coordinates":[-6.12715,53.51379]},"properties":{"asset_id":"osm:way/986403229","kind":"sewage_pumping_station","source":"OpenStreetMap","name":"Whitestown Pumping Station","evidence_level":NaN,"details":{"substance":"sewage","operator":"Irish Water"}}},{"type":"Feature","geometry":{"type":"Point","coordinates":[-6.44183,53.40753]},"properties":{"asset_id":"osm:way/989884943","kind":"water_pumping_station","source":"OpenStreetMap","name":NaN,"evidence_level":NaN,"details":{}}},{"type":"Feature","geometry":{"type":"MultiLineString","coordinates":[[[-6.41009,53.40746],[-6.40198,53.40542]],[[-6.40198,53.40542],[-6.39716,53.4034]],[[-6.39716,53.4034],[-6.39653,53.40257]],[[-6.39653,53.40257],[-6.39244,53.40072]],[[-6.39244,53.40072],[-6.3901,53.398]],[[-6.3901,53.398],[-6.38381,53.39495]],[[-6.38381,53.39495],[-6.37806,53.39144]],[[-6.37806,53.39144],[-6.37602,53.38989]],[[-6.37602,53.38989],[-6.37492,53.38929]]]},"properties":{"asset_id":"osm:way/989884944","kind":"sewer_pipeline","source":"OpenStreetMap","name":NaN,"evidence_level":"medium","details":{"substance":"sewage","location":"underground","operator":"Irish Water"}}},{"type":"Feature","geometry":{"type":"Point","coordinates":[-6.28623,53.37332]},"properties":{"asset_id":"osm:way/995054395","kind":"water_storage_tank","source":"OpenStreetMap","name":NaN,"evidence_level":NaN,"details":{"content":"water"}}},{"type":"Feature","geometry":{"type":"Point","coordinates":[-6.25403,53.437]},"properties":{"asset_id":"osm:way/1000336149","kind":"reservoir_covered","source":"OpenStreetMap","name":NaN,"evidence_level":NaN,"details":{}}},{"type":"Feature","geometry":{"type":"Point","coordinates":[-6.25229,53.43691]},"properties":{"asset_id":"osm:way/1000336150","kind":"reservoir_covered","source":"OpenStreetMap","name":NaN,"evidence_level":NaN,"details":{}}},{"type":"Feature","geometry":{"type":"Point","coordinates":[-6.15391,53.48023]},"properties":{"asset_id":"osm:way/1000937191","kind":"sewage_pumping_station","source":"OpenStreetMap","name":NaN,"evidence_level":NaN,"details":{"substance":"sewage","operator":"Irish Water"}}},{"type":"Feature","geometry":{"type":"Point","coordinates":[-6.32507,53.42116]},"properties":{"asset_id":"osm:way/1003866389","kind":"water_pumping_station","source":"OpenStreetMap","name":NaN,"evidence_level":NaN,"details":{"substance":"water","operator":"Irish Water"}}},{"type":"Feature","geometry":{"type":"Point","coordinates":[-6.31072,53.41021]},"properties":{"asset_id":"osm:way/1006492443","kind":"wastewater_plant","source":"OpenStreetMap","name":NaN,"evidence_level":NaN,"details":{"operator":"Balseskin Reception Centre"}}},{"type":"Feature","geometry":{"type":"Point","coordinates":[-6.517,53.27066]},"properties":{"asset_id":"osm:way/1007023933","kind":"water_storage_tank","source":"OpenStreetMap","name":NaN,"evidence_level":NaN,"details":{"material":"steel","content":"water"}}},{"type":"Feature","geometry":{"type":"Point","coordinates":[-6.52774,53.19098]},"properties":{"asset_id":"osm:way/1010378318","kind":"water_storage_tank","source":"OpenStreetMap","name":NaN,"evidence_level":NaN,"details":{"content":"water"}}},{"type":"Feature","geometry":{"type":"Point","coordinates":[-6.50681,53.20908]},"properties":{"asset_id":"osm:way/1010378321","kind":"reservoir_covered","source":"OpenStreetMap","name":NaN,"evidence_level":NaN,"details":{"operator":"Irish Water"}}},{"type":"Feature","geometry":{"type":"Point","coordinates":[-6.40402,53.50966]},"properties":{"asset_id":"osm:way/1022080259","kind":"sewage_pumping_station","source":"OpenStreetMap","name":"Castle Street Pumping Station","evidence_level":NaN,"details":{"substance":"sewage","operator":"Irish Water"}}},{"type":"Feature","geometry":{"type":"Point","coordinates":[-6.30394,53.39077]},"properties":{"asset_id":"osm:way/1027546043","kind":"water_pumping_station","source":"OpenStreetMap","name":"Mellowes Pumping Station","evidence_level":NaN,"details":{"operator":"Dublin City Council"}}},{"type":"Feature","geometry":{"type":"Point","coordinates":[-6.30867,53.34756]},"properties":{"asset_id":"osm:way/1029071379","kind":"water_pumping_station","source":"OpenStreetMap","name":"Islandbridge Pumping Station","evidence_level":NaN,"details":{"operator":"Irish Water"}}},{"type":"Feature","geometry":{"type":"Point","coordinates":[-6.23213,53.34727]},"properties":{"asset_id":"osm:way/1029072348","kind":"sewage_pumping_station","source":"OpenStreetMap","name":"Castleforbes Pumping Station","evidence_level":NaN,"details":{"substance":"sewage","operator":"Irish Water"}}},{"type":"Feature","geometry":{"type":"Point","coordinates":[-6.2871,53.40936]},"properties":{"asset_id":"osm:way/1030476987","kind":"reservoir_covered","source":"OpenStreetMap","name":NaN,"evidence_level":NaN,"details":{"capacity":"15000","operator":"Irish Water"}}},{"type":"Feature","geometry":{"type":"Point","coordinates":[-6.13708,53.46371]},"properties":{"asset_id":"osm:way/1033586684","kind":"water_storage_tank","source":"OpenStreetMap","name":NaN,"evidence_level":NaN,"details":{"material":"steel","content":"water"}}},{"type":"Feature","geometry":{"type":"LineString","coordinates":[[-6.09324,53.1981],[-6.09347,53.19803]]},"properties":{"asset_id":"osm:way/1044330527","kind":"sewer_pipeline","source":"OpenStreetMap","name":NaN,"evidence_level":"medium","details":{"substance":"drain","location":"overground","operator":"Wicklow County Council"}}},{"type":"Feature","geometry":{"type":"LineString","coordinates":[[-6.25973,53.36175],[-6.25979,53.36166]]},"properties":{"asset_id":"osm:way/1044334698","kind":"water_pipeline","source":"OpenStreetMap","name":NaN,"evidence_level":"high","details":{"substance":"water","location":"bridge","operator":"Irish Water"}}},{"type":"Feature","geometry":{"type":"MultiLineString","coordinates":[[[-6.3269,53.42051],[-6.33359,53.41859]],[[-6.33359,53.41859],[-6.33859,53.41709]],[[-6.33859,53.41709],[-6.33937,53.41584]],[[-6.33937,53.41584],[-6.34256,53.41648]],[[-6.34256,53.41648],[-6.34439,53.41251]],[[-6.34439,53.41251],[-6.34435,53.41168]],[[-6.34435,53.41168],[-6.34485,53.41054]],[[-6.34485,53.41054],[-6.34501,53.40993]],[[-6.34501,53.40993],[-6.34546,53.40996]]]},"properties":{"asset_id":"osm:way/1046980254","kind":"water_pipeline","source":"OpenStreetMap","name":"Ballycoolin to Kingstown Trunk Water Mains","evidence_level":"high","details":{"substance":"water","location":"underground","diameter":"1200","material":"metal","operator":"Irish Water"}}},{"type":"Feature","geometry":{"type":"MultiLineString","coordinates":[[[-6.34725,53.40874],[-6.34784,53.40867]],[[-6.34784,53.40867],[-6.34929,53.40851]],[[-6.34929,53.40851],[-6.34987,53.40846]],[[-6.34987,53.40846],[-6.34995,53.40845]],[[-6.34995,53.40845],[-6.3506,53.40855]],[[-6.3506,53.40855],[-6.35125,53.40849]],[[-6.35125,53.40849],[-6.35147,53.40858]],[[-6.35147,53.40858],[-6.35171,53.40948]],[[-6.35171,53.40948],[-6.35199,53.40944]],[[-6.35199,53.40944],[-6.35736,53.40981]],[[-6.35736,53.40981],[-6.35827,53.40987]]]},"properties":{"asset_id":"osm:way/1046980261","kind":"water_pipeline","source":"OpenStreetMap","name":"Ballycoolin to Kingstown Trunk Water Mains","evidence_level":"high","details":{"substance":"water","location":"underground","diameter":"1200","material":"metal","operator":"Irish Water"}}},{"type":"Feature","geometry":{"type":"Point","coordinates":[-6.3852,53.41402]},"properties":{"asset_id":"osm:way/1051178292","kind":"water_storage_tank","source":"OpenStreetMap","name":NaN,"evidence_level":NaN,"details":{"content":"water"}}},{"type":"Feature","geometry":{"type":"MultiLineString","coordinates":[[[-6.48056,53.37517],[-6.48,53.3742]],[[-6.48,53.3742],[-6.47416,53.37373]],[[-6.47416,53.37373],[-6.47342,53.37368]]]},"properties":{"asset_id":"osm:way/1054350198","kind":"sewer_pipeline","source":"OpenStreetMap","name":"Leixlip Transfer Pipeline","evidence_level":"medium","details":{"substance":"sewage","location":"underground","diameter":"560","material":"plastic","operator":"Irish Water"}}},{"type":"Feature","geometry":{"type":"Point","coordinates":[-6.34789,53.44224]},"properties":{"asset_id":"osm:way/1054392190","kind":"water_works","source":"OpenStreetMap","name":NaN,"evidence_level":NaN,"details":{"operator":"Irish Water"}}},{"type":"Feature","geometry":{"type":"Point","coordinates":[-6.34761,53.44215]},"properties":{"asset_id":"osm:way/1054392191","kind":"water_tower","source":"OpenStreetMap","name":"The Ward Water Tower","evidence_level":NaN,"details":{"operator":"Irish Water"}}},{"type":"Feature","geometry":{"type":"Point","coordinates":[-6.40136,53.27014]},"properties":{"asset_id":"osm:way/1055554934","kind":"water_works","source":"OpenStreetMap","name":"Kiltalown Reservoir","evidence_level":NaN,"details":{"operator":"Irish Water"}}},{"type":"Feature","geometry":{"type":"Point","coordinates":[-6.39425,53.56159]},"properties":{"asset_id":"osm:way/1055554977","kind":"water_works","source":"OpenStreetMap","name":"Garristown Reservoir","evidence_level":NaN,"details":{"operator":"Irish Water"}}},{"type":"Feature","geometry":{"type":"Point","coordinates":[-6.1105,53.52005]},"properties":{"asset_id":"osm:way/1059704135","kind":"water_storage_tank","source":"OpenStreetMap","name":NaN,"evidence_level":NaN,"details":{"content":"water"}}},{"type":"Feature","geometry":{"type":"Point","coordinates":[-6.11057,53.51999]},"properties":{"asset_id":"osm:way/1059704136","kind":"water_storage_tank","source":"OpenStreetMap","name":NaN,"evidence_level":NaN,"details":{"content":"water"}}},{"type":"Feature","geometry":{"type":"Point","coordinates":[-6.2191,53.26369]},"properties":{"asset_id":"osm:way/1065743930","kind":"water_pumping_station","source":"OpenStreetMap","name":"Aikens Pumping Station","evidence_level":NaN,"details":{"substance":"water","operator":"Irish Water"}}},{"type":"Feature","geometry":{"type":"MultiLineString","coordinates":[[[-6.20842,53.35155],[-6.20841,53.35162]],[[-6.20841,53.35162],[-6.2026,53.35137]],[[-6.2026,53.35137],[-6.20252,53.3513]],[[-6.20252,53.3513],[-6.20262,53.3504]]]},"properties":{"asset_id":"osm:way/1085115204","kind":"water_pipeline","source":"OpenStreetMap","name":NaN,"evidence_level":"high","details":{"substance":"water","location":"overground"}}},{"type":"Feature","geometry":{"type":"LineString","coordinates":[[-6.20873,53.35156],[-6.20842,53.35155]]},"properties":{"asset_id":"osm:way/1085115205","kind":"water_pipeline","source":"OpenStreetMap","name":NaN,"evidence_level":"high","details":{"substance":"water","location":"underground"}}},{"type":"Feature","geometry":{"type":"MultiLineString","coordinates":[[[-6.20873,53.35156],[-6.20873,53.35159]],[[-6.20873,53.35159],[-6.21291,53.35178]]]},"properties":{"asset_id":"osm:way/1085115206","kind":"water_pipeline","source":"OpenStreetMap","name":NaN,"evidence_level":"high","details":{"substance":"water","location":"overground"}}},{"type":"Feature","geometry":{"type":"MultiLineString","coordinates":[[[-6.1069,53.48352],[-6.10781,53.48336]],[[-6.10781,53.48336],[-6.10888,53.48392]],[[-6.10888,53.48392],[-6.11269,53.48446]],[[-6.11269,53.48446],[-6.11532,53.48529]],[[-6.11532,53.48529],[-6.11553,53.48554]],[[-6.11553,53.48554],[-6.11841,53.48594]]]},"properties":{"asset_id":"osm:way/1093099222","kind":"sewer_pipeline","source":"OpenStreetMap","name":NaN,"evidence_level":"medium","details":{"substance":"sewage","location":"underground","operator":"Irish Water"}}},{"type":"Feature","geometry":{"type":"LineString","coordinates":[[-6.10423,53.48314],[-6.1069,53.48352]]},"properties":{"asset_id":"osm:way/1093099223","kind":"sewer_pipeline","source":"OpenStreetMap","name":NaN,"evidence_level":"medium","details":{"substance":"sewage","location":"overground","operator":"Irish Water"}}},{"type":"Feature","geometry":{"type":"MultiLineString","coordinates":[[[-6.12405,53.50126],[-6.1259,53.50345]],[[-6.1259,53.50345],[-6.12866,53.50765]],[[-6.12866,53.50765],[-6.12879,53.50794]],[[-6.12879,53.50794],[-6.12891,53.50829]],[[-6.12891,53.50829],[-6.12961,53.50946]],[[-6.12961,53.50946],[-6.12922,53.50992]]]},"properties":{"asset_id":"osm:way/1095734876","kind":"sewer_pipeline","source":"OpenStreetMap","name":NaN,"evidence_level":"medium","details":{"substance":"sewage","location":"underground"}}},{"type":"Feature","geometry":{"type":"MultiLineString","coordinates":[[[-6.31401,53.29099],[-6.314,53.29081]],[[-6.314,53.29081],[-6.31396,53.29064]],[[-6.31396,53.29064],[-6.31371,53.29005]],[[-6.31371,53.29005],[-6.31306,53.28912]],[[-6.31306,53.28912],[-6.31203,53.2882]],[[-6.31203,53.2882],[-6.31117,53.28724]],[[-6.31117,53.28724],[-6.31074,53.28688]],[[-6.31074,53.28688],[-6.31072,53.28677]],[[-6.31072,53.28677],[-6.31058,53.28604]],[[-6.31058,53.28604],[-6.31047,53.28562]],[[-6.31047,53.28562],[-6.31046,53.28524]],[[-6.31046,53.28524],[-6.31043,53.28382]],[[-6.31043,53.28382],[-6.3104,53.28345]],[[-6.3104,53.28345],[-6.31034,53.28307]],[[-6.31034,53.28307],[-6.31026,53.28237]],[[-6.31026,53.28237],[-6.31093,53.28209]],[[-6.31093,53.28209],[-6.31182,53.28178]],[[-6.31182,53.28178],[-6.31182,53.28167]]]},"properties":{"asset_id":"osm:way/1098942497","kind":"sewer_pipeline","source":"OpenStreetMap","name":NaN,"evidence_level":"medium","details":{"substance":"wastewater","location":"underground","operator":"Irish Water"}}},{"type":"Feature","geometry":{"type":"Point","coordinates":[-6.2542,53.41326]},"properties":{"asset_id":"osm:way/1100622961","kind":"wastewater_plant","source":"OpenStreetMap","name":NaN,"evidence_level":NaN,"details":{}}},{"type":"Feature","geometry":{"type":"MultiLineString","coordinates":[[[-6.3269,53.42051],[-6.322,53.42211]],[[-6.322,53.42211],[-6.31461,53.42413]],[[-6.31461,53.42413],[-6.31355,53.4244]],[[-6.31355,53.4244],[-6.31182,53.42455]],[[-6.31182,53.42455],[-6.31039,53.42452]],[[-6.31039,53.42452],[-6.30911,53.4244]],[[-6.30911,53.4244],[-6.30906,53.42474]],[[-6.30906,53.42474],[-6.30878,53.42587]],[[-6.30878,53.42587],[-6.30891,53.42645]],[[-6.30891,53.42645],[-6.30757,53.4278]],[[-6.30757,53.4278],[-6.30671,53.42921]],[[-6.30671,53.42921],[-6.30553,53.42997]],[[-6.30553,53.42997],[-6.30504,53.43041]],[[-6.30504,53.43041],[-6.30256,53.43222]],[[-6.30256,53.43222],[-6.30258,53.4325]],[[-6.30258,53.4325],[-6.29908,53.434]],[[-6.29908,53.434],[-6.29661,53.43488]],[[-6.29661,53.43488],[-6.29601,53.43493]],[[-6.29601,53.43493],[-6.29514,53.43541]],[[-6.29514,53.43541],[-6.29501,53.43588]],[[-6.29501,53.43588],[-6.29553,53.43675]],[[-6.29553,53.43675],[-6.29637,53.43824]],[[-6.29637,53.43824],[-6.29684,53.4399]],[[-6.29684,53.4399],[-6.29431,53.44035]],[[-6.29431,53.44035],[-6.28724,53.44003]],[[-6.28724,53.44003],[-6.28581,53.43968]],[[-6.28581,53.43968],[-6.28476,53.43968]],[[-6.28476,53.43968],[-6.28391,53.4408]],[[-6.28391,53.4408],[-6.28376,53.4413]],[[-6.28376,53.4413],[-6.28385,53.44169]],[[-6.28385,53.44169],[-6.28405,53.44175]],[[-6.28405,53.44175],[-6.28441,53.44224]]]},"properties":{"asset_id":"osm:way/1100627191","kind":"water_pipeline","source":"OpenStreetMap","name":"Ballycoolin to Kingstown Trunk Water Mains","evidence_level":"high","details":{"substance":"water","location":"underground","diameter":"1200","material":"metal","operator":"Irish Water"}}},{"type":"Feature","geometry":{"type":"Point","coordinates":[-6.44741,53.43363]},"properties":{"asset_id":"osm:way/1106426441","kind":"water_storage_tank","source":"OpenStreetMap","name":NaN,"evidence_level":NaN,"details":{"content":"water"}}},{"type":"Feature","geometry":{"type":"Point","coordinates":[-6.47338,53.28923]},"properties":{"asset_id":"osm:way/1107667197","kind":"water_storage_tank","source":"OpenStreetMap","name":NaN,"evidence_level":NaN,"details":{"content":"water"}}},{"type":"Feature","geometry":{"type":"Point","coordinates":[-6.47159,53.29031]},"properties":{"asset_id":"osm:way/1107667200","kind":"water_storage_tank","source":"OpenStreetMap","name":NaN,"evidence_level":NaN,"details":{"content":"water"}}},{"type":"Feature","geometry":{"type":"Point","coordinates":[-6.2919,53.37727]},"properties":{"asset_id":"osm:way/1108078688","kind":"water_pumping_station","source":"OpenStreetMap","name":"Ballyboggan Pumping Station","evidence_level":NaN,"details":{"operator":"Irish Water"}}},{"type":"Feature","geometry":{"type":"Point","coordinates":[-6.32002,53.3873]},"properties":{"asset_id":"osm:way/1108084150","kind":"water_pumping_station","source":"OpenStreetMap","name":"Kilshane Pumping Station","evidence_level":NaN,"details":{"operator":"Irish Water"}}},{"type":"Feature","geometry":{"type":"MultiLineString","coordinates":[[[-6.22042,53.33799],[-6.21969,53.33754]],[[-6.21969,53.33754],[-6.21847,53.33693]],[[-6.21847,53.33693],[-6.21749,53.33646]],[[-6.21749,53.33646],[-6.21706,53.33626]],[[-6.21706,53.33626],[-6.21648,53.33599]],[[-6.21648,53.33599],[-6.21568,53.33561]],[[-6.21568,53.33561],[-6.21541,53.33549]],[[-6.21541,53.33549],[-6.21448,53.3351]],[[-6.21448,53.3351],[-6.21394,53.3349]],[[-6.21394,53.3349],[-6.21372,53.33481]],[[-6.21372,53.33481],[-6.21347,53.33463]],[[-6.21347,53.33463],[-6.21306,53.33431]],[[-6.21306,53.33431],[-6.21277,53.33411]],[[-6.21277,53.33411],[-6.21258,53.33401]],[[-6.21258,53.33401],[-6.21246,53.33395]],[[-6.21246,53.33395],[-6.21222,53.33385]],[[-6.21222,53.33385],[-6.21208,53.33379]],[[-6.21208,53.33379],[-6.21177,53.33362]],[[-6.21177,53.33362],[-6.2114,53.33336]],[[-6.2114,53.33336],[-6.21115,53.33317]],[[-6.21115,53.33317],[-6.21094,53.33299]],[[-6.21094,53.33299],[-6.21085,53.33292]],[[-6.21085,53.33292],[-6.2107,53.33278]],[[-6.2107,53.33278],[-6.21062,53.33268]],[[-6.21062,53.33268],[-6.21057,53.33255]],[[-6.21057,53.33255],[-6.21048,53.33233]],[[-6.21048,53.33233],[-6.21038,53.3321]],[[-6.21038,53.3321],[-6.21014,53.33182]],[[-6.21014,53.33182],[-6.20987,53.3315]],[[-6.20987,53.3315],[-6.20971,53.3313]],[[-6.20971,53.3313],[-6.20938,53.33088]],[[-6.20938,53.33088],[-6.2091,53.33048]],[[-6.2091,53.33048],[-6.20898,53.33026]],[[-6.20898,53.33026],[-6.20891,53.3301]],[[-6.20891,53.3301],[-6.20884,53.32924]],[[-6.20884,53.32924],[-6.20883,53.32895]],[[-6.20883,53.32895],[-6.2088,53.32878]],[[-6.2088,53.32878],[-6.20875,53.32846]],[[-6.20875,53.32846],[-6.20874,53.32838]],[[-6.20874,53.32838],[-6.20864,53.32806]]]},"properties":{"asset_id":"osm:way/1110905131","kind":"water_pipeline","source":"OpenStreetMap","name":NaN,"evidence_level":"high","details":{"substance":"water","location":"underground","diameter":"24\"","operator":"Irish Water"}}},{"type":"Feature","geometry":{"type":"Point","coordinates":[-6.1821,53.59959]},"properties":{"asset_id":"osm:way/1123481857","kind":"water_storage_tank","source":"OpenStreetMap","name":NaN,"evidence_level":NaN,"details":{"content":"water"}}},{"type":"Feature","geometry":{"type":"Point","coordinates":[-6.26847,53.36766]},"properties":{"asset_id":"osm:way/1123576576","kind":"water_tower","source":"OpenStreetMap","name":NaN,"evidence_level":NaN,"details":{}}},{"type":"Feature","geometry":{"type":"Point","coordinates":[-6.4074,53.52373]},"properties":{"asset_id":"osm:way/1123650837","kind":"water_storage_tank","source":"OpenStreetMap","name":NaN,"evidence_level":NaN,"details":{"material":"steel","content":"water"}}},{"type":"Feature","geometry":{"type":"Point","coordinates":[-6.44612,53.50287]},"properties":{"asset_id":"osm:way/1126436461","kind":"sewage_pumping_station","source":"OpenStreetMap","name":NaN,"evidence_level":NaN,"details":{"substance":"sewage","location":"underground","operator":"Irish Water"}}},{"type":"Feature","geometry":{"type":"Point","coordinates":[-6.4342,53.49348]},"properties":{"asset_id":"osm:way/1127488378","kind":"water_storage_tank","source":"OpenStreetMap","name":NaN,"evidence_level":NaN,"details":{"content":"water"}}},{"type":"Feature","geometry":{"type":"Point","coordinates":[-6.45813,53.50187]},"properties":{"asset_id":"osm:way/1127758173","kind":"water_storage_tank","source":"OpenStreetMap","name":NaN,"evidence_level":NaN,"details":{"content":"water"}}},{"type":"Feature","geometry":{"type":"Point","coordinates":[-6.53077,53.51822]},"properties":{"asset_id":"osm:way/1129468018","kind":"water_pumping_station","source":"OpenStreetMap","name":NaN,"evidence_level":NaN,"details":{"operator":"Irish Water"}}},{"type":"Feature","geometry":{"type":"Point","coordinates":[-6.16242,53.52014]},"properties":{"asset_id":"osm:way/1137023964","kind":"sewage_pumping_station","source":"OpenStreetMap","name":NaN,"evidence_level":NaN,"details":{"substance":"sewage","operator":"Irish Water"}}},{"type":"Feature","geometry":{"type":"Point","coordinates":[-6.15183,53.51533]},"properties":{"asset_id":"osm:way/1137023966","kind":"sewage_pumping_station","source":"OpenStreetMap","name":NaN,"evidence_level":NaN,"details":{"substance":"sewage","operator":"Irish Water"}}},{"type":"Feature","geometry":{"type":"Point","coordinates":[-6.23406,53.58323]},"properties":{"asset_id":"osm:way/1147196220","kind":"water_pumping_station","source":"OpenStreetMap","name":"Bog of the Ring Borehole Pumping Station 4","evidence_level":NaN,"details":{"substance":"water","operator":"Irish Water"}}},{"type":"Feature","geometry":{"type":"Point","coordinates":[-6.25335,53.58718]},"properties":{"asset_id":"osm:way/1147231859","kind":"water_storage_tank","source":"OpenStreetMap","name":NaN,"evidence_level":NaN,"details":{"material":"steel","content":"water"}}},{"type":"Feature","geometry":{"type":"Point","coordinates":[-6.25378,53.58961]},"properties":{"asset_id":"osm:way/1147231862","kind":"water_pumping_station","source":"OpenStreetMap","name":"Bog of the Ring Borehole Pumping Station 5","evidence_level":NaN,"details":{"substance":"water","operator":"Irish Water"}}},{"type":"Feature","geometry":{"type":"Point","coordinates":[-6.17088,53.52849]},"properties":{"asset_id":"osm:way/1149159429","kind":"water_storage_tank","source":"OpenStreetMap","name":NaN,"evidence_level":NaN,"details":{"content":"water"}}},{"type":"Feature","geometry":{"type":"Point","coordinates":[-6.02062,53.49223]},"properties":{"asset_id":"osm:way/1149159967","kind":"water_storage_tank","source":"OpenStreetMap","name":NaN,"evidence_level":NaN,"details":{"content":"water"}}},{"type":"Feature","geometry":{"type":"Point","coordinates":[-6.15101,53.39563]},"properties":{"asset_id":"osm:way/1156315946","kind":"water_storage_tank","source":"OpenStreetMap","name":NaN,"evidence_level":NaN,"details":{"material":"steel","content":"water"}}},{"type":"Feature","geometry":{"type":"Point","coordinates":[-6.49656,53.34606]},"properties":{"asset_id":"osm:way/1163311351","kind":"water_tower","source":"OpenStreetMap","name":NaN,"evidence_level":NaN,"details":{}}},{"type":"Feature","geometry":{"type":"Point","coordinates":[-6.15757,53.52841]},"properties":{"asset_id":"osm:way/1180761950","kind":"sewage_pumping_station","source":"OpenStreetMap","name":NaN,"evidence_level":NaN,"details":{"substance":"sewage","operator":"Irish Water"}}},{"type":"Feature","geometry":{"type":"Point","coordinates":[-6.5278,53.62604]},"properties":{"asset_id":"osm:way/1196165034","kind":"water_works","source":"OpenStreetMap","name":NaN,"evidence_level":NaN,"details":{}}},{"type":"Feature","geometry":{"type":"Point","coordinates":[-6.45733,53.56163]},"properties":{"asset_id":"osm:way/1198121270","kind":"water_works","source":"OpenStreetMap","name":"Windmill Hill Reservoir","evidence_level":NaN,"details":{"operator":"Irish Water"}}},{"type":"Feature","geometry":{"type":"Point","coordinates":[-6.45718,53.56163]},"properties":{"asset_id":"osm:way/1198121271","kind":"water_storage_tank","source":"OpenStreetMap","name":NaN,"evidence_level":NaN,"details":{"material":"concrete","content":"water","operator":"Irish Water"}}},{"type":"Feature","geometry":{"type":"Point","coordinates":[-6.457,53.56149]},"properties":{"asset_id":"osm:way/1198121272","kind":"water_storage_tank","source":"OpenStreetMap","name":NaN,"evidence_level":NaN,"details":{"material":"concrete","content":"water","operator":"Irish Water"}}},{"type":"Feature","geometry":{"type":"Point","coordinates":[-6.29076,53.58804]},"properties":{"asset_id":"osm:way/1208893405","kind":"wastewater_plant","source":"OpenStreetMap","name":"Naul Wastewater Treatment Plant","evidence_level":NaN,"details":{"substance":"sewage","operator":"Irish Water"}}},{"type":"Feature","geometry":{"type":"Point","coordinates":[-6.45538,53.56895]},"properties":{"asset_id":"osm:way/1210835454","kind":"water_works","source":"OpenStreetMap","name":NaN,"evidence_level":NaN,"details":{}}},{"type":"Feature","geometry":{"type":"LineString","coordinates":[[-6.10428,53.39288],[-6.10347,53.39447]]},"properties":{"asset_id":"osm:way/1211999818","kind":"sewer_pipeline","source":"OpenStreetMap","name":NaN,"evidence_level":"medium","details":{"substance":"rainwater","location":"underwater","operator":"Fingal County Council"}}},{"type":"Feature","geometry":{"type":"LineString","coordinates":[[-6.09661,53.39244],[-6.09678,53.39349]]},"properties":{"asset_id":"osm:way/1211999819","kind":"sewer_pipeline","source":"OpenStreetMap","name":NaN,"evidence_level":"medium","details":{"substance":"rainwater","location":"underwater","diameter":"300","material":"plastic","operator":"Fingal County Council"}}},{"type":"Feature","geometry":{"type":"Point","coordinates":[-6.20971,53.46655]},"properties":{"asset_id":"osm:way/1225480802","kind":"water_storage_tank","source":"OpenStreetMap","name":NaN,"evidence_level":NaN,"details":{"content":"water"}}},{"type":"Feature","geometry":{"type":"Point","coordinates":[-6.20959,53.46639]},"properties":{"asset_id":"osm:way/1225480803","kind":"water_storage_tank","source":"OpenStreetMap","name":NaN,"evidence_level":NaN,"details":{"content":"water"}}},{"type":"Feature","geometry":{"type":"Point","coordinates":[-6.20979,53.46644]},"properties":{"asset_id":"osm:way/1225480804","kind":"water_storage_tank","source":"OpenStreetMap","name":NaN,"evidence_level":NaN,"details":{"content":"water"}}},{"type":"Feature","geometry":{"type":"Point","coordinates":[-6.21988,53.56488]},"properties":{"asset_id":"osm:way/1225658552","kind":"water_storage_tank","source":"OpenStreetMap","name":NaN,"evidence_level":NaN,"details":{"material":"concrete","content":"water"}}},{"type":"Feature","geometry":{"type":"Point","coordinates":[-6.17991,53.56179]},"properties":{"asset_id":"osm:way/1225663220","kind":"water_works","source":"OpenStreetMap","name":"Palmerstown Reservoir","evidence_level":NaN,"details":{"operator":"Irish Water"}}},{"type":"Feature","geometry":{"type":"Point","coordinates":[-6.44642,53.27557]},"properties":{"asset_id":"osm:way/1227733950","kind":"reservoir_covered","source":"OpenStreetMap","name":"Saggart Reservoir","evidence_level":NaN,"details":{"capacity":"100000","operator":"Irish Water"}}},{"type":"Feature","geometry":{"type":"Point","coordinates":[-6.13012,53.46732]},"properties":{"asset_id":"osm:way/1232153717","kind":"water_storage_tank","source":"OpenStreetMap","name":NaN,"evidence_level":NaN,"details":{"material":"steel","content":"water"}}},{"type":"Feature","geometry":{"type":"Point","coordinates":[-6.4569,53.5617]},"properties":{"asset_id":"osm:way/1232190859","kind":"reservoir_covered","source":"OpenStreetMap","name":NaN,"evidence_level":NaN,"details":{"operator":"Irish Water"}}},{"type":"Feature","geometry":{"type":"MultiLineString","coordinates":[[[-6.45678,53.56156],[-6.45639,53.56169]],[[-6.45639,53.56169],[-6.45628,53.5616]],[[-6.45628,53.5616],[-6.45609,53.56151]],[[-6.45609,53.56151],[-6.4559,53.56143]],[[-6.4559,53.56143],[-6.45571,53.56134]],[[-6.45571,53.56134],[-6.45562,53.56123]],[[-6.45562,53.56123],[-6.45553,53.56068]],[[-6.45553,53.56068],[-6.45537,53.56012]],[[-6.45537,53.56012],[-6.45533,53.5598]],[[-6.45533,53.5598],[-6.45532,53.55927]],[[-6.45532,53.55927],[-6.45524,53.55883]],[[-6.45524,53.55883],[-6.45512,53.55839]],[[-6.45512,53.55839],[-6.45525,53.55796]],[[-6.45525,53.55796],[-6.45522,53.55766]],[[-6.45522,53.55766],[-6.45514,53.5572]],[[-6.45514,53.5572],[-6.45498,53.55675]],[[-6.45498,53.55675],[-6.45483,53.55654]],[[-6.45483,53.55654],[-6.45384,53.55554]],[[-6.45384,53.55554],[-6.45355,53.55523]],[[-6.45355,53.55523],[-6.45313,53.55454]],[[-6.45313,53.55454],[-6.45283,53.55422]],[[-6.45283,53.55422],[-6.45276,53.55416]],[[-6.45276,53.55416],[-6.45238,53.55384]],[[-6.45238,53.55384],[-6.4521,53.55355]],[[-6.4521,53.55355],[-6.45186,53.55324]],[[-6.45186,53.55324],[-6.45148,53.55274]],[[-6.45148,53.55274],[-6.45106,53.55227]],[[-6.45106,53.55227],[-6.45059,53.55184]],[[-6.45059,53.55184],[-6.44941,53.55109]],[[-6.44941,53.55109],[-6.44867,53.55053]],[[-6.44867,53.55053],[-6.44848,53.55042]],[[-6.44848,53.55042],[-6.44817,53.55027]],[[-6.44817,53.55027],[-6.44776,53.55009]],[[-6.44776,53.55009],[-6.44731,53.54983]],[[-6.44731,53.54983],[-6.44657,53.54948]],[[-6.44657,53.54948],[-6.44568,53.54891]],[[-6.44568,53.54891],[-6.44564,53.54888]],[[-6.44564,53.54888],[-6.44539,53.54865]],[[-6.44539,53.54865],[-6.44519,53.54832]],[[-6.44519,53.54832],[-6.44508,53.54796]],[[-6.44508,53.54796],[-6.44495,53.54731]],[[-6.44495,53.54731],[-6.44479,53.5467]],[[-6.44479,53.5467],[-6.44465,53.5464]],[[-6.44465,53.5464],[-6.44424,53.54541]],[[-6.44424,53.54541],[-6.44394,53.54462]],[[-6.44394,53.54462],[-6.44354,53.54386]],[[-6.44354,53.54386],[-6.44328,53.54314]],[[-6.44328,53.54314],[-6.44308,53.54256]],[[-6.44308,53.54256],[-6.44292,53.54231]],[[-6.44292,53.54231],[-6.44227,53.54184]],[[-6.44227,53.54184],[-6.44215,53.54167]],[[-6.44215,53.54167],[-6.44214,53.54158]],[[-6.44214,53.54158],[-6.44213,53.54148]],[[-6.44213,53.54148],[-6.44222,53.54126]],[[-6.44222,53.54126],[-6.44248,53.54087]],[[-6.44248,53.54087],[-6.44261,53.54063]],[[-6.44261,53.54063],[-6.44265,53.54034]],[[-6.44265,53.54034],[-6.44265,53.54026]],[[-6.44265,53.54026],[-6.44265,53.5402]],[[-6.44265,53.5402],[-6.44266,53.53999]],[[-6.44266,53.53999],[-6.44266,53.53991]],[[-6.44266,53.53991],[-6.44268,53.53985]],[[-6.44268,53.53985],[-6.44275,53.53959]],[[-6.44275,53.53959],[-6.44281,53.53944]],[[-6.44281,53.53944],[-6.44326,53.53842]],[[-6.44326,53.53842],[-6.44347,53.53792]],[[-6.44347,53.53792],[-6.44369,53.53746]],[[-6.44369,53.53746],[-6.44397,53.53682]],[[-6.44397,53.53682],[-6.44434,53.5362]],[[-6.44434,53.5362],[-6.44441,53.53608]],[[-6.44441,53.53608],[-6.44509,53.53499]],[[-6.44509,53.53499],[-6.44524,53.53479]],[[-6.44524,53.53479],[-6.44557,53.53469]],[[-6.44557,53.53469],[-6.44585,53.53469]],[[-6.44585,53.53469],[-6.44634,53.53482]],[[-6.44634,53.53482],[-6.44654,53.53485]],[[-6.44654,53.53485],[-6.44677,53.53484]],[[-6.44677,53.53484],[-6.44731,53.53468]],[[-6.44731,53.53468],[-6.44815,53.53441]],[[-6.44815,53.53441],[-6.4486,53.53418]],[[-6.4486,53.53418],[-6.44894,53.53386]],[[-6.44894,53.53386],[-6.4494,53.5332]],[[-6.4494,53.5332],[-6.44944,53.53312]],[[-6.44944,53.53312],[-6.44949,53.53299]],[[-6.44949,53.53299],[-6.44962,53.53271]],[[-6.44962,53.53271],[-6.44963,53.53268]],[[-6.44963,53.53268],[-6.44981,53.5323]],[[-6.44981,53.5323],[-6.44988,53.53215]],[[-6.44988,53.53215],[-6.4499,53.53208]],[[-6.4499,53.53208],[-6.45019,53.53141]],[[-6.45019,53.53141],[-6.45026,53.53117]],[[-6.45026,53.53117],[-6.45028,53.53109]],[[-6.45028,53.53109],[-6.45029,53.53097]],[[-6.45029,53.53097],[-6.45034,53.53056]],[[-6.45034,53.53056],[-6.45038,53.52926]],[[-6.45038,53.52926],[-6.45042,53.52895]],[[-6.45042,53.52895],[-6.45058,53.52873]],[[-6.45058,53.52873],[-6.4516,53.52783]],[[-6.4516,53.52783],[-6.45187,53.52759]],[[-6.45187,53.52759],[-6.45197,53.52738]],[[-6.45197,53.52738],[-6.45231,53.52622]],[[-6.45231,53.52622],[-6.4524,53.52597]],[[-6.4524,53.52597],[-6.45252,53.52585]],[[-6.45252,53.52585],[-6.45254,53.52583]],[[-6.45254,53.52583],[-6.45274,53.52574]],[[-6.45274,53.52574],[-6.45275,53.52574]],[[-6.45275,53.52574],[-6.45289,53.52565]],[[-6.45289,53.52565],[-6.45291,53.52559]],[[-6.45291,53.52559],[-6.45296,53.52551]],[[-6.45296,53.52551],[-6.45333,53.52398]],[[-6.45333,53.52398],[-6.45365,53.52265]],[[-6.45365,53.52265],[-6.45384,53.52186]],[[-6.45384,53.52186],[-6.45397,53.5214]],[[-6.45397,53.5214],[-6.45404,53.52112]],[[-6.45404,53.52112],[-6.45421,53.52039]],[[-6.45421,53.52039],[-6.45454,53.51956]],[[-6.45454,53.51956],[-6.45522,53.51802]],[[-6.45522,53.51802],[-6.45586,53.51725]],[[-6.45586,53.51725],[-6.45676,53.51621]],[[-6.45676,53.51621],[-6.45775,53.51515]],[[-6.45775,53.51515],[-6.45833,53.51448]],[[-6.45833,53.51448],[-6.45857,53.51411]],[[-6.45857,53.51411],[-6.45901,53.51314]],[[-6.45901,53.51314],[-6.45948,53.51213]],[[-6.45948,53.51213],[-6.45968,53.51155]],[[-6.45968,53.51155],[-6.45986,53.51129]],[[-6.45986,53.51129],[-6.46014,53.51104]],[[-6.46014,53.51104],[-6.46231,53.50937]]]},"properties":{"asset_id":"osm:way/1232190862","kind":"water_pipeline","source":"OpenStreetMap","name":NaN,"evidence_level":"high","details":{"substance":"water","location":"underground","operator":"Irish Water"}}},{"type":"Feature","geometry":{"type":"Point","coordinates":[-6.09156,53.52462]},"properties":{"asset_id":"osm:way/1242067371","kind":"sewage_pumping_station","source":"OpenStreetMap","name":"North Beach Pumping Station","evidence_level":NaN,"details":{"substance":"sewage","operator":"Irish Water"}}},{"type":"Feature","geometry":{"type":"LineString","coordinates":[[-6.09185,53.52484],[-6.09185,53.52475]]},"properties":{"asset_id":"osm:way/1242067372","kind":"sewer_pipeline","source":"OpenStreetMap","name":NaN,"evidence_level":"medium","details":{"substance":"sewage","location":"overhead","operator":"Irish Water"}}},{"type":"Feature","geometry":{"type":"LineString","coordinates":[[-6.09188,53.52484],[-6.09188,53.52475]]},"properties":{"asset_id":"osm:way/1242067373","kind":"sewer_pipeline","source":"OpenStreetMap","name":NaN,"evidence_level":"medium","details":{"substance":"sewage","location":"overhead","operator":"Irish Water"}}},{"type":"Feature","geometry":{"type":"Point","coordinates":[-6.31405,53.41785]},"properties":{"asset_id":"osm:way/1242124961","kind":"water_storage_tank","source":"OpenStreetMap","name":NaN,"evidence_level":NaN,"details":{"material":"steel","content":"water"}}},{"type":"Feature","geometry":{"type":"Point","coordinates":[-6.31266,53.41723]},"properties":{"asset_id":"osm:way/1242124962","kind":"water_storage_tank","source":"OpenStreetMap","name":NaN,"evidence_level":NaN,"details":{"material":"steel","content":"water"}}},{"type":"Feature","geometry":{"type":"Point","coordinates":[-6.31948,53.4205]},"properties":{"asset_id":"osm:way/1242124965","kind":"water_storage_tank","source":"OpenStreetMap","name":NaN,"evidence_level":NaN,"details":{"material":"steel","content":"water"}}},{"type":"Feature","geometry":{"type":"Point","coordinates":[-6.24722,53.37072]},"properties":{"asset_id":"osm:way/1242728905","kind":"water_tower","source":"OpenStreetMap","name":NaN,"evidence_level":NaN,"details":{}}},{"type":"Feature","geometry":{"type":"MultiLineString","coordinates":[[[-6.40186,53.41636],[-6.40067,53.41865]],[[-6.40067,53.41865],[-6.39983,53.41992]],[[-6.39983,53.41992],[-6.39816,53.42087]],[[-6.39816,53.42087],[-6.39653,53.42116]],[[-6.39653,53.42116],[-6.39626,53.42151]],[[-6.39626,53.42151],[-6.39559,53.42435]],[[-6.39559,53.42435],[-6.39619,53.42552]],[[-6.39619,53.42552],[-6.3962,53.42618]],[[-6.3962,53.42618],[-6.39518,53.42748]],[[-6.39518,53.42748],[-6.39407,53.42791]],[[-6.39407,53.42791],[-6.39264,53.42939]]]},"properties":{"asset_id":"osm:way/1246009384","kind":"sewer_pipeline","source":"OpenStreetMap","name":NaN,"evidence_level":"medium","details":{"substance":"sewage","location":"underground"}}},{"type":"Feature","geometry":{"type":"Point","coordinates":[-6.31849,53.39926]},"properties":{"asset_id":"osm:way/1268615680","kind":"water_storage_tank","source":"OpenStreetMap","name":NaN,"evidence_level":NaN,"details":{"material":"steel","content":"water"}}},{"type":"Feature","geometry":{"type":"Point","coordinates":[-6.35318,53.41269]},"properties":{"asset_id":"osm:way/1268615684","kind":"water_storage_tank","source":"OpenStreetMap","name":NaN,"evidence_level":NaN,"details":{"material":"steel","content":"water"}}},{"type":"Feature","geometry":{"type":"Point","coordinates":[-6.4148,53.36497]},"properties":{"asset_id":"osm:way/1269000484","kind":"water_storage_tank","source":"OpenStreetMap","name":NaN,"evidence_level":NaN,"details":{"material":"steel","content":"water"}}},{"type":"Feature","geometry":{"type":"Point","coordinates":[-6.46405,53.29303]},"properties":{"asset_id":"osm:way/1274925859","kind":"water_storage_tank","source":"OpenStreetMap","name":NaN,"evidence_level":NaN,"details":{"material":"steel","content":"water"}}},{"type":"Feature","geometry":{"type":"Point","coordinates":[-6.23599,53.40537]},"properties":{"asset_id":"osm:way/1275715709","kind":"water_storage_tank","source":"OpenStreetMap","name":NaN,"evidence_level":NaN,"details":{"material":"steel","content":"water"}}},{"type":"Feature","geometry":{"type":"Point","coordinates":[-6.2315,53.4056]},"properties":{"asset_id":"osm:way/1275715712","kind":"water_storage_tank","source":"OpenStreetMap","name":NaN,"evidence_level":NaN,"details":{"material":"steel","content":"water"}}},{"type":"Feature","geometry":{"type":"Point","coordinates":[-6.46827,53.29563]},"properties":{"asset_id":"osm:way/1276703761","kind":"water_storage_tank","source":"OpenStreetMap","name":NaN,"evidence_level":NaN,"details":{"material":"steel","content":"water"}}},{"type":"Feature","geometry":{"type":"Point","coordinates":[-6.48103,53.29124]},"properties":{"asset_id":"osm:way/1279038888","kind":"water_storage_tank","source":"OpenStreetMap","name":NaN,"evidence_level":NaN,"details":{"material":"plastic","content":"water"}}},{"type":"Feature","geometry":{"type":"Point","coordinates":[-6.481,53.29126]},"properties":{"asset_id":"osm:way/1279038889","kind":"water_storage_tank","source":"OpenStreetMap","name":NaN,"evidence_level":NaN,"details":{"material":"plastic","content":"water"}}},{"type":"Feature","geometry":{"type":"Point","coordinates":[-6.48104,53.29128]},"properties":{"asset_id":"osm:way/1279038890","kind":"water_storage_tank","source":"OpenStreetMap","name":NaN,"evidence_level":NaN,"details":{"material":"plastic","content":"water"}}},{"type":"Feature","geometry":{"type":"Point","coordinates":[-6.48093,53.2972]},"properties":{"asset_id":"osm:way/1279345428","kind":"water_storage_tank","source":"OpenStreetMap","name":NaN,"evidence_level":NaN,"details":{"material":"plastic","content":"water"}}},{"type":"Feature","geometry":{"type":"Point","coordinates":[-6.46652,53.29346]},"properties":{"asset_id":"osm:way/1279357369","kind":"water_storage_tank","source":"OpenStreetMap","name":NaN,"evidence_level":NaN,"details":{"material":"plastic","content":"water"}}},{"type":"Feature","geometry":{"type":"Point","coordinates":[-6.46206,53.28645]},"properties":{"asset_id":"osm:way/1279482496","kind":"water_storage_tank","source":"OpenStreetMap","name":NaN,"evidence_level":NaN,"details":{"material":"plastic","content":"water"}}},{"type":"Feature","geometry":{"type":"Point","coordinates":[-6.47026,53.29792]},"properties":{"asset_id":"osm:way/1280256854","kind":"water_storage_tank","source":"OpenStreetMap","name":NaN,"evidence_level":NaN,"details":{"material":"plastic","content":"water"}}},{"type":"Feature","geometry":{"type":"Point","coordinates":[-6.46686,53.29383]},"properties":{"asset_id":"osm:way/1280410089","kind":"water_storage_tank","source":"OpenStreetMap","name":NaN,"evidence_level":NaN,"details":{"material":"plastic","content":"water"}}},{"type":"Feature","geometry":{"type":"LineString","coordinates":[[-6.45638,53.28886],[-6.45646,53.2889]]},"properties":{"asset_id":"osm:way/1280414310","kind":"sewer_pipeline","source":"OpenStreetMap","name":NaN,"evidence_level":"medium","details":{"substance":"rainwater","location":"underground"}}},{"type":"Feature","geometry":{"type":"LineString","coordinates":[[-6.45891,53.29201],[-6.45898,53.29218]]},"properties":{"asset_id":"osm:way/1280414315","kind":"sewer_pipeline","source":"OpenStreetMap","name":NaN,"evidence_level":"medium","details":{"substance":"rainwater","location":"underground"}}},{"type":"Feature","geometry":{"type":"Point","coordinates":[-6.47826,53.29695]},"properties":{"asset_id":"osm:way/1280492837","kind":"water_storage_tank","source":"OpenStreetMap","name":NaN,"evidence_level":NaN,"details":{"material":"plastic","content":"water"}}},{"type":"Feature","geometry":{"type":"Point","coordinates":[-6.47263,53.29717]},"properties":{"asset_id":"osm:way/1280528981","kind":"water_storage_tank","source":"OpenStreetMap","name":NaN,"evidence_level":NaN,"details":{"material":"plastic","content":"water"}}},{"type":"Feature","geometry":{"type":"Point","coordinates":[-6.47174,53.30162]},"properties":{"asset_id":"osm:way/1280617815","kind":"water_storage_tank","source":"OpenStreetMap","name":NaN,"evidence_level":NaN,"details":{"material":"plastic","content":"water"}}},{"type":"Feature","geometry":{"type":"Point","coordinates":[-6.44979,53.29016]},"properties":{"asset_id":"osm:way/1281129283","kind":"water_storage_tank","source":"OpenStreetMap","name":NaN,"evidence_level":NaN,"details":{"material":"steel","content":"water"}}},{"type":"Feature","geometry":{"type":"Point","coordinates":[-6.4496,53.2903]},"properties":{"asset_id":"osm:way/1281129285","kind":"water_storage_tank","source":"OpenStreetMap","name":NaN,"evidence_level":NaN,"details":{"material":"steel","content":"water"}}},{"type":"Feature","geometry":{"type":"Point","coordinates":[-6.51271,53.29362]},"properties":{"asset_id":"osm:way/1281760359","kind":"water_storage_tank","source":"OpenStreetMap","name":NaN,"evidence_level":NaN,"details":{"material":"plastic","content":"water"}}},{"type":"Feature","geometry":{"type":"Point","coordinates":[-6.50892,53.29276]},"properties":{"asset_id":"osm:way/1281853724","kind":"water_storage_tank","source":"OpenStreetMap","name":NaN,"evidence_level":NaN,"details":{"material":"plastic","content":"water"}}},{"type":"Feature","geometry":{"type":"Point","coordinates":[-6.51204,53.2939]},"properties":{"asset_id":"osm:way/1281853728","kind":"water_storage_tank","source":"OpenStreetMap","name":NaN,"evidence_level":NaN,"details":{"material":"plastic","content":"water"}}},{"type":"Feature","geometry":{"type":"Point","coordinates":[-6.51202,53.29392]},"properties":{"asset_id":"osm:way/1281853729","kind":"water_storage_tank","source":"OpenStreetMap","name":NaN,"evidence_level":NaN,"details":{"material":"plastic","content":"water"}}},{"type":"Feature","geometry":{"type":"Point","coordinates":[-6.49571,53.30429]},"properties":{"asset_id":"osm:way/1282131328","kind":"water_storage_tank","source":"OpenStreetMap","name":NaN,"evidence_level":NaN,"details":{"material":"plastic","content":"water"}}},{"type":"Feature","geometry":{"type":"Point","coordinates":[-6.49563,53.30426]},"properties":{"asset_id":"osm:way/1282131329","kind":"water_storage_tank","source":"OpenStreetMap","name":NaN,"evidence_level":NaN,"details":{"material":"plastic","content":"water"}}},{"type":"Feature","geometry":{"type":"Point","coordinates":[-6.36831,53.32541]},"properties":{"asset_id":"osm:way/1282803024","kind":"water_storage_tank","source":"OpenStreetMap","name":NaN,"evidence_level":NaN,"details":{"material":"steel","content":"water"}}},{"type":"Feature","geometry":{"type":"Point","coordinates":[-6.51501,53.29625]},"properties":{"asset_id":"osm:way/1282848218","kind":"water_storage_tank","source":"OpenStreetMap","name":NaN,"evidence_level":NaN,"details":{"material":"plastic","content":"water"}}},{"type":"Feature","geometry":{"type":"Point","coordinates":[-6.51495,53.29625]},"properties":{"asset_id":"osm:way/1282848219","kind":"water_storage_tank","source":"OpenStreetMap","name":NaN,"evidence_level":NaN,"details":{"material":"plastic","content":"water"}}},{"type":"Feature","geometry":{"type":"Point","coordinates":[-6.50899,53.29271]},"properties":{"asset_id":"osm:way/1282997740","kind":"water_storage_tank","source":"OpenStreetMap","name":NaN,"evidence_level":NaN,"details":{"material":"plastic","content":"water"}}},{"type":"Feature","geometry":{"type":"Point","coordinates":[-6.50899,53.2927]},"properties":{"asset_id":"osm:way/1282997741","kind":"water_storage_tank","source":"OpenStreetMap","name":NaN,"evidence_level":NaN,"details":{"material":"plastic","content":"water"}}},{"type":"Feature","geometry":{"type":"Point","coordinates":[-6.43538,53.29875]},"properties":{"asset_id":"osm:way/1289214723","kind":"water_storage_tank","source":"OpenStreetMap","name":NaN,"evidence_level":NaN,"details":{"material":"steel","content":"water"}}},{"type":"Feature","geometry":{"type":"Point","coordinates":[-6.43532,53.29878]},"properties":{"asset_id":"osm:way/1289214724","kind":"water_storage_tank","source":"OpenStreetMap","name":NaN,"evidence_level":NaN,"details":{"material":"plastic","content":"water"}}},{"type":"Feature","geometry":{"type":"Point","coordinates":[-6.43272,53.28897]},"properties":{"asset_id":"osm:way/1289214786","kind":"water_storage_tank","source":"OpenStreetMap","name":NaN,"evidence_level":NaN,"details":{"content":"water"}}},{"type":"Feature","geometry":{"type":"Point","coordinates":[-6.17466,53.49462]},"properties":{"asset_id":"osm:way/1290269315","kind":"water_storage_tank","source":"OpenStreetMap","name":NaN,"evidence_level":NaN,"details":{"material":"steel","content":"water"}}},{"type":"Feature","geometry":{"type":"Point","coordinates":[-6.10555,53.51421]},"properties":{"asset_id":"osm:way/1290353388","kind":"water_storage_tank","source":"OpenStreetMap","name":NaN,"evidence_level":NaN,"details":{"material":"plastic","content":"water"}}},{"type":"Feature","geometry":{"type":"Point","coordinates":[-6.43984,53.29572]},"properties":{"asset_id":"osm:way/1292204973","kind":"water_storage_tank","source":"OpenStreetMap","name":NaN,"evidence_level":NaN,"details":{"material":"plastic","content":"water"}}},{"type":"Feature","geometry":{"type":"Point","coordinates":[-6.44015,53.29553]},"properties":{"asset_id":"osm:way/1292896898","kind":"water_storage_tank","source":"OpenStreetMap","name":NaN,"evidence_level":NaN,"details":{"material":"plastic","content":"water"}}},{"type":"Feature","geometry":{"type":"Point","coordinates":[-6.44023,53.29548]},"properties":{"asset_id":"osm:way/1292896899","kind":"water_storage_tank","source":"OpenStreetMap","name":NaN,"evidence_level":NaN,"details":{"material":"plastic","content":"water"}}},{"type":"Feature","geometry":{"type":"Point","coordinates":[-6.44018,53.29552]},"properties":{"asset_id":"osm:way/1292896900","kind":"water_storage_tank","source":"OpenStreetMap","name":NaN,"evidence_level":NaN,"details":{"material":"plastic","content":"water"}}},{"type":"Feature","geometry":{"type":"Point","coordinates":[-6.46264,53.31227]},"properties":{"asset_id":"osm:way/1292999741","kind":"water_storage_tank","source":"OpenStreetMap","name":NaN,"evidence_level":NaN,"details":{"material":"steel","content":"water"}}},{"type":"Feature","geometry":{"type":"Point","coordinates":[-6.45711,53.31635]},"properties":{"asset_id":"osm:way/1293021199","kind":"water_storage_tank","source":"OpenStreetMap","name":NaN,"evidence_level":NaN,"details":{"material":"steel","content":"water"}}},{"type":"Feature","geometry":{"type":"Point","coordinates":[-6.452,53.31726]},"properties":{"asset_id":"osm:way/1293039116","kind":"water_storage_tank","source":"OpenStreetMap","name":NaN,"evidence_level":NaN,"details":{"material":"steel","content":"water"}}},{"type":"Feature","geometry":{"type":"Point","coordinates":[-6.45452,53.32873]},"properties":{"asset_id":"osm:way/1293081564","kind":"water_storage_tank","source":"OpenStreetMap","name":NaN,"evidence_level":NaN,"details":{"material":"steel","content":"water"}}},{"type":"Feature","geometry":{"type":"Point","coordinates":[-6.43209,53.31654]},"properties":{"asset_id":"osm:way/1294583408","kind":"water_storage_tank","source":"OpenStreetMap","name":NaN,"evidence_level":NaN,"details":{"material":"steel","content":"water"}}},{"type":"Feature","geometry":{"type":"Point","coordinates":[-6.45631,53.33227]},"properties":{"asset_id":"osm:way/1295829705","kind":"water_storage_tank","source":"OpenStreetMap","name":NaN,"evidence_level":NaN,"details":{"material":"plastic","content":"water"}}},{"type":"Feature","geometry":{"type":"Point","coordinates":[-6.47986,53.31937]},"properties":{"asset_id":"osm:way/1296547206","kind":"water_storage_tank","source":"OpenStreetMap","name":NaN,"evidence_level":NaN,"details":{"content":"water","operator":"Irish Water"}}},{"type":"Feature","geometry":{"type":"Point","coordinates":[-6.26771,53.51432]},"properties":{"asset_id":"osm:way/1300616361","kind":"water_storage_tank","source":"OpenStreetMap","name":NaN,"evidence_level":NaN,"details":{"content":"water"}}},{"type":"Feature","geometry":{"type":"Point","coordinates":[-6.13749,53.48306]},"properties":{"asset_id":"osm:way/1304143826","kind":"sewage_pumping_station","source":"OpenStreetMap","name":NaN,"evidence_level":NaN,"details":{"substance":"sewage","operator":"Irish Water"}}},{"type":"Feature","geometry":{"type":"Point","coordinates":[-6.23207,53.30833]},"properties":{"asset_id":"osm:way/1309289339","kind":"water_tower","source":"OpenStreetMap","name":NaN,"evidence_level":NaN,"details":{}}},{"type":"Feature","geometry":{"type":"Point","coordinates":[-6.32361,53.42104]},"properties":{"asset_id":"osm:way/1310457658","kind":"water_storage_tank","source":"OpenStreetMap","name":NaN,"evidence_level":NaN,"details":{"material":"steel","content":"water"}}},{"type":"Feature","geometry":{"type":"Point","coordinates":[-6.22073,53.48379]},"properties":{"asset_id":"osm:way/1310486864","kind":"water_storage_tank","source":"OpenStreetMap","name":NaN,"evidence_level":NaN,"details":{"content":"water"}}},{"type":"Feature","geometry":{"type":"Point","coordinates":[-6.22049,53.48372]},"properties":{"asset_id":"osm:way/1310486865","kind":"water_storage_tank","source":"OpenStreetMap","name":NaN,"evidence_level":NaN,"details":{"content":"water"}}},{"type":"Feature","geometry":{"type":"Point","coordinates":[-6.22046,53.4838]},"properties":{"asset_id":"osm:way/1310486866","kind":"water_storage_tank","source":"OpenStreetMap","name":NaN,"evidence_level":NaN,"details":{"content":"water"}}},{"type":"Feature","geometry":{"type":"Point","coordinates":[-6.52793,53.33295]},"properties":{"asset_id":"osm:way/1315486735","kind":"sewage_pumping_station","source":"OpenStreetMap","name":NaN,"evidence_level":NaN,"details":{"substance":"sewage"}}},{"type":"Feature","geometry":{"type":"Point","coordinates":[-6.26822,53.41064]},"properties":{"asset_id":"osm:way/1317399625","kind":"water_storage_tank","source":"OpenStreetMap","name":NaN,"evidence_level":NaN,"details":{"material":"steel","content":"water"}}},{"type":"Feature","geometry":{"type":"Point","coordinates":[-6.48061,53.41612]},"properties":{"asset_id":"osm:way/1319619611","kind":"sewage_pumping_station","source":"OpenStreetMap","name":NaN,"evidence_level":NaN,"details":{"substance":"sewage","operator":"Irish Water"}}},{"type":"Feature","geometry":{"type":"Point","coordinates":[-6.38306,53.33201]},"properties":{"asset_id":"osm:way/1322151090","kind":"water_storage_tank","source":"OpenStreetMap","name":NaN,"evidence_level":NaN,"details":{"material":"steel","content":"water"}}},{"type":"Feature","geometry":{"type":"Point","coordinates":[-6.49765,53.23676]},"properties":{"asset_id":"osm:way/1322341640","kind":"reservoir_covered","source":"OpenStreetMap","name":NaN,"evidence_level":NaN,"details":{}}},{"type":"Feature","geometry":{"type":"Point","coordinates":[-6.46861,53.44119]},"properties":{"asset_id":"osm:way/1323648654","kind":"water_storage_tank","source":"OpenStreetMap","name":NaN,"evidence_level":NaN,"details":{"material":"metal","content":"water"}}},{"type":"Feature","geometry":{"type":"Point","coordinates":[-6.48934,53.36746]},"properties":{"asset_id":"osm:way/1327509198","kind":"water_storage_tank","source":"OpenStreetMap","name":NaN,"evidence_level":NaN,"details":{"material":"metal","content":"water"}}},{"type":"Feature","geometry":{"type":"Point","coordinates":[-6.42465,53.4148]},"properties":{"asset_id":"osm:way/1334380374","kind":"water_storage_tank","source":"OpenStreetMap","name":NaN,"evidence_level":NaN,"details":{"material":"steel","content":"water"}}},{"type":"Feature","geometry":{"type":"Point","coordinates":[-6.42469,53.4147]},"properties":{"asset_id":"osm:way/1334380375","kind":"water_storage_tank","source":"OpenStreetMap","name":NaN,"evidence_level":NaN,"details":{"material":"steel","content":"water"}}},{"type":"Feature","geometry":{"type":"Point","coordinates":[-6.16601,53.42372]},"properties":{"asset_id":"osm:way/1336759473","kind":"sewage_pumping_station","source":"OpenStreetMap","name":"Chapel Road Pumping Station","evidence_level":NaN,"details":{"substance":"sewage","operator":"Irish Water"}}},{"type":"Feature","geometry":{"type":"Point","coordinates":[-6.12641,53.49357]},"properties":{"asset_id":"osm:way/1339090682","kind":"sewage_pumping_station","source":"OpenStreetMap","name":NaN,"evidence_level":NaN,"details":{"substance":"sewage","operator":"Irish Water"}}},{"type":"Feature","geometry":{"type":"Point","coordinates":[-6.18039,53.49318]},"properties":{"asset_id":"osm:way/1339090683","kind":"water_storage_tank","source":"OpenStreetMap","name":NaN,"evidence_level":NaN,"details":{"material":"steel","content":"water"}}},{"type":"Feature","geometry":{"type":"Point","coordinates":[-6.18841,53.48611]},"properties":{"asset_id":"osm:way/1339309727","kind":"water_storage_tank","source":"OpenStreetMap","name":NaN,"evidence_level":NaN,"details":{"material":"steel","content":"water"}}},{"type":"Feature","geometry":{"type":"Point","coordinates":[-6.37171,53.40446]},"properties":{"asset_id":"osm:way/1339609864","kind":"water_storage_tank","source":"OpenStreetMap","name":NaN,"evidence_level":NaN,"details":{"material":"steel","content":"water"}}},{"type":"Feature","geometry":{"type":"Point","coordinates":[-6.37183,53.40445]},"properties":{"asset_id":"osm:way/1339609865","kind":"water_storage_tank","source":"OpenStreetMap","name":NaN,"evidence_level":NaN,"details":{"material":"steel","content":"water"}}},{"type":"Feature","geometry":{"type":"Point","coordinates":[-6.37195,53.40444]},"properties":{"asset_id":"osm:way/1339609866","kind":"water_storage_tank","source":"OpenStreetMap","name":NaN,"evidence_level":NaN,"details":{"material":"steel","content":"water"}}},{"type":"Feature","geometry":{"type":"Point","coordinates":[-6.37208,53.40452]},"properties":{"asset_id":"osm:way/1339609867","kind":"water_storage_tank","source":"OpenStreetMap","name":NaN,"evidence_level":NaN,"details":{"material":"steel","content":"water"}}},{"type":"Feature","geometry":{"type":"Point","coordinates":[-6.37197,53.40453]},"properties":{"asset_id":"osm:way/1339609868","kind":"water_storage_tank","source":"OpenStreetMap","name":NaN,"evidence_level":NaN,"details":{"material":"steel","content":"water"}}},{"type":"Feature","geometry":{"type":"Point","coordinates":[-6.37185,53.40453]},"properties":{"asset_id":"osm:way/1339609869","kind":"water_storage_tank","source":"OpenStreetMap","name":NaN,"evidence_level":NaN,"details":{"material":"steel","content":"water"}}},{"type":"Feature","geometry":{"type":"Point","coordinates":[-6.37173,53.40454]},"properties":{"asset_id":"osm:way/1339609870","kind":"water_storage_tank","source":"OpenStreetMap","name":NaN,"evidence_level":NaN,"details":{"material":"steel","content":"water"}}},{"type":"Feature","geometry":{"type":"Point","coordinates":[-6.14316,53.49583]},"properties":{"asset_id":"osm:way/1340212231","kind":"sewage_pumping_station","source":"OpenStreetMap","name":NaN,"evidence_level":NaN,"details":{"substance":"sewage","operator":"Irish Water"}}},{"type":"Feature","geometry":{"type":"LineString","coordinates":[[-6.12196,53.49831],[-6.12405,53.50126]]},"properties":{"asset_id":"osm:way/1340274591","kind":"sewer_pipeline","source":"OpenStreetMap","name":NaN,"evidence_level":"medium","details":{"substance":"sewage","location":"underwater"}}},{"type":"Feature","geometry":{"type":"LineString","coordinates":[[-6.12656,53.51355],[-6.12922,53.50992]]},"properties":{"asset_id":"osm:way/1340274592","kind":"sewer_pipeline","source":"OpenStreetMap","name":NaN,"evidence_level":"medium","details":{"substance":"sewage","location":"underwater"}}},{"type":"Feature","geometry":{"type":"Point","coordinates":[-6.14031,53.47899]},"properties":{"asset_id":"osm:way/1341513255","kind":"sewage_pumping_station","source":"OpenStreetMap","name":NaN,"evidence_level":NaN,"details":{"substance":"sewage","operator":"Irish Water"}}},{"type":"Feature","geometry":{"type":"Point","coordinates":[-6.12693,53.47596]},"properties":{"asset_id":"osm:way/1341660418","kind":"wastewater_plant","source":"OpenStreetMap","name":NaN,"evidence_level":NaN,"details":{}}},{"type":"Feature","geometry":{"type":"Point","coordinates":[-6.19741,53.48696]},"properties":{"asset_id":"osm:way/1342132247","kind":"water_storage_tank","source":"OpenStreetMap","name":NaN,"evidence_level":NaN,"details":{"material":"plastic","content":"water"}}},{"type":"Feature","geometry":{"type":"Point","coordinates":[-6.1974,53.48699]},"properties":{"asset_id":"osm:way/1342132248","kind":"water_storage_tank","source":"OpenStreetMap","name":NaN,"evidence_level":NaN,"details":{"material":"plastic","content":"water"}}},{"type":"Feature","geometry":{"type":"Point","coordinates":[-6.14729,53.48874]},"properties":{"asset_id":"osm:way/1343078304","kind":"sewage_pumping_station","source":"OpenStreetMap","name":"Donabate Pumping Station","evidence_level":NaN,"details":{"substance":"sewage","operator":"Irish Water"}}},{"type":"Feature","geometry":{"type":"Point","coordinates":[-6.1356,53.47718]},"properties":{"asset_id":"osm:way/1343438366","kind":"water_storage_tank","source":"OpenStreetMap","name":NaN,"evidence_level":NaN,"details":{"material":"steel","content":"water"}}},{"type":"Feature","geometry":{"type":"Point","coordinates":[-6.10967,53.48395]},"properties":{"asset_id":"osm:way/1343493580","kind":"sewage_pumping_station","source":"OpenStreetMap","name":"St. Ita's Pumping Station","evidence_level":NaN,"details":{"substance":"sewage","operator":"Irish Water"}}},{"type":"Feature","geometry":{"type":"Point","coordinates":[-6.13694,53.46368]},"properties":{"asset_id":"osm:way/1343496346","kind":"water_pumping_station","source":"OpenStreetMap","name":NaN,"evidence_level":NaN,"details":{}}},{"type":"Feature","geometry":{"type":"Point","coordinates":[-6.21452,53.51243]},"properties":{"asset_id":"osm:way/1344346628","kind":"water_storage_tank","source":"OpenStreetMap","name":NaN,"evidence_level":NaN,"details":{"content":"water"}}},{"type":"Feature","geometry":{"type":"Point","coordinates":[-6.13697,53.46367]},"properties":{"asset_id":"osm:way/1346424838","kind":"water_storage_tank","source":"OpenStreetMap","name":NaN,"evidence_level":NaN,"details":{"material":"steel","content":"water"}}},{"type":"Feature","geometry":{"type":"Point","coordinates":[-6.11679,53.50024]},"properties":{"asset_id":"osm:way/1346988448","kind":"sewage_pumping_station","source":"OpenStreetMap","name":"The Burrow Pumping Station","evidence_level":NaN,"details":{"substance":"sewage","operator":"Irish Water"}}},{"type":"Feature","geometry":{"type":"Point","coordinates":[-6.19767,53.49254]},"properties":{"asset_id":"osm:way/1349201163","kind":"water_storage_tank","source":"OpenStreetMap","name":NaN,"evidence_level":NaN,"details":{"material":"plastic","content":"water"}}},{"type":"Feature","geometry":{"type":"Point","coordinates":[-6.19121,53.50171]},"properties":{"asset_id":"osm:way/1349216459","kind":"water_storage_tank","source":"OpenStreetMap","name":NaN,"evidence_level":NaN,"details":{"material":"steel","content":"water"}}},{"type":"Feature","geometry":{"type":"Point","coordinates":[-6.18866,53.4881]},"properties":{"asset_id":"osm:way/1349226590","kind":"water_storage_tank","source":"OpenStreetMap","name":NaN,"evidence_level":NaN,"details":{"material":"plastic","content":"water"}}},{"type":"Feature","geometry":{"type":"Point","coordinates":[-6.103,53.53607]},"properties":{"asset_id":"osm:way/1350009302","kind":"water_storage_tank","source":"OpenStreetMap","name":NaN,"evidence_level":NaN,"details":{"material":"plastic","content":"water"}}},{"type":"Feature","geometry":{"type":"Point","coordinates":[-6.10301,53.52925]},"properties":{"asset_id":"osm:way/1350009303","kind":"water_storage_tank","source":"OpenStreetMap","name":NaN,"evidence_level":NaN,"details":{"material":"plastic","content":"water"}}},{"type":"Feature","geometry":{"type":"Point","coordinates":[-6.10582,53.51792]},"properties":{"asset_id":"osm:way/1350009305","kind":"water_storage_tank","source":"OpenStreetMap","name":NaN,"evidence_level":NaN,"details":{"content":"water"}}},{"type":"Feature","geometry":{"type":"Point","coordinates":[-6.10574,53.51791]},"properties":{"asset_id":"osm:way/1350009306","kind":"water_storage_tank","source":"OpenStreetMap","name":NaN,"evidence_level":NaN,"details":{"content":"water"}}},{"type":"Feature","geometry":{"type":"Point","coordinates":[-6.1002,53.51559]},"properties":{"asset_id":"osm:way/1350674956","kind":"water_storage_tank","source":"OpenStreetMap","name":NaN,"evidence_level":NaN,"details":{"content":"water"}}},{"type":"Feature","geometry":{"type":"Point","coordinates":[-6.10026,53.51556]},"properties":{"asset_id":"osm:way/1350674957","kind":"water_storage_tank","source":"OpenStreetMap","name":NaN,"evidence_level":NaN,"details":{"content":"water"}}},{"type":"Feature","geometry":{"type":"Point","coordinates":[-6.08948,53.51973]},"properties":{"asset_id":"osm:way/1350733793","kind":"water_storage_tank","source":"OpenStreetMap","name":NaN,"evidence_level":NaN,"details":{"material":"metal","content":"water"}}},{"type":"Feature","geometry":{"type":"Point","coordinates":[-6.09304,53.54123]},"properties":{"asset_id":"osm:way/1350901285","kind":"water_storage_tank","source":"OpenStreetMap","name":NaN,"evidence_level":NaN,"details":{"material":"steel","content":"water"}}},{"type":"Feature","geometry":{"type":"Point","coordinates":[-6.08488,53.51979]},"properties":{"asset_id":"osm:way/1350912152","kind":"water_storage_tank","source":"OpenStreetMap","name":NaN,"evidence_level":NaN,"details":{"material":"steel","content":"water"}}},{"type":"Feature","geometry":{"type":"Point","coordinates":[-6.07621,53.52136]},"properties":{"asset_id":"osm:way/1350919589","kind":"sewage_pumping_station","source":"OpenStreetMap","name":"East Shore Pumping Station","evidence_level":NaN,"details":{"substance":"sewage","location":"underground","operator":"Irish Water"}}},{"type":"Feature","geometry":{"type":"Point","coordinates":[-6.09068,53.52903]},"properties":{"asset_id":"osm:way/1351199998","kind":"water_storage_tank","source":"OpenStreetMap","name":NaN,"evidence_level":NaN,"details":{"material":"steel","content":"water"}}},{"type":"Feature","geometry":{"type":"Point","coordinates":[-6.15648,53.41225]},"properties":{"asset_id":"osm:way/1351530643","kind":"water_pumping_station","source":"OpenStreetMap","name":NaN,"evidence_level":NaN,"details":{}}},{"type":"Feature","geometry":{"type":"Point","coordinates":[-6.10613,53.539]},"properties":{"asset_id":"osm:way/1351888336","kind":"water_storage_tank","source":"OpenStreetMap","name":NaN,"evidence_level":NaN,"details":{"content":"water"}}},{"type":"Feature","geometry":{"type":"Point","coordinates":[-6.12013,53.51529]},"properties":{"asset_id":"osm:way/1351894405","kind":"water_storage_tank","source":"OpenStreetMap","name":NaN,"evidence_level":NaN,"details":{"material":"steel","content":"water"}}},{"type":"Feature","geometry":{"type":"Point","coordinates":[-6.10964,53.53346]},"properties":{"asset_id":"osm:way/1352114255","kind":"water_storage_tank","source":"OpenStreetMap","name":NaN,"evidence_level":NaN,"details":{"material":"steel","content":"water"}}},{"type":"Feature","geometry":{"type":"Point","coordinates":[-6.13293,53.51819]},"properties":{"asset_id":"osm:way/1352122093","kind":"water_storage_tank","source":"OpenStreetMap","name":NaN,"evidence_level":NaN,"details":{"content":"water"}}},{"type":"Feature","geometry":{"type":"Point","coordinates":[-6.13209,53.51857]},"properties":{"asset_id":"osm:way/1354389212","kind":"water_storage_tank","source":"OpenStreetMap","name":NaN,"evidence_level":NaN,"details":{"material":"steel","content":"water"}}},{"type":"Feature","geometry":{"type":"Point","coordinates":[-6.11905,53.52645]},"properties":{"asset_id":"osm:way/1354861491","kind":"water_storage_tank","source":"OpenStreetMap","name":NaN,"evidence_level":NaN,"details":{"content":"water"}}},{"type":"Feature","geometry":{"type":"Point","coordinates":[-6.13625,53.53248]},"properties":{"asset_id":"osm:way/1354917077","kind":"water_storage_tank","source":"OpenStreetMap","name":NaN,"evidence_level":NaN,"details":{"content":"water"}}},{"type":"Feature","geometry":{"type":"Point","coordinates":[-6.11013,53.52001]},"properties":{"asset_id":"osm:way/1355205283","kind":"water_storage_tank","source":"OpenStreetMap","name":NaN,"evidence_level":NaN,"details":{"content":"water"}}},{"type":"Feature","geometry":{"type":"Point","coordinates":[-6.13697,53.52618]},"properties":{"asset_id":"osm:way/1355283736","kind":"water_storage_tank","source":"OpenStreetMap","name":NaN,"evidence_level":NaN,"details":{"material":"steel","content":"water"}}},{"type":"Feature","geometry":{"type":"Point","coordinates":[-6.08895,53.52199]},"properties":{"asset_id":"osm:way/1355291552","kind":"water_storage_tank","source":"OpenStreetMap","name":NaN,"evidence_level":NaN,"details":{"content":"water"}}},{"type":"Feature","geometry":{"type":"Point","coordinates":[-6.13641,53.52533]},"properties":{"asset_id":"osm:way/1355843731","kind":"water_storage_tank","source":"OpenStreetMap","name":NaN,"evidence_level":NaN,"details":{"material":"steel","content":"water"}}},{"type":"Feature","geometry":{"type":"Point","coordinates":[-6.10287,53.52931]},"properties":{"asset_id":"osm:way/1356116890","kind":"water_storage_tank","source":"OpenStreetMap","name":NaN,"evidence_level":NaN,"details":{"content":"water"}}},{"type":"Feature","geometry":{"type":"Point","coordinates":[-6.08909,53.53935]},"properties":{"asset_id":"osm:way/1356145247","kind":"water_storage_tank","source":"OpenStreetMap","name":NaN,"evidence_level":NaN,"details":{"content":"water"}}},{"type":"Feature","geometry":{"type":"Point","coordinates":[-6.12013,53.51359]},"properties":{"asset_id":"osm:way/1356389431","kind":"water_storage_tank","source":"OpenStreetMap","name":NaN,"evidence_level":NaN,"details":{"material":"plastic","content":"water"}}},{"type":"Feature","geometry":{"type":"Point","coordinates":[-6.12206,53.5415]},"properties":{"asset_id":"osm:way/1356671073","kind":"water_storage_tank","source":"OpenStreetMap","name":NaN,"evidence_level":NaN,"details":{"content":"water"}}},{"type":"Feature","geometry":{"type":"Point","coordinates":[-6.11938,53.53134]},"properties":{"asset_id":"osm:way/1356815181","kind":"water_storage_tank","source":"OpenStreetMap","name":NaN,"evidence_level":NaN,"details":{"content":"water"}}},{"type":"Feature","geometry":{"type":"Point","coordinates":[-6.11944,53.53129]},"properties":{"asset_id":"osm:way/1356815182","kind":"water_storage_tank","source":"OpenStreetMap","name":NaN,"evidence_level":NaN,"details":{"content":"water"}}},{"type":"Feature","geometry":{"type":"Point","coordinates":[-6.16755,53.45401]},"properties":{"asset_id":"osm:way/1356915309","kind":"sewage_pumping_station","source":"OpenStreetMap","name":"Inbhir Ide Pumping Station","evidence_level":NaN,"details":{"substance":"sewage","operator":"Irish Water"}}},{"type":"Feature","geometry":{"type":"Point","coordinates":[-6.16857,53.508]},"properties":{"asset_id":"osm:way/1357170833","kind":"water_storage_tank","source":"OpenStreetMap","name":NaN,"evidence_level":NaN,"details":{"material":"plastic","content":"water"}}},{"type":"Feature","geometry":{"type":"Point","coordinates":[-6.16906,53.50813]},"properties":{"asset_id":"osm:way/1357196466","kind":"water_storage_tank","source":"OpenStreetMap","name":NaN,"evidence_level":NaN,"details":{"material":"metal","content":"water"}}},{"type":"Feature","geometry":{"type":"Point","coordinates":[-6.10992,53.53352]},"properties":{"asset_id":"osm:way/1357712559","kind":"water_storage_tank","source":"OpenStreetMap","name":NaN,"evidence_level":NaN,"details":{"content":"water"}}},{"type":"Feature","geometry":{"type":"Point","coordinates":[-6.19719,53.50461]},"properties":{"asset_id":"osm:way/1357787645","kind":"water_storage_tank","source":"OpenStreetMap","name":NaN,"evidence_level":NaN,"details":{"material":"steel","content":"water"}}},{"type":"Feature","geometry":{"type":"Point","coordinates":[-6.19079,53.50246]},"properties":{"asset_id":"osm:way/1357996292","kind":"water_storage_tank","source":"OpenStreetMap","name":NaN,"evidence_level":NaN,"details":{"material":"steel","content":"water"}}},{"type":"Feature","geometry":{"type":"Point","coordinates":[-6.17577,53.50502]},"properties":{"asset_id":"osm:way/1358045751","kind":"water_storage_tank","source":"OpenStreetMap","name":NaN,"evidence_level":NaN,"details":{"content":"water"}}},{"type":"Feature","geometry":{"type":"Point","coordinates":[-6.17673,53.51257]},"properties":{"asset_id":"osm:way/1358045752","kind":"water_storage_tank","source":"OpenStreetMap","name":NaN,"evidence_level":NaN,"details":{"content":"water"}}},{"type":"Feature","geometry":{"type":"Point","coordinates":[-6.16446,53.50977]},"properties":{"asset_id":"osm:way/1358107750","kind":"water_storage_tank","source":"OpenStreetMap","name":NaN,"evidence_level":NaN,"details":{"content":"water"}}},{"type":"Feature","geometry":{"type":"Point","coordinates":[-6.16356,53.5086]},"properties":{"asset_id":"osm:way/1358301453","kind":"water_storage_tank","source":"OpenStreetMap","name":NaN,"evidence_level":NaN,"details":{"content":"water"}}},{"type":"Feature","geometry":{"type":"Point","coordinates":[-6.16361,53.50857]},"properties":{"asset_id":"osm:way/1358301454","kind":"water_storage_tank","source":"OpenStreetMap","name":NaN,"evidence_level":NaN,"details":{"content":"water"}}},{"type":"Feature","geometry":{"type":"Point","coordinates":[-6.18485,53.55658]},"properties":{"asset_id":"osm:way/1358370130","kind":"water_storage_tank","source":"OpenStreetMap","name":NaN,"evidence_level":NaN,"details":{"content":"water"}}},{"type":"Feature","geometry":{"type":"Point","coordinates":[-6.17982,53.56178]},"properties":{"asset_id":"osm:way/1358370167","kind":"water_storage_tank","source":"OpenStreetMap","name":NaN,"evidence_level":NaN,"details":{"material":"concrete","content":"water"}}},{"type":"Feature","geometry":{"type":"Point","coordinates":[-6.18002,53.5618]},"properties":{"asset_id":"osm:way/1358370168","kind":"water_storage_tank","source":"OpenStreetMap","name":NaN,"evidence_level":NaN,"details":{"material":"concrete","content":"water"}}},{"type":"Feature","geometry":{"type":"Point","coordinates":[-6.19469,53.50626]},"properties":{"asset_id":"osm:way/1358678738","kind":"water_storage_tank","source":"OpenStreetMap","name":NaN,"evidence_level":NaN,"details":{"material":"metal","content":"water"}}},{"type":"Feature","geometry":{"type":"Point","coordinates":[-6.1523,53.52868]},"properties":{"asset_id":"osm:way/1359398099","kind":"water_storage_tank","source":"OpenStreetMap","name":NaN,"evidence_level":NaN,"details":{"content":"water"}}},{"type":"Feature","geometry":{"type":"Point","coordinates":[-6.16385,53.52607]},"properties":{"asset_id":"osm:way/1359398100","kind":"water_storage_tank","source":"OpenStreetMap","name":NaN,"evidence_level":NaN,"details":{"content":"water"}}},{"type":"Feature","geometry":{"type":"Point","coordinates":[-6.18779,53.53632]},"properties":{"asset_id":"osm:way/1359594568","kind":"water_storage_tank","source":"OpenStreetMap","name":NaN,"evidence_level":NaN,"details":{"material":"plastic","content":"water"}}},{"type":"Feature","geometry":{"type":"Point","coordinates":[-6.14742,53.56484]},"properties":{"asset_id":"osm:way/1360770573","kind":"water_tower","source":"OpenStreetMap","name":NaN,"evidence_level":NaN,"details":{}}},{"type":"Feature","geometry":{"type":"LineString","coordinates":[[-6.10031,53.57127],[-6.10077,53.57128]]},"properties":{"asset_id":"osm:way/1363190226","kind":"sewer_pipeline","source":"OpenStreetMap","name":NaN,"evidence_level":"medium","details":{"substance":"rainwater","location":"underground"}}},{"type":"Feature","geometry":{"type":"LineString","coordinates":[[-6.10011,53.57127],[-6.10031,53.57127]]},"properties":{"asset_id":"osm:way/1363190227","kind":"sewer_pipeline","source":"OpenStreetMap","name":NaN,"evidence_level":"medium","details":{"substance":"rainwater","location":"surface"}}},{"type":"Feature","geometry":{"type":"Point","coordinates":[-6.1271,53.58438]},"properties":{"asset_id":"osm:way/1363926644","kind":"sewage_pumping_station","source":"OpenStreetMap","name":NaN,"evidence_level":NaN,"details":{"substance":"sewage","location":"underground","operator":"Irish Water"}}},{"type":"Feature","geometry":{"type":"LineString","coordinates":[[-6.09661,53.39244],[-6.09663,53.39153]]},"properties":{"asset_id":"osm:way/1366247867","kind":"sewer_pipeline","source":"OpenStreetMap","name":NaN,"evidence_level":"medium","details":{"substance":"rainwater","location":"underground","diameter":"300","material":"plastic","operator":"Fingal County Council"}}},{"type":"Feature","geometry":{"type":"Point","coordinates":[-6.21986,53.56481]},"properties":{"asset_id":"osm:way/1370040211","kind":"water_works","source":"OpenStreetMap","name":NaN,"evidence_level":NaN,"details":{"operator":"Irish Water"}}},{"type":"Feature","geometry":{"type":"Point","coordinates":[-6.12757,53.26331]},"properties":{"asset_id":"osm:way/1370120655","kind":"reservoir_covered","source":"OpenStreetMap","name":NaN,"evidence_level":NaN,"details":{"operator":"Irish Water"}}},{"type":"Feature","geometry":{"type":"Point","coordinates":[-6.22294,53.57825]},"properties":{"asset_id":"osm:way/1370360035","kind":"water_pumping_station","source":"OpenStreetMap","name":"Bog of the Ring Borehole Pumping Station 2","evidence_level":NaN,"details":{"substance":"water","operator":"Irish Water"}}},{"type":"Feature","geometry":{"type":"Point","coordinates":[-6.22784,53.58028]},"properties":{"asset_id":"osm:way/1370360036","kind":"water_pumping_station","source":"OpenStreetMap","name":"Bog of the Ring Borehole Pumping Station 3","evidence_level":NaN,"details":{"substance":"water","operator":"Irish Water"}}},{"type":"Feature","geometry":{"type":"Point","coordinates":[-6.208,53.52646]},"properties":{"asset_id":"osm:way/1370377941","kind":"wastewater_plant","source":"OpenStreetMap","name":"Colecot Cottages Waste Water Treatment Plant","evidence_level":NaN,"details":{"operator":"Irish Water"}}},{"type":"Feature","geometry":{"type":"Point","coordinates":[-6.09154,53.51876]},"properties":{"asset_id":"osm:way/1370728833","kind":"sewage_pumping_station","source":"OpenStreetMap","name":"South Shore Pumping Station","evidence_level":NaN,"details":{"substance":"sewage","location":"underground","operator":"Irish Water"}}},{"type":"Feature","geometry":{"type":"Point","coordinates":[-6.29112,53.49919]},"properties":{"asset_id":"osm:way/1371934636","kind":"water_storage_tank","source":"OpenStreetMap","name":NaN,"evidence_level":NaN,"details":{"material":"plastic","content":"water"}}},{"type":"Feature","geometry":{"type":"Point","coordinates":[-6.29118,53.4992]},"properties":{"asset_id":"osm:way/1371934637","kind":"water_storage_tank","source":"OpenStreetMap","name":NaN,"evidence_level":NaN,"details":{"material":"plastic","content":"water"}}},{"type":"Feature","geometry":{"type":"Point","coordinates":[-6.44402,53.38779]},"properties":{"asset_id":"osm:way/1372250731","kind":"water_pumping_station","source":"OpenStreetMap","name":"Irish Water Pumping Station","evidence_level":NaN,"details":{"operator":"Irish Water"}}},{"type":"Feature","geometry":{"type":"Point","coordinates":[-6.24718,53.50534]},"properties":{"asset_id":"osm:way/1372919317","kind":"water_storage_tank","source":"OpenStreetMap","name":NaN,"evidence_level":NaN,"details":{"material":"plastic","content":"water"}}},{"type":"Feature","geometry":{"type":"Point","coordinates":[-6.24642,53.50513]},"properties":{"asset_id":"osm:way/1372919318","kind":"water_storage_tank","source":"OpenStreetMap","name":NaN,"evidence_level":NaN,"details":{"material":"plastic","content":"water"}}},{"type":"Feature","geometry":{"type":"Point","coordinates":[-6.28067,53.5152]},"properties":{"asset_id":"osm:way/1373122332","kind":"water_storage_tank","source":"OpenStreetMap","name":NaN,"evidence_level":NaN,"details":{"material":"steel","content":"water"}}},{"type":"Feature","geometry":{"type":"Point","coordinates":[-6.45888,53.32573]},"properties":{"asset_id":"osm:way/1375543044","kind":"water_storage_tank","source":"OpenStreetMap","name":NaN,"evidence_level":NaN,"details":{"material":"steel","content":"water"}}},{"type":"Feature","geometry":{"type":"Point","coordinates":[-6.15598,53.20926]},"properties":{"asset_id":"osm:way/1390854701","kind":"reservoir_covered","source":"OpenStreetMap","name":NaN,"evidence_level":NaN,"details":{"content":"water","operator":"Irish Water"}}},{"type":"Feature","geometry":{"type":"Point","coordinates":[-6.14802,53.23421]},"properties":{"asset_id":"osm:way/1390854725","kind":"reservoir_covered","source":"OpenStreetMap","name":"Rathmichael Reservoir","evidence_level":NaN,"details":{"content":"water","operator":"Irish Water"}}},{"type":"Feature","geometry":{"type":"Point","coordinates":[-6.14803,53.23423]},"properties":{"asset_id":"osm:way/1390854728","kind":"water_works","source":"OpenStreetMap","name":"Rathmichael Reservoir","evidence_level":NaN,"details":{"operator":"Irish Water"}}},{"type":"Feature","geometry":{"type":"Point","coordinates":[-6.29982,53.47958]},"properties":{"asset_id":"osm:way/1392101816","kind":"water_well","source":"OpenStreetMap","name":NaN,"evidence_level":NaN,"details":{}}},{"type":"Feature","geometry":{"type":"Point","coordinates":[-6.28028,53.44366]},"properties":{"asset_id":"osm:way/1413530234","kind":"water_storage_tank","source":"OpenStreetMap","name":NaN,"evidence_level":NaN,"details":{"material":"steel","content":"water"}}},{"type":"Feature","geometry":{"type":"Point","coordinates":[-6.18018,53.61028]},"properties":{"asset_id":"osm:way/1416362889","kind":"sewage_pumping_station","source":"OpenStreetMap","name":"Quay Street Pumping Station","evidence_level":NaN,"details":{"substance":"rainwater","operator":"Irish Water"}}},{"type":"Feature","geometry":{"type":"MultiLineString","coordinates":[[[-6.2102,53.33751],[-6.21031,53.33758]],[[-6.21031,53.33758],[-6.21059,53.33775]],[[-6.21059,53.33775],[-6.21142,53.33827]],[[-6.21142,53.33827],[-6.21207,53.33868]]]},"properties":{"asset_id":"osm:way/1419187129","kind":"sewer_pipeline","source":"OpenStreetMap","name":NaN,"evidence_level":"medium","details":{"substance":"sewage","location":"underground"}}},{"type":"Feature","geometry":{"type":"Point","coordinates":[-6.37211,53.40483]},"properties":{"asset_id":"osm:way/1419354263","kind":"water_storage_tank","source":"OpenStreetMap","name":NaN,"evidence_level":NaN,"details":{"material":"steel","content":"water"}}},{"type":"Feature","geometry":{"type":"Point","coordinates":[-6.37223,53.40486]},"properties":{"asset_id":"osm:way/1419354264","kind":"water_storage_tank","source":"OpenStreetMap","name":NaN,"evidence_level":NaN,"details":{"material":"steel","content":"water"}}},{"type":"Feature","geometry":{"type":"Point","coordinates":[-6.22452,53.23955]},"properties":{"asset_id":"osm:way/1424767150","kind":"water_works","source":"OpenStreetMap","name":"Ballyedmonduff Water Treatment Plant","evidence_level":NaN,"details":{"operator":"Irish Water"}}},{"type":"Feature","geometry":{"type":"Point","coordinates":[-6.37567,53.36943]},"properties":{"asset_id":"osm:way/1426442977","kind":"water_pumping_station","source":"OpenStreetMap","name":NaN,"evidence_level":NaN,"details":{}}},{"type":"Feature","geometry":{"type":"Point","coordinates":[-6.38546,53.36672]},"properties":{"asset_id":"osm:way/1426449313","kind":"water_pumping_station","source":"OpenStreetMap","name":NaN,"evidence_level":NaN,"details":{}}},{"type":"Feature","geometry":{"type":"MultiLineString","coordinates":[[[-6.14048,53.49515],[-6.14006,53.49672]],[[-6.14006,53.49672],[-6.13941,53.4973]],[[-6.13941,53.4973],[-6.13908,53.49985]]]},"properties":{"asset_id":"osm:way/1427271665","kind":"sewer_pipeline","source":"OpenStreetMap","name":NaN,"evidence_level":"medium","details":{"substance":"rainwater","location":"underground"}}},{"type":"Feature","geometry":{"type":"MultiLineString","coordinates":[[[-6.31373,53.26825],[-6.31371,53.26838]],[[-6.31371,53.26838],[-6.3137,53.26847]],[[-6.3137,53.26847],[-6.31369,53.26877]],[[-6.31369,53.26877],[-6.3137,53.27007]],[[-6.3137,53.27007],[-6.309,53.27279]],[[-6.309,53.27279],[-6.3088,53.27289]],[[-6.3088,53.27289],[-6.30703,53.27564]]]},"properties":{"asset_id":"osm:way/1430942473","kind":"water_pipeline","source":"OpenStreetMap","name":NaN,"evidence_level":"high","details":{"substance":"water","location":"underground","operator":"Irish Water"}}},{"type":"Feature","geometry":{"type":"Point","coordinates":[-6.36621,53.41696]},"properties":{"asset_id":"osm:way/1431393719","kind":"water_storage_tank","source":"OpenStreetMap","name":NaN,"evidence_level":NaN,"details":{"material":"steel","content":"water","capacity":"1500"}}},{"type":"Feature","geometry":{"type":"Point","coordinates":[-6.36592,53.41695]},"properties":{"asset_id":"osm:way/1431393720","kind":"water_storage_tank","source":"OpenStreetMap","name":NaN,"evidence_level":NaN,"details":{"material":"steel","content":"water","capacity":"2500"}}},{"type":"Feature","geometry":{"type":"Point","coordinates":[-6.35208,53.41804]},"properties":{"asset_id":"osm:way/1443456392","kind":"water_storage_tank","source":"OpenStreetMap","name":NaN,"evidence_level":NaN,"details":{"material":"steel","content":"water"}}},{"type":"Feature","geometry":{"type":"MultiLineString","coordinates":[[[-6.10453,53.39181],[-6.10448,53.39246]],[[-6.10448,53.39246],[-6.10428,53.39288]]]},"properties":{"asset_id":"osm:way/1443615932","kind":"sewer_pipeline","source":"OpenStreetMap","name":NaN,"evidence_level":"medium","details":{"substance":"rainwater","location":"underground","operator":"Fingal County Council"}}},{"type":"Feature","geometry":{"type":"Point","coordinates":[-6.4578,53.5619]},"properties":{"asset_id":"osm:way/1447364386","kind":"water_storage_tank","source":"OpenStreetMap","name":NaN,"evidence_level":NaN,"details":{"material":"concrete","content":"water","operator":"Irish Water"}}},{"type":"Feature","geometry":{"type":"Point","coordinates":[-6.19211,53.25404]},"properties":{"asset_id":"osm:way/1453214962","kind":"water_pumping_station","source":"OpenStreetMap","name":NaN,"evidence_level":NaN,"details":{"substance":"water"}}},{"type":"Feature","geometry":{"type":"Point","coordinates":[-6.18795,53.25374]},"properties":{"asset_id":"osm:way/1453214967","kind":"water_pumping_station","source":"OpenStreetMap","name":NaN,"evidence_level":NaN,"details":{}}},{"type":"Feature","geometry":{"type":"Point","coordinates":[-6.41318,53.29712]},"properties":{"asset_id":"osm:way/1454562844","kind":"sewage_pumping_station","source":"OpenStreetMap","name":NaN,"evidence_level":NaN,"details":{"substance":"sewage"}}},{"type":"Feature","geometry":{"type":"Point","coordinates":[-6.53649,53.28987]},"properties":{"asset_id":"osm:way/1455362217","kind":"water_storage_tank","source":"OpenStreetMap","name":NaN,"evidence_level":NaN,"details":{"material":"concrete","content":"water"}}},{"type":"Feature","geometry":{"type":"Point","coordinates":[-6.54459,53.2904]},"properties":{"asset_id":"osm:way/1455362223","kind":"water_works","source":"OpenStreetMap","name":NaN,"evidence_level":NaN,"details":{}}},{"type":"Feature","geometry":{"type":"Point","coordinates":[-6.54459,53.29038]},"properties":{"asset_id":"osm:way/1455362224","kind":"water_storage_tank","source":"OpenStreetMap","name":NaN,"evidence_level":NaN,"details":{"material":"concrete","content":"water"}}},{"type":"Feature","geometry":{"type":"Point","coordinates":[-6.54456,53.29049]},"properties":{"asset_id":"osm:way/1455362225","kind":"water_storage_tank","source":"OpenStreetMap","name":NaN,"evidence_level":NaN,"details":{"material":"concrete","content":"water"}}},{"type":"Feature","geometry":{"type":"Point","coordinates":[-6.32494,53.41823]},"properties":{"asset_id":"osm:way/1455377504","kind":"water_storage_tank","source":"OpenStreetMap","name":NaN,"evidence_level":NaN,"details":{"material":"steel","content":"water"}}},{"type":"Feature","geometry":{"type":"Point","coordinates":[-6.15962,53.48102]},"properties":{"asset_id":"osm:way/1455586827","kind":"sewage_pumping_station","source":"OpenStreetMap","name":NaN,"evidence_level":NaN,"details":{"substance":"sewage","operator":"Irish Water"}}},{"type":"Feature","geometry":{"type":"Point","coordinates":[-6.44271,53.31467]},"properties":{"asset_id":"osm:way/1456362243","kind":"water_storage_tank","source":"OpenStreetMap","name":NaN,"evidence_level":NaN,"details":{"material":"steel","content":"water"}}},{"type":"Feature","geometry":{"type":"Point","coordinates":[-6.44183,53.31455]},"properties":{"asset_id":"osm:way/1456362244","kind":"water_storage_tank","source":"OpenStreetMap","name":NaN,"evidence_level":NaN,"details":{"material":"steel","content":"water"}}},{"type":"Feature","geometry":{"type":"Point","coordinates":[-6.44199,53.31448]},"properties":{"asset_id":"osm:way/1456362245","kind":"water_storage_tank","source":"OpenStreetMap","name":NaN,"evidence_level":NaN,"details":{"material":"steel","content":"water"}}},{"type":"Feature","geometry":{"type":"Point","coordinates":[-6.24607,53.40762]},"properties":{"asset_id":"osm:way/1456483170","kind":"water_storage_tank","source":"OpenStreetMap","name":NaN,"evidence_level":NaN,"details":{"material":"steel","content":"water"}}},{"type":"Feature","geometry":{"type":"Point","coordinates":[-6.24427,53.40693]},"properties":{"asset_id":"osm:way/1456483171","kind":"water_storage_tank","source":"OpenStreetMap","name":NaN,"evidence_level":NaN,"details":{"material":"steel","content":"water"}}},{"type":"Feature","geometry":{"type":"Point","coordinates":[-6.24342,53.40635]},"properties":{"asset_id":"osm:way/1456483172","kind":"water_storage_tank","source":"OpenStreetMap","name":NaN,"evidence_level":NaN,"details":{"material":"steel","content":"water"}}},{"type":"Feature","geometry":{"type":"Point","coordinates":[-6.21606,53.41229]},"properties":{"asset_id":"osm:way/1457345617","kind":"water_storage_tank","source":"OpenStreetMap","name":NaN,"evidence_level":NaN,"details":{"material":"plastic","content":"water"}}},{"type":"Feature","geometry":{"type":"Point","coordinates":[-6.17962,53.44928]},"properties":{"asset_id":"osm:way/1457767828","kind":"sewage_pumping_station","source":"OpenStreetMap","name":"Killeen Park Pumping Station","evidence_level":NaN,"details":{"substance":"sewage","operator":"Irish Water"}}},{"type":"Feature","geometry":{"type":"Point","coordinates":[-6.18076,53.43941]},"properties":{"asset_id":"osm:way/1457767830","kind":"sewage_pumping_station","source":"OpenStreetMap","name":"Clairville Lodge Pumping Station","evidence_level":NaN,"details":{"substance":"sewage","operator":"Irish Water"}}},{"type":"Feature","geometry":{"type":"LineString","coordinates":[[-6.41519,53.40981],[-6.41464,53.40941]]},"properties":{"asset_id":"osm:way/1458111512","kind":"sewer_pipeline","source":"OpenStreetMap","name":NaN,"evidence_level":"medium","details":{"substance":"rainwater","location":"underground"}}},{"type":"Feature","geometry":{"type":"Point","coordinates":[-6.14218,53.41835]},"properties":{"asset_id":"osm:way/1458177768","kind":"sewage_pumping_station","source":"OpenStreetMap","name":"Portmarnock Bridge Pumping Station","evidence_level":NaN,"details":{"substance":"sewage","operator":"Irish Water"}}},{"type":"Feature","geometry":{"type":"Point","coordinates":[-6.12956,53.42031]},"properties":{"asset_id":"osm:way/1458177775","kind":"water_storage_tank","source":"OpenStreetMap","name":NaN,"evidence_level":NaN,"details":{"material":"steel","content":"water"}}},{"type":"Feature","geometry":{"type":"Point","coordinates":[-6.14461,53.41755]},"properties":{"asset_id":"osm:way/1458177783","kind":"sewage_pumping_station","source":"OpenStreetMap","name":"St. Marnocks Temporary Pumping Station","evidence_level":NaN,"details":{"substance":"sewage","operator":"Irish Water"}}},{"type":"Feature","geometry":{"type":"LineString","coordinates":[[-6.14552,53.40537],[-6.14423,53.40558]]},"properties":{"asset_id":"osm:way/1458177791","kind":"sewer_pipeline","source":"OpenStreetMap","name":NaN,"evidence_level":"medium","details":{"substance":"rainwater","location":"underground"}}},{"type":"Feature","geometry":{"type":"MultiLineString","coordinates":[[[-6.14579,53.4048],[-6.14574,53.40498]],[[-6.14574,53.40498],[-6.14552,53.40537]]]},"properties":{"asset_id":"osm:way/1458177792","kind":"sewer_pipeline","source":"OpenStreetMap","name":NaN,"evidence_level":"medium","details":{"substance":"rainwater","location":"surface"}}},{"type":"Feature","geometry":{"type":"Point","coordinates":[-6.34716,53.4212]},"properties":{"asset_id":"osm:way/1459402645","kind":"water_storage_tank","source":"OpenStreetMap","name":NaN,"evidence_level":NaN,"details":{"material":"steel","content":"water"}}},{"type":"Feature","geometry":{"type":"Point","coordinates":[-6.34424,53.41893]},"properties":{"asset_id":"osm:way/1459402733","kind":"water_storage_tank","source":"OpenStreetMap","name":NaN,"evidence_level":NaN,"details":{"material":"steel","content":"water"}}},{"type":"Feature","geometry":{"type":"Point","coordinates":[-6.35639,53.42738]},"properties":{"asset_id":"osm:way/1459536288","kind":"water_pumping_station","source":"OpenStreetMap","name":NaN,"evidence_level":NaN,"details":{}}},{"type":"Feature","geometry":{"type":"Point","coordinates":[-6.31103,53.5293]},"properties":{"asset_id":"osm:way/1459687690","kind":"wastewater_plant","source":"OpenStreetMap","name":"Oldtown Wastewater Treatment Plant","evidence_level":NaN,"details":{"operator":"Irish Water"}}},{"type":"Feature","geometry":{"type":"Point","coordinates":[-6.15422,53.41563]},"properties":{"asset_id":"osm:way/1459916947","kind":"sewage_pumping_station","source":"OpenStreetMap","name":"Drumnigh Wood Pumping Station","evidence_level":NaN,"details":{"substance":"sewage","operator":"Irish Water"}}},{"type":"Feature","geometry":{"type":"Point","coordinates":[-6.35063,53.41474]},"properties":{"asset_id":"osm:way/1460082253","kind":"water_storage_tank","source":"OpenStreetMap","name":NaN,"evidence_level":NaN,"details":{"material":"steel","content":"water"}}},{"type":"Feature","geometry":{"type":"Point","coordinates":[-6.35744,53.41377]},"properties":{"asset_id":"osm:way/1460082266","kind":"water_storage_tank","source":"OpenStreetMap","name":NaN,"evidence_level":NaN,"details":{"material":"steel","content":"water"}}},{"type":"Feature","geometry":{"type":"Point","coordinates":[-6.35429,53.41557]},"properties":{"asset_id":"osm:way/1460082278","kind":"water_storage_tank","source":"OpenStreetMap","name":NaN,"evidence_level":NaN,"details":{"material":"steel","content":"water"}}},{"type":"Feature","geometry":{"type":"Point","coordinates":[-6.33059,53.41173]},"properties":{"asset_id":"osm:way/1460082309","kind":"water_storage_tank","source":"OpenStreetMap","name":NaN,"evidence_level":NaN,"details":{"material":"steel","content":"water"}}},{"type":"Feature","geometry":{"type":"Point","coordinates":[-6.33051,53.41172]},"properties":{"asset_id":"osm:way/1460082310","kind":"water_storage_tank","source":"OpenStreetMap","name":NaN,"evidence_level":NaN,"details":{"material":"steel","content":"water"}}},{"type":"Feature","geometry":{"type":"Point","coordinates":[-6.3346,53.41196]},"properties":{"asset_id":"osm:way/1460082319","kind":"water_storage_tank","source":"OpenStreetMap","name":NaN,"evidence_level":NaN,"details":{"material":"steel","content":"water"}}},{"type":"Feature","geometry":{"type":"Point","coordinates":[-6.33465,53.41196]},"properties":{"asset_id":"osm:way/1460082320","kind":"water_storage_tank","source":"OpenStreetMap","name":NaN,"evidence_level":NaN,"details":{"material":"steel","content":"water"}}},{"type":"Feature","geometry":{"type":"Point","coordinates":[-6.32482,53.42297]},"properties":{"asset_id":"osm:way/1463435254","kind":"water_storage_tank","source":"OpenStreetMap","name":NaN,"evidence_level":NaN,"details":{"material":"steel","content":"water"}}},{"type":"Feature","geometry":{"type":"Point","coordinates":[-6.32487,53.42305]},"properties":{"asset_id":"osm:way/1463435255","kind":"water_storage_tank","source":"OpenStreetMap","name":NaN,"evidence_level":NaN,"details":{"material":"steel","content":"water"}}},{"type":"Feature","geometry":{"type":"Point","coordinates":[-6.32596,53.42092]},"properties":{"asset_id":"osm:way/1463435256","kind":"water_pumping_station","source":"OpenStreetMap","name":NaN,"evidence_level":NaN,"details":{"substance":"water","operator":"Irish Water"}}},{"type":"Feature","geometry":{"type":"Point","coordinates":[-6.32689,53.42065]},"properties":{"asset_id":"osm:way/1463435257","kind":"water_pumping_station","source":"OpenStreetMap","name":NaN,"evidence_level":NaN,"details":{"substance":"water","operator":"Irish Water"}}},{"type":"Feature","geometry":{"type":"Point","coordinates":[-6.32136,53.4206]},"properties":{"asset_id":"osm:way/1463435260","kind":"sewage_pumping_station","source":"OpenStreetMap","name":NaN,"evidence_level":NaN,"details":{"substance":"sewage","operator":"Irish Water"}}},{"type":"Feature","geometry":{"type":"MultiLineString","coordinates":[[[-6.58944,53.38562],[-6.58924,53.38577]],[[-6.58924,53.38577],[-6.5887,53.38557]],[[-6.5887,53.38557],[-6.5881,53.38529]],[[-6.5881,53.38529],[-6.58797,53.38523]],[[-6.58797,53.38523],[-6.58748,53.38566]],[[-6.58748,53.38566],[-6.58714,53.38596]],[[-6.58714,53.38596],[-6.58708,53.38602]],[[-6.58708,53.38602],[-6.58678,53.38626]],[[-6.58678,53.38626],[-6.58575,53.38699]],[[-6.58575,53.38699],[-6.58558,53.38711]],[[-6.58558,53.38711],[-6.58484,53.38763]],[[-6.58484,53.38763],[-6.58428,53.38794]],[[-6.58428,53.38794],[-6.58404,53.38806]],[[-6.58404,53.38806],[-6.58335,53.38837]],[[-6.58335,53.38837],[-6.58264,53.38854]],[[-6.58264,53.38854],[-6.58181,53.38862]],[[-6.58181,53.38862],[-6.57977,53.3885]],[[-6.57977,53.3885],[-6.57801,53.3883]],[[-6.57801,53.3883],[-6.57761,53.38825]],[[-6.57761,53.38825],[-6.57727,53.38824]],[[-6.57727,53.38824],[-6.5771,53.38832]],[[-6.5771,53.38832],[-6.5769,53.38923]],[[-6.5769,53.38923],[-6.57657,53.39036]],[[-6.57657,53.39036],[-6.57629,53.39122]],[[-6.57629,53.39122],[-6.57575,53.39281]],[[-6.57575,53.39281],[-6.57579,53.39303]],[[-6.57579,53.39303],[-6.57405,53.3935]],[[-6.57405,53.3935],[-6.57355,53.39364]],[[-6.57355,53.39364],[-6.57243,53.39415]],[[-6.57243,53.39415],[-6.57167,53.39448]],[[-6.57167,53.39448],[-6.57119,53.39465]],[[-6.57119,53.39465],[-6.57065,53.3948]],[[-6.57065,53.3948],[-6.56971,53.39535]],[[-6.56971,53.39535],[-6.57006,53.39561]],[[-6.57006,53.39561],[-6.56913,53.39617]],[[-6.56913,53.39617],[-6.56882,53.3959]],[[-6.56882,53.3959],[-6.56807,53.3963]],[[-6.56807,53.3963],[-6.5661,53.39695]],[[-6.5661,53.39695],[-6.56305,53.39795]],[[-6.56305,53.39795],[-6.56335,53.39821]],[[-6.56335,53.39821],[-6.56277,53.39836]],[[-6.56277,53.39836],[-6.56246,53.39814]],[[-6.56246,53.39814],[-6.56092,53.39868]],[[-6.56092,53.39868],[-6.56043,53.39873]],[[-6.56043,53.39873],[-6.55868,53.39869]],[[-6.55868,53.39869],[-6.55683,53.3985]],[[-6.55683,53.3985],[-6.55312,53.39785]],[[-6.55312,53.39785],[-6.55262,53.39761]],[[-6.55262,53.39761],[-6.5526,53.39618]],[[-6.5526,53.39618],[-6.55028,53.39525]],[[-6.55028,53.39525],[-6.55034,53.39511]],[[-6.55034,53.39511],[-6.54686,53.39294]],[[-6.54686,53.39294],[-6.54515,53.39182]],[[-6.54515,53.39182],[-6.5433,53.39062]],[[-6.5433,53.39062],[-6.5396,53.38818]],[[-6.5396,53.38818],[-6.53824,53.38705]],[[-6.53824,53.38705],[-6.53797,53.38679]],[[-6.53797,53.38679],[-6.53735,53.38606]],[[-6.53735,53.38606],[-6.53625,53.3846]],[[-6.53625,53.3846],[-6.53615,53.38455]],[[-6.53615,53.38455],[-6.53601,53.38452]],[[-6.53601,53.38452],[-6.53374,53.38439]],[[-6.53374,53.38439],[-6.5331,53.38435]],[[-6.5331,53.38435],[-6.53283,53.38433]],[[-6.53283,53.38433],[-6.53176,53.38422]],[[-6.53176,53.38422],[-6.53068,53.38415]],[[-6.53068,53.38415],[-6.5304,53.38417]],[[-6.5304,53.38417],[-6.5301,53.38421]],[[-6.5301,53.38421],[-6.52959,53.38419]],[[-6.52959,53.38419],[-6.52794,53.38417]],[[-6.52794,53.38417],[-6.52653,53.38398]],[[-6.52653,53.38398],[-6.52556,53.38375]],[[-6.52556,53.38375],[-6.52524,53.38358]],[[-6.52524,53.38358],[-6.52461,53.38309]],[[-6.52461,53.38309],[-6.52427,53.3829]],[[-6.52427,53.3829],[-6.52407,53.38283]],[[-6.52407,53.38283],[-6.5231,53.3826]],[[-6.5231,53.3826],[-6.52257,53.38252]],[[-6.52257,53.38252],[-6.52184,53.3826]],[[-6.52184,53.3826],[-6.52135,53.38265]],[[-6.52135,53.38265],[-6.5201,53.38268]],[[-6.5201,53.38268],[-6.51822,53.38257]],[[-6.51822,53.38257],[-6.51676,53.38247]],[[-6.51676,53.38247],[-6.51553,53.38236]],[[-6.51553,53.38236],[-6.51504,53.38236]],[[-6.51504,53.38236],[-6.51394,53.38262]],[[-6.51394,53.38262],[-6.51327,53.38267]],[[-6.51327,53.38267],[-6.51228,53.38252]],[[-6.51228,53.38252],[-6.51123,53.38224]],[[-6.51123,53.38224],[-6.51059,53.38206]],[[-6.51059,53.38206],[-6.50937,53.38173]],[[-6.50937,53.38173],[-6.50783,53.38132]],[[-6.50783,53.38132],[-6.50689,53.38109]],[[-6.50689,53.38109],[-6.50637,53.38099]],[[-6.50637,53.38099],[-6.50575,53.38106]],[[-6.50575,53.38106],[-6.50454,53.38111]],[[-6.50454,53.38111],[-6.50398,53.38108]],[[-6.50398,53.38108],[-6.50318,53.38096]],[[-6.50318,53.38096],[-6.50237,53.3808]],[[-6.50237,53.3808],[-6.50162,53.38074]],[[-6.50162,53.38074],[-6.50049,53.38072]],[[-6.50049,53.38072],[-6.49974,53.38059]],[[-6.49974,53.38059],[-6.49874,53.38034]],[[-6.49874,53.38034],[-6.49798,53.38013]],[[-6.49798,53.38013],[-6.49692,53.3799]],[[-6.49692,53.3799],[-6.49549,53.37959]],[[-6.49549,53.37959],[-6.49456,53.37936]],[[-6.49456,53.37936],[-6.4931,53.37896]],[[-6.4931,53.37896],[-6.49185,53.37861]],[[-6.49185,53.37861],[-6.49118,53.37829]],[[-6.49118,53.37829],[-6.49064,53.3781]],[[-6.49064,53.3781],[-6.48974,53.37798]],[[-6.48974,53.37798],[-6.48886,53.37787]],[[-6.48886,53.37787],[-6.48823,53.37764]],[[-6.48823,53.37764],[-6.48709,53.37714]],[[-6.48709,53.37714],[-6.48647,53.37693]],[[-6.48647,53.37693],[-6.48571,53.37664]],[[-6.48571,53.37664],[-6.48423,53.37588]],[[-6.48423,53.37588],[-6.48321,53.37562]],[[-6.48321,53.37562],[-6.48275,53.37557]],[[-6.48275,53.37557],[-6.48196,53.37549]],[[-6.48196,53.37549],[-6.48146,53.37541]],[[-6.48146,53.37541],[-6.48077,53.37529]],[[-6.48077,53.37529],[-6.48037,53.37526]],[[-6.48037,53.37526],[-6.47917,53.37515]],[[-6.47917,53.37515],[-6.47795,53.37504]],[[-6.47795,53.37504],[-6.47726,53.37487]],[[-6.47726,53.37487],[-6.47608,53.37447]],[[-6.47608,53.37447],[-6.47549,53.3743]],[[-6.47549,53.3743],[-6.47458,53.37398]],[[-6.47458,53.37398],[-6.47395,53.37383]],[[-6.47395,53.37383],[-6.47367,53.3738]],[[-6.47367,53.3738],[-6.47342,53.37368]]]},"properties":{"asset_id":"osm:way/1471832583","kind":"sewer_pipeline","source":"OpenStreetMap","name":"Maynooth - Confey Sewage Pipeline","evidence_level":"medium","details":{"substance":"sewage","location":"underground","operator":"Irish Water"}}},{"type":"Feature","geometry":{"type":"Point","coordinates":[-6.16559,53.60672]},"properties":{"asset_id":"osm:way/1493609798","kind":"water_pumping_station","source":"OpenStreetMap","name":"Isaacs Bower Pumping Station","evidence_level":NaN,"details":{"location":"underground","operator":"Irish Water"}}},{"type":"Feature","geometry":{"type":"Point","coordinates":[-6.35816,53.25846]},"properties":{"asset_id":"osm:way/1494643542","kind":"reservoir_covered","source":"OpenStreetMap","name":NaN,"evidence_level":NaN,"details":{"operator":"Irish Water"}}},{"type":"Feature","geometry":{"type":"Point","coordinates":[-6.32793,53.41101]},"properties":{"asset_id":"osm:way/1496625835","kind":"water_storage_tank","source":"OpenStreetMap","name":NaN,"evidence_level":NaN,"details":{"material":"steel","content":"water"}}},{"type":"Feature","geometry":{"type":"Point","coordinates":[-6.32789,53.41107]},"properties":{"asset_id":"osm:way/1496625837","kind":"water_storage_tank","source":"OpenStreetMap","name":NaN,"evidence_level":NaN,"details":{"material":"plastic","content":"water"}}},{"type":"Feature","geometry":{"type":"Point","coordinates":[-6.39528,53.4516]},"properties":{"asset_id":"osm:way/1499530058","kind":"sewage_pumping_station","source":"OpenStreetMap","name":"Kilbride Main Pumping Station","evidence_level":NaN,"details":{"substance":"sewage","operator":"Irish Water"}}},{"type":"Feature","geometry":{"type":"Point","coordinates":[-6.33665,53.44066]},"properties":{"asset_id":"osm:way/1500923750","kind":"wastewater_plant","source":"OpenStreetMap","name":NaN,"evidence_level":NaN,"details":{}}},{"type":"Feature","geometry":{"type":"MultiLineString","coordinates":[[[-6.2092,53.31933],[-6.20808,53.31988]],[[-6.20808,53.31988],[-6.20774,53.31979]],[[-6.20774,53.31979],[-6.20764,53.31977]],[[-6.20764,53.31977],[-6.20756,53.31978]],[[-6.20756,53.31978],[-6.20745,53.3198]],[[-6.20745,53.3198],[-6.20611,53.32001]],[[-6.20611,53.32001],[-6.20558,53.32004]]]},"properties":{"asset_id":"osm:way/1501545780","kind":"sewer_pipeline","source":"OpenStreetMap","name":NaN,"evidence_level":"medium","details":{"substance":"sewage","location":"underground","operator":"Irish Water"}}},{"type":"Feature","geometry":{"type":"Point","coordinates":[-6.16745,53.43226]},"properties":{"asset_id":"osm:way/1501626032","kind":"sewage_pumping_station","source":"OpenStreetMap","name":"Floraville Pumping Station","evidence_level":NaN,"details":{"substance":"sewage","operator":"Irish Water"}}},{"type":"Feature","geometry":{"type":"Point","coordinates":[-6.16941,53.43537]},"properties":{"asset_id":"osm:way/1501626034","kind":"sewage_pumping_station","source":"OpenStreetMap","name":"Connolly Avenue Pumping Station","evidence_level":NaN,"details":{"substance":"sewage","operator":"Irish Water"}}},{"type":"Feature","geometry":{"type":"Point","coordinates":[-6.20627,53.44435]},"properties":{"asset_id":"osm:way/1501798431","kind":"sewage_pumping_station","source":"OpenStreetMap","name":"Holywell Foul Pumping Station","evidence_level":NaN,"details":{"substance":"sewage","operator":"Irish Water"}}},{"type":"Feature","geometry":{"type":"Point","coordinates":[-6.3076,53.31515]},"properties":{"asset_id":"osm:way/1511440540","kind":"water_tower","source":"OpenStreetMap","name":NaN,"evidence_level":NaN,"details":{}}},{"type":"Feature","geometry":{"type":"Point","coordinates":[-6.33873,53.38184]},"properties":{"asset_id":"osm:way/1514811991","kind":"water_storage_tank","source":"OpenStreetMap","name":NaN,"evidence_level":NaN,"details":{"material":"steel","content":"water"}}},{"type":"Feature","geometry":{"type":"Point","coordinates":[-6.22443,53.23948]},"properties":{"asset_id":"osm:way/1515705098","kind":"reservoir_covered","source":"OpenStreetMap","name":NaN,"evidence_level":NaN,"details":{"operator":"Irish Water"}}},{"type":"Feature","geometry":{"type":"Point","coordinates":[-6.20194,53.23689]},"properties":{"asset_id":"osm:way/1515715195","kind":"reservoir_covered","source":"OpenStreetMap","name":NaN,"evidence_level":NaN,"details":{"operator":"Irish Water"}}},{"type":"Feature","geometry":{"type":"Point","coordinates":[-6.21779,53.22763]},"properties":{"asset_id":"osm:way/1515715198","kind":"water_storage_tank","source":"OpenStreetMap","name":NaN,"evidence_level":NaN,"details":{"material":"steel","content":"water"}}},{"type":"Feature","geometry":{"type":"Point","coordinates":[-6.23681,53.24785]},"properties":{"asset_id":"osm:way/1516688322","kind":"water_storage_tank","source":"OpenStreetMap","name":NaN,"evidence_level":NaN,"details":{"material":"concrete","content":"water"}}},{"type":"Feature","geometry":{"type":"Point","coordinates":[-6.38381,53.33055]},"properties":{"asset_id":"osm:way/1529905176","kind":"water_storage_tank","source":"OpenStreetMap","name":NaN,"evidence_level":NaN,"details":{"material":"steel","content":"water"}}},{"type":"Feature","geometry":{"type":"Point","coordinates":[-6.38259,53.33091]},"properties":{"asset_id":"osm:way/1529905177","kind":"water_storage_tank","source":"OpenStreetMap","name":NaN,"evidence_level":NaN,"details":{"material":"steel","content":"water"}}},{"type":"Feature","geometry":{"type":"Point","coordinates":[-6.38246,53.33096]},"properties":{"asset_id":"osm:way/1529905178","kind":"water_storage_tank","source":"OpenStreetMap","name":NaN,"evidence_level":NaN,"details":{"material":"steel","content":"water"}}},{"type":"Feature","geometry":{"type":"Point","coordinates":[-6.38233,53.331]},"properties":{"asset_id":"osm:way/1529905179","kind":"water_storage_tank","source":"OpenStreetMap","name":NaN,"evidence_level":NaN,"details":{"material":"steel","content":"water"}}},{"type":"Feature","geometry":{"type":"Point","coordinates":[-6.38219,53.33105]},"properties":{"asset_id":"osm:way/1529905180","kind":"water_storage_tank","source":"OpenStreetMap","name":NaN,"evidence_level":NaN,"details":{"material":"steel","content":"water"}}},{"type":"Feature","geometry":{"type":"Point","coordinates":[-6.18864,53.24157]},"properties":{"asset_id":"osm:way/1544540950","kind":"water_storage_tank","source":"OpenStreetMap","name":NaN,"evidence_level":NaN,"details":{"material":"steel","content":"water"}}},{"type":"Feature","geometry":{"type":"Point","coordinates":[-6.33392,53.37838]},"properties":{"asset_id":"osm:way/1546910139","kind":"sewage_pumping_station","source":"OpenStreetMap","name":NaN,"evidence_level":NaN,"details":{"substance":"sewage","location":"partially_underground","operator":"Irish Water"}}},{"type":"Feature","geometry":{"type":"Point","coordinates":[-6.35875,53.38481]},"properties":{"asset_id":"osm:way/1546966083","kind":"sewage_pumping_station","source":"OpenStreetMap","name":NaN,"evidence_level":NaN,"details":{"substance":"sewage","operator":"Irish Water"}}},{"type":"Feature","geometry":{"type":"Point","coordinates":[-6.20237,53.27907]},"properties":{"asset_id":"osm:way/1552343162","kind":"water_pumping_station","source":"OpenStreetMap","name":NaN,"evidence_level":NaN,"details":{"location":"underground"}}},{"type":"Feature","geometry":{"type":"LineString","coordinates":[[-6.37018,53.2467],[-6.3699,53.24761]]},"properties":{"asset_id":"osm:way/1555166829","kind":"water_pipeline","source":"OpenStreetMap","name":NaN,"evidence_level":"high","details":{"substance":"water","location":"underground","operator":"Irish Water"}}},{"type":"Feature","geometry":{"type":"Point","coordinates":[-6.51242,53.38367]},"properties":{"asset_id":"osm:way/1559359990","kind":"water_pumping_station","source":"OpenStreetMap","name":NaN,"evidence_level":NaN,"details":{}}},{"type":"Feature","geometry":{"type":"Point","coordinates":[-6.13798,53.58265]},"properties":{"asset_id":"osm:relation/2265639","kind":"water_storage_tank","source":"OpenStreetMap","name":NaN,"evidence_level":NaN,"details":{"content":"water"}}}]}