{"type":"FeatureCollection","features":[{"type":"Feature","geometry":{"type":"Polygon","coordinates":[[[-6.24205,53.29753],[-6.23934,53.2988],[-6.24273,53.3014],[-6.24544,53.30013],[-6.24205,53.29753]]]},"properties":{"app_id":"DLRCC-PC/2/2024","num_units":934,"dev_type":"residential","status":"granted","received_date":"2024-09-26","description":"Residential scheme of 934 dwelling units on an overall site of 9.7 hectares ( AB","address":"Lands at the former Central Mental Hospital, Dundrum Road, Dundrum, Dublin 14--ABP -320912-24.","authority":"Dun Laoghaire Rathdown County Council","planning_url":"","footprint_source":"estimated — rectangle sized from the unit count; NPAD has no site boundary","centroid":[-6.24239,53.29946],"water":{"connected":false,"distance_to_network_m":101.5,"route_length_m":126.9,"est_cost_eur":114210,"required_main_mm":250,"avg_daily_demand_m3":378.3},"transport":{"class":"rail","nearest_stop_m":287,"nearest_stop_id":"osm:5623547999","nearest_frequent_stop_m":590,"nearest_frequent_stop_id":"osm:683113684","nearest_rail_name":"Unnamed station","nearest_rail_m":602,"residents":2522,"peak_pt_trips":106,"proposed_route_id":null},"schools":{"primary_pupils":187,"secondary_pupils":112,"nearby_primary":8,"nearby_secondary":18,"nearby_school_ids":["osm:22516182","osm:22673351","osm:23645985","osm:23997652","osm:24034361","osm:26840629","osm:231240080","osm:743430158","osm:6958681671","osm:8584472","osm:22484988","osm:22962787","osm:23015925","osm:23565039","osm:23815465","osm:24003628","osm:44491163","osm:51179789","osm:60205313","osm:71811845","osm:112791879","osm:116697754","osm:386380114","osm:436027886","osm:1185943549","osm:1319732454"],"worst_pressure_ratio":0.976,"pressure_flag":"nominal"},"scores":{"water":32.7,"transport":20.3,"schools":17.6,"overall":29.0}}},{"type":"Feature","geometry":{"type":"Polygon","coordinates":[[[-6.47129,53.33661],[-6.46914,53.33815],[-6.47326,53.34021],[-6.4754,53.33867],[-6.47129,53.33661]]]},"properties":{"app_id":"SDCC-SDZ25A/0013W","num_units":886,"dev_type":"residential","status":"granted","received_date":"2025-09-30","description":"This Application is being made in accordance with the Adamstown Planning Scheme 2014 (as amended) and relates to Phase 2 of development within the 'Adamstown Boulevard Development Area' (Development Area 10) of the Adamstown Strategic Development Zone.  The proposed development will principally consist of the construction of 886 No. residential dwellings (39 No. studios, 413 No. 1-bed, 394 No. 2-bed and 40 No. 3-bed) set out in 13 No. buildings (arranged in blocks identified as Nos. 1-9) ranging in height from 3 No. to 9 No. storeys, with a single-storey podium/under croft car park area connecting Blocks 5, 6 and 7. Of the 886 No. units: 840 No. are apartment dwellings, comprised of 39 No. studios, 390 No. 1-bed, 394 No. 2-bed and 17 No. 3-bed; and 46 No. are duplex dwellings, comprised of 23 No. 1-bed and 23 No. 3-bed. The overall development extends to 77,515 sq. m gross floor area, which includes the podium/under croft car park area of 5,456 sq. m gross floor area.  The development will also include: 2 No. internal resident communal amenity spaces in Blocks 1 and 9 (totalling 397 sq. m); alterations to the existing 'Farmer's Access Bridge' including changes to bracings and structural supports to facilitate vehicular and pedestrian movements, landscaping and 2 No. cycle stores; vehicular junctions and internal road, cycle and pedestrian network; 357 No. car parking spaces, of which 182 No. are on-street/at-grade and 175 No. are proposed in the podium/under croft car park area at Blocks 5, 6 and 7; 7 No. vehicular set down bays; bus stand; cycle parking (including 5 No. as standalone single-storey plant and cycle store buildings, and 2 No. as cycle stores beneath the 'Farmer's Access Bridge'); plant, including at rooftop; bin storage areas; hard and soft landscaping, including boundary treatments; private amenity spaces (as balconies and terraces facing all aspects); boundary treatments; public lighting; 6 No. sub-stations (including 1 No. as a double sub-station); rooftop lift overruns; rooftop PV arrays; and all associated site and development works above and below ground.","address":"A site of approximately 5.12 Ha in the townlands of Gollierstown and Finnstown, south-west of Lucan, Co Dublin","authority":"South Dublin County Council","planning_url":"https://planning.agileapplications.ie/southdublin/application-details/68092","footprint_source":"estimated — rectangle sized from the unit count; NPAD has no site boundary","centroid":[-6.47227,53.33841],"water":{"connected":false,"distance_to_network_m":98.1,"route_length_m":122.6,"est_cost_eur":110340,"required_main_mm":250,"avg_daily_demand_m3":358.8},"transport":{"class":"rail","nearest_stop_m":177,"nearest_stop_id":"osm:11758805202","nearest_frequent_stop_m":177,"nearest_frequent_stop_id":"osm:11758805202","nearest_rail_name":"Unnamed station","nearest_rail_m":336,"residents":2392,"peak_pt_trips":100,"proposed_route_id":null},"schools":{"primary_pupils":177,"secondary_pupils":106,"nearby_primary":3,"nearby_secondary":2,"nearby_school_ids":["osm:58698009","osm:110801123","osm:315141607","osm:46427939","osm:493240130"],"worst_pressure_ratio":1.192,"pressure_flag":"critical"},"scores":{"water":32.3,"transport":20.0,"schools":100,"overall":80.3}}},{"type":"Feature","geometry":{"type":"Polygon","coordinates":[[[-6.46051,53.42114],[-6.46369,53.42167],[-6.4651,53.41864],[-6.46193,53.41811],[-6.46051,53.42114]]]},"properties":{"app_id":"MCC-2460709","num_units":853,"dev_type":"residential","status":"granted","received_date":"2024-09-06","description":"a 10 year Planning Permission of a Large-Scale Residential Development on a site of\r\napprox 21.9 ha in total and 15.74 ha net developable area respectively, at Lands at Station Road (L2228) and Old Navan Road (R147), Dunboyne, Co.\r\nMeath in the townlands of Dunboyne, Clonee, Castle Farm and Loughsallagh.\r\nThe principle application site is generally bounded by Station Road (L2228) to the south, Dunboyne Train Station and the Iarnród Éireann rail line to\r\nthe West, a cluster of detached houses to the south east, greenfield lands to north and east. The application includes also modifications to 2 no.\r\nroundabouts on the Old Navan Road, (R147). Development comprises: -\r\na) Construction of 853 no. residential units as follows:\r\n1) 398 no. Apartment Units in 3 no. 1-6 storey blocks (A-C) consisting of 121 no. 1-bedroom apartments; 258 no. 2-bedroom apartments; and 19\r\nno. 3-bedroom apartments. All apartment units will be provided with private open space areas in the form of balconies/terraces.\r\n2) 112 no. Duplex Units in 6 no. 2-4 storey blocks (D-H) consisting of 60 no. 2-bedroom units, 52 no. 3-bedroom units. All duplex units will be\r\nprovided with private open space areas in the form of balconies/terraces.\r\n3) 343 no. 1-3 storey houses consisting of 4 no. 2-bedroom units, 308 no. 3-bedroom units, 31 no. 4-bedroom units. ....TBC","address":"Station Road (L2228) and Old Navan Road (R147) , Dunboyne Co. Meath , townlands of Dunboyne Clonee Castle Farm and Loughsallagh","authority":"Meath County Council","planning_url":"http://www.eplanning.ie/MeathCC/AppFileRefDetails/2460709/0","footprint_source":"estimated — rectangle sized from the unit count; NPAD has no site boundary","centroid":[-6.46281,53.41989],"water":{"connected":false,"distance_to_network_m":193.5,"route_length_m":241.9,"est_cost_eur":217710,"required_main_mm":250,"avg_daily_demand_m3":345.5},"transport":{"class":"rail","nearest_stop_m":358,"nearest_stop_id":"osm:854803750","nearest_frequent_stop_m":467,"nearest_frequent_stop_id":"osm:7430619569","nearest_rail_name":"Unnamed station","nearest_rail_m":320,"residents":2303,"peak_pt_trips":97,"proposed_route_id":null},"schools":{"primary_pupils":171,"secondary_pupils":102,"nearby_primary":3,"nearby_secondary":1,"nearby_school_ids":["osm:50638572","osm:613578096","osm:852235655","osm:50638573"],"worst_pressure_ratio":1.264,"pressure_flag":"critical"},"scores":{"water":44.2,"transport":19.9,"schools":100,"overall":81.9}}},{"type":"Feature","geometry":{"type":"Polygon","coordinates":[[[-6.42411,53.33134],[-6.42407,53.33307],[-6.4287,53.3331],[-6.42873,53.33137],[-6.42411,53.33134]]]},"properties":{"app_id":"SDCC-SDZ24A/0029W","num_units":660,"dev_type":"mixed","status":"granted","received_date":"2025-06-09","description":"Cairn Homes Properties Limited intend to apply for a 7 year planning permission for development at a site of c.15.6 hectares (on two land parcels) known as 'Development Area 9' Kishoge South East, Sub Sectors KSE-S1 and KSE-S2, Clonburris SDZ, within the townland of Kishoge, Clonburris, Dublin 22. The site is principally bounded by the Dublin-Cork railway line to the north, the Grand Canal to the south, the Grange Castle Road (R136) to the south-west and undeveloped lands to the north-west and east. The development will consist of the construction of a mixed-use development, which includes 660 no. residential units comprising: • 264 no. semi-detached and terraced houses (7 No. 2 bed 4 person houses, 238 No. 3 bed houses and 19 No. 4 bed houses), ranging in height from 2 to 3 storeys. • 68 No. duplex apartment units (34 no. 2 bed 4 person units and 34 no. 3 bed units), arranged across 6 No. duplex blocks, ranging\r\nin height from 2 to 3 storeys; • 328 no. apartments (165 no. 1 bed units, 30 no. 2 bed 3 person units, 133 no. 2 bed 4 person units), arranged across 7 No. apartment blocks (Blocks 1, 2, 3, 4, 5a, 5b and 5c), ranging in height from 4 to 6 storeys; and • A creche (c. 615 sq m) at ground floor level within Block 4. The development will also include a Local Node at 'Clonburris Little' which includes the provision of a double-height Park Hub building (c. 8m in height) comprising c. 1,558 sq m of community floorspace, including a sports hall/place of\r\nassembly, multi-purpose spaces, changing rooms, a café, storage areas, staff and visitor amenity areas and other ancillary spaces. Vehicular access to the site will be from the Clonburris Southern Link Street (as permitted by Reg. Ref. SDZ20A/0021) located centrally between Sub-Sectors KSE-S1 and KSE-S2. The development will also consist of the provision of c.11,049 sq m of public open spaces and associated\r\nlandscaping (including a section of Grand Canal Park, a local park and pockets parks); communal open spaces; private open\r\nspace (rear gardens, terraces and balconies); hard and soft landscaping (including internal roads, pedestrian and cyclist routes, pathways, hedgerows, boundary treatments and street furniture); play spaces with natural play elements; surface car parking (653 no. surface spaces in total, including accessible spaces); electric vehicle charging points; bicycle parking (long and short stay spaces including stands) and electric bicycle charging points; motorcycle parking; pedestrian and cyclist connections; routes ESB substations, piped infrastructural services and connections; ducting; plant; waste management provision; SuDS measures (including brown roofs/biodiverse\r\nroofs, ponds and wetland areas); solar panels; advertising signage; pedestrian crossings, public lighting; changes in levels and all site development and excavation works above and below ground.","address":"Development Area 9 Kishoge South East, Sub Sectors KSE-S1 and KSE-S2, Clonburris SDZ, within the townland of Kishoge, Clonburris, Dublin 22.","authority":"South Dublin County Council","planning_url":"https://planning.agileapplications.ie/southdublin/application-details/67205","footprint_source":"estimated — rectangle sized from the unit count; NPAD has no site boundary","centroid":[-6.4264,53.33222],"water":{"connected":false,"distance_to_network_m":71.5,"route_length_m":89.3,"est_cost_eur":62510,"required_main_mm":200,"avg_daily_demand_m3":267.3},"transport":{"class":"rail","nearest_stop_m":234,"nearest_stop_id":"osm:13289350722","nearest_frequent_stop_m":373,"nearest_frequent_stop_id":"osm:11037816658","nearest_rail_name":"Unnamed station","nearest_rail_m":354,"residents":1782,"peak_pt_trips":75,"proposed_route_id":null},"schools":{"primary_pupils":132,"secondary_pupils":79,"nearby_primary":9,"nearby_secondary":9,"nearby_school_ids":["osm:4420684271","osm:4420684272","osm:46769580","osm:81796961","osm:315141612","osm:440879155","osm:448741493","osm:726997628","osm:878047917","osm:4310122325","osm:46427939","osm:52117339","osm:111218825","osm:187406455","osm:285234752","osm:493240130","osm:672028343","osm:1185809481"],"worst_pressure_ratio":1.108,"pressure_flag":"watch"},"scores":{"water":28.9,"transport":18.8,"schools":65.8,"overall":54.6}}},{"type":"Feature","geometry":{"type":"Polygon","coordinates":[[[-6.42676,53.2768],[-6.42704,53.27846],[-6.43147,53.27819],[-6.43119,53.27653],[-6.42676,53.2768]]]},"properties":{"app_id":"SDCC-LRD25A/0012W","num_units":611,"dev_type":"residential","status":"granted","received_date":"2025-12-11","description":"Kelland Homes Ltd. and Evara Developments Ltd. wish to apply for permission for a Large-scale Residential Development (LRD) on a site located at Boherboy, Saggart, County Dublin. To the immediate north of the site is the Carrigmore residential estate, to the west are agricultural lands and a single dwelling, to the east is the Corbally residential estate and Carrigmore Park, while to the south is the Boherboy Road.  The proposed development consists of 611 no. dwellings, comprised of 306 no. 2, 3, 4 & 4-5 bed, 2 & 3 storey, detached, semi-detached & terraced houses, 133 no. 1, 2 & 3 bed duplex units in 12 no. 2-3 storey blocks, and 172 no. 1, 2 & 3 bed apartments in 5 no. buildings ranging in height from 4-5 & 5 storeys. The proposed development also includes a 2-storey crèche (c.630m²).  Access to the development will by via one no. new vehicular access point from the Boherboy Road, along with new vehicular connections to adjoining developments at Corbally Heath to the east and Carrigmore Green to the north. Ten no. houses in the south-eastern part of the site will be accessed from Corbally Glade to the east. The proposed development includes for pedestrian and cyclist connections throughout the proposed development and accesses into adjoining lands at Carrigmore Park, Corbally Heath and Corbally Glade to the east and Carrigmore Green to the north.  Private amenity space for the residential units is provided in the form of rear gardens for houses and ground floor terraces / upper floor balconies for apartments and duplex units. The proposed development provides for a total of c.2.3Ha of public open space, and c.4,750sq.m of communal open space associated with proposed development.  The proposed development also provides for (i) all associated site development works above and below ground, including surface water attenuation & an underground foul sewerage pumping station at the northern end of the site, (ii) public open spaces (c.2.3Ha), (iii) communal open spaces (c.4,750sq.m), (iv) hard & soft landscaping and boundary treatments, (v) surface car parking (861 no. car parking spaces), (vi) bicycle parking (711 no. bicycle parking spaces), (vii) bin & bicycle storage, (viii) diversion of all existing overhead ESB lines underground, (ix) public lighting, and (x), plant / PV panels (M&E), utility services & 8 no. ESB sub-stations, all on an overall application site area of c.18.7Hha. In accordance with the South Dublin County Development Plan (2022-2028), an area of c.1.03Ha within the site is reserved as a future school site.","address":"Townland of Boherboy, Saggart, Co. Dublin.","authority":"South Dublin County Council","planning_url":"https://planning.agileapplications.ie/southdublin/application-details/69484","footprint_source":"estimated — rectangle sized from the unit count; NPAD has no site boundary","centroid":[-6.42912,53.27749],"water":{"connected":false,"distance_to_network_m":189.2,"route_length_m":236.5,"est_cost_eur":165550,"required_main_mm":200,"avg_daily_demand_m3":247.5},"transport":{"class":"rail","nearest_stop_m":446,"nearest_stop_id":"osm:4452653691","nearest_frequent_stop_m":633,"nearest_frequent_stop_id":"osm:1425052336","nearest_rail_name":"Unnamed station","nearest_rail_m":809,"residents":1650,"peak_pt_trips":69,"proposed_route_id":null},"schools":{"primary_pupils":122,"secondary_pupils":73,"nearby_primary":4,"nearby_secondary":2,"nearby_school_ids":["osm:441909998","osm:1006524109","osm:1034273767","osm:1034273768","osm:124180540","osm:448097139"],"worst_pressure_ratio":1.257,"pressure_flag":"critical"},"scores":{"water":43.6,"transport":18.4,"schools":100,"overall":81.6}}},{"type":"Feature","geometry":{"type":"Polygon","coordinates":[[[-6.40622,53.33273],[-6.40799,53.33399],[-6.41135,53.3323],[-6.40958,53.33104],[-6.40622,53.33273]]]},"properties":{"app_id":"SDCC-SDZ22A/0018","num_units":594,"dev_type":"mixed","status":"granted","received_date":"2023-10-06","description":"Construction of a mixed-use development comprising 594 apartments, office floorspace, 4 retail units, a creche and urban square in the Clonburris Development Areas CUCS3 & CSWS3 of the Clonburris SDZ Planning Scheme 2019 as follows, 594 apartments (255 one bedroom apartments, 307 two bedroom apartments and 32 three bedroom apartments (all apartments to have terrace or balcony; ancillary communal amenity spaces for residents) as follows; Block A (4 and 6 storeys with undercroft) comprises 96 apartments consisting of 36 one bedroom apartments, 48 two bedroom apartments and 12 three bedroom apartments (with creche c. 609sq. m at ground and first floor as well as play area; Block B (6 storeys with undercroft) comprises 77 apartments consisting of 44 one bedroom apartments, 28 two room apartments and 5 three bedroom apartments; Block D (5 and 7 storeys with undercroft) comprises 71 apartments consisting of 39 one bedroom apartments and 32 two bedroom apartments; Block E (6 storeys with undercroft) comprises 100 apartments consisting of 47 one bedroom apartments, 48 two bedroom apartments and 5 three bedroom apartments; Block F (5 and 7 storeys with undercroft) comprises 124 apartments consisting of 57 one bedroom apartments, 61 two bedroom apartments and 6 three bedroom apartments; Block G (1, 2 and 4 storeys with undercroft) comprises 65 apartments consisting of 16 one bedroom apartments, 45 two bedroom apartments and 4 three bedroom apartments; Block H (4 storeys with undercroft) comprises 61 apartments consisting of 16 one bedroom apartments and 45 two bedroom apartments; Mixed use development comprising, commercial office development in Block C of 6 storeys with parapet above to 7 storey equivalent on elevations (c. 4,516sq.m), 1 retail unit at ground floor of Block B (c.147.5sq. m) and 3 retail units at ground floor of Block E as follows (c.106.2sq.m, c.141.6sq.m and c.492.2sq.m respectively) as well as a creche (c. 609sq. m) at ground floor and first floor of Block A; Vehicular access will be from the permitted Clonburris Southern Link Street (SDZ20A/0021) and R 113 to the east; Public Open Space/landscaping of c. 0.52 hectares (urban square) and linear open space (0.72 hectares) as well as a series of communal open spaces to serve apartments over undercroft level (and internal communal open space c. 685 sq.m; The development will also provide for all associated works and infrastructure to facilitate the development to include all ancillary site development works including footpaths, landscaping boundary treatments, public, private open space areas, car parking (396 no. spaces in a mixture of undercroft spaces Block A, Block B&D and Block E&F) and bicycle parking (1,232 spaces at undercroft and surface levels), single storey ESB substations/bike/bin stores, green roofs, solar panels at roof level of apartments, plant areas within blocks and all ancillary site development/construction works; Permission is also sought for connection to water supply, and provision of foul drainage infrastructure.\r\nThis application is being made in accordance with the Clonburris Strategic Development Zone Planning Scheme 2019 and relates to a proposed development within the Clonburris Strategic Development Planning Scheme Area ' as defined by Statutory Instrument No. 604 of 2015; An Environmental Impact Assessment Report accompanies this planning application.","address":"Within the townland of Cappagh, Clonburris, Dublin 22","authority":"South Dublin County Council","planning_url":"https://planning.agileapplications.ie/southdublin/application-details/63566","footprint_source":"estimated — rectangle sized from the unit count; NPAD has no site boundary","centroid":[-6.40879,53.33251],"water":{"connected":true,"distance_to_network_m":9.9,"route_length_m":0.0,"est_cost_eur":0,"required_main_mm":200,"avg_daily_demand_m3":240.6},"transport":{"class":"rail","nearest_stop_m":161,"nearest_stop_id":"osm:11410297223","nearest_frequent_stop_m":172,"nearest_frequent_stop_id":"osm:11410297222","nearest_rail_name":"Unnamed station","nearest_rail_m":184,"residents":1604,"peak_pt_trips":67,"proposed_route_id":null},"schools":{"primary_pupils":119,"secondary_pupils":71,"nearby_primary":10,"nearby_secondary":8,"nearby_school_ids":["osm:4310122328","osm:4420684271","osm:4420684272","osm:81796961","osm:434333643","osm:447906284","osm:448943397","osm:726997628","osm:878047917","osm:962008130","osm:4310122325","osm:52117339","osm:71330738","osm:111218825","osm:187406455","osm:285234752","osm:672028343","osm:1185809481"],"worst_pressure_ratio":1.078,"pressure_flag":"watch"},"scores":{"water":10.0,"transport":18.4,"schools":62.8,"overall":49.8}}},{"type":"Feature","geometry":{"type":"Polygon","coordinates":[[[-6.33511,53.31349],[-6.33531,53.31512],[-6.33966,53.31494],[-6.33946,53.31331],[-6.33511,53.31349]]]},"properties":{"app_id":"SDCC-LRD25A/0005W","num_units":588,"dev_type":"mixed","status":"granted","received_date":"2025-10-28","description":"i. The demolition of the former Chadwicks Builders Merchant development comprising 1 no. two storey office building and 9 no. storage/warehouse buildings ranging in height from 3m - 9.9m as follows: Building A (8,764 sq.m.), Building B (1,293 sq.m.), Building C (two-storey office building) (527 sq.m.), Building D (47 sq.m.), Building E (29 sq.m.), Building F (207 sq.m.), Building G (101 sq.m.), Building H (80 sq.m.), Building I (28 sq.m.), and Building J (44 sq.m.), in total comprising 11,120 sq.m.; (ii) the construction of a mixed-use residential and commercial development comprising 588 no. residential apartment units (291 no. one-beds, 238 no. two-beds and 59 no. three-beds), 1 no. 570.91 sq.m. (443 sq.m. indoor space)  childcare facility and  6 no. no. commercial/retail units in 4 no. blocks (A-D) ranging in height from 5 to 12 storeys as follows:  a. Block A comprises 170 no. apartments (103 no. 1 bed-units, 59 no. 2 bed-units and 8 no. 3- bed units) measuring 8 storeys in height.  b.   Block B comprises 197 no. apartments (89 no. 1 bed-units, 92 no. 2 bed-units and 16 no. 3 bed-units) measuring 10 storeys in height.  c.   Block C comprises 81 no. apartments (44 no. 1-bed units, 16 no. 2-bed units and 21 no. 3-bed units) measuring 12 storeys in height.  d.   Block D comprises 140 no. apartments (55 no. 1 bed-units, 71  no. 2 bed-units and 14 no. 3 bed-units) measuring 8 storeys in height.  All apartments will be provided with private balconies/terraces; (iii) provision of indoor communal residential amenity (614.14 sq.m.) at ground and first floors of Block A, B & C, ; (iv) the construction of 1 no. childcare facility comprising 443 sq.m. with dedicated outdoor play area (128 sq.m.) located at ground floor of Block B; (v) the construction of 6 no.  commercial units at ground floor level of Blocks A, B and D, and 1 no. commercial unit at first floor level of Block A as follows: Block A has 1 no. unit at ground floor comprising 455.8 sq.m. and 1 no. unit at first floor level comprising 160.79 sq.m., Block B has 1 no. unit at ground floor comprising 190.96 sq.m. and Block D has 4  no. units at ground floor comprising 361.6 sq.m., 232.3 sq.m., 238 sq.m. and 174.9 sq.m.; (vi) the construction of 4 no. vehicular entrances; a primary entrance via vehicular ramp from the north (access from Greenhills Road) and  3 no. secondary entrances from the south for access, emergency access and services (access from the existing road to the south of the site) with additional pedestrian accesses proposed along Greenhills Road; (vii) provision of 270 no. car parking spaces comprising 240 no. standard spaces (including 6 no. car club spaces) and 13 no. mobility spaces, and 8 no. motorbike spaces located at surface level and within undercroft car parks within Blocks A, B , C and D, 17 no. commercial/ unloading/ drop-off parking spaces at ground level; (viii) provision of 1,269 no. bicycle parking spaces comprising 952 no. residents' bicycle spaces, 10 no. cargo/accessible bicycle spaces in 14 no. bicycle storerooms in surface and undercroft parking areas and 307 no. visitors' bicycle spaces located externally at ground floor level throughout the development; (ix) provision of outdoor communal amenity space (3,130.3 sq.m) comprising landscaped courtyards that include play areas, seating areas, grass areas, planting and scented gardens located on podiums at first floor level; provision of communal amenity roof gardens in Block A & B with seating area and planting (746.1 sq.m.) and inclusion of centrally located public open space (6,650 sq.m.) adjacent to Blocks A, B, C and D comprising grassed areas, planting, seating areas, play areas, water feature, flexible use space and incidental open space/public realm; (x) provision of toucan crossing and all associated road markings and signage from the subject site to a new footpath on northern side of Greenhills Road; (xi) development also includes landscaping and infrastructural works, foul and surface water drainage, bin storage, ESB substations, plant rooms, pv panels, boundary treatments, internal roads, cycle paths and footpaths and all associated site works to facilitate the development. This application is accompanied by an Environmental Impact Assessment Report (EIAR).","address":"Lands located at the former Chadwicks Builders Merchant site, South of Greenhills Road, North of the existing access road serving Greenhills Industrial Estate,, Greenhills Industrial Estate, Walkinstown, Dublin 12, D12 HD51, D12 N523,, D12 C602","authority":"South Dublin County Council","planning_url":"https://planning.agileapplications.ie/southdublin/application-details/68254","footprint_source":"estimated — rectangle sized from the unit count; NPAD has no site boundary","centroid":[-6.33738,53.31422],"water":{"connected":false,"distance_to_network_m":56.4,"route_length_m":70.5,"est_cost_eur":49350,"required_main_mm":200,"avg_daily_demand_m3":238.1},"transport":{"class":"frequent_bus","nearest_stop_m":224,"nearest_stop_id":"osm:6393275329","nearest_frequent_stop_m":426,"nearest_frequent_stop_id":"osm:5629164760","nearest_rail_name":"Unnamed station","nearest_rail_m":1440,"residents":1588,"peak_pt_trips":67,"proposed_route_id":null},"schools":{"primary_pupils":118,"secondary_pupils":71,"nearby_primary":5,"nearby_secondary":13,"nearby_school_ids":["osm:122817901","osm:136754300","osm:136754644","osm:170319229","osm:276356071","osm:7839824","osm:8053294","osm:11842089","osm:53115553","osm:57706549","osm:119046747","osm:119895891","osm:122817902","osm:285824683","osm:319648024","osm:489403428","osm:498131349","osm:699773875"],"worst_pressure_ratio":1.198,"pressure_flag":"critical"},"scores":{"water":27.1,"transport":38.4,"schools":100,"overall":82.1}}},{"type":"Feature","geometry":{"type":"Polygon","coordinates":[[[-6.41566,53.33141],[-6.41605,53.333],[-6.42029,53.33263],[-6.4199,53.33104],[-6.41566,53.33141]]]},"properties":{"app_id":"SDCC-SDZ23A/0018","num_units":565,"dev_type":"residential","status":"granted","received_date":"2023-11-01","description":"7 year Planning Permission for development at site of c. 13.75 hectares (on 2 parcels of land consisting of construction of 565 dwellings (mixture of apartments, duplex apartments and houses) in the Clonburris Development Areas CSW-S1 & CSW-S2 of the Clonburris SDZ Planning Scheme 2019 as follows a) 230 houses comprising 1 two bedroom house, 217 three bedroom houses and 12 four bedroom houses, all 2 storey (house types H3, H4, H4S, H5, H6 - 3 no. storeys) comprising semi-detached, terraced, end terrace units (with parking, solar panels and private open space); b) 216 duplex apartments/apartments comprising 108 two bedroom units and 108 three bedroom units, in 20 no. 3 no. storey buildings (in a series of 4, 6, 7, 8 & 9 terraced blocks); c) 119 apartments as follows: Block 81 (4 storeys) consists of 72 apartments (33 one bedroom & 39 two bedroom apartments); Block 82 (4 storeys) consists of 47 apartments (17 one bedroom apartments & 30 two bedroom apartments (all apartments to have terrace or balcony); d) Vehicular access will be from the permitted Clonburris Southern Link Street (SDZ20A/0021) and R113 to the east; e) Public Open Space/landscaping of c. 3 hectares (to include Grand Canal Park along the southern boundary of the site to connect to existing Grand Canal towpath) as well as a series of communal open spaces to serve apartments and duplex units; f) The development will also provide for all associated works and infrastructure to facilitate the development to include all ancillary site development works including footpaths, landscaping boundary treatments, public, private open space areas, car parking (675 spaces) and bicycle parking (998 spaces), single storey ESB substations/bike/bin stores, green roofs and solar panels at roof level of apartments, and all ancillary site development / construction works; g) Permission is also sought for provision of and connection to water supply foul drainage infrastructure; This application is being made in accordance with the Clonburris Strategic Development Zone Planning Scheme 2019 all on wider lands bounded generally by the Dublin-Cork railway line to the north, the Grand Canal to the south, and undeveloped lands to the east and west and relates to a proposed development within the Clonburris Strategic Development Planning Scheme Area, as defined by Statutory Instrument No. 604 of 2015; An Environmental Impact Assessment Report accompanies this planning application.","address":"Within the townland of Cappagh and Clonburris Litte, Clonburris, Co. Dublin","authority":"South Dublin County Council","planning_url":"https://planning.agileapplications.ie/southdublin/application-details/64278","footprint_source":"estimated — rectangle sized from the unit count; NPAD has no site boundary","centroid":[-6.41798,53.33202],"water":{"connected":true,"distance_to_network_m":7.3,"route_length_m":0.0,"est_cost_eur":0,"required_main_mm":200,"avg_daily_demand_m3":228.8},"transport":{"class":"rail","nearest_stop_m":30,"nearest_stop_id":"osm:13289350720","nearest_frequent_stop_m":446,"nearest_frequent_stop_id":"osm:13283066079","nearest_rail_name":"Unnamed station","nearest_rail_m":785,"residents":1526,"peak_pt_trips":64,"proposed_route_id":null},"schools":{"primary_pupils":113,"secondary_pupils":68,"nearby_primary":12,"nearby_secondary":8,"nearby_school_ids":["osm:4310122328","osm:4420684271","osm:4420684272","osm:46769580","osm:81796961","osm:315141612","osm:434333643","osm:440879155","osm:448741493","osm:726997628","osm:878047917","osm:962008130","osm:4310122325","osm:46427939","osm:52117339","osm:111218825","osm:187406455","osm:285234752","osm:672028343","osm:1185809481"],"worst_pressure_ratio":1.108,"pressure_flag":"watch"},"scores":{"water":10.0,"transport":18.2,"schools":65.8,"overall":52.0}}},{"type":"Feature","geometry":{"type":"Polygon","coordinates":[[[-6.23197,53.34647],[-6.22933,53.34651],[-6.22944,53.34904],[-6.23208,53.349],[-6.23197,53.34647]]]},"properties":{"app_id":"DCC-DSDZ4146/24","num_units":550,"dev_type":"mixed","status":"granted","received_date":"2024-08-13","description":"Permission for development to construct a two-phase mixed-use residential and commercial scheme, which will consist of: the construction of a residential scheme arranged in 3 No. blocks (identified as Blocks A, B and C) ranging in height from 6 No. to 25 No. storeys over a double-level basement (with ancillary facilities); and an amendment to a previously-permitted 8-storey commercial block (that formed one of the three commercial blocks in permission Reg. Ref. DSDZ5296/22) identified as Block No. 3 over three levels of basement on a site of 1.24ha forming part of a larger site identified as City Block No. 9, North Wall Quay, Dublin 1. The subject site is primarily bounded by: Mayor Street Upper to the north; North Wall Quay to the south; North Wall Avenue to the east; and the residual City Block No. 9 lands of 0.69ha to the west. The Application relates to a proposed development within a Strategic Development Zone Planning Scheme area (North Lotts and Grand Canal Dock SDZ). For the purposes of identification, the Applicant references this proposal as Scheme No. 16. The earlier commercial permission (Reg. Ref. DSDZ5296/22), which this proposal seeks to amend in part, is referenced as Scheme No. 9. That commercial permission also included two other commercial blocks (Block Nos. 1 and 2), which are not affected by this proposal. (Block 2 is currently under construction.) (Scheme No. 9 amended earlier permissions: Scheme No. 7 (Reg. Ref. DSDZ2103/21); Scheme No. 6 (Reg. Ref. DSDZ3042/19); Scheme No. 5 (Reg. Ref. DSDZ3780/17); and Scheme No. 4 (Reg. Ref. DSDZ3779/17). Subsequentially, Scheme No. 9 was partially amended in relation to commercial Block No. 2 (only) by two mutually-exclusive Permissions: Scheme No. 10 (Reg. Ref. DSDZ4208/23); and Scheme No. 11 (Reg. Ref. DSDZ4408/23). Scheme No. 11 (Reg. Ref. DSDZ4408/23) was subsequentially amended by Scheme No. 14 (Reg. Ref. DSDZ3552/24).) A previous permission (Scheme No. 7 (Reg. Ref. DSDZ2103/21)) permitted the construction of a three-level basement structure beneath commercial Block Nos. 1, 2 and 3. Scheme No. 9 (Reg. Ref. DSDZ5296/22) permitted a three-level basement beneath commercial Block No. 2 while amending the basement structures beneath Block Nos. 1 and 3, from a single shared three-level basement with Block No. 2 to two separate two-level basements – abutting the three-level basement of Block No. 2. 1) The development will consist of the construction of new build and amendments to earlier permissions (as appropriate, with amendment of Scheme No. 6 (Reg. Ref. DSDZ3042/19) at basement levels; the permitted Commercial Block No. 3 at all levels; the permitted vehicular ramp from North Wall Avenue; and the permitted Commercial Block No. 3 from Scheme No. 9 (Reg. Ref. DSDZ5296/22)) comprising: construction of 550 No. residential units in 3 No. blocks (identified as Blocks A, B and C) (with the provision of private amenity space on all elevations, balconies provided across all blocks, and with winter gardens on the Block C tower), comprising: Block A (6 No. to 8 No. storeys (including roof level terraces and extended access core) with 89 No. units (an apartment mix of: 15 No. studio apartments; 29 No. 1-bed; and 45 No. 2-bed units) with residential amenity at Ground Floor Level 00; and landscaped terraces at Roof Level 06 and Roof Level 08); Block B (6 No. to 12 No. storeys (including roof level terraces and extended access core) with 235 No. units (an apartment mix of: 75 No. studio apartments; 45 No. 1-bed; and 115 No. 2-bed units) with bike co-operative at Ground Floor Level 00; lounge/dining space and gym reception at Ground Floor Level 00; 1 No. padel ball court at Roof Level 06; and landscaped terraces at Roof Levels 06, 07 and 08); and Block C (7 No. (plus 1 storey setback) to 25 No. storeys (including roof level terraces and extended access core) with 226 No. units (an apartment mix of: 35 No. studio apartments; 64 No. 1-bed; and 127 No. 2-bed units), with: concierge/ lounge at Ground Floor Level 00; co-work space at Ground Floor Level 00; library at Ground Floor Level 00; residential amenity landscaped terrace at Roof Level 08; shared kitchen/dining at Twenty Third Floor Level 23; publicly-accessible licensed bar/restaurant (301 sq m) and associated accessible terrace at Twenty Fourth Floor Level 24; and publicly-accessible landscaped terrace at Roof Level 25). 2) Construction of a double-level basement (16,628 sq m) (Basement Level -01 (8,335 sq m) and Basement Level -02 (8,293 sq m)) beneath Residential Blocks A, B and C accommodating: 805 No. bicycle parking spaces (including 33 No. oversized bicycle parking spaces and 4 No. Staff bicycle parking spaces); 208 No. car parking spaces (including 10 No. accessible car parking spaces and 104 No. EV charging car parking spaces of which 8 No. spaces are designated as car-sharing spaces) accessed by the shared vehicular ramp from North Wall Avenue; 2 No. padel ball courts (418 sq m) at Basement Level -02; gym (851sq m) at Basement Level -01 accessed from gym reception (57 sq m) at Ground Floor Level 00 of Block B; amenity cinema (116 sq m) at Basement Level -01; games’ room (129 sq m) at Basement Level -01 accessed from games’ room reception (111 sq m) at Ground Floor Level 00 of Block B; bin storage, waste and compactor (209 sq m); delivery depot (34 sq m); and gas meter room (36 sq m). 3) Amendment to the permitted Commercial Block No. 3 (permitted under Scheme No. 9) comprising: construction of an additional Basement Level -03 to accommodate the relocation of the previously-permitted 32 No. car parking spaces (including 4 No. EV spaces and 2 No. accessible spaces) and 2 No. motorbike parking spaces from permitted Basement Level -02 to proposed Basement Level -03, and the relocation of waste storage, plant and ancillary elements from permitted Basement Level -02 to proposed Basement Level -03 (as noted above, Scheme No. 7 (Reg. Ref. DSDZ2103/21) had permitted a third level of Basement under Block No.3, but it was omitted by Scheme No. 9 (Reg. Ref. DSDZ5296/22)); addition of an attenuation tank below proposed Basement Level -03; amendments to the vehicular ramp from North Wall Avenue permitted under Scheme No. 9 (Reg. Ref. DSDZ5296/22) so that the ramp will access Basement Level -01 and Basement Level -02 of the proposed residential element of the proposed Scheme (outlined above) and the proposed Basement Level -03 of Commercial Block No. 3, and the relocation of the vehicular ramp by 1.5 m to the north at Ground Floor Level 00; increase in the provision of bicycle parking by 50 No. spaces from the 168 No. permitted to 218 No. at proposed Basement Level -02; change of use from part of permitted basement level car park to commercial office floor space (489 sq m) (lit by lightwell from Ground Level 00 down to Basement Level -02) at proposed Basement Level -02; extension of Basement Level -02 through to Fifth Floor Level 05 to the east; relocation of internal vertical columns to align with revised building configuration from Basement Level -02 to Eight Floor Level 08; increase of commercial office floor space by 201 sq m from the 1,455 sq m permitted to 1,656 sq m at proposed Lower Ground Floor -01; alteration of the internal Ground Floor Level 00 from 4.5m OD to 4.2m OD for office floor (including cores) to 4.1m OD for retail space and 4.25m OD for the ESB Substation to align with Block No. 2 as permitted by Scheme No. 9 (Reg. Ref. DSDZ5296/22) as amended by Scheme No. 11 (Reg. Ref. DSDZ4408/23) as amended by Scheme No. 14 (Reg. Ref. DSDZ3552/24), which is currently under construction; lowering of external levels at Ground Floor Level 00 by 0.3m from 4.5m OD to 4.2m OD; alterations to and reconfiguration of Core 01 including relocation to the eastern façade; extension of Ground Floor Level 00 to the west; alterations to external doors, lightwells and vents along the new eastern and western laneway and North Wall Quay, including addition of lightwells at Ground Floor Level 00 at the north-east, south and west facades, inter alia to provide improved daylight to lower levels; relocation of ESB substation and switchrooms at Ground Floor Level 00 northward along the new western laneway with alterations to the ESB substation façade, as per ESB compliance requirements, replacing permitted bike lifts and associated lobby; relocation of bike lifts and associated lobby southwards along the new western laneway, replacing the permitted ESB substation and switchooms; addition of decorative screen to the ESB substation and bike lift associated lobby at Ground Floor Level 00; addition of 4 No. visitor bicycle parking spaces from 8 No. to 12 No. (including 2 No. cargo bicycle parking spaces) externally at Ground Floor Level 00; increase in the entrance height at Ground Floor Level 00 along the southern elevation by 4.2m resulting in a reduction in the Second Floor Level 02 office space by 79 sq m; increase in floor-to-floor levels from 4.2m to 4.575m at Fourth Floor Level 04 and Fifth Floor Level 05, respectively, to allow for the provision of amenity terraces; extension of Fifth Floor Level 05 to the north; increase in height of parapets by 0.3m from the permitted 1.5m to 1.8m from finished floor level at Fifth Floor Level 05 and Sixth Floor Level 06, respectively (for improved wind protection on the terraces); extension of Fifth Floor Level 05 through to Eight Floor Level 08 to the east; extension of Sixth Floor Level 06 to the east to align to floors below; omission of Sixth Floor Level 06 southern amenity terrace including the extension of the Sixth Floor Level 06 office floor to the south; extension of Seventh Floor Level 07 and Eight Floor Level 08 to the south; provision of an additional setback storey of 4.575m at Ninth Floor Level 09, setback from the southern façade facing the River Liffey, resulting in an overall increase in height from the permitted 43.625m OD to 48.975m OD; alterations to plant, plant screens","address":"City Block 9, North Wall Quay, Dublin 1","authority":"Dublin City Council","planning_url":null,"footprint_source":"estimated — rectangle sized from the unit count; NPAD has no site boundary","centroid":[-6.2307,53.34776],"water":{"connected":false,"distance_to_network_m":50.8,"route_length_m":63.5,"est_cost_eur":44450,"required_main_mm":200,"avg_daily_demand_m3":222.8},"transport":{"class":"rail","nearest_stop_m":63,"nearest_stop_id":"osm:9933585412","nearest_frequent_stop_m":155,"nearest_frequent_stop_id":"osm:1163627564","nearest_rail_name":"Unnamed station","nearest_rail_m":114,"residents":1485,"peak_pt_trips":62,"proposed_route_id":null},"schools":{"primary_pupils":110,"secondary_pupils":66,"nearby_primary":6,"nearby_secondary":12,"nearby_school_ids":["osm:121392322","osm:523452304","osm:676382216","osm:1011911952","osm:1113176528","osm:1392725342","osm:616479730","osm:12260783883","osm:13922852201","osm:23977325","osm:36933600","osm:70799689","osm:112791879","osm:157621730","osm:289868576","osm:295383496","osm:523444980","osm:657665884"],"worst_pressure_ratio":1.043,"pressure_flag":"watch"},"scores":{"water":26.4,"transport":18.1,"schools":59.3,"overall":49.4}}},{"type":"Feature","geometry":{"type":"Polygon","coordinates":[[[-6.21368,53.33833],[-6.2112,53.33884],[-6.21257,53.34122],[-6.21504,53.34071],[-6.21368,53.33833]]]},"properties":{"app_id":"DCC-WEBPWSDZ5859/25","num_units":542,"dev_type":"mixed","status":"granted","received_date":"2025-12-03","description":"Pembroke Beach DAC intend to apply for planning permission for development, comprising modifications to a permitted mixed-use residential development (referred to as 'Phase 2'). The subject lands are c. 1.41 ha and are identified as being within the A1 Lands in the Poolbeg West Strategic Development Zone (SDZ) Planning Scheme (April 2019). The wider site also includes the lands known as the Former Irish Glass Bottle & Fabrizia Sites, Poolbeg West, Dublin 4.\r\n \r\nThe proposed development comprises modifications to the permitted development (Planning Reference PWSDZ3700/24, as amended by Planning Reference WEBPWSDZ2596/24 and WEBPWSDZ1571/25) to increase the overall number of permitted apartments from 542 no. apartment units to 586 no. apartment units, across Block D (D1 and D2) and Block E (E1, E2, and E2A). \r\n\r\nThe proposed modifications consist of the: Reconfiguration of floor plans to accommodate a revised mix of apartment types within Blocks D and E (the permitted scheme comprises 542 no. apartment units, consisting of 237 no. 1-bed, 257 no. 2-bed, and 48 no. 3-bed apartments; the proposed scheme comprises 586 no. apartment units, consisting of 11 no. studio, 257 no. 1-bed, 299 no. 2-bed, and 19 no. 3-bed apartments). Blocks D1, D2, E1, and E2 will increase by a cumulative total of c. 2,272 sq m GFA to accommodate the reconfigured floor plans; Revisions to the floor areas of the ground floor uses including inter alia crèche, health centre, retail units, substations, and bin stores within Blocks D and E, necessitated by the floor plan reconfigurations; Revisions to the articulation of the facades of Blocks D and E, including the relocation and resizing of windows and balconies to align with the reconfigured floor plans, changes to balcony materials to improve balcony variety (the permitted scheme comprises exclusively glass balustrade balconies; the proposed scheme introduces a mix of glass balustrade and metal railing balconies), and revisions to the colours of bricks and other materials used to articulate the facades; Expansion of the basement by c. 2,583 sq m to the northwest to accommodate the parking requirements of the proposed increased quantum of units (the permitted basement GFA is c. 9,550 sq m; the proposed basement GFA is c. 12,133 sq m); Revisions to basement floor levels to improve head heights and to facilitate connection to the basement of the adjacent hotel site (the basement's lowest floor level will remain 2.0 m OD); Provision of additional car and bicycle parking at basement level to accommodate the proposed increase quantum of units (the permitted basement comprises 129 no. car parking spaces and 926 no. cycle parking spaces; the proposed basement comprises 280 no. car parking spaces and 955 no. cycle parking spaces); Revisions to the courtyard layouts of Blocks D and E to accommodate the expansion of Blocks D1 and E1, and to incorporate additional ventilation grilles necessitated by the ventilation requirements of the expanded basement area; Revisions to the basement ramp access at podium-level on 'Ouzel Street' to facilitate clearance heights required for inter alia fire tender and refuse truck circulation; Revisions to the roof terraces and roof level SuDS features within Blocks D and E (the permitted scheme comprises 4,779 sq m of communal amenity space; the proposed scheme comprises 4,446 sq m; the scheme retains a provision above the minimum required by the Apartment Guidelines); Omission of 2 no. permitted single ESB substations and associated LV switch rooms located in Blocks E1 and E2A (one in E1 and one in E2A); Relocation of the single ESB substation and associated LV switch room, located centrally within Block E2 and fronting 'Glass Bottle Avenue', to the south-west corner of Block E2, facing Block E1. This includes the provision of substation access from 'Glass Bottle Avenue', in part amending 'Glass Bottle Avenue' as permitted under Planning Reference PWSDZ3207/21 (as amended); Revisions to the 'Neighbourhood Square' public realm to align with the adjacent permitted Hotel (Planning Reference WEBPWSDZ1571/25); Omission of Conditions 4, 5, and 6 of the Final Decision of Planning Reference PWSDZ3700/24, relating to the scheme's 'Build-to-Rent' units (the proposed scheme does not comprise any 'Build-to-Rent' units per the definition as set out in the Sustainable Urban Housing: Design Standards for New Apartments, Guidelines for Planning Authorities (March 2018)); and all other associated works above and below ground. A Natura Impact Statement (NIS) will be submitted to the planning authority with the application.","address":"The A1 Lands in the Pollbeg West Strategic Development Zone (SDZ) Planning Scheme, The wider site also includes the lands known as the Former Irish Glass Bottle & Fabrizia Sites, Poolbeg West, Dublin 4","authority":"Dublin City Council","planning_url":null,"footprint_source":"estimated — rectangle sized from the unit count; NPAD has no site boundary","centroid":[-6.21312,53.33978],"water":{"connected":true,"distance_to_network_m":45.3,"route_length_m":0.0,"est_cost_eur":0,"required_main_mm":200,"avg_daily_demand_m3":219.5},"transport":{"class":"frequent_bus","nearest_stop_m":122,"nearest_stop_id":"osm:1708336385","nearest_frequent_stop_m":471,"nearest_frequent_stop_id":"osm:12459348124","nearest_rail_name":"Unnamed station","nearest_rail_m":1235,"residents":1463,"peak_pt_trips":61,"proposed_route_id":null},"schools":{"primary_pupils":108,"secondary_pupils":65,"nearby_primary":7,"nearby_secondary":7,"nearby_school_ids":["osm:1603816530","osm:121392322","osm:129211845","osm:554985279","osm:588378995","osm:1011911952","osm:1344901563","osm:616479730","osm:13922852201","osm:23977325","osm:36933600","osm:51179789","osm:112791879","osm:523444980"],"worst_pressure_ratio":1.043,"pressure_flag":"watch"},"scores":{"water":10.0,"transport":38.0,"schools":59.3,"overall":49.9}}},{"type":"Feature","geometry":{"type":"Polygon","coordinates":[[[-6.35216,53.26622],[-6.34959,53.26622],[-6.34958,53.26868],[-6.35215,53.26869],[-6.35216,53.26622]]]},"properties":{"app_id":"SDCC-LRD24A/0007","num_units":523,"dev_type":"residential","status":"granted","received_date":"2024-09-24","description":"Capami Ltd. wishes to apply for a seven year planning permission for a Large Scale Residential Development (LRD) on a site measuring c.20.4Ha, located in the townlands of Bohernabreena, Oldcourt, and Killininny, Dublin 24. The development site is located to the east of\r\nBohernabreena Road, north and east of Bohernabreena cemetery, south and south-east of St. Anne's GAA club, south and south-west of the Dodderbrook residential estate, west of the Ballycullen Gate residential development (currently under construction) and west of Oldcourt Road (R113). The proposed development consists of 523 no. residential units comprised of 255 no. 2, 3 & 4 bed, 2 & 3 storey, detached, semi-detached and terraced houses, 206 no. 1, 2 & 3 bed duplex units in 20 no. 2 & 3 storey blocks, and 62 no. 1, 2 & 3 bed apartments in 7 no. 2-3 & 3-4 storey blocks (i.e. Blocks A, B2 & D, and 2 no. Blocks B1 & 2 no. Blocks C), along with a 2 storey childcare facility of c. 457sq.m. Private amenity space for the residential units is provided in the form of rear gardens for houses and ground floor terraces / upper floor balconies for apartments and duplex units. The proposed development provides for a total of c. 7.3Ha of public open space, and c. 5,505sq.m of communal open space associated with proposed residential units. Vehicular access to the development will be via 4 no. access points, as follows: (i) from the west of the site, via 2 no. accesses, located off Bohernabreena Road, (ii) from the\r\nnorth of the site, via 1 no. access at Dodderbrook Place, and (iii) from the east of the site, via Oldcourt Road (R113) and via adjoining residential development at Ballycullen Gate. The proposed development includes for pedestrian and cyclist connections and accesses throughout the proposed development and to adjoining lands to the north at Dodderbrook Avenue and to the north-west into St.\r\nAnne's GAA club. The proposed development includes the demolition of all existing structures on site, including 2 no. single storey dwellings and outbuildings/sheds (total demolition area: c. 4,152.06sq.m). The proposed development provides for (i) all associated site\r\ndevelopment works above and below ground, including 2 no. underground foul sewerage pumping stations, (ii) public open spaces (c. 7.3Ha), (iii) communal open spaces (c. 5,505sq.m), (iv) hard and soft landscaping and boundary treatments, (v) surface car parking (746 no. car parking spaces, including EV parking), (vi) bicycle parking (1,268 no. bicycle parking spaces), (vii) bin & bicycle storage, (viii)\r\npublic lighting, and (ix), plant / PV panels (M&E), utility services & 5 no. ESB sub-station/kiosks, all on an overall application site area of c.20.4Ha. An Environmental Impact Assessment Report (EIAR) and Natura Impact Statement (NIS) have been prepared in respect of the proposed development and accompany the application.","address":"Townlands of Bohernabreena, Oldcourt & Kilininny, Dublin 24.","authority":"South Dublin County Council","planning_url":"https://planning.agileapplications.ie/southdublin/application-details/66939","footprint_source":"estimated — rectangle sized from the unit count; NPAD has no site boundary","centroid":[-6.35087,53.26745],"water":{"connected":false,"distance_to_network_m":161.8,"route_length_m":202.3,"est_cost_eur":141610,"required_main_mm":200,"avg_daily_demand_m3":211.8},"transport":{"class":"frequent_bus","nearest_stop_m":526,"nearest_stop_id":"osm:13990283326","nearest_frequent_stop_m":526,"nearest_frequent_stop_id":"osm:13990283326","nearest_rail_name":"Unnamed station","nearest_rail_m":2735,"residents":1412,"peak_pt_trips":59,"proposed_route_id":null},"schools":{"primary_pupils":105,"secondary_pupils":63,"nearby_primary":4,"nearby_secondary":3,"nearby_school_ids":["osm:26163533","osm:41522876","osm:642983434","osm:881447600","osm:25939649","osm:41455651","osm:664237036"],"worst_pressure_ratio":1.12,"pressure_flag":"watch"},"scores":{"water":40.2,"transport":38.0,"schools":67.0,"overall":59.6}}},{"type":"Feature","geometry":{"type":"Polygon","coordinates":[[[-6.27032,53.3481],[-6.27283,53.34843],[-6.2737,53.34603],[-6.2712,53.3457],[-6.27032,53.3481]]]},"properties":{"app_id":"DCC-WEB1433/26","num_units":517,"dev_type":"mixed","status":"granted","received_date":"2026-02-26","description":"OBA Chancery Limited intends to apply for permission for development comprising amendments to development previously permitted under Reg. Ref. WEB2214/24 on a site of approx. 0.09 ha on lands at Fegan’s, 13 - 18 Chancery Street and 1 - 1a St. Michan’s Place, Dublin 7, D07 A275. The site is generally bounded by a Dublin City Council car park and multi-use games area to the north; Chancery Street to the south; 19-20 Chancery Street and St. Michan’s Place to the west; and adjacent site on St. Michan’s Street to the east.\r\nThe development will consist of amendments to the permitted development as follows: \r\na)\tMinor red line boundary adjustments with no resultant net loss or gain to the overall site area (0.09 ha). \r\nb)\tMinor increase of the building footprint along the eastern site boundary by approx. 22.6 sq m resulting in the minor extension and internal reconfiguration of the tourist hostel element of the development across all floor levels.\r\nc)\tMinor decrease of the building footprint along the northern site boundary by approx. 166 sq m resulting in the internal reconfiguration of the residential element of the development from basement level to sixth floor level (including the communal open space roof terrace). \r\nd)\tMinor increase to the depth of the western party wall resulting in the decrease of the building footprint by approx. 32 sq m and internal reconfiguration of the tourist hostel element of the development across all floor levels.  \r\ne)\tAmendments at basement level consist of minor alterations to the location of the residential stair core and rearrangement of the layout to align with the revised northern boundary resulting in a minor increase in the extent of the basement from approx. 98 sq m as permitted to approx. 116 sq m. \r\nf)\tAmendments at ground floor level consist of reconfiguration of the residential entrance lobby, lift and stair core; addition of a new waste store area and relocation of the bicycle store from St. Michan’s Street elevation to Chancery Street elevation for the residential development. Minor internal alterations and layout reconfiguration at ground floor level of the tourist hostel development including relocated luggage room from first floor level to ground floor level; relocated secondary exit for the tourist hostel from St. Michan’s Street onto Chancery Street; relocation of part of the plant room to the first floor level resulting in adjustments to the location and layout of the kitchen and F&B store; addition of an additional accessible WC and keg store; increased reception / lobby / amenity area with ancillary café/bar/co-working space from approx. 247 sq m to approx. 252 sq m; and replacement of the reception office with a WC and accessible WC.\r\ng)\tAmendments at first floor level consist of relocation of the gym, laundry room and guest kitchen / living / dining area; relocation of the plant area from ground floor level to first floor level; reconfiguration of the staff welfare area resulting in the loss of 1 no. 6-person bedroom; minor extension of the building footprint on the north eastern elevation resulting in enlarged hostel bedrooms and amendment of 1 no. bedroom from a 2-person room to a 3-person room; and reconfiguration of stair core B, corridor and entrance to accessible WC of the tourist hostel element of the development.\r\nh)\tAmendments at second to sixth floor level consist of minor extension of the building footprint on the north eastern elevation resulting in enlarged hostel bedrooms, reconfiguration of stair core B, corridor and entrance to adjoining toilets and hostel bedrooms and reconfiguration of 3 no. bedrooms (from 3 no. 4-person rooms to 2 no. 4-person rooms and 1 no. 5-person room) adjacent to stair core B of the tourist hostel element of the development.\r\ni)\tAmendments at first to sixth floor level consist of minor internal alterations to the internal apartment layouts and amendments to the stair core, lift and corridor of the residential element of the development.\r\nj)\tAmendments at roof level consist of minor reconfiguration of the roof plant and communal open space area (overall reduction by approx. 2 sq m from approx. 76 sq m as permitted to approx. 74 sq m). \r\nThe proposed amendments will result in a 93 no. bedroom tourist hostel accommodating 517 no. bedspaces (94 no. bedrooms and 512 no. bedspaces originally permitted) and 12 no. residential apartment units and includes all associated works. \r\nAll other development remains as permitted under Reg. Ref. WEB2214/24.","address":"13-18, Fegan's, Chancery Street & 1-1a St. Michans Place, Dublin 7 D07A275","authority":"Dublin City Council","planning_url":null,"footprint_source":"estimated — rectangle sized from the unit count; NPAD has no site boundary","centroid":[-6.27201,53.34706],"water":{"connected":true,"distance_to_network_m":19.4,"route_length_m":0.0,"est_cost_eur":0,"required_main_mm":200,"avg_daily_demand_m3":209.4},"transport":{"class":"rail","nearest_stop_m":166,"nearest_stop_id":"osm:842484735","nearest_frequent_stop_m":433,"nearest_frequent_stop_id":"osm:878117176","nearest_rail_name":"Unnamed station","nearest_rail_m":111,"residents":1396,"peak_pt_trips":59,"proposed_route_id":null},"schools":{"primary_pupils":103,"secondary_pupils":62,"nearby_primary":20,"nearby_secondary":14,"nearby_school_ids":["osm:2103399810","osm:6223902788","osm:27220217","osm:290553359","osm:292900330","osm:307879638","osm:307879669","osm:336394732","osm:436375785","osm:466918390","osm:523452304","osm:523487845","osm:523496984","osm:549611604","osm:746745217","osm:979758317","osm:1009214930","osm:1126160313","osm:1126381127","osm:1136839257","osm:616479730","osm:13922852201","osm:23977325","osm:44582147","osm:48204015","osm:129750591","osm:231652925","osm:289868576","osm:295383496","osm:297740089","osm:297740092","osm:523444980","osm:657665884","osm:1454943533"],"worst_pressure_ratio":0.948,"pressure_flag":"nominal"},"scores":{"water":10.0,"transport":17.9,"schools":14.8,"overall":16.5}}},{"type":"Feature","geometry":{"type":"Polygon","coordinates":[[[-6.45842,53.41096],[-6.45891,53.41246],[-6.46294,53.41199],[-6.46245,53.41049],[-6.45842,53.41096]]]},"properties":{"app_id":"MCC-2560854","num_units":517,"dev_type":"residential","status":"granted","received_date":"2025-08-14","description":"Permission for a Large-Scale Residential Development - the development will comprise amendments to the permitted development as per Large-scale Residential Development permission reference 23/849 which comprises 517no. apartment units, 44no. duplex units,155no. 2storey houses, a creche and associated site works. The proposed development incorporates the following amendments: (I) Reconfiguration of apartment block B1 with reduction of associated basement parking and provision of ground level parking in lieu of same. Apartment block B1 is amended with omission of 3no. 2 bed apartments to comprise a total of 67 apartments in lieu of 70 apartments as granted. (II) The omission of the Creche from apartment block B1 with a new two storey creche to be provided. (III) Revised phasing and associated site works. (IV) Reconfiguration of apartment block B2 with reduction of basement parking and provision of ground level parking in lieu of same. Apartment block B2 unit mix is amended with omission of 5no. 1 bed apartments and 3no. 2bed apartments to comprise 69 apartments in lieu of 77 apartments as granted. (V) The reduction in basement parking provision and overall parking provision will be amended by the provision of additional spaces at ground level. Revisions to bicycle storage provision are also proposed. (VI) Amendments to the design of duplex units (unit type D) comprising revised facades and roof designs to incorporate provision of a mono-pitch roof in lieu of previously approved pitch roofs. \r\n(VII) The amendment of 44no. duplex units from 1bed and 2bed units to now incorporate 2bed and 3bed units; (no change in overall duplex unit numbers proposed). (VIII) The overall residential unit numbers will decrease to 506no. apartment units, 44no. duplex units and 155no. dwelling houses (705 residential units in lieu of 716 units as granted). (IX) A revised phasing proposal with the creche provided in phase 1B. (X) Reconfiguration of public open space and communal space and associated site works.A Natura Impact Statement (NIS) has been prepared in respect of the proposed development and accompanies this application","address":"Site in the Townlands of Castlefarm Rusk and Clonee Dunboyne County Meath on lands generally bound to the east and south by agriculturally zoned lands to the west by the Iarnród Éireann rail line , and to the north by the residential development perm","authority":"Meath County Council","planning_url":"http://www.eplanning.ie/MeathCC/AppFileRefDetails/2560854/0","footprint_source":"estimated — rectangle sized from the unit count; NPAD has no site boundary","centroid":[-6.46068,53.41148],"water":{"connected":false,"distance_to_network_m":314.6,"route_length_m":393.2,"est_cost_eur":275240,"required_main_mm":200,"avg_daily_demand_m3":209.4},"transport":{"class":"rail","nearest_stop_m":497,"nearest_stop_id":"osm:11607954925","nearest_frequent_stop_m":509,"nearest_frequent_stop_id":"osm:7430619569","nearest_rail_name":"Unnamed station","nearest_rail_m":701,"residents":1396,"peak_pt_trips":59,"proposed_route_id":null},"schools":{"primary_pupils":103,"secondary_pupils":62,"nearby_primary":3,"nearby_secondary":3,"nearby_school_ids":["osm:50638572","osm:613578096","osm:852235655","osm:50638573","osm:340498689","osm:450356448"],"worst_pressure_ratio":1.264,"pressure_flag":"critical"},"scores":{"water":59.3,"transport":17.9,"schools":100,"overall":83.6}}},{"type":"Feature","geometry":{"type":"Polygon","coordinates":[[[-6.21072,53.33771],[-6.21041,53.33922],[-6.21444,53.33952],[-6.21475,53.33801],[-6.21072,53.33771]]]},"properties":{"app_id":"DCC-WEBPWSDZ2539/26","num_units":510,"dev_type":"mixed","status":"pending","received_date":"2026-06-19","description":"Pembroke Beach DAC intends to apply for a 10-year planning permission for development of a residential and mixed-use scheme (referred to as ‘Quadrant A4’) on this site of 15.06 hectares, including lands known as the former Irish Glass Bottle & Fabrizia Sites, Poolbeg West, Dublin 4. \r\nThe proposed development is focused primarily on a net site area of 3.89 hectares (identified as located in the south-east quadrant of the ‘A’ lands) in the Poolbeg West Strategic Development Zone (SDZ) Planning Scheme (April 2019).\r\n\r\nThe proposed Quadrant A4 scheme comprises a total residential and mixed-use Gross Floor Area (GFA) of c. 140,707 sq m (incl. ancillary spaces at basement/undercroft level) across 6 no. principal blocks (identified as Blocks R, S, T, U, V, and W) ranging in height between 6 and 18 storeys over basement/undercroft. The proposed Quadrant A4 scheme also comprises 4,967 sq m of podium space, together with c. 22,542 sq m of basement/undercroft space, for the provision of car and bicycle parking and associated circulation (GFA). \r\n \r\nThe proposed development comprises the provision of the following: \r\n\r\n- 1,510 no. apartment units (with balconies/private terraces provided for all units) of the following mix: 28 no. studios; 753 no. 1-bedroom units; 636 no. 2-bedroom units; and 93 no. 3-bedroom units (totalling c. 128,648 sq m of residential use and associated circulation space);\r\n- Internal residential amenity space including the provision of tenant reception and admin support spaces, shared workspaces, resident lounge spaces, events spaces, library/media room, dining and kitchen rooms, meeting rooms, and storage spaces (totalling c. 3,660 sq m);\r\n- A creche (c. 372 sq m) located at ground floor level of Block T with an outdoor play space at podium level (c. 130 sq m);  \r\n- Artists’ studio space at ground floor level of Block T (c. 167 sq m);\r\n- A Community Hub at ground floor/podium level of Block T (incl. a multi-purpose hall at basement/undercroft level) (totalling c. 2,103 sq m);\r\n- A healthcare facility at ground floor level of Block R (c. 518 sq m);\r\n- 8 no. retail/non-retail (Class 1 and Class 2 uses) units at ground floor level (2 no. units in Block R and S, respectively, and 1 no. unit in Block T, U, V, and W, respectively) (totalling c. 2,361 sq m);  \r\n- 6 no. 10/20 kV Single ESB substations and 1 no. 10/20 kV Double ESB substation with associated switch rooms located at ground floor level (1 no. single substation in Blocks S, U, V, and W, respectively, 2 no. single substations in Block T, and 1 no. double substation in Block R) (totalling 231 sq m);\r\n- 12 no. (residential / commercial / retail / non-retail / community) bin stores located at basement/undercroft and ground floor level [6 no. located at basement/undercroft level (1 no. associated with each block) and 6 no. located at ground floor level (1 no. within each block)) (totalling c. 1,046 sq m)];\r\n- Landscaped residential communal amenity spaces comprising courtyards c.3,244 sq m (incl. children’s play areas) and amenity terraces c. 5,945 sq m (overall c. 8,969 sq m); \r\n- Landscaped public realm spaces at street level including the provision of the ‘Coastal Park’, a section of the ‘Coastal Link’, the Quadrant’s local ‘side’ and ‘home zone’ streets (all as defined by the SDZ Planning Scheme), and all ancillary public amenity spaces; \r\n- 695 no. private car parking spaces [incl. 35 no. accessible spaces];\r\n- 23 no. visitor car parking spaces [incl. 4 no. accessible spaces], 3 no. car share spaces, 1 no. creche car parking space, 1 no. healthcare car parking space and 4 no. retail car parking spaces;\r\n- 1 no. loading bays, 4 no. delivery van drop-off bays, and 4 no. bin staging areas at surface level;\r\n- Vehicle access to basement/undercroft and podium level car parking from the Quadrant’s local side streets (basement/undercroft level access at Blocks T and U and podium level access at Blocks R, S, V, and W); \r\n- 2,408 no. long-stay bicycle parking spaces at basement/undercroft and podium level (incl. 114 no. cargo bike spaces) and 126 no. short-stay bicycle parking spaces at surface level (incl. 24 no. cargo bike spaces); and\r\n- Plant rooms, resident storage spaces, attenuation tank, water storage, and sprinkler rooms located at basement/undercroft level (totalling c. 1,600 sq m);  \r\n\r\nThe proposed development includes hard and soft landscaping, pedestrian and cycle infrastructure, boundary treatments, tree planting, interim site hoarding, public lighting, green/blue roofs, SuDS, commercial and residential waste/recycling facilities, site-wide services, and all ancillary works and services necessary to facilitate construction and operation of the development, above and below ground.  \r\n\r\nThe proposed development also comprises amendments to Permission Reg. Ref. PWSDZ3270/19 (as amended) and PWSDZ3207/21 (as amended) in those areas where the net site area (identified by a non-statutory green boundary line on the site location and layout plan) overlaps with the boundaries of the earlier permitted developments. This includes amendments to the layout of the ‘Coastal Park’ and internal quadrant roads as well as interfaces between the proposed scheme and the ‘Village Green’, ‘Neighbourhood Square’, and ‘Central Boulevard’.\r\n\r\nVehicle access and servicing of the proposed development will primarily be by way of the Central Boulevard permitted under Permission Reg. Ref. PWSDZ3207/21 (as amended), which itself amended the earlier infrastructure Permission Reg. Ref. PWSDZ3270/19 (as amended).  \r\n\r\nThis application will be accompanied by an Environmental Impact Assessment Report (EIAR) and a Natura Impact Statement (NIS).","address":"A4 Lands in the Poolbeg West Strategic Development Zone (SDZ) Planning Scheme, Former Irish Glass Bottle & Fabrizia Sites, Poolbeg West, Dublin 4","authority":"Dublin City Council","planning_url":null,"footprint_source":"estimated — rectangle sized from the unit count; NPAD has no site boundary","centroid":[-6.21258,53.33862],"water":{"connected":false,"distance_to_network_m":121.3,"route_length_m":151.6,"est_cost_eur":106120,"required_main_mm":200,"avg_daily_demand_m3":206.6},"transport":{"class":"frequent_bus","nearest_stop_m":244,"nearest_stop_id":"osm:1708336385","nearest_frequent_stop_m":400,"nearest_frequent_stop_id":"osm:12459348124","nearest_rail_name":"Unnamed station","nearest_rail_m":1202,"residents":1377,"peak_pt_trips":58,"proposed_route_id":null},"schools":{"primary_pupils":102,"secondary_pupils":61,"nearby_primary":7,"nearby_secondary":7,"nearby_school_ids":["osm:1603816530","osm:121392322","osm:129211845","osm:554985279","osm:588378995","osm:1011911952","osm:1344901563","osm:616479730","osm:13922852201","osm:23977325","osm:36933600","osm:51179789","osm:112791879","osm:523444980"],"worst_pressure_ratio":1.043,"pressure_flag":"watch"},"scores":{"water":35.2,"transport":37.9,"schools":59.3,"overall":53.2}}},{"type":"Feature","geometry":{"type":"Polygon","coordinates":[[[-6.31885,53.26928],[-6.31836,53.27076],[-6.32231,53.27124],[-6.32281,53.26976],[-6.31885,53.26928]]]},"properties":{"app_id":"SDCC-LRD25A/0003W","num_units":502,"dev_type":"residential","status":"granted","received_date":"2025-08-22","description":"The proposed development will consist of 502 no. residential units (108no. 1-bed, 170no. 2-bed, 162 no. 3-bed; 62 no. 4-bed) comprising 197no. 2 storey houses (terraced/semi-detached/detached) (19no. 2-bed, 116no. 3-bed; 62no. 4-bed) and 28no. 3 and 4 storey simplex/duplex apartment blocks providing 305no. apartments (108no. 1-bed apartments, 151no. 2-bed apartments, 46no. 3-bed apartments). The proposed development also includes a creche (c.475sq.m), public open space, car parking (surface/undercroft), bicycle parking, bicycle storage structures and lockers, bin stores, and 8no. ESB substations. Vehicular access to be provided from the existing spur road connection to Stocking Avenue to the west of the site, and via Stocking Wood Drive to the east of the site (with relocation of existing ESB substation and associated works to the existing hammerhead). Additional pedestrian only routes will be provided into Abbot's Grove Park and Stocking Wood Copse with future connections provided for into Stocking Wood Manor, White Pines Park and the future school site to the north of the application site. The proposed development includes all associated site development works (including site reprofiling, retaining structures and downing of ESB overhead lines), landscaping, boundary treatments and services provision the lands are located to the east of Abbots Grove Park, south-east of Abbots Grove Avenue, south of Stocking Avenue and Stocking Wood estate and west of White Pines Park.","address":"Woodtown, Ballycullen, Dublin 16.","authority":"South Dublin County Council","planning_url":"https://planning.agileapplications.ie/southdublin/application-details/68163","footprint_source":"estimated — rectangle sized from the unit count; NPAD has no site boundary","centroid":[-6.32058,53.27026],"water":{"connected":false,"distance_to_network_m":64.4,"route_length_m":80.6,"est_cost_eur":56419,"required_main_mm":200,"avg_daily_demand_m3":203.3},"transport":{"class":"frequent_bus","nearest_stop_m":210,"nearest_stop_id":"osm:5515711060","nearest_frequent_stop_m":397,"nearest_frequent_stop_id":"osm:5515730534","nearest_rail_name":"Unnamed station","nearest_rail_m":3094,"residents":1355,"peak_pt_trips":57,"proposed_route_id":null},"schools":{"primary_pupils":100,"secondary_pupils":60,"nearby_primary":3,"nearby_secondary":5,"nearby_school_ids":["osm:63799813","osm:642983434","osm:881447600","osm:25939649","osm:25941762","osm:57706549","osm:320014017","osm:664237036"],"worst_pressure_ratio":1.12,"pressure_flag":"watch"},"scores":{"water":28.1,"transport":37.9,"schools":67.0,"overall":57.9}}},{"type":"Feature","geometry":{"type":"Polygon","coordinates":[[[-6.35521,53.29325],[-6.35679,53.29442],[-6.35993,53.29291],[-6.35835,53.29173],[-6.35521,53.29325]]]},"properties":{"app_id":"SDCC-SHD3ABP-306705-20/EP","num_units":502,"dev_type":"mixed","status":"granted","received_date":"2024-11-11","description":"Demolition of existing factory/warehouse buildings on site (total floor area c. 10,076.8sq.m). Construction of 502 apartments (comprising 197 1-bed; 257 2-bed; and 48 3-bed units) within 6 blocks ranging in height from 4 to 8 storeys. All residential units provided with associated private balconies/terraces to the north/south/east/west elevations. Provision of residential amenity facilities, 3 retail units, creche and services/bin store areas (total non-residential floor area c.1,839sq.m). A total of 202 car parking spaces (at basement and undercroft levels) and 584 no. bicycle parking spaces. Vehicular/pedestrian/cyclist accesses from Greenhills Road and Airton Road. Provision of road improvements and pedestrian crossings. All associated site development works, open space, landscaping, boundary treatments, plant areas, pv panels (at roof level), waste management areas, and services provision (including ESB substations).","address":"Former Gallaher's Cigarette Factory site, at the junction of Airton Road and Greenhills Road, Tallaght, Dublin 24","authority":"South Dublin County Council","planning_url":"https://planning.agileapplications.ie/southdublin/application-details/67228","footprint_source":"estimated — rectangle sized from the unit count; NPAD has no site boundary","centroid":[-6.35757,53.29308],"water":{"connected":false,"distance_to_network_m":87.3,"route_length_m":109.2,"est_cost_eur":76440,"required_main_mm":200,"avg_daily_demand_m3":203.3},"transport":{"class":"frequent_bus","nearest_stop_m":171,"nearest_stop_id":"osm:1991035243","nearest_frequent_stop_m":637,"nearest_frequent_stop_id":"osm:4386467525","nearest_rail_name":"Unnamed station","nearest_rail_m":1287,"residents":1355,"peak_pt_trips":57,"proposed_route_id":null},"schools":{"primary_pupils":100,"secondary_pupils":60,"nearby_primary":7,"nearby_secondary":8,"nearby_school_ids":["osm:41526255","osm:49870835","osm:57706554","osm:57706556","osm:57706558","osm:1076889682","osm:1216116510","osm:7839824","osm:8053294","osm:11842089","osm:41455651","osm:53115553","osm:57706549","osm:128974705","osm:489403428"],"worst_pressure_ratio":0.983,"pressure_flag":"nominal"},"scores":{"water":30.9,"transport":37.9,"schools":18.3,"overall":34.3}}},{"type":"Feature","geometry":{"type":"Polygon","coordinates":[[[-6.42819,53.33189],[-6.42659,53.33304],[-6.42966,53.33457],[-6.43126,53.33342],[-6.42819,53.33189]]]},"properties":{"app_id":"SDCC-SDZ25A/0012W","num_units":494,"dev_type":"residential","status":"granted","received_date":"2025-07-29","description":"The development will consist of amendments to a permitted development (Reg. Ref. SDZ23A/0043), comprising:\r\n• Alterations to the apartment unit typologies in Blocks B, C, E and F, includin g associated internal layout adjustments and external modifications across all floor levels of each apartment building;\r\n• Provision of a shared basement beneath Blocks E and F, including a ramped access, comprising additional car parking spaces, bicycle parking, storage, and circulation areas;\r\n• A single-storey extension at roof level on the southern part of Block E, resulting in a 6 storey building;\r\n• A single storey extension at roof level on the northern part of Block F, resulting in a part 6, part 7 storey building, with a pitched roof element to the south;\r\n• Alterations to the basement level of Blocks B and C, including reconfiguration of car parking spaces, bicycle parking storage, plant areas and ESB substation;\r\n• A single storey extension at roof level on the southern part of Block B, resulting in a 6 storey building, with pitched roof element to the south-west;\r\n• The provision of an additional pitched roof element to the south-east of Block C;\r\n• Alterations to the crèche at ground floor level within Block E, including modifications to the associated outdoor amenity area; and\r\n• Extension of the central urban plaza northward, resulting in the removal of private vehicular access to the south of Blocks B and C.\r\nThe development will also consist of: alterations to the landscaping strategy, including modifications to the urban plaza and communal open space areas associated with Blocks B, C, E and F; minor alterations to the surface car parking areas; relocation and configuration of surface level bicycle parking and waste storage areas; and all associated site development and excavation works above and below ground.\r\nThe proposed amendments will result in a reduction in the total number of units from 495 no. to 494 no. units, with a revised residential mix comprising 142 no. 1-bed units, 2 no. 2-bed (3 person) units, 326 no. 2-bed (4 person) units and 24 no. 3-bed units. \r\nAdditionally, there will be an increase in overall car parking provision from 398 no. to 514 no. spaces (basement and surface parking) and a minor increase in the total gross floor area from c. 48,771 sq. m to c. 52,523 sq. m.","address":"Development Area 6 Kishoge Urban Centre, sub sector KUC-S4, including an area of Development Area 9 Kishoge South East, Sub Sector KSE-S1, Clonburris SDZ, Within the townland of Kishoge, Clonburris, Dublin 22","authority":"South Dublin County Council","planning_url":"https://planning.agileapplications.ie/southdublin/application-details/68031","footprint_source":"estimated — rectangle sized from the unit count; NPAD has no site boundary","centroid":[-6.42893,53.33323],"water":{"connected":false,"distance_to_network_m":137.7,"route_length_m":172.1,"est_cost_eur":120470,"required_main_mm":200,"avg_daily_demand_m3":200.1},"transport":{"class":"rail","nearest_stop_m":174,"nearest_stop_id":"osm:11037816658","nearest_frequent_stop_m":174,"nearest_frequent_stop_id":"osm:11037816658","nearest_rail_name":"Unnamed station","nearest_rail_m":159,"residents":1334,"peak_pt_trips":56,"proposed_route_id":null},"schools":{"primary_pupils":99,"secondary_pupils":59,"nearby_primary":8,"nearby_secondary":9,"nearby_school_ids":["osm:4420684271","osm:4420684272","osm:46769580","osm:81796961","osm:315141612","osm:440879155","osm:726997628","osm:878047917","osm:4310122325","osm:46427939","osm:52117339","osm:111218825","osm:187406455","osm:264032663","osm:493240130","osm:672028343","osm:1185809481"],"worst_pressure_ratio":1.108,"pressure_flag":"watch"},"scores":{"water":37.2,"transport":17.8,"schools":65.8,"overall":55.6}}},{"type":"Feature","geometry":{"type":"Polygon","coordinates":[[[-6.43747,53.28399],[-6.43499,53.28396],[-6.4349,53.28634],[-6.43739,53.28637],[-6.43747,53.28399]]]},"properties":{"app_id":"SDCC-LRD24A/0006W","num_units":488,"dev_type":"mixed","status":"granted","received_date":"2024-07-23","description":"Greenacre Residential DAC intends to apply for permission for modifications to previously approved development SHD ABP-305563-19 at this site at Fortunestown Lane and Parklands Parade, Saggart, Co. Dublin. The proposed development will consist of modifications to the development permitted under Reg. Ref. SHD ABP-305563-19 which comprised 488no. apartments and 1,985sq.m of non-residential floorspace within 5no. blocks (Blocks A to E) ranging in height from 5 to 9 storeys. The proposed modifications relate to the previously permitted 5 storey Blocks C, D & E only and consist of an additional storey on each block and reconfiguration of the previously permitted floor levels to provide an additional 86no. apartment units and a total of 396no. apartments and 752sq.m of non-residential floorspace in lieu of the previously permitted 310no. apartments and 896sq.m of non-residential floorspace. Overall, the permitted Blocks A & B and the modified Blocks C, D & E will accommodate 574no. apartments and 1,841sq.m of non-residential floorspace. The modified blocks will consist of: - Block C: 6-storey block accommodating 129no. units (26no. 1 bed units, 84no. 2 bed units and 19no. 3 bed units) with 3no. retail/ commercial units (555sq.m) and a licensed café/ bar/ restaurant unit (197sq.m) at ground floor level fronting onto the permitted local square; Block D:- 6-storey block accommodating 140no. units (32no. 1 bed units, 90no. 2 bed units and 18no. 3 bed units), Block E: 6-storey block accommodating 127no. units (48no. 1 bed units, 65no. 2 bed units and 14no. 3 bed units) and all associated communal amenity spaces and private amenity spaces comprising terraces/ balconies. Permission is also sought for extension and modifications to the permitted single level basement below Blocks C, D and E to accommodate 332no. car parking spaces, cycle parking spaces, bulky item and bin storage areas with 2no. vehicular accesses provided from Parklands Parade. The modified ground level areas adjoining Blocks C, D and E include 10no. car parking spaces, cycle parking, public lighting, ESB substations, boundary treatments, hard and soft landscaping, surface water drainage infrastructure and all associated site development and infrastructure works. No modifications are proposed to the permitted Blocks A & B or the separate basement level area relating to Blocks A & B. The application is a Large-Scale Residential Development and may be inspected online at: www.parklands-lrd1.com","address":"Fortunestown Lane and, Parklands Parade, Saggart, Co. Dublin.","authority":"South Dublin County Council","planning_url":"https://planning.agileapplications.ie/southdublin/application-details/66570","footprint_source":"estimated — rectangle sized from the unit count; NPAD has no site boundary","centroid":[-6.43619,53.28516],"water":{"connected":true,"distance_to_network_m":39.4,"route_length_m":0.0,"est_cost_eur":0,"required_main_mm":200,"avg_daily_demand_m3":197.6},"transport":{"class":"rail","nearest_stop_m":349,"nearest_stop_id":"osm:664490981","nearest_frequent_stop_m":870,"nearest_frequent_stop_id":"osm:4839879524","nearest_rail_name":"Unnamed station","nearest_rail_m":115,"residents":1318,"peak_pt_trips":55,"proposed_route_id":null},"schools":{"primary_pupils":98,"secondary_pupils":59,"nearby_primary":4,"nearby_secondary":2,"nearby_school_ids":["osm:441909998","osm:1006524109","osm:1034273767","osm:1034273768","osm:124180540","osm:448097139"],"worst_pressure_ratio":1.257,"pressure_flag":"critical"},"scores":{"water":10.0,"transport":17.8,"schools":100,"overall":77.0}}},{"type":"Feature","geometry":{"type":"Polygon","coordinates":[[[-6.34303,53.32276],[-6.34392,53.32406],[-6.3474,53.3232],[-6.3465,53.3219],[-6.34303,53.32276]]]},"properties":{"app_id":"SDCC-LRD25A/0002W","num_units":436,"dev_type":"mixed","status":"granted","received_date":"2025-06-05","description":"The development will comprise the following: Demolition of existing commercial/industrial buildings on site (c.6,711 sq.m in total). Provision of a mixed use, residential and commercial/employment development (c.49,275 sq.m GFA excluding undercroft) within 4 no. blocks ranging in height from 6 to 10 storeys. The development will provide 436 no. apartments (all with individual private open spaces) consisting of: 2 no. studios, 180 no. 1-beds, 158 no. 2-beds and 96 no. 3-beds. The development will also include: internal residential amenity spaces (c.375.3 sq.m in total); community library (c.352.1 sq.m); creche (c.359.1 sq.m), and 4 no. commercial/employment units (c.1,226.6 sq.m) comprising 2 office/co-working units (c.435.8 sq.m in total), medical centre (with ancillary pharmacy)(c.674.1 sq.m) and café (c.116.7 sq.m). • Block A - 9 to 10 storeys in height and will provide 81 no. residential units. • Block B - 9 to 10 storeys in height and will provide 137 no. residential units • Block C - 8 to 10 storeys in height and will provide 85 no. residential units  • Block D - 6 storeys in height and will provide 133 no. residential units.  Upgrades to the western side of the Parkmore Estate Road and along the Long Mile Road and Robinhood Road to provide a variety of pedestrian/ cyclist access points to the development and with vehicular access provided from the Estate Road with associated upgrades to the Estate entrance.  The development will also include 173 no. car parking spaces within 2 no. undercroft car parks on site and including 12 no. parking spaces (for the commercial units) along the Long Mile Road frontage. Provision of 1,040 cycle parking spaces. Provision of public and communal open spaces, landscaping, boundary treatments, plant areas, waste management areas, and services provision (including ESB substations), and all associated works required to enable this development including connection to the Uisce Eireann network.  A Natura Impact Statement (NIS) has been prepared in respect of the proposed development.","address":"Units 16-21A-B, Parkmore Industrial Estate, Longmile Road, Walkinstown, Dublin 12","authority":"South Dublin County Council","planning_url":"https://planning.agileapplications.ie/southdublin/application-details/67894","footprint_source":"estimated — rectangle sized from the unit count; NPAD has no site boundary","centroid":[-6.34521,53.32298],"water":{"connected":false,"distance_to_network_m":61.6,"route_length_m":76.9,"est_cost_eur":53830,"required_main_mm":200,"avg_daily_demand_m3":176.6},"transport":{"class":"rail","nearest_stop_m":281,"nearest_stop_id":"osm:5622464558","nearest_frequent_stop_m":329,"nearest_frequent_stop_id":"osm:5560363515","nearest_rail_name":"Unnamed station","nearest_rail_m":420,"residents":1177,"peak_pt_trips":49,"proposed_route_id":null},"schools":{"primary_pupils":87,"secondary_pupils":52,"nearby_primary":4,"nearby_secondary":12,"nearby_school_ids":["osm:122817901","osm:170319229","osm:276356071","osm:471680556","osm:8053294","osm:11842089","osm:53115553","osm:119895891","osm:122817902","osm:255440397","osm:285234752","osm:285824683","osm:319648024","osm:489403428","osm:498131349","osm:699773875"],"worst_pressure_ratio":1.198,"pressure_flag":"critical"},"scores":{"water":27.7,"transport":17.4,"schools":100,"overall":79.4}}},{"type":"Feature","geometry":{"type":"Polygon","coordinates":[[[-6.33633,53.32602],[-6.33745,53.32722],[-6.34066,53.32615],[-6.33954,53.32495],[-6.33633,53.32602]]]},"properties":{"app_id":"DCC-WEB5179/25","num_units":416,"dev_type":"mixed","status":"granted","received_date":"2025-09-18","description":"We, O’Flynn Construction Co. Unlimited Company intend to apply to Dublin City Council for permission for development at this site, part of the ‘Nissan Site’ (c.1.86 ha), to the east of Walkinstown Avenue at the junction of Walkinstown Avenue and Naas Road. The development will consist of amendments to a previously permitted (Reg. Ref. 3228/20, as amended by Reg. Ref. 3792/23) mixed-use development comprising part Build to Rent development. \r\nThe development will consist of the following proposed modifications:\r\nI.\tRationalisation of internal layouts and repurposing of common areas in Blocks I, J, K and L (no change to building heights or footprint), resulting in a total of 416 residential units (from 395 originally) as follows:  \r\na)\tBlock I: Rationalisation of ground floor and eighth floor layouts resulting in 6 no. additional units, including 3 no. studio units and 3 no. 2-bedroom units; \r\nb)\tBlock J: Rationalisation of ground floor and sixth floor layouts resulting in 3 no. additional units, including 2 no. studio units and 1 no. 2-bedroom unit; \r\nc)\tBlock K: Repurposing of internal residential amenity area and adjacent rooftop terrace (external amenity area) at sixth floor level to provide 1 no. additional 3-bedroom unit, and an overall increase of 68 sq.m in the gross floor area  (due to repurposing of the sixth-floor rooftop terrace); and \r\nd)\tBlock L (Build to Rent): Repurposing of areas formerly designated as tenant amenities and support facilities at ground floor and sixth floor level, and a portion of the external rooftop amenity area at sixth floor level, resulting in 11 no. additional units, including 8 no. 1-bedroom units, 1 no. 2-bedroom unit and 2 no. 3-bedroom units, and an overall increase of 82 sq.m in the gross floor area (due to repurposing of rooftop amenity space). \r\nII.\tPermission is sought to omit the Build-to-Rent (BTR) designation of Block L thereby facilitating occupation by all tenures.\r\nIII.\tElevational changes to Blocks I, J, K and L, as follows:\r\na)\tGround-floor elevations of Blocks I, J, and L will be adapted to accommodate the proposed units, replacing curtain walls with windows and doors aligned with the upper-level fenestration, adding terraces, and resizing access openings;\r\nb)\tUpper-level elevations of Blocks I, J, K, and L will be revised, substituting curtain walls for fenestration that mirrors the levels below and incorporating balconies where required; and\r\nc)\tInclusion of 9 additional terraces at ground-floor level and 67 additional balconies on upper levels (L01-L06) in Block L, ensuring compliance with private amenity space standards for apartment developments, to facilitate the proposed change in residential tenure.\r\nIV.\tReconfiguration of 2 surface-level parallel car parking spaces and reallocation of public open space to provide 11 standard perpendicular parking bays along the accessway east of Block B, increasing the overall resident parking provision by 9 spaces in total.\r\nV.\tProvision of 32 additional long-stay bicycle storage spaces to serve the new residential units in Blocks I, J, K and L. \r\nVI.\tCommunal open space for Blocks I and J (which remains greater than the required quantum) has been reduced to a cumulative total of 4,277 sq.m (from 4,287 sq.m) to facilitate the provision of additional cycle storage for residents.\r\nVII.\tPublic open space (which remains greater than the required quantum) has been reduced to a cumulative total of 10,268 sq.m (from 10,389 sq.m) to accommodate 11 reconfigured surface-level car parking spaces as described in IV.\r\nVIII.\tTemporary permission (for the duration of planning permission) is sought for the erection of 2 no. advertising signs at the corner junctions of R112/R810 and R112/110.","address":"'Nissan Site' to the east of Walkinstown Avenue at the junction of Walkinstown Avenue and Naas Road","authority":"Dublin City Council","planning_url":null,"footprint_source":"estimated — rectangle sized from the unit count; NPAD has no site boundary","centroid":[-6.33849,53.32609],"water":{"connected":false,"distance_to_network_m":178.9,"route_length_m":223.7,"est_cost_eur":156590,"required_main_mm":200,"avg_daily_demand_m3":168.5},"transport":{"class":"rail","nearest_stop_m":206,"nearest_stop_id":"osm:5560363510","nearest_frequent_stop_m":219,"nearest_frequent_stop_id":"osm:5560363511","nearest_rail_name":"Unnamed station","nearest_rail_m":342,"residents":1123,"peak_pt_trips":47,"proposed_route_id":null},"schools":{"primary_pupils":83,"secondary_pupils":50,"nearby_primary":7,"nearby_secondary":12,"nearby_school_ids":["osm:52067552","osm:122817901","osm:170319229","osm:276356071","osm:471680556","osm:1535798956","osm:1535798958","osm:8053294","osm:11842089","osm:119895891","osm:122817902","osm:129750591","osm:255440286","osm:255440397","osm:285824683","osm:319648024","osm:489403428","osm:498131349","osm:699773875"],"worst_pressure_ratio":1.198,"pressure_flag":"critical"},"scores":{"water":42.4,"transport":17.4,"schools":100,"overall":81.3}}},{"type":"Feature","geometry":{"type":"Polygon","coordinates":[[[-6.39086,53.32714],[-6.39252,53.32807],[-6.395,53.32648],[-6.39334,53.32555],[-6.39086,53.32714]]]},"properties":{"app_id":"SDCC-LRD26A/0005W","num_units":408,"dev_type":"mixed","status":"pending","received_date":"2026-08-26","description":"The proposed development will consist of the demolition of the existing warehouses and structures on the site and the construction of a mixed-use residential led development comprising a total of 408 no. residential units (403 apartments consisting of 24 no. studio units, 230 no. 1 bed units and 149 no. 2 bed units, and 5 no. 3 bed 2 storey houses) and 1 no. childcare facility. The proposed development will comprise the following: (a) Block 1 is a 9-storey mixed-use building comprising 64 apartments (32 no. 1 bedroom units, 32 no. 2 bedroom units), with associated private balconies; bin store; plant and switch room; esb substation; green roofs; pv panels at roof level and a childcare facility at ground level. (b) Block 2 is a 5-storey apartment building comprising 114 apartments (24 no. studio units, 54 no. 1 bedroom units, 36 no. 2 bedroom units) with associated private balconies/terraces; bin stores; bicycle parking; plant rooms; a communal roof terrace at fourth floor level; green roofs and pv panels at roof level. (c) Block 3 is a 5-storey apartment building comprising 112 apartments (68 no. 1 bedroom units, 44 no. 2 bedroom units) with associated private balconies/terraces; bicycle parking; bulky items stores; bin stores; plant and switch rooms; 2 no. esb substations; green roofs and pv panels at roof level. (d) Block 4 is a 5 storey apartment building comprising 113 apartments (76 no. 1 bedroom units, 37 no. 2 bedroom units) with associated private balconies/terraces; bin stores; bicycle stores; bulky item stores; 2 no. esb substations; plant and switch rooms; green roofs and pv panels at roof level; and undercroft car parking (62 no. car parking spaces and 2 no. motorcycle parking spaces). (e) 5 no. own-door house(comprising 2 no. 2 storey, 3-bedroom detached units; and 3 no. 2 storey, 3-bedroom terraced units) with associated private balconies/terraces. (f) The proposed development will also comprise 202 no. car parking spaces (140 spaces at surface level and 62 no. at undercroft level and including EV and Accessible spaces), 752 no. bicycle parking spaces (comprising short-term surface spaces, long-term spaces in bike stores and cargo bike spaces), 2 no. motorcycle parking spaces, refuse and storage areas, plant, landscaping, open space, boundary treatment, public lighting, drainage, and all infrastructural and engineering works necessary to facilitate the proposed development, including connections to existing services at the Ninth Lock Road and New Nangor Road. Vehicular access will be via the existing industrial estate road off Ninth Lock Road. A dedicated website has been set up for the LRD application, which may be viewed at: www.elmfieldlrd.ie.","address":"The Securispeed Logistics site, Elmfield Industrial Estate, Ninth Lock Road, Clondalkin, Dublin 22","authority":"South Dublin County Council","planning_url":"https://planning.agileapplications.ie/southdublin/application-details/70904","footprint_source":"estimated — rectangle sized from the unit count; NPAD has no site boundary","centroid":[-6.39293,53.32681],"water":{"connected":true,"distance_to_network_m":43.0,"route_length_m":0.0,"est_cost_eur":0,"required_main_mm":200,"avg_daily_demand_m3":165.2},"transport":{"class":"frequent_bus","nearest_stop_m":155,"nearest_stop_id":"osm:11388269547","nearest_frequent_stop_m":155,"nearest_frequent_stop_id":"osm:11388269547","nearest_rail_name":"Unnamed station","nearest_rail_m":1155,"residents":1102,"peak_pt_trips":46,"proposed_route_id":null},"schools":{"primary_pupils":82,"secondary_pupils":49,"nearby_primary":7,"nearby_secondary":8,"nearby_school_ids":["osm:4310122328","osm:4420684271","osm:4420684272","osm:434333643","osm:447906284","osm:962008130","osm:971202266","osm:4310122325","osm:53115553","osm:71330738","osm:111218825","osm:187406455","osm:285234752","osm:672028343","osm:1185809481"],"worst_pressure_ratio":1.039,"pressure_flag":"watch"},"scores":{"water":10.0,"transport":37.3,"schools":58.9,"overall":49.5}}},{"type":"Feature","geometry":{"type":"Polygon","coordinates":[[[-6.41826,53.28783],[-6.42036,53.2883],[-6.42163,53.28629],[-6.41953,53.28581],[-6.41826,53.28783]]]},"properties":{"app_id":"SDCC-SD15A/0127/FEP","num_units":400,"dev_type":"mixed","status":"granted","received_date":"2023-10-05","description":"A residential/mixed use development on a site area of 12.45ha consisting of 400 dwellings comprised of 340 no. 2 storey detached, semi-detached and terraced houses, i.e. 3 no. 2 bed houses, 323 no. 3 bed houses & 14 no. 4 bed houses along with 60 no. 1 and 2 bed apartments in 4 no. 3 & 4/5 storey buildings. The development also provides for a creche (615sq.m), kiosk (56.6sq.m) and retail unit (237sq.m). The proposed development includes all associated site development and infrastructural works, car parking, open spaces and landscaping, ESB substation and 4 associated kiosks.  Access to the development will  by via two proposed new vehicular entrances from Citywest Avenue and Fortunestown Lane respectively and will also provide for two new vehicular crossing points over the Luas line. The development also includes for the demolition of an existing dwelling in the southwest corner of the site at the junction of Citywest Road and Fortunestown Lane. The site is bounded to the north by Citywest Avenue, to the west by the N82 Citywest Road, to the south by Fortunestown Lane, to the east by Ard Mor residential estate and is adjacent to the Luas Red Line.","address":"Citywest, Tallaght, Dublin 24","authority":"South Dublin County Council","planning_url":"https://planning.agileapplications.ie/southdublin/application-details/64952","footprint_source":"estimated — rectangle sized from the unit count; NPAD has no site boundary","centroid":[-6.41994,53.28706],"water":{"connected":true,"distance_to_network_m":13.9,"route_length_m":0.0,"est_cost_eur":0,"required_main_mm":200,"avg_daily_demand_m3":162.0},"transport":{"class":"rail","nearest_stop_m":178,"nearest_stop_id":"osm:4848219121","nearest_frequent_stop_m":649,"nearest_frequent_stop_id":"osm:4839879524","nearest_rail_name":"Unnamed station","nearest_rail_m":109,"residents":1080,"peak_pt_trips":45,"proposed_route_id":null},"schools":{"primary_pupils":80,"secondary_pupils":48,"nearby_primary":3,"nearby_secondary":3,"nearby_school_ids":["osm:441909998","osm:1034273767","osm:1034273768","osm:124180540","osm:128974705","osm:448097139"],"worst_pressure_ratio":1.257,"pressure_flag":"critical"},"scores":{"water":10.0,"transport":17.2,"schools":100,"overall":77.0}}},{"type":"Feature","geometry":{"type":"Polygon","coordinates":[[[-6.47444,53.43365],[-6.47643,53.43409],[-6.47761,53.43218],[-6.47562,53.43174],[-6.47444,53.43365]]]},"properties":{"app_id":"MCC-2660001","num_units":356,"dev_type":"residential","status":"granted","received_date":"2025-12-19","description":"Permission for the following Large-Scale Residential Development consisting of: 1) the demolition of 2 no. existing agricultural farm sheds and associated structures, 2) the removal of the existing GAA pitch and associated structures; 3) the construction of 356 no. residential units comprising 252 no. dwelling houses and 104 no. maisonettes/apartments/duplexes providing a mix of 1, 2, 3 and 4-bed units. The dwelling houses range in height from 2-3 storeys. The maisonettes are 2 storey in height and the apartments/duplexes are in 4 no. blocks (i.e. Blocks A-D) ranging in height from 3 to 4 storeys; 4) a 2 storey creche; 5) modifications to the R157 regional road including changes to the existing carriageway/traffic lanes, the replacement of an existing roundabout with a new signalised junction and the provision of a northern arm off the new signalised junction; 6) a new signalised junction and link road (including new bridge over the River Tolka) connecting the R157 and the Old Navan Road; 7) the provision of footpaths, cycle lanes and 2 no. pedestrian crossings on the existing M3 Parkway access road, 8) foul pumping stations and connection to the existing public sewerage system via the Old Navan Road; 9) a watermain connection to the north of the site at Pace (townland); 10) 4 no. ESB substation/kiosks; 11) construction of conveyance swales and filter drains as part of pluvial flood mitigation measures and 12) all ancillary development works including footpaths, cycle lanes, car and bicycle parking, drainage, public lighting, bin/bike storage, boundary treatments and landscaping/amenity areas at this site principally located in Bennetstown (townland) to the west of the R157 and north of Kennedy Road, and also extending into Pace & Dunboyne (townlands),  Dunboyne North, Co. Meath. Access will be via 2 no. new signalised junctions on to the R157 comprising 1 no. new vehicular access point to the southeast along the R157 and via 1 no. new vehicular access point to the north along a new northern arm off a new signalised junction which will \r\nreplace the existing roundabout on the R157. The planning application red line boundary overlaps with planning ref. 23/60290 (ABP Ref: 320049-24), 23/60065, 23/424, 24/60805 and 25/61001. An Environmental Impact Assessment Report (EIAR) and Natura Impact Statement (NIS) has been submitted to the planning authority with the application.  Significant further information/revised plans submitted on this application","address":"Principally located in Bennetstown (townland) to the west of the R157 and North of Kennedy Road and also extending into Pace and Dunboyne (townlands) , Dunboyne North , Co.  Meath","authority":"Meath County Council","planning_url":"http://www.eplanning.ie/MeathCC/AppFileRefDetails/2660001/0","footprint_source":"estimated — rectangle sized from the unit count; NPAD has no site boundary","centroid":[-6.47602,53.43292],"water":{"connected":false,"distance_to_network_m":283.1,"route_length_m":353.8,"est_cost_eur":247660,"required_main_mm":200,"avg_daily_demand_m3":144.2},"transport":{"class":"rail","nearest_stop_m":489,"nearest_stop_id":"osm:894717281","nearest_frequent_stop_m":1497,"nearest_frequent_stop_id":"osm:1357034053","nearest_rail_name":"Unnamed station","nearest_rail_m":507,"residents":961,"peak_pt_trips":40,"proposed_route_id":null},"schools":{"primary_pupils":71,"secondary_pupils":43,"nearby_primary":0,"nearby_secondary":1,"nearby_school_ids":["osm:50638573"],"worst_pressure_ratio":1.264,"pressure_flag":"critical"},"scores":{"water":55.4,"transport":17.0,"schools":100,"overall":83.0}}},{"type":"Feature","geometry":{"type":"Polygon","coordinates":[[[-6.47059,53.33976],[-6.46875,53.34037],[-6.47038,53.34214],[-6.47222,53.34153],[-6.47059,53.33976]]]},"properties":{"app_id":"SDCC-SDZ24A/0011","num_units":350,"dev_type":"residential","status":"granted","received_date":"2024-04-26","description":"Amendments to a previously permitted development (Reg Ref SDZ23A/0026, known as 'Aderrig Phase 4') at a site of approximately 2.16 HA in the townland of Finnstown, Adamstown, Lucan, Co. Dublin. The site is generally bound as follows: to the east by the Adamstown Boulevard and planned Central Boulevard Amenity Area; to the south by Adamstown Way' to the west by Aderrig Avenue (beyond which is Aderrig Phase 1); and to the north by Airlie Park Road (beyond which is Aderrig Phase 1); and to the north by Airlie Park Road (beyond which is Arlie Park Amenity Area ). This application is being made in accordance with the Adamstown Planning Scheme 2014 (as amended) and relates to proposed amendments to Phase 4 of development within the Aderrig Development Area of Adamstown Strategic Development Zone. The proposed development will principally consist of the following amendments to the previously permitted development, and includes 5 No. additional apartment units (1 No. studio, 2 No. 1-bed and 2 No. 2-bed), thereby increasing Aderrig Phase 4 from 350 No. units to 355 No. units, with gross floor area decreasing by 49 sq.m: At Block A - omission of the internal residential amenity space at ground floor level and addition of 3 No. apartment units (1 No. 1-bed and 2 No. 2-bed) with west- and south- facing terraces, as well as minor changes to the internal circulation; omission of communications room in the undercroft and enlargement of car parking space; reconfiguration of rooftop plant; and changes to the landscaping and open space to the south of Block A. At Block B - omission of the standalone generator/sub-station/meter room building in the centre of the Block; omission of the sprinkler tank room and addition of 1 No. apartment unit (1-bed) with west-facing terrace in the previous location of the cycle store; relocation of ground floor level terrace of Unit B-06 from northern elevation to eastern elevation; reconfiguration of the internal access and parking layout (no net loss of spaces); and changes to the landscaping within the central communal amenity space area. At Block C - omission of the ground floor level water tank room and addition of 1 No. apartment unit (studio) with east-facing terrace; redesign and reconfiguration of the standalone cycle store/sub-station/generator building, which will now comprise of a cycle store/sub-station-switch room building; omission of the ground floor level sprinkler tank and increase in area of 1 No. apartment unit to facilitate a change from it being 1-bed to 2-bed; and changes to the landscaping within the central communal amenity space area. the development will also include: changes to elevations to accommodate the above amendments; changes to cycle parking layouts, including an increase in provision of 12 No. spaces; changes to the proposed taking in charge areas; and all associated site and development works above and below ground.","address":"A site of approx 2.16 Ha in the townland of Finnstown,, Adamstown, Lucan, Co Dublin","authority":"South Dublin County Council","planning_url":"https://planning.agileapplications.ie/southdublin/application-details/66005","footprint_source":"estimated — rectangle sized from the unit count; NPAD has no site boundary","centroid":[-6.47048,53.34095],"water":{"connected":false,"distance_to_network_m":58.1,"route_length_m":72.6,"est_cost_eur":50819,"required_main_mm":200,"avg_daily_demand_m3":141.8},"transport":{"class":"rail","nearest_stop_m":190,"nearest_stop_id":"osm:10965842238","nearest_frequent_stop_m":258,"nearest_frequent_stop_id":"osm:11758805202","nearest_rail_name":"Unnamed station","nearest_rail_m":557,"residents":945,"peak_pt_trips":40,"proposed_route_id":null},"schools":{"primary_pupils":70,"secondary_pupils":42,"nearby_primary":3,"nearby_secondary":3,"nearby_school_ids":["osm:58698009","osm:110801123","osm:315141607","osm:46427939","osm:264032663","osm:493240130"],"worst_pressure_ratio":1.192,"pressure_flag":"critical"},"scores":{"water":27.3,"transport":17.0,"schools":100,"overall":79.2}}},{"type":"Feature","geometry":{"type":"Polygon","coordinates":[[[-6.46151,53.41948],[-6.46325,53.42007],[-6.46483,53.41841],[-6.46309,53.41782],[-6.46151,53.41948]]]},"properties":{"app_id":"MCC-2660481","num_units":314,"dev_type":"residential","status":"granted","received_date":"2026-04-24","description":"a Large-Scale Residential Development - Apply for Permission for a period of 8 Years for a Large-Scale Residential Development at a site (c. 7.93 Ha) bounded generally by Station Road (L2228) to the south, Dunboyne Train Station and the Iarnród Éireann rail line to the west, greenfield lands to the north and east on lands in the townland of Dunboyne, Dunboyne, County Meath. The development comprises 314 no. residential units consisting of 234 no. houses, 2 to 3 storeys in height, comprising of 3 no. 2-bed houses, 167 no. 3-bed houses, 64no. 4-bed houses and 4no. apartment blocks, 1 to 5 storeys in height, accommodating 80 no. apartments comprising, 17no. 1-bed apartments, 63no. 2-bed apartments with balconies/terraces; a childcare facility (c. 396.3 sqm) at ground floor of apartment Block D. Vehicular access from Station Road (L2228) is to be provided by the Dunboyne Eastern Distributor Road as previously permitted under MCC Reg. Ref. 24/60709. All ancillary site development and landscape works, including new internal access roads, footpaths, lighting, public open space (1.74 Ha), 486no. car parking spaces, 489 no. bicycle parking spaces, communal open space, ESB sub-stations, bin storage and boundary treatments. The proposed development seeks amendments to approximately 7.93Ha of an already permitted residential development under MCC Ref. 24/60709 on an overall site of 21.9Ha, so as now to provide 865 units overall and includes adjustments to phasing and represents an increase of 55 additional units, overall.","address":"Lands within the townland of Dunboyne , Dunboyne , Co. Meath","authority":"Meath County Council","planning_url":"http://www.eplanning.ie/MeathCC/AppFileRefDetails/2660481/0","footprint_source":"estimated — rectangle sized from the unit count; NPAD has no site boundary","centroid":[-6.46317,53.41894],"water":{"connected":false,"distance_to_network_m":161.6,"route_length_m":202.0,"est_cost_eur":141400,"required_main_mm":200,"avg_daily_demand_m3":127.2},"transport":{"class":"rail","nearest_stop_m":250,"nearest_stop_id":"osm:854803750","nearest_frequent_stop_m":385,"nearest_frequent_stop_id":"osm:7430619569","nearest_rail_name":"Unnamed station","nearest_rail_m":215,"residents":848,"peak_pt_trips":36,"proposed_route_id":null},"schools":{"primary_pupils":63,"secondary_pupils":38,"nearby_primary":3,"nearby_secondary":1,"nearby_school_ids":["osm:50638572","osm:613578096","osm:852235655","osm:50638573"],"worst_pressure_ratio":1.264,"pressure_flag":"critical"},"scores":{"water":40.2,"transport":16.8,"schools":100,"overall":80.9}}},{"type":"Feature","geometry":{"type":"Polygon","coordinates":[[[-6.14719,53.24968],[-6.14898,53.25019],[-6.15033,53.24847],[-6.14854,53.24797],[-6.14719,53.24968]]]},"properties":{"app_id":"DLRCC-DZ26A/0148/WEB","num_units":311,"dev_type":"residential","status":"granted","received_date":"2026-02-27","description":"The development will consist of a residential scheme of 311 no. units and a crèc","address":"Townland of Laughanstown, Dublin 18, The site is bounded by Grand Parade and Western Courtyard roads","authority":"Dun Laoghaire Rathdown County Council","planning_url":"","footprint_source":"estimated — rectangle sized from the unit count; NPAD has no site boundary","centroid":[-6.14876,53.24908],"water":{"connected":false,"distance_to_network_m":63.5,"route_length_m":79.4,"est_cost_eur":55580,"required_main_mm":200,"avg_daily_demand_m3":126.0},"transport":{"class":"rail","nearest_stop_m":405,"nearest_stop_id":"osm:12995070124","nearest_frequent_stop_m":756,"nearest_frequent_stop_id":"osm:701816069","nearest_rail_name":"Unnamed station","nearest_rail_m":450,"residents":840,"peak_pt_trips":35,"proposed_route_id":null},"schools":{"primary_pupils":62,"secondary_pupils":37,"nearby_primary":4,"nearby_secondary":4,"nearby_school_ids":["osm:53348949","osm:106649058","osm:338900317","osm:1243224457","osm:53361665","osm:137931866","osm:519770821","osm:554300649"],"worst_pressure_ratio":0.954,"pressure_flag":"nominal"},"scores":{"water":27.9,"transport":16.8,"schools":15.4,"overall":24.8}}},{"type":"Feature","geometry":{"type":"Polygon","coordinates":[[[-6.47479,53.43195],[-6.47319,53.43264],[-6.47505,53.43418],[-6.47665,53.43348],[-6.47479,53.43195]]]},"properties":{"app_id":"MCC-2460805","num_units":309,"dev_type":"residential","status":"granted","received_date":"2024-09-30","description":"a Large-Scale Residential Development: permission for the following Large-Scale Residential Development consisting of: i) 309 no. residential units comprising 169 no. dwelling houses and 140 no. apartments/duplexes providing a mix of 1, 2, 3 and 4-bed units. The dwelling houses range in height from 2-3 storeys. The apartments/duplexes are in 8 no. blocks (i.e. Blocks A-H) ranging in height from 3 to 4 storeys; ii) a 2 storey creche; iii) modifications to the R157 regional road including changes to the existing carriageway/traffic lanes, the replacement of an existing roundabout with a new signalised junction and the provision of a northern arm off the new signalised junction ; iii) a new signalised junction and link road (including new bridge over the River Tolka) connecting the R157 and the Old Navan Road; iv) the provision of footpaths, cycle lanes and 2 no. pedestrian crossings on the existing M3 Parkway access road, v) a foul pumping station and connection to the existing public sewerage system via the Old Navan Road; vi) a watermain connection to the north of the site at Pace (townland); vii) 3 no. ESB substation/kiosks; viii) temporary raised levels and soil storage to the south west of the site; ix) reprofiling of lands, construction of conveyance swales and a surface water runoff retention area as part of pluvial flood mitigation measures and x) all associated ancillary development works including footpaths, cycle lanes, car and bicycle parking, drainage, public lighting, bin storage, boundary treatments and landscaping/amenity areas at this site principally located in Bennetstown (townland) to the west of the R157, and also extending into Pace & Dunboyne (townlands), Dunboyne North, Co. Meath. Access will be via 2 no. new signalised junctions on to the R157 comprising 1 no. new vehicular access point to the southeast along the R157 and via 1 no. new vehicular access point to the north along a new northern arm off a new signalised junction which will replace the existing roundabout on the R157. The planning application red line boundary overlaps with planning ref. 23/60290, 23/60065 and 23/424.\r\nAn Environmental Impact Assessment Report (EIAR) and Natura Impact Statement (NIS) has been submitted to the planning authority with the application","address":"principally located in Bennetstown (townland) to the west of the R157 and also extending into Pace & Dunboyne (townlands) , Dunboyne North , Co. Meath","authority":"Meath County Council","planning_url":"http://www.eplanning.ie/MeathCC/AppFileRefDetails/2460805/0","footprint_source":"estimated — rectangle sized from the unit count; NPAD has no site boundary","centroid":[-6.47492,53.43306],"water":{"connected":false,"distance_to_network_m":352.8,"route_length_m":440.9,"est_cost_eur":308630,"required_main_mm":200,"avg_daily_demand_m3":125.1},"transport":{"class":"rail","nearest_stop_m":419,"nearest_stop_id":"osm:894717281","nearest_frequent_stop_m":1509,"nearest_frequent_stop_id":"osm:1357034053","nearest_rail_name":"Unnamed station","nearest_rail_m":433,"residents":834,"peak_pt_trips":35,"proposed_route_id":null},"schools":{"primary_pupils":62,"secondary_pupils":37,"nearby_primary":0,"nearby_secondary":1,"nearby_school_ids":["osm:50638573"],"worst_pressure_ratio":1.264,"pressure_flag":"critical"},"scores":{"water":64.1,"transport":16.8,"schools":100,"overall":84.1}}},{"type":"Feature","geometry":{"type":"Polygon","coordinates":[[[-6.48528,53.3759],[-6.48693,53.37641],[-6.4883,53.37483],[-6.48665,53.37432],[-6.48528,53.3759]]]},"properties":{"app_id":"KCC-2660746","num_units":272,"dev_type":"mixed","status":"pending","received_date":"2026-07-03","description":"for (A) the construction of 272 no. residential units comprising: 101 no. terraced houses (54 no. 3-bed 2 no. storey houses, 28 no. 4-bed 2 storey houses and 19 no. 4-bed 3 no. storey houses); 12 no. own door 1-bed apartment units in an end of terrace (3 storey) arrangement in 4 no. locations throughout the site; 78 no. duplex apartment units (33 no. 2-bed and 45 no. 3-bed units) provided in terraced and end of terrace (3 storey) arrangements in 13 no. locations throughout the site; and provision of a mixed use area comprising 81 no. apartments / duplex apartments units (29 no. 1-bed, 36 no. 2-bed, and 16 no. 3-bed units) in 4 no. blocks (Blocks A1 to A4) ranging from part 3 no. storeys up to part 6 no. storeys in total, including a podium / ground floor level; (B) The provision at ground floor of Blocks A1 to A4 of a childcare facility (c. 500 sq.m GFA) and associated play area, 3 no. commercial units with a total GFA of c. 615 sq.m (for Class 1- Shop, or Class 2- Office / Professional Services, or Class 11- Gym, or Restaurant / Café use, including ancillary takeaway use, or Class 8- Health Centre / Civic, or Cultural Use); a Restaurant / Café unit (c. 358 sq.m GFA), bike stores, bin stores, plant areas, 1 no. ESB substation and associated switch rooms, and car parking; (C) Block A1 (3 no. storeys and part 4 no. storeys over podium / ground floor level) includes 33 no. apartments (10 no. 1-bed 19 no. 2-bed, and 4 no. 3-bed units [including apartments over 2 levels]) from first floor to fourth floor level; (D) Block A2 (2 no. storeys over podium / ground floor level) includes 4 no. 3-bed duplex apartment units from first floor to second floor level; (E) Block A3 (4 no. storeys and part 5 no. storeys over podium / ground floor level) includes 36 no. apartments (15 no. 1-bed, 17 no. 2-bed units and 4 no. 3-bed units [including apartments over 2 levels]) from first floor to fifth floor level; (F) Block A4 (3 no. storeys over podium / ground floor level) includes 8 no. duplex apartment units (4 no. 1-bed and 4 no. 3 bed units) from first floor to third floor level; (G) All apartments / duplex apartment units and houses are provided with private amenity space in the form of gardens, balconies, or terraces; (H) The development provides public open space and communal open space to serve the residential units, and c. 1 ha of a linear park to the north of the Royal Canal; (I) Provision of 2 no. vehicular and pedestrian / cyclist accesses from the R149 to the east a","address":"Lands within the townlands of Newtown and Confey Leixlip Co. Kildare  , greenfield lands to the west the Royal Canal railway line and Leixlip Confey Train Station to the south and Cope Bridge to the south-east. The application site also includes a se","authority":"Kildare County Council","planning_url":"http://www.eplanning.ie/KildareCC/AppFileRefDetails/2660746/0","footprint_source":"estimated — rectangle sized from the unit count; NPAD has no site boundary","centroid":[-6.48679,53.37536],"water":{"connected":false,"distance_to_network_m":147.1,"route_length_m":183.9,"est_cost_eur":101145,"required_main_mm":150,"avg_daily_demand_m3":110.2},"transport":{"class":"rail","nearest_stop_m":399,"nearest_stop_id":"osm:1485837732","nearest_frequent_stop_m":459,"nearest_frequent_stop_id":"osm:10892314706","nearest_rail_name":"Unnamed station","nearest_rail_m":145,"residents":734,"peak_pt_trips":31,"proposed_route_id":null},"schools":{"primary_pupils":54,"secondary_pupils":33,"nearby_primary":3,"nearby_secondary":1,"nearby_school_ids":["osm:35694297","osm:52586451","osm:52586454","osm:35694272"],"worst_pressure_ratio":0.994,"pressure_flag":"nominal"},"scores":{"water":38.4,"transport":16.6,"schools":19.4,"overall":32.9}}},{"type":"Feature","geometry":{"type":"Polygon","coordinates":[[[-6.43357,53.33538],[-6.43481,53.33615],[-6.43687,53.33496],[-6.43563,53.33419],[-6.43357,53.33538]]]},"properties":{"app_id":"SDCC-SDZ25X/0001","num_units":252,"dev_type":"mixed","status":"granted","received_date":"2025-05-26","description":"SOUTH DUBLIN COUNTY COUNCIL NOTICE PURSUANT TO SECTION 175 OF THE PLANNING AND DEVELOPMENT ACT, 2000 (AS AMENDED) APPLICATION TO AN BORD PLEANÁLA In accordance with Section 175 of the Planning and Development Act, 2000 (as amended) South Dublin County Council gives notice of its intention to make an application for approval to An Bord Pleanála under Section 175(3) of the Planning and Development Act, 2000 (as amended), to carry out development at lands cumulatively measuring c. 29.39 hectares, comprising three sites referred to as Site 3, Site 4, and Site 5, located predominantly within the Kishoge Development Area of Clonburris Strategic Development Zone (SDZ), in the townlands of Kishoge, Esker South, Grange, and Balgaddy, Clonburris, County Dublin. The proposed development at Sites 3, 4 and 5 broadly comprises the development of 1,252no. residential units in a mix of houses, duplexes, triplexes and apartments; 2no. childcare facilities; 1no. community building; retail uses; refurbishment works to Grange House for future reuse: -\r\nSite 3: Located within ‘Development Area 7- Kishoge North West’ and ‘Development Area 6- Kishoge Urban Centre’ of the Clonburris SDZ Planning Scheme and bounded generally by Lucan East Educate Together National School and Oldbridge housing estate to the north; Tullyhall residential housing estate to the west; Adamstown Avenue and Kishoge train station and Dublin-Cork rail line to the south; and, Grange Castle Road (R136) to the east. The proposed development at Site 3 comprises the construction of 580no. dwellings, including 130no. 2-storey 3-bedroom houses; 15no. 3-storey 3-bedroom houses; 76no. apartment units (32no. 1-bedroom, 36no. 2-bedroom and 8no. 3-bedroom) accommodated in 2no. 5-storey apartment buildings with balconies on all elevations; 356no. duplex units (108no. 1-bedroom, 115no. 2-bedroom, and 133no. 3-bedroom) and 3no. 3-bedroom triplex units accommodated in 24no. 3-storey duplex blocks, with balconies on rear and/or front elevations. 1no. 2-storey childcare facility (c.553 sq. m). And all associated and ancillary site development, landscape and boundary works, including public open space (c. 7,015 sq. m) and communal open space (c. 3,079sqm); 456no. surface car parking spaces (total); 1,116no. bicycle parking spaces (total); 7no. ESB substations; and the diversion and rerouting of ESB 10KV and 38KV cabling; public lighting. New vehicular site, pedestrian and cycle access to Site 3 is proposed from existing Adamstown Avenue, the consented Northern Link Street (SDZ24A/0033W) and from the existing site entrance at Tullyhall Rise. New pedestrian access is proposed via the permitted green link (SDZ24A/0033W) adjacent to Lucan East Educate Together National School to the north and via the existing public open space at Rossberry Park to the north east.\r\nSite 4: Located within ‘Development Area 8- Kishoge South West’ of the Clonburris SDZ Planning Scheme and bounded to the north by the Dublin-Cork rail line, to the west by Griffeen Valley Park extension, by a linear park permitted under SDCC Reg. Ref. SD228/0003 to the east and the Grand Canal corridor to the south. The proposed development at Site 4 comprises the construction of 436no. dwellings, including 141no. houses (133no. 3-bedroom and 8no. 4-bedroom) ranging from 2 to 3-storeys in height; 124no. apartment units (62no. 1-bedroom and 62no. 2-bedroom) accommodated in 3no. apartment buildings ranging from 4 to 6-storeys in height, with balconies/terraces on all elevations; 106no. duplex units (53no. 2-bedroom and 53no. 3-bedroom) and 57no. 2-bedroom triplex units accommodated in 19no. 3-storey duplex blocks, with a combination of rear gardens, and balconies/ terraces on all elevations; 3no. 1-bedroom age-friendly apartments accommodated in a 1-storey apartment building, with a rear courtyard garden; 5no. 2-bedroom garden apartments accommodated in a 1 to 2-storey apartment building with a front and rear courtyard garden. 1no. childcare facility (c. 544 sqm) and 1no. retail unit (c. 150 sqm) at ground floor of apartment Block F and 1no. community building/ pavilion (c. 683 sq m), all fronting Griffeen Valley Park; and, proposed refurbishment of existing Grange House for employment reuse (c. 173 sq m). And all associated and ancillary site development, landscape and boundary works, including public open space (c. 778 sqm) and communal open space (c. 1,621 sqm); 408no. surface car parking spaces (total); 793no. bicycle parking spaces (total); 3no. ESB substations and 5no. ESB substation kiosks; public lighting; bin stores; demolition of existing outbuildings associated with Grange House (c. 118.0sqm) and isolated buildings (c. 98.0sqm). New vehicular, pedestrian and cycle access to the site is proposed from the permitted Southern Link Road (SDZ20A/0021).\r\nSite 5: Primarily located within Development Area 6- Kishoge Urban Centre and Development Area 10- Kishoge North East  of the Clonburris SDZ Planning Scheme. Site 5 consists of two parcels (5a & 5b) located to the north of Kishoge Train Station and east of the R136 roundabout, intersected by Thomas Omer Way. One parcel is bounded by the Foxborough and Omer Walk housing estates to the north, Griffeen Community College and Thomas Omer Way to the south, and the second parcel is bounded by Thomas Omer Way to the north, Lynch’s Lane to the east and Grange Castle Road (R136) to the west. The eastern portion of Site 5b lies outside of the Clonburris SDZ Planning Scheme area. The proposed development at Site 5 will consist of: the construction of 236 no. residential units comprising 35 no. 2-storey 3-bedroom houses; 110 no. 3-storey duplex units (53 no. 2-bedroom and 57 no. 3-bedroom); 33 no. 3-storey 2-bedroom triplex units; and 58 no. apartments (37 no. 1-bedroom and 21 no. 2-bedroom) in a 6-storey over basement apartment block. And all associated and ancillary site development, landscape and infrastructural works, including:  public open space (3,101 sq.m); communal open space (332 sq.m) to serve the apartment building; balconies/terraces for the apartments and duplex/triplex units; 219 no. car parking spaces (total); 628 no. bicycle parking spaces (527 no. resident spaces and 101 no. visitor spaces); ESB substation, public lighting, boundary treatments, waste storage areas, drainage and open attenuation ponds. To facilitate development, it is proposed to remove a section of the concrete noise barrier along Thomas Omer Way (within the Site 5 boundary only) and remnants of derelict structures and hardstand on lands to the south of Thomas Omer Way.  Vehicular, pedestrian and cycle access to the parcel in the south will be from Thomas Omer Way via a new left-in-left-out junction at Lynch’s Lane and from the R136 via the permitted Northern Link Street (granted under Reg. Ref. SDZ24A/0033W). Vehicular, pedestrian and cycle access to the north parcel will be from Thomas Omer Way via a new signalised junction. New pedestrian connections are facilitated to the Foxborough and Omer Walk residential estates.\r\nThis application is being made in accordance with the Clonburris Strategic Development Zone (SDZ) Planning Scheme, as defined by Statutory Instrument No. 604 of 2015. An Environmental Impact Assessment Report has been prepared in respect of the proposed development. The application documentation including the Environmental Impact Assessment Report may be inspected free of charge or purchased on payment of a specified fee (which fee shall not exceed the reasonable cost of making such copy) during public opening hours from Tuesday 03 June 2025 to Monday 14 July 2025 at the following locations: The Office of An Bord Pleanála, 64 Marlborough Street, Dublin 1, D01 V902 (between 9.15am and 5.30 pm Monday to Friday); South Dublin County Council, County Hall, Town Centre, Tallaght, Dublin 24 (between 9:00am to 4:00pm., Monday to Friday); The application (including EIAR) may also be viewed/downloaded on the following website: www.kishoge-part10.com. Submissions or observations may be made in writing to An Bord Pleanála, 64 Marlborough Street, Dublin 1, D01 V902 on payment of the prescribed fee of €50 within 6-weeks of receipt of the application by An Bord Pleanála (submissions or observations may also be made through the Board’s website at the following address https://www.pleanala.ie/en-IE/Observation-on-a-strategic-Infrastructure-devel) to be received on or before 5.30 p.m. Monday 14 July 2025 relating to: (i) The implications of the proposed development for proper planning and sustainable development of the area in which the proposed development is concerned; and (ii) The likely effects on the environment of the proposed development, if carried out. An Bord Pleanála may give approval to the application for development with or without conditions or may refuse the application for development. A person may question the validity of any such decision by An Bord Pleanála by way of an application for judicial review under Order 84 of the Rules of the Superior Courts (S.I. No. 15 of 1986, as amended), in accordance with section 50 of the Planning and Development Act, 2000 (as amended). Practical information on the judicial review mechanism can be accessed under the heading Legal Notices – Judicial Review Notice on the An Bord Pleanála website www.pleanala.ie or on the Citizens Information website www.citizensinformation.ie","address":"Lands comprising 3 sites Sites 3, 4 and 5, within Kishoge Development Area of Clonburris SDZ in the townlands of, Kishoge, Esker South Grange & Balgaddy, Clonburris, Co. Dublin.","authority":"South Dublin County Council","planning_url":"https://planning.agileapplications.ie/southdublin/application-details/68453","footprint_source":"estimated — rectangle sized from the unit count; NPAD has no site boundary","centroid":[-6.43522,53.33517],"water":{"connected":true,"distance_to_network_m":2.5,"route_length_m":0.0,"est_cost_eur":0,"required_main_mm":150,"avg_daily_demand_m3":102.1},"transport":{"class":"rail","nearest_stop_m":299,"nearest_stop_id":"osm:11037930971","nearest_frequent_stop_m":317,"nearest_frequent_stop_id":"osm:11037816658","nearest_rail_name":"Unnamed station","nearest_rail_m":343,"residents":680,"peak_pt_trips":29,"proposed_route_id":null},"schools":{"primary_pupils":50,"secondary_pupils":30,"nearby_primary":7,"nearby_secondary":9,"nearby_school_ids":["osm:46769580","osm:81796961","osm:315141611","osm:315141612","osm:440879155","osm:726997628","osm:878047917","osm:4310122325","osm:46427939","osm:52117339","osm:111218825","osm:187406455","osm:264032663","osm:493240130","osm:672028343","osm:1185809481"],"worst_pressure_ratio":1.108,"pressure_flag":"watch"},"scores":{"water":10.0,"transport":16.4,"schools":65.8,"overall":51.8}}},{"type":"Feature","geometry":{"type":"Polygon","coordinates":[[[-6.48286,53.42518],[-6.4819,53.42607],[-6.48429,53.42699],[-6.48525,53.4261],[-6.48286,53.42518]]]},"properties":{"app_id":"MCC-2661080","num_units":248,"dev_type":"residential","status":"pending","received_date":"2026-08-26","description":"Permission for a Large-Scale Residential Development - permission for development of a Large-Scale Residential Development on a site of approx. 6.87 ha on lands generally bounded by Summerhill Road (L2228) to the south-west, R157 to the north, Plunkett Hall Estate to the south and Dunboyne Business Park and lands with extant permission under Reg. Ref. P8/22022 to the east, Dunboyne, Co. Meath. The proposed development will consist of a Large-Scale Residential Development comprising 248 no. residential units and 1 no. childcare facility with associated car parking, bicycle parking, public open spaces, communal open spaces and all ancillary works. The development shall comprise: a) Construction of 248 no. residential units as follows: • 170 no. 2 storey houses in a mix of terraced, semi-detached and detached unit types consisting of 27 no. 2-bedroom units, 124 no. 3-bedroom units and 19 no. 4-bedroom units. Each house will have an associated rear private garden. • 26 no. apartment units in a single 4 storey block consisting of 13 no. 1-bedroom units and 13 no. 2-bedroom apartments. All apartment units will be provided with private open space in the form of balconies. • 52 no. duplex units in 4 no. 3 storey blocks (A-D) consisting of 26 no. 2-bedroom units and 26 no. 3-bedroom units. All duplex units will be provided with private open space areas in the form of balconies/terraces. • Communal open space associated with the proposed apartment / duplex units will be provided in the form of 5 no. landscaped areas located in the vicinity of the units (total approx. 1,340.4 sqm). b) 1 no. childcare facility (GFA approx. 285.7 sqm) at ground floor of Apartment Block A with dedicated external open space (approx. 176 sqm). c) Total provision of 388 no. car parking spaces including 6 no. accessible spaces and 24 no. EV charging spaces (357 no. resident car parking spaces, 18 no. residential visitor car parking spaces and 13 no. car parking spaces dedicated for the childcare facility). The development will also provide 4 no. drop-off / loading bay spaces associated with the childcare facility. d) Total of 429 no. bicycle parking spaces (319 no. secure resident spaces and 88 no. visitor spaces for the apartment / duplex / mid-terrace units; and 14 no. childcare facility staff spaces and 8 no. childcare facility visitor spaces).  e) Landscaped public open space areas including children’s play areas totalling approx. 10,775 sqm.  f) A new vehicular and pedestrian a and ped","address":"lands bounded by Summerhill Road (L2228) R157 , Plunkett Hall Estate and Dunboyne Business Park , Dunboyne Co. Meath.","authority":"Meath County Council","planning_url":"http://www.eplanning.ie/MeathCC/AppFileRefDetails/2661080/0","footprint_source":"estimated — rectangle sized from the unit count; NPAD has no site boundary","centroid":[-6.48358,53.42608],"water":{"connected":false,"distance_to_network_m":68.0,"route_length_m":85.0,"est_cost_eur":46750,"required_main_mm":150,"avg_daily_demand_m3":100.4},"transport":{"class":"car_dependent","nearest_stop_m":956,"nearest_stop_id":"osm:1357034053","nearest_frequent_stop_m":956,"nearest_frequent_stop_id":"osm:1357034053","nearest_rail_name":"Unnamed station","nearest_rail_m":1355,"residents":670,"peak_pt_trips":28,"proposed_route_id":"PR-01"},"schools":{"primary_pupils":50,"secondary_pupils":30,"nearby_primary":3,"nearby_secondary":1,"nearby_school_ids":["osm:50638572","osm:613578096","osm:852235655","osm:50638573"],"worst_pressure_ratio":1.264,"pressure_flag":"critical"},"scores":{"water":28.5,"transport":86.4,"schools":100,"overall":88.7}}},{"type":"Feature","geometry":{"type":"Polygon","coordinates":[[[-6.30595,53.40157],[-6.30568,53.40261],[-6.30846,53.40286],[-6.30873,53.40182],[-6.30595,53.40157]]]},"properties":{"app_id":"FCC-LRD0047/S3E","num_units":243,"dev_type":"residential","status":"granted","received_date":"2025-05-12","description":"The proposed development will consist of 243no. residential units in 3","address":"Charlestown Place, Charlestown, Dublin 11","authority":"Fingal County Council","planning_url":"https://planning.agileapplications.ie/fingal/appli","footprint_source":"estimated — rectangle sized from the unit count; NPAD has no site boundary","centroid":[-6.3072,53.40222],"water":{"connected":true,"distance_to_network_m":46.3,"route_length_m":0.0,"est_cost_eur":0,"required_main_mm":150,"avg_daily_demand_m3":98.4},"transport":{"class":"frequent_bus","nearest_stop_m":218,"nearest_stop_id":"osm:5871884773","nearest_frequent_stop_m":240,"nearest_frequent_stop_id":"osm:8132770912","nearest_rail_name":"Unnamed station","nearest_rail_m":3043,"residents":656,"peak_pt_trips":28,"proposed_route_id":null},"schools":{"primary_pupils":49,"secondary_pupils":29,"nearby_primary":0,"nearby_secondary":3,"nearby_school_ids":["osm:376300212","osm:399343347","osm:530551957"],"worst_pressure_ratio":0.91,"pressure_flag":"critical"},"scores":{"water":10.0,"transport":36.4,"schools":76.0,"overall":61.9}}},{"type":"Feature","geometry":{"type":"Polygon","coordinates":[[[-6.45412,53.34688],[-6.45511,53.34773],[-6.45739,53.34679],[-6.4564,53.34593],[-6.45412,53.34688]]]},"properties":{"app_id":"SDCC-SDZ19A/0004/EP","num_units":237,"dev_type":"residential","status":"granted","received_date":"2024-04-25","description":"237 dwellings (up to a maximum of c.24,911sq.m GFA) in a mixture of terraced, semi-detached and detached houses, duplexes and apartments as follows; 119 apartment units shall be accommodated in 4 blocks of 2-5 storeys; Block 01 (4 storey) to consist of 20 one bed apartments and 16 two bed apartments; Block 02 (4-5 storey) to consist  of 22 one bed apartments and 41 two bed apartments; Block 04 (3-4 storey) to consist of 9 two bed apartments and 1 the bed apartment located within the 4 storey element of Block 4; Block 05 (2-3 storey) to consist of 1 one bed apartment, 5 two bed apartments and 4 the bed apartments, 20 duplexes shall be accommodate in 2 blocks of 3-4 storeys; Block 03 (3 storey) to contain 2 one storey one bed unit, 2 one storey two bed units and 4 three storey three bed units; Block 04 (3-4 storey) to contain 12 three storey three bed units located within  the three storey element of Block 4; 98 houses shall consist of 67 two storey, three bedroom houses; 47 with the option of a single storey rear extension at ground floor level (House Types B1.1x and B1.2x); 15 two storey, four bedroom houses; 6 three storey, four bedroom houses and 10 part three storey, part two storey four bedroom houses; provision of 1367sq.m of public open space; provision of c. 318 car parking spaces; re-alignment of the northern section of Tandy's Lane from a point to the north of the entrance to Somerton House to its junction with Adamstown Drive (existing access arrangements will not be affected); all ancillary and associated site development and landscape works; vehicular access to the development is to be provided off Adamstown Drive, The Paddock's Way and the re-aligned Tandy's Lane on lands bounded generally to the northwest by the Hillcrest residential development, to the northeast by Supervalu Lucan, to the east by Westbury Drive, Westbury Avenue, the rear of houses fronting onto Westbury Grove, and Somerton (Phase 1) currently under construction pursuant to SDCC Reg. Ref. SDZ16A/0005, to the south by Somerton House (a Protected Structure), and Tandy's Lane Park Amenity Area (permitted under SDCC Reg. Ref. SDZ18A/0003, and to the west by Adamstown Park and The Paddock's Way with the site located on both sides of Adamstown Drive and also on either side of the northern portion of Tandy's Lane.","address":"In the townlands of Dodsborough & Finnstown, Adamstown, Lucan, Co. Dublin","authority":"South Dublin County Council","planning_url":"https://planning.agileapplications.ie/southdublin/application-details/65595","footprint_source":"estimated — rectangle sized from the unit count; NPAD has no site boundary","centroid":[-6.45576,53.34683],"water":{"connected":true,"distance_to_network_m":16.7,"route_length_m":0.0,"est_cost_eur":0,"required_main_mm":150,"avg_daily_demand_m3":96.0},"transport":{"class":"frequent_bus","nearest_stop_m":220,"nearest_stop_id":"osm:10965852438","nearest_frequent_stop_m":461,"nearest_frequent_stop_id":"osm:11225405884","nearest_rail_name":"Unnamed station","nearest_rail_m":1503,"residents":640,"peak_pt_trips":27,"proposed_route_id":null},"schools":{"primary_pupils":47,"secondary_pupils":28,"nearby_primary":8,"nearby_secondary":5,"nearby_school_ids":["osm:58698009","osm:110801123","osm:111243909","osm:315141607","osm:315141610","osm:315141611","osm:361450517","osm:1123927526","osm:46427939","osm:264032663","osm:493240130","osm:672028343","osm:1185809481"],"worst_pressure_ratio":1.192,"pressure_flag":"critical"},"scores":{"water":10.0,"transport":36.4,"schools":100,"overall":79.5}}},{"type":"Feature","geometry":{"type":"Polygon","coordinates":[[[-6.15124,53.25739],[-6.14976,53.25791],[-6.15116,53.25933],[-6.15264,53.25881],[-6.15124,53.25739]]]},"properties":{"app_id":"DLRCC-ABP30585919/E","num_units":234,"dev_type":"residential","status":"granted","received_date":"2025-04-02","description":"Permission for Strategic Housing Development comprising 234 residential units","address":"Former Doyles Nursery, Garden Centre (D18 Y688) & Benoni (D18 V2H9), Brennanstown Road, Cabinteely, Dublin 18","authority":"Dun Laoghaire Rathdown County Council","planning_url":"","footprint_source":"estimated — rectangle sized from the unit count; NPAD has no site boundary","centroid":[-6.1512,53.25836],"water":{"connected":false,"distance_to_network_m":88.3,"route_length_m":110.4,"est_cost_eur":60720,"required_main_mm":150,"avg_daily_demand_m3":94.8},"transport":{"class":"rail","nearest_stop_m":313,"nearest_stop_id":"osm:686573559","nearest_frequent_stop_m":512,"nearest_frequent_stop_id":"osm:701816069","nearest_rail_name":"Unnamed station","nearest_rail_m":898,"residents":632,"peak_pt_trips":27,"proposed_route_id":null},"schools":{"primary_pupils":47,"secondary_pupils":28,"nearby_primary":4,"nearby_secondary":7,"nearby_school_ids":["osm:53361676","osm:93268056","osm:106649058","osm:1243224457","osm:53361665","osm:54242896","osm:137931866","osm:519770821","osm:554300649","osm:931967062","osm:962020567"],"worst_pressure_ratio":0.953,"pressure_flag":"nominal"},"scores":{"water":31.0,"transport":16.4,"schools":15.3,"overall":27.0}}},{"type":"Feature","geometry":{"type":"Polygon","coordinates":[[[-6.40466,53.33572],[-6.40476,53.33674],[-6.4075,53.33665],[-6.40741,53.33562],[-6.40466,53.33572]]]},"properties":{"app_id":"SDCC-SDZ25A/0019W","num_units":233,"dev_type":"residential","status":"granted","received_date":"2026-02-24","description":"The proposed development consists of the construction of 233 no. dwellings which are comprised of: 78 no. 2 & 3 bed, 2 storey, detached, semi-detached and terraced houses, 56 no. 2 & 3 bed duplex units in 8 no. 3 storey buildings and 99 no. 1, 2 & 3 bed apartments in 2 no. 3-5 and 4-6 storey buildings. Access to the development will be from two new vehicular accesses from the Ninth Lock Road to the east and via the permitted road network i.e. the Clonburris Northern Link Street, (under Ref. SDZ24A/0033W) which provides access from the Ninth Lock Road to the east and the R113, Fonthill Road to the west.  The proposed development will connect into the permitted infrastructural works as approved under the Clonburris Strategic Development Zone Planning Scheme (2019) and permitted under Ref. SDZ24A/0033W. The proposed development also provides for all associated site development works and infrastructure to facilitate the development (above and below ground), public & communal open spaces, hard & soft landscaping and boundary treatments, surface car parking (192 no. spaces), bicycle parking (351 no. spaces), bin & bicycle storage, public lighting, plant (M&E) etc.","address":"West of the Ninth Lock Road and east of the R113, Fonthill Road, Clonburris, Dublin 22","authority":"South Dublin County Council","planning_url":"https://planning.agileapplications.ie/southdublin/application-details/68262","footprint_source":"estimated — rectangle sized from the unit count; NPAD has no site boundary","centroid":[-6.40608,53.33618],"water":{"connected":false,"distance_to_network_m":97.4,"route_length_m":121.7,"est_cost_eur":66935,"required_main_mm":150,"avg_daily_demand_m3":94.4},"transport":{"class":"rail","nearest_stop_m":104,"nearest_stop_id":"osm:10544263372","nearest_frequent_stop_m":295,"nearest_frequent_stop_id":"osm:11410297222","nearest_rail_name":"Unnamed station","nearest_rail_m":316,"residents":629,"peak_pt_trips":26,"proposed_route_id":null},"schools":{"primary_pupils":47,"secondary_pupils":28,"nearby_primary":9,"nearby_secondary":8,"nearby_school_ids":["osm:4310122328","osm:4420684271","osm:4420684272","osm:81796961","osm:434333643","osm:448943397","osm:726997628","osm:878047917","osm:962008130","osm:4310122325","osm:52117339","osm:71330738","osm:111218825","osm:187406455","osm:285234752","osm:672028343","osm:1185809481"],"worst_pressure_ratio":1.078,"pressure_flag":"watch"},"scores":{"water":32.2,"transport":16.3,"schools":62.8,"overall":52.5}}},{"type":"Feature","geometry":{"type":"Polygon","coordinates":[[[-6.4402,53.28498],[-6.43856,53.2852],[-6.43913,53.28677],[-6.44077,53.28656],[-6.4402,53.28498]]]},"properties":{"app_id":"SDCC-SHD3ABP-308088-20/EP","num_units":224,"dev_type":"residential","status":"granted","received_date":"2025-09-16","description":"224 apartment units arranged in 4 blocks and all associated public open spaces, communal amenity spaces and private amenity spaces comprising terraces/balconies. The proposed blocks are arranged over 2 single level basements (accessed via 2 vehicular ramps to east of the site) and comprise 5 to 6 storey blocks with an 8 storey element as part of Block A. Vehicular access to serve the proposed development will be provided via a new access at Garters Lane and will also provide access to lands to the east (development permitted under ABP ref PL06S.305563). Permission is also sought for 191 car parking spaces (180 at basement level and 11 at surface level); 470 bicycle parking spaces (290 at basement level at 180 at surface level); 1 ESB substation; 1 cycle store, hard and soft landscaping, pedestrian and cycle links, boundary treatments, public lighting, bin storage areas at basement, surface water drainage infrastructure and attenuation tanks, and all associated site development and infrastructure works.","address":"Garters Lane, Saggart, Co. Dublin","authority":"South Dublin County Council","planning_url":"https://planning.agileapplications.ie/southdublin/application-details/68970","footprint_source":"estimated — rectangle sized from the unit count; NPAD has no site boundary","centroid":[-6.43966,53.28588],"water":{"connected":true,"distance_to_network_m":34.9,"route_length_m":0.0,"est_cost_eur":0,"required_main_mm":150,"avg_daily_demand_m3":90.7},"transport":{"class":"rail","nearest_stop_m":248,"nearest_stop_id":"osm:664490981","nearest_frequent_stop_m":934,"nearest_frequent_stop_id":"osm:5653386847","nearest_rail_name":"Unnamed station","nearest_rail_m":184,"residents":605,"peak_pt_trips":25,"proposed_route_id":null},"schools":{"primary_pupils":45,"secondary_pupils":27,"nearby_primary":4,"nearby_secondary":2,"nearby_school_ids":["osm:441909998","osm:1006524109","osm:1034273767","osm:1034273768","osm:124180540","osm:426792693"],"worst_pressure_ratio":1.257,"pressure_flag":"critical"},"scores":{"water":10.0,"transport":16.2,"schools":100,"overall":76.8}}},{"type":"Feature","geometry":{"type":"Polygon","coordinates":[[[-6.46709,53.33755],[-6.46852,53.33804],[-6.46984,53.33668],[-6.46841,53.33618],[-6.46709,53.33755]]]},"properties":{"app_id":"SDCC-SDZ25A/0050W","num_units":214,"dev_type":"mixed","status":"granted","received_date":"2026-05-26","description":"Evara Developments Limited Intends to Apply for Permission at a site (approx. 1.67 Ha) in the townland of Gollierstown, Adamstown, Lucan, Co. Dublin on lands generally bounded by Adamstown Avenue to the north and north-east, to the east by Sleeper's Place and 'The Sidings' (The Crossings Phase 2 permitted under SDZ21A/0007 as amended by SDZ21A/0020), to the west by a Civic Plaza, 'The Platform' and 'The Junction' (The Crossings Phase 1) and to the south by Station Road, Adamstown, Lucan, Co. Dublin.  The proposed development comprises a mixed use residential and commercial development in 3no. interconnected blocks (H1, H2 & H3) ranging in height from 1 to 9 storeys (with ancillary basement plant room at Block H2) accommodating 214no. apartments (25no. studio, 94no. 1-bed, 79no. 2-bed 3-person, 16no. 2-bed 4-person) with private patios/terraces provided for all apartments; 4no. retail units (c. 1,444sqm total) located at ground floor level; a childcare facility (c. 1,005sqm) located at ground and first floor levels and associated outdoor play space (c. 204sqm); all associated site development and landscaping works including public open space; dedicated communal open space areas to serve each apartment block; bicycle parking; amendments to existing road infrastructure at Sleeper's Place to provide 2no. dedicated drop off bays and a new pedestrian crossing; amendments to the local street located to the north of 'The Railyard' to accommodate a shared vehicular, cyclist and pedestrian local street and 18no. car parking spaces at grade. 82no. car parking spaces to serve the development are already provided in the existing multi-storey car park at The Crossings, Adamstown.  The proposed development will be accessed at an upgraded vehicular, cyclist and pedestrian junction at Sleeper's Place, with the vehicular access to the existing multi-storey car park also being off Sleeper's Place.   This application is being made in accordance with the Adamstown Planning Scheme 2014, as amended, and relates to a proposed development within the Adamstown Strategic Development Zone Planning Scheme Area, as defined by Statutory Instrument No. 272 of 2001.","address":"Lands in the Townland of Gollierstown, Adamstown, Lucan, Co. Dublin","authority":"South Dublin County Council","planning_url":"https://planning.agileapplications.ie/southdublin/application-details/69552","footprint_source":"estimated — rectangle sized from the unit count; NPAD has no site boundary","centroid":[-6.46846,53.33711],"water":{"connected":false,"distance_to_network_m":62.0,"route_length_m":77.5,"est_cost_eur":42625,"required_main_mm":150,"avg_daily_demand_m3":86.7},"transport":{"class":"rail","nearest_stop_m":101,"nearest_stop_id":"osm:10965842236","nearest_frequent_stop_m":124,"nearest_frequent_stop_id":"osm:11758805203","nearest_rail_name":"Unnamed station","nearest_rail_m":134,"residents":578,"peak_pt_trips":24,"proposed_route_id":null},"schools":{"primary_pupils":43,"secondary_pupils":26,"nearby_primary":2,"nearby_secondary":4,"nearby_school_ids":["osm:110801123","osm:315141607","osm:46427939","osm:264032663","osm:493240130","osm:672028343"],"worst_pressure_ratio":1.192,"pressure_flag":"critical"},"scores":{"water":27.8,"transport":16.2,"schools":100,"overall":79.2}}},{"type":"Feature","geometry":{"type":"Polygon","coordinates":[[[-6.36718,53.28764],[-6.36696,53.28858],[-6.36947,53.2888],[-6.3697,53.28786],[-6.36718,53.28764]]]},"properties":{"app_id":"SDCC-LRD25A/0009W","num_units":199,"dev_type":"mixed","status":"granted","received_date":"2025-11-19","description":"The proposed development principally comprises: the demolition and removal of existing boundary walls and railings on the main development site's eastern, western and northern sides; and the construction of a mixed-use development in 2 No. blocks (Block A to the south and Block B to the north) with a gross floor area of 23,540 sq m (including basement of 275 sq m) and ranging in height from 1 No. to 7 No. storeys (with mezzanine level) over basement.  The development includes a total of 199 No. residential dwellings (6 No. studios, 47 No. 1-bed, 98 No. 2-bed and 48 No. 3-bed) in the 2 No. blocks, with Block A comprising 49 No. 'senior living' apartment units and Block B comprising 150 No. 'standard' apartment units. The development also includes 2,123 sq m of non-residential floor space, with the following uses proposed: 4 No. retail units (totalling 331 sq m); 4 No. class 1 / class 2 commercial units (totalling 387 sq m); a bicycle sales and repair shop (81 sq m); an off-licence (64 sq m); a bar (151 sq m); a café (87 sq m); a medical centre (210 sq m); a dental practice (72 sq m); a pharmacy (195 sq m); a beauty/health salon (195 sq m); and a crèche (350 sq m) with external play area.  The development also comprises: an undercroft car park accessed via a new entrance/exit at Belgard Square East which provides 58 No. car parking spaces; a gated service lane to the south of Block A, with entrances/exits off Belgard Square East and Belgard Road; 2 No. pedestrian/cycle crossings, at Belgard Square East and Belgard Road; continuation of the northbound cycle lane from Belgard Road onto Old Blessington Road; alteration to the median and northbound right turn at Belgard Road onto Abberley Square; cycle parking; internal communal amenity spaces for the senior living units; hard and soft landscaping, including public open space, communal amenity space and incidental spaces; private amenity spaces (as balconies and terraces facing all directions); boundary treatments; 2 No. sub-stations; plant/operational rooms; bin stores; public lighting; blue roofs; rooftop PV arrays; lift overruns and rooftop opening vents atop both blocks; 4 No. 0.3 m diameter microwave link dishes mounted on 2 No. steel support poles affixed to the Block B lift overrun, all enclosed in radio-friendly GRP shrouds; and all associated works above and below ground.  Note for the mixed-use question below: there are too many non-residential uses proposes relative to the lines available, so we have provided the residential floor area and the combined non-residential floor area. See submitted materials for details of the individual non-residential uses.  The main development site (approximately 0.91 Ha) is generally bound: to the north by Old Blessington Road; to the east by Belgard Road.","address":"A site of approximately 1.19 Ha at Belgard Square East, Belgard Road and Old Blessington Road, Tallaght, Dublin 24","authority":"South Dublin County Council","planning_url":"https://planning.agileapplications.ie/southdublin/application-details/69312","footprint_source":"estimated — rectangle sized from the unit count; NPAD has no site boundary","centroid":[-6.36833,53.28822],"water":{"connected":true,"distance_to_network_m":50.0,"route_length_m":0.0,"est_cost_eur":0,"required_main_mm":150,"avg_daily_demand_m3":80.6},"transport":{"class":"rail","nearest_stop_m":137,"nearest_stop_id":"osm:4839879536","nearest_frequent_stop_m":339,"nearest_frequent_stop_id":"osm:4386467525","nearest_rail_name":"Unnamed station","nearest_rail_m":430,"residents":537,"peak_pt_trips":23,"proposed_route_id":null},"schools":{"primary_pupils":40,"secondary_pupils":24,"nearby_primary":8,"nearby_secondary":7,"nearby_school_ids":["osm:14161712143","osm:41522871","osm:41522876","osm:41526255","osm:49870835","osm:128974706","osm:1076889682","osm:1216116510","osm:7839824","osm:8053294","osm:41455651","osm:53115553","osm:57706549","osm:128974705","osm:448097139"],"worst_pressure_ratio":1.059,"pressure_flag":"watch"},"scores":{"water":10.0,"transport":16.1,"schools":60.9,"overall":48.1}}},{"type":"Feature","geometry":{"type":"Polygon","coordinates":[[[-6.14266,53.41309],[-6.14199,53.41394],[-6.14427,53.41458],[-6.14494,53.41373],[-6.14266,53.41309]]]},"properties":{"app_id":"FCC-LRD0002/S3","num_units":195,"dev_type":"residential","status":"granted","received_date":"2024-07-02","description":"The development proposed (Phase 1E) will consist of: - 195no. units (2","address":"Maynetown, Portmarnock, Co Dublin","authority":"Fingal County Council","planning_url":"https://planning.agileapplications.ie/fingal/appli","footprint_source":"estimated — rectangle sized from the unit count; NPAD has no site boundary","centroid":[-6.14347,53.41383],"water":{"connected":false,"distance_to_network_m":135.1,"route_length_m":168.9,"est_cost_eur":92895,"required_main_mm":150,"avg_daily_demand_m3":79.0},"transport":{"class":"rail","nearest_stop_m":347,"nearest_stop_id":"osm:5587124933","nearest_frequent_stop_m":668,"nearest_frequent_stop_id":"osm:5581655727","nearest_rail_name":"Unnamed station","nearest_rail_m":674,"residents":526,"peak_pt_trips":22,"proposed_route_id":null},"schools":{"primary_pupils":39,"secondary_pupils":23,"nearby_primary":1,"nearby_secondary":5,"nearby_school_ids":["osm:140309358","osm:51514496","osm:52358555","osm:139627650","osm:445316220","osm:1085009178"],"worst_pressure_ratio":0.972,"pressure_flag":"nominal"},"scores":{"water":36.9,"transport":16.1,"schools":17.2,"overall":31.5}}},{"type":"Feature","geometry":{"type":"Polygon","coordinates":[[[-6.27209,53.34764],[-6.27129,53.34844],[-6.27343,53.3492],[-6.27423,53.3484],[-6.27209,53.34764]]]},"properties":{"app_id":"DCC-WEB5590/25","num_units":191,"dev_type":"mixed","status":"granted","received_date":"2025-11-04","description":"The proposed development will consist of the following: \r\n•\tThe demolition of the existing warehouse building and associated outbuildings/structures at 1-6 Beresford Street (D07 T611);\r\n•\tThe removal and part demolition of the existing boundary treatments. The existing stone wall to the north along Cuckoo Lane and existing decorative stone elements to the south east corner will be retained;\r\n•\tReuse of the existing basement level for plant storage;\r\n•\tThe construction of a residential-led mixed use development, ranging in height between 6-12 storeys. The development will comprise the following:\r\n•\t191 no. residential units (57 no. 1 bed, 106 no. 2 bed and 28 no. 3 bed apartment units) with associated balconies on all street and internal courtyard elevations of the residential block;\r\n•\t267 no. bedroom hotel;\r\n•\tChildcare facility (206 sqm);\r\n•\t2 no. arts/cultural/community spaces (129 sqm and 450 sqm);\r\n•\tRetail unit (500 sqm);\r\n•\tOffice/retail unit (844 sqm) (including 544 sqm mezzanine level)\r\n•\tA total of 9 no. EV car parking spaces, including 1 no. accessible car parking spaces, 4 no. motorcycle spaces, 353 no. sheltered bike spaces for residents, and 185 no. bike spaces at ground floor level throughout the development for short stay visitors, hotel use and staff use are proposed;\r\n•\tRelocation of the existing ESB substation along Beresford Street;\r\n•\tThe provision of a new public plaza to the southeast corner of the site at the junction of Mary's Lane and George's Hill;\r\n•\tThe provision of communal amenity space and a play area at ground floor level and communal roof terraces at level 6 and level 8;\r\n•\tUpgrades to the public realm surrounding the site, including improvements to the footpaths, roads and a new signalised junction at the junction between Mary's Lane and Beresford Street;\r\n•\tRemoval of 4 no. on-street car parking spaces along Beresford Street and;\r\n•\tThe development also includes landscaping, new boundary treatments, lighting, green/blue roofs, telecommunications infrastructure, site services and drainage connections, site clearance and all associated site works.","address":"1-6 Beresford Street, Dublin 7, D7T611.  The site is bounded by Cuckoo Lane to the north, George's Hill to the east, Marys Lane to the south and Beresford Street to the west.  The site includes sections of the road along Marys Lane and Beresford Street","authority":"Dublin City Council","planning_url":null,"footprint_source":"estimated — rectangle sized from the unit count; NPAD has no site boundary","centroid":[-6.27276,53.34842],"water":{"connected":true,"distance_to_network_m":38.8,"route_length_m":0.0,"est_cost_eur":0,"required_main_mm":150,"avg_daily_demand_m3":77.4},"transport":{"class":"rail","nearest_stop_m":145,"nearest_stop_id":"osm:651437926","nearest_frequent_stop_m":442,"nearest_frequent_stop_id":"osm:3169166668","nearest_rail_name":"Unnamed station","nearest_rail_m":180,"residents":516,"peak_pt_trips":22,"proposed_route_id":null},"schools":{"primary_pupils":38,"secondary_pupils":23,"nearby_primary":20,"nearby_secondary":13,"nearby_school_ids":["osm:2103399810","osm:6223902788","osm:27220217","osm:290553359","osm:292900330","osm:307879638","osm:307879669","osm:336394732","osm:466918390","osm:523452304","osm:523487845","osm:523496984","osm:549611604","osm:746745217","osm:971909454","osm:979758317","osm:1009214930","osm:1126160313","osm:1126381127","osm:1136839257","osm:616479730","osm:13922852201","osm:44582147","osm:48204015","osm:129750591","osm:231652925","osm:289868576","osm:295383496","osm:297740089","osm:297740092","osm:523444980","osm:657665884","osm:1454943533"],"worst_pressure_ratio":0.944,"pressure_flag":"nominal"},"scores":{"water":10.0,"transport":16.1,"schools":14.4,"overall":15.1}}},{"type":"Feature","geometry":{"type":"Polygon","coordinates":[[[-6.4765,53.34579],[-6.47498,53.3458],[-6.47501,53.34725],[-6.47652,53.34724],[-6.4765,53.34579]]]},"properties":{"app_id":"SDCC-SDZ25A/0051W","num_units":181,"dev_type":"residential","status":"granted","received_date":"2026-03-23","description":"This application relates to development within the Adamstown strategic development zone (SDZ) and is subject to the Adamstown planning scheme 2014, as amended.\r\n\r\nPlanning permission for modifications to the development permitted under Reg. Ref.: SDZ24A/0026W, which relates to permitted apartment Block E (currently under construction) at Hallwell within the Tubber Lane Development Area of the Adamstown SDZ, Tubber Lane, Adamstown, Lucan, Co Dublin. The application site is located to the south of Tubber Lane Road in the north-west of the Adamstown SDZ lands, east of the Celbridge Link Road, south of Hallwell Road and north of Shackleton Drive.\r\n\r\nThe site is located in the southern part of the Phase 1 residential development permitted under Reg. Ref.: SDZ17A/0006, as amended under Reg. Ref.: SDZ18A/0005, Reg. Ref.: SDZ19A/0010, and Reg. Ref.: SDZ20A/0006.\r\n\r\nThe proposed development comprises modifications to permitted apartment Block E to provide for 2 no. additional age friendly apartments, and will consist of the following:\r\n\r\n•\tOmission of permitted ancillary staff areas, and reduction and reconfiguration of ancillary communal lounge area at ground floor level and provision of 2 no. 1 bedroom apartments at ground floor level;\r\n•\tMinor modifications to the permitted building facades;\r\n•\tMinor modifications to the permitted site layout to facilitate 2 no. additional cycle parking spaces;\r\n•\tAll associated modifications to landscaping, foul and surface water drainage, and services necessary to facilitate the development;\r\n•\tAll associated site development and ancillary works.\r\n\r\nThe proposed modifications will increase the total number of age friendly apartments within Block E by 2 no., from 22 no. to 24 no., and the total number of residential units within the permitted Phase 1 residential development, as amended, from 179 no. to 181 no. units.","address":"Permitted apartment Block E, (currently under construction), Hallwell within the Tubber Lane Develo","authority":"South Dublin County Council","planning_url":"https://planning.agileapplications.ie/southdublin/application-details/69566","footprint_source":"estimated — rectangle sized from the unit count; NPAD has no site boundary","centroid":[-6.47575,53.34652],"water":{"connected":true,"distance_to_network_m":18.2,"route_length_m":0.0,"est_cost_eur":0,"required_main_mm":150,"avg_daily_demand_m3":73.3},"transport":{"class":"car_dependent","nearest_stop_m":647,"nearest_stop_id":"osm:10965842239","nearest_frequent_stop_m":962,"nearest_frequent_stop_id":"osm:11758805202","nearest_rail_name":"Unnamed station","nearest_rail_m":1249,"residents":489,"peak_pt_trips":21,"proposed_route_id":"PR-02"},"schools":{"primary_pupils":36,"secondary_pupils":22,"nearby_primary":2,"nearby_secondary":3,"nearby_school_ids":["osm:58698009","osm:110801123","osm:46427939","osm:264032663","osm:493240130"],"worst_pressure_ratio":1.192,"pressure_flag":"critical"},"scores":{"water":10.0,"transport":86.0,"schools":100,"overall":86.1}}},{"type":"Feature","geometry":{"type":"Polygon","coordinates":[[[-6.47806,53.34554],[-6.47682,53.34602],[-6.47808,53.34721],[-6.47933,53.34674],[-6.47806,53.34554]]]},"properties":{"app_id":"SDCC-SDZ24A/0015W","num_units":172,"dev_type":"residential","status":"granted","received_date":"2024-05-13","description":"THIS APPLICATION RELATES TO DEVELOPMENT WITHIN THE ADAMSTOWN STRATEGIC DEVELOPMENT ZONE (SDZ) AND IS SUBJECT TO THE ADAMSTOWN PLANNING SCHEME 2014, AS AMENDED.\r\n\r\nHugh McGreevy & Sons Ltd and Tierra Ltd. intend to apply for planning permission for amendments to the Phase 2 residential development permitted under Reg. Ref.: SDZ19A/0008, as amended under Reg. Ref.: SDZ20A/0014 and Reg. Ref.: SDZ23A/0015, currently under construction, at a site located in the Tubber Lane Development Area within the Adamstown SDZ, Tubber Lane, Adamstown, Lucan, Co Dublin. The application site is located to the south of Tubber Lane Road, in the north-west of the Adamstown SDZ lands, to the south of Tubber Lane Road, east of the Celbridge Link Road, and north of Shackleton Drive.\r\n\r\nThe proposed development relates to amendments to the permitted development to provide for 2 no. additional houses.\r\n\r\nThe proposed development will consist of the following:\r\n\r\n•\tConstruction of 1 no. 2 storey, 3 bed house to the side of No. 1 Hallwell Avenue, to increase the number of terraced units from 3 no. to 4 no., including private open space, in-curtilage car and cycle parking spaces, and associated amendments to the permitted No. 1 Hallwell Avenue end of terrace dwelling;\r\n•\tConstruction of 1 no. 2 storey, 3 bed house to the side of No. 31 Hallwell Avenue, to increase the number of terraced units from 3 no. to 4 no., including private open space, in-curtilage car and cycle parking spaces, and associated amendments to the permitted No. 31 Hallwell Avenue end of terrace dwelling;\r\n•\tAssociated amendments to the site layout, open space, landscaping, car parking, foul and surface water drainage, and services to provide for the proposed development;\r\n•\tAll associated site development and ancillary works.\r\n\r\nThe proposed amendment will increase the total number of residential units within the permitted Phase 2 residential development, as amended, from 172 no. units to 174 no. units.","address":"Site located in the Tubber Lane Development Area within the, Adamstown SDZ, Lucan, Co Dublin","authority":"South Dublin County Council","planning_url":"https://planning.agileapplications.ie/southdublin/application-details/66105","footprint_source":"estimated — rectangle sized from the unit count; NPAD has no site boundary","centroid":[-6.47807,53.34638],"water":{"connected":true,"distance_to_network_m":20.9,"route_length_m":0.0,"est_cost_eur":0,"required_main_mm":150,"avg_daily_demand_m3":69.7},"transport":{"class":"car_dependent","nearest_stop_m":767,"nearest_stop_id":"osm:5673902617","nearest_frequent_stop_m":1023,"nearest_frequent_stop_id":"osm:11758805202","nearest_rail_name":"Unnamed station","nearest_rail_m":1296,"residents":464,"peak_pt_trips":19,"proposed_route_id":"PR-03"},"schools":{"primary_pupils":34,"secondary_pupils":21,"nearby_primary":1,"nearby_secondary":3,"nearby_school_ids":["osm:58698009","osm:46427939","osm:264032663","osm:493240130"],"worst_pressure_ratio":1.115,"pressure_flag":"watch"},"scores":{"water":10.0,"transport":86.0,"schools":66.5,"overall":73.2}}},{"type":"Feature","geometry":{"type":"Polygon","coordinates":[[[-6.31269,53.29769],[-6.31122,53.29767],[-6.31117,53.29908],[-6.31264,53.29909],[-6.31269,53.29769]]]},"properties":{"app_id":"SDCC-LRD25A/0013W","num_units":171,"dev_type":"residential","status":"granted","received_date":"2025-12-18","description":"Templegrove Developments Limited Intends to Apply for Permission for a Large-Scale Residential Development, at this site (c. 2.66ha) on lands at Cypress Grove House (Protected Structure - RPS Ref. 222), Cypress Lawn, Templeogue, Dublin 6W. The proposed development comprises 171no. residential units in a mix of houses and apartment buildings ranging in height from 3 to 5 storeys overall including: 24no. 3 storey 4-bedroom houses; 147no. apartment units accommodated across 7no. blocks comprising: Block A ranging in height from 3-4 storeys accommodating 8no. apartment units (5no. 1-bed and 3no. 2-bed) with balconies / terraces. A childcare facility is also provided at ground floor level of Block A (c. 364.08sqm) with an associated outdoor play area. Block B ranging in height from 3-5 storeys accommodating 46no. apartment units (7no. 1-bed and 39no. 2- bed) with balconies / terraces. Block C ranging in height from 3-5 storeys accommodating 32no. apartment units (15no. 1-bed and 17no. 2-bed) with balconies / terraces. Block D ranging in height from 4-5 storeys accommodating 23no. apartment units (9no. 1-bed and 14no. 2-bed) with balconies / terraces. Block E ranging in height from 4-5 storeys accommodating 18no. apartment units (7no. 1-bed and 11no. 2-bed) with balconies / terraces. Block F ranging in height from 4-5 storeys accommodating 15no. apartment units (8no. 1-bed and 7no. 2-bed) with balconies / terraces. Existing Cypress Grove House (Protected Structure - RPS Ref. 222), a 3 storey building, is proposed to be repaired (externally and internally), conserved and refurbished, involving limited removal of internal walls that allows for adjustments to the internal layout, to provide 5no. apartment units (4no.1-bed and 1no. 4-bed). All associated and ancillary site development and infrastructural works, drainage, hard and soft landscaping and boundary treatment works, bin stores, bike stores, including public, private and communal open space; Demolition of outbuildings, covered car port and sheds on site (c.1,200sqm); The provision of 105no. surface car parking spaces inclusive of visitor and EV parking, with 1no. drop off space to serve the creche; The provision of 354no. bicycle parking spaces, inclusive of 12no. covered bicycle parking spaces to serve the creche (staff and visitors). The development will be accessible to pedestrians, cyclists, and vehicles via the existing site entrance at Cypress Lawn (south). Additional pedestrian access will be provided from a new entrance on Cypress Lawn (north), with access to pedestrians and cyclists also provided from a new entrance on Cypress Grove South. The red line extends to the public road (Cypress Lawn [north]) to facilitate connection to the existing surface water sewer in the north-eastern portion of the site. Along Cypress Lawn (south), the red line extends to the public road Cypress Road (R817) to facilitate approximately 70m of a network extension, from the existing 300mm sewer to the site. Additionally, along Cypress Lawn (south), approximately 70m of a new 150mm ID main, from the existing 12'' CI main on Cypress Road to the site. The application may be inspected online at the following website set up by the applicant: www.cypressgrovelrd.com","address":"Cypress Grove House, Cypress Lawn, Templeogue, Dublin 6W, D6W YV12.","authority":"South Dublin County Council","planning_url":"https://planning.agileapplications.ie/southdublin/application-details/69528","footprint_source":"estimated — rectangle sized from the unit count; NPAD has no site boundary","centroid":[-6.31193,53.29838],"water":{"connected":false,"distance_to_network_m":81.4,"route_length_m":101.7,"est_cost_eur":55935,"required_main_mm":150,"avg_daily_demand_m3":69.3},"transport":{"class":"frequent_bus","nearest_stop_m":192,"nearest_stop_id":"osm:13700014419","nearest_frequent_stop_m":559,"nearest_frequent_stop_id":"osm:5605285895","nearest_rail_name":"Unnamed station","nearest_rail_m":3605,"residents":462,"peak_pt_trips":19,"proposed_route_id":null},"schools":{"primary_pupils":34,"secondary_pupils":21,"nearby_primary":4,"nearby_secondary":16,"nearby_school_ids":["osm:9828150","osm:9828151","osm:136754300","osm:1491851504","osm:7839824","osm:8053294","osm:11842089","osm:23565039","osm:25939649","osm:25941762","osm:57706549","osm:106056167","osm:119046747","osm:122817902","osm:320014017","osm:436027886","osm:489403428","osm:498131349","osm:699773875","osm:1319732454"],"worst_pressure_ratio":1.011,"pressure_flag":"watch"},"scores":{"water":30.2,"transport":36.0,"schools":56.1,"overall":50.0}}},{"type":"Feature","geometry":{"type":"Polygon","coordinates":[[[-6.46788,53.42475],[-6.46907,53.42528],[-6.47048,53.42414],[-6.46929,53.42362],[-6.46788,53.42475]]]},"properties":{"app_id":"MCC-2460625","num_units":171,"dev_type":"residential","status":"granted","received_date":"2024-08-13","description":"The proposed development will consist of the following:\r\na) Development of 171 no. residential units as follows:\r\ni. 114 no. houses comprising 101 3-bedroom houses, and 13 no. 4-bedroom houses, ranging in size from c. 107.6 sqm to c. 153 sqm, all 2-storeys in height. Each house will have an associated rear/side private garden.\r\nii. 57 no. apartment/duplex units comprising the following: 5 no. 1-bedroom units of c. 56 sqm to 66.9 sqm, 26 no. 2-bedroom units of c. 78.8 sqm to 120.2 sqm., and 26 no. 3-bedroom units of c. 119 sqm to 128.6 sqm. in 7 no. blocks ranging in height from 2 to 3 storeys. All apartment and duplex units will be provided with private open space areas in the form of balconies/terraces.\r\niii. Communal open space associated with the proposed apartment units will be provided in the form of landscaped areas located in the vicinity of the apartment units (of c. 595 sqm).\r\niv. Provision of 301 no. car parking spaces across the development site (inclusive of accessible (4 no.) and EV (60 no.) parking spaces) and 195 no. bicycle parking spaces for residents and visitors of the scheme provided throughout the development site.\r\nb) 1 no. childcare facility of c. 161 sqm with associated outdoor amenity space of c. 40sqm.\r\nc) The provision of landscaped public open space amenity areas (totalling c. 6971 sqm).\r\nd) Surface water drainage infrastructure on a site of c. 0.36 ha on the eastern side of the railway line (all lands in the control of the applicant).\r\ne) Section of the Dunboyne Eastern Distributor Road from the western site boundary with Navan Road to the eastern site boundary. This includes all associated vehicular and pedestrian accesses, carriageways, paths and junctions. The following planning application - Meath Co. Co. Reg Ref 24/60063 – encroaches the application lands in this regard.\r\nf) The development will also consist of all associated site development works, demolition of an existing disused entrance way, services provision, infrastructural and drainage works, vehicular connections, internal access roads, homezones, cycle and pedestrian infrastructure, bin stores, bicycle stores, apartment storage, carparking, public lighting, communal and public open space, private open space in the form of the terraces/balconies, and rear/side gardens, as well as all landscape treatment works.  Significant further information/revised plans submitted on this application","address":"Lands at Old Navan Road , Dunboyne , Co. Meath","authority":"Meath County Council","planning_url":"http://www.eplanning.ie/MeathCC/AppFileRefDetails/2460625/0","footprint_source":"estimated — rectangle sized from the unit count; NPAD has no site boundary","centroid":[-6.46918,53.42445],"water":{"connected":false,"distance_to_network_m":122.5,"route_length_m":153.2,"est_cost_eur":84260,"required_main_mm":150,"avg_daily_demand_m3":69.3},"transport":{"class":"rail","nearest_stop_m":648,"nearest_stop_id":"osm:1357034053","nearest_frequent_stop_m":648,"nearest_frequent_stop_id":"osm:1357034053","nearest_rail_name":"Unnamed station","nearest_rail_m":850,"residents":462,"peak_pt_trips":19,"proposed_route_id":null},"schools":{"primary_pupils":34,"secondary_pupils":21,"nearby_primary":3,"nearby_secondary":1,"nearby_school_ids":["osm:50638572","osm:613578096","osm:852235655","osm:50638573"],"worst_pressure_ratio":1.264,"pressure_flag":"critical"},"scores":{"water":35.3,"transport":15.9,"schools":100,"overall":80.2}}},{"type":"Feature","geometry":{"type":"Polygon","coordinates":[[[-6.37035,53.29631],[-6.37182,53.29634],[-6.37189,53.29493],[-6.37042,53.2949],[-6.37035,53.29631]]]},"properties":{"app_id":"SDCC-SHD3ABP-309916-21/EP","num_units":170,"dev_type":"mixed","status":"granted","received_date":"2025-09-29","description":"Demolition of the existing industrial and commercial office buildings totalling c.4,628sqm; Construction of a Build-to-Rent Housing Development comprising 170 apartment units and crèche arranged in 2 blocks across 4-7 storeys over basement car park (total gross floor area c.13,880sq.m excluding basement); The residential development consists of: 9 x1 bedroom studio apartments; 94 x1  bedroom/2 person apartments; 2 x2 bedroom/3 person apartments; 34 x2 bedroom/4 person apartments; 24 x2 bedroom/4 person duplex apartments and 7 x3 bedroom/5 person apartments with north, south, east and west facing terraces/balconies throughout; Internal communal amenity spaces at ground and fourth floor levels comprising reception, gym, lounge, cinema/tv room, events rooms and ancillary areas; External communal open space including children's play areas and informal amenity spaces at ground floor level between Blocks A and B; Communal roof garden at fourth floor level - total external communal open space c.1,005sq.m; Public open space at ground floor level to the east and south of Block B totalling c.1095sq.m; 1 creche with associated outdoor play area at ground floor level; 73 car parking spaces comprising 64 basement spaces, 4 accessible parking spaces and 5 visitor spaces at surface level; 354 bicycle spaces comprising 264 resident spaces at basement level and 90 visitor spaces at ground floor level; Reconfiguration/removal of existing car parking to the north of the site and access road resulting in a total of 28 car spaces serving the adjoining site; All associated plant including heating centres, gas room, water storage room, break tank room, comms room and bin storage at basement level, ESB  substation and switch room at ground level and circulation spaces and stair and lift cores throughout; Vehicular/pedestrian access to the east from Belgard Road. All existing vehicular entrances serving adjoining sites maintained. Fire/emergency and refuse vehicle access and pedestrian access to the south from Colbert's Fort; All associated site development and infrastructural works, services provision, foul and surface water drainage, extension to the foul network, access roads/footpaths, lighting, landscaping and boundary treatment works.","address":"Glen Abbey Complex, Belgard Road, Cookstown Industrial Estate, Dublin 24, D24 W2XA","authority":"South Dublin County Council","planning_url":"https://planning.agileapplications.ie/southdublin/application-details/69022","footprint_source":"estimated — rectangle sized from the unit count; NPAD has no site boundary","centroid":[-6.37112,53.29562],"water":{"connected":false,"distance_to_network_m":64.3,"route_length_m":80.4,"est_cost_eur":44220,"required_main_mm":150,"avg_daily_demand_m3":68.9},"transport":{"class":"rail","nearest_stop_m":258,"nearest_stop_id":"osm:5602902138","nearest_frequent_stop_m":871,"nearest_frequent_stop_id":"osm:5613267741","nearest_rail_name":"Unnamed station","nearest_rail_m":459,"residents":459,"peak_pt_trips":19,"proposed_route_id":null},"schools":{"primary_pupils":34,"secondary_pupils":20,"nearby_primary":5,"nearby_secondary":9,"nearby_school_ids":["osm:49870835","osm:54774070","osm:128974706","osm:1076889682","osm:1216116510","osm:7839824","osm:8053294","osm:11842089","osm:41455651","osm:53115553","osm:57706549","osm:128974705","osm:285234752","osm:448097139"],"worst_pressure_ratio":1.059,"pressure_flag":"watch"},"scores":{"water":28.0,"transport":15.9,"schools":60.9,"overall":50.5}}},{"type":"Feature","geometry":{"type":"Polygon","coordinates":[[[-6.37459,53.28171],[-6.37477,53.28258],[-6.37709,53.2824],[-6.37691,53.28153],[-6.37459,53.28171]]]},"properties":{"app_id":"SDCC-LRD26A/0002W","num_units":169,"dev_type":"mixed","status":"granted","received_date":"2026-05-27","description":"Construction of a mixed-use development in 2 No. blocks (Block A to the east and Block B to the west) with a gross floor area of 14,976.5 sq.m m (excluding undercroft car parking area of 1,975.8 sq.m m) and ranging in height from 1 No. storey to 6 No. storeys. The blocks are connected via a single-storey undercroft/podium level. The development includes: 169 No. residential units (80 No. 1-bed, 85 No. 2-bed and 4 No. 3-bed); 2 No. class 1 / class 2 commercial units (totalling 356.5 sq.m m); and a crèche (162.8 sq.m m) with external play area.  The development also comprises: new street and turning head at the site's southern side and junction with Whitestown Way to the east; 77 No. car parking spaces, with 66 No. within the undercroft car parking area and 11 No. on-street; 5 No. motorcycle parking spaces; 2 No. set-down bays; cycle parking; hard and soft landscaping, including public open space, communal amenity space and incidental spaces; private amenity spaces (as balconies and terraces facing all directions); boundary treatments; sub-station; plant/operational rooms; bin stores; public lighting; green roofs; rooftop plant, PV arrays, lift overruns, telecommunications infrastructure and automatic opening vents; and all associated works above and below ground.  The site is generally bound: to the east by Whitestown Way; to the south by Riverside Business Park; to the west by Whitestown Road / Whitestown Industrial Estate, undeveloped lands and the Vita Actives premises; and to the north by the Vita Actives premises and The Arena mixed-used development. It also extends to include part of Whitestown Way for junction, road infrastructure and landscape works.","address":"A site of approximately 1.32 Ha principally located at, Whitestown Way, Tallaght, Dublin 24.","authority":"South Dublin County Council","planning_url":"https://planning.agileapplications.ie/southdublin/application-details/70411","footprint_source":"estimated — rectangle sized from the unit count; NPAD has no site boundary","centroid":[-6.37584,53.28205],"water":{"connected":true,"distance_to_network_m":45.2,"route_length_m":0.0,"est_cost_eur":0,"required_main_mm":150,"avg_daily_demand_m3":68.4},"transport":{"class":"rail","nearest_stop_m":91,"nearest_stop_id":"osm:502468381","nearest_frequent_stop_m":375,"nearest_frequent_stop_id":"osm:4839895824","nearest_rail_name":"Unnamed station","nearest_rail_m":608,"residents":456,"peak_pt_trips":19,"proposed_route_id":null},"schools":{"primary_pupils":34,"secondary_pupils":20,"nearby_primary":8,"nearby_secondary":7,"nearby_school_ids":["osm:14161712143","osm:41522871","osm:41522876","osm:49870835","osm:123090923","osm:128974706","osm:128974707","osm:1076889682","osm:8053294","osm:41455651","osm:53115553","osm:57706549","osm:124180540","osm:128974705","osm:448097139"],"worst_pressure_ratio":1.059,"pressure_flag":"watch"},"scores":{"water":10.0,"transport":15.9,"schools":60.9,"overall":48.1}}}]}