{"type":"FeatureCollection","features":[{"type":"Feature","geometry":{"type":"MultiLineString","coordinates":[[[-6.24396,53.34218],[-6.24362,53.34207]],[[-6.24362,53.34207],[-6.2423,53.34161]],[[-6.2423,53.34161],[-6.24152,53.34131]]]},"properties":{"id":"osm:way/3819250","mode":"rail","name":"Irish Rail"}},{"type":"Feature","geometry":{"type":"MultiLineString","coordinates":[[[-6.29189,53.34765],[-6.2919,53.34771]],[[-6.2919,53.34771],[-6.2919,53.34774]],[[-6.2919,53.34774],[-6.2919,53.34776]],[[-6.2919,53.34776],[-6.29189,53.34777]],[[-6.29189,53.34777],[-6.29189,53.34778]]]},"properties":{"id":"osm:way/4385398","mode":"luas","name":"Luas"}},{"type":"Feature","geometry":{"type":"MultiLineString","coordinates":[[[-6.241,53.35879],[-6.24087,53.35856]],[[-6.24087,53.35856],[-6.24083,53.35847]],[[-6.24083,53.35847],[-6.24081,53.35841]]]},"properties":{"id":"osm:way/4385845","mode":"rail","name":"Irish Rail"}},{"type":"Feature","geometry":{"type":"MultiLineString","coordinates":[[[-6.23999,53.35641],[-6.23993,53.35644]],[[-6.23993,53.35644],[-6.23843,53.35721]],[[-6.23843,53.35721],[-6.2377,53.35759]],[[-6.2377,53.35759],[-6.23674,53.35809]]]},"properties":{"id":"osm:way/4385847","mode":"rail","name":"Irish Rail"}},{"type":"Feature","geometry":{"type":"MultiLineString","coordinates":[[[-6.36378,53.38237],[-6.36354,53.38239]],[[-6.36354,53.38239],[-6.36328,53.38241]],[[-6.36328,53.38241],[-6.36295,53.38242]]]},"properties":{"id":"osm:way/4403886","mode":"rail","name":"Irish Rail"}},{"type":"Feature","geometry":{"type":"MultiLineString","coordinates":[[[-6.36228,53.38243],[-6.36202,53.38243]],[[-6.36202,53.38243],[-6.36173,53.38243]],[[-6.36173,53.38243],[-6.36159,53.38242]],[[-6.36159,53.38242],[-6.36118,53.3824]],[[-6.36118,53.3824],[-6.3607,53.38237]],[[-6.3607,53.38237],[-6.36028,53.38234]],[[-6.36028,53.38234],[-6.35986,53.38229]],[[-6.35986,53.38229],[-6.3596,53.38226]],[[-6.3596,53.38226],[-6.35928,53.38221]],[[-6.35928,53.38221],[-6.35896,53.38216]]]},"properties":{"id":"osm:way/4403897","mode":"rail","name":"Irish Rail"}},{"type":"Feature","geometry":{"type":"MultiLineString","coordinates":[[[-6.49536,53.3753],[-6.49471,53.37522]],[[-6.49471,53.37522],[-6.49367,53.37511]],[[-6.49367,53.37511],[-6.49343,53.37508]],[[-6.49343,53.37508],[-6.49267,53.375]],[[-6.49267,53.375],[-6.49206,53.37493]],[[-6.49206,53.37493],[-6.49105,53.37481]],[[-6.49105,53.37481],[-6.49005,53.3747]],[[-6.49005,53.3747],[-6.4878,53.37444]],[[-6.4878,53.37444],[-6.48527,53.37416]]]},"properties":{"id":"osm:way/4403911","mode":"rail","name":"Irish Rail"}},{"type":"Feature","geometry":{"type":"MultiLineString","coordinates":[[[-6.43219,53.38468],[-6.43195,53.38465]],[[-6.43195,53.38465],[-6.43172,53.38463]],[[-6.43172,53.38463],[-6.43155,53.38461]],[[-6.43155,53.38461],[-6.43131,53.38458]],[[-6.43131,53.38458],[-6.43088,53.38451]],[[-6.43088,53.38451],[-6.43053,53.38445]],[[-6.43053,53.38445],[-6.43014,53.38438]]]},"properties":{"id":"osm:way/4403938","mode":"rail","name":"Irish Rail"}},{"type":"Feature","geometry":{"type":"MultiLineString","coordinates":[[[-6.30574,53.33692],[-6.30557,53.33696]],[[-6.30557,53.33696],[-6.30542,53.337]],[[-6.30542,53.337],[-6.30528,53.33703]],[[-6.30528,53.33703],[-6.30513,53.33705]],[[-6.30513,53.33705],[-6.30496,53.33708]],[[-6.30496,53.33708],[-6.30483,53.3371]],[[-6.30483,53.3371],[-6.3047,53.33711]],[[-6.3047,53.33711],[-6.30443,53.33715]],[[-6.30443,53.33715],[-6.30413,53.33718]],[[-6.30413,53.33718],[-6.30378,53.33722]],[[-6.30378,53.33722],[-6.30336,53.33727]],[[-6.30336,53.33727],[-6.30294,53.33732]],[[-6.30294,53.33732],[-6.30262,53.33736]],[[-6.30262,53.33736],[-6.30235,53.33739]],[[-6.30235,53.33739],[-6.30206,53.33742]],[[-6.30206,53.33742],[-6.30164,53.33747]],[[-6.30164,53.33747],[-6.30101,53.33754]],[[-6.30101,53.33754],[-6.2999,53.33767]],[[-6.2999,53.33767],[-6.2995,53.33771]],[[-6.2995,53.33771],[-6.29914,53.33775]],[[-6.29914,53.33775],[-6.2989,53.33778]],[[-6.2989,53.33778],[-6.2982,53.33784]],[[-6.2982,53.33784],[-6.29792,53.33786]],[[-6.29792,53.33786],[-6.29764,53.33789]],[[-6.29764,53.33789],[-6.29722,53.33794]],[[-6.29722,53.33794],[-6.29686,53.33797]],[[-6.29686,53.33797],[-6.2957,53.3381]],[[-6.2957,53.3381],[-6.29492,53.33819]],[[-6.29492,53.33819],[-6.29443,53.33824]],[[-6.29443,53.33824],[-6.29394,53.3383]],[[-6.29394,53.3383],[-6.29349,53.33835]],[[-6.29349,53.33835],[-6.29296,53.33841]],[[-6.29296,53.33841],[-6.29252,53.33846]],[[-6.29252,53.33846],[-6.29217,53.3385]],[[-6.29217,53.3385],[-6.29201,53.33852]]]},"properties":{"id":"osm:way/4486467","mode":"luas","name":"Luas"}},{"type":"Feature","geometry":{"type":"MultiLineString","coordinates":[[[-6.36823,53.31888],[-6.36809,53.3189]],[[-6.36809,53.3189],[-6.36796,53.31893]],[[-6.36796,53.31893],[-6.36779,53.31895]],[[-6.36779,53.31895],[-6.36762,53.31897]],[[-6.36762,53.31897],[-6.36744,53.31898]],[[-6.36744,53.31898],[-6.36725,53.31899]],[[-6.36725,53.31899],[-6.36712,53.319]],[[-6.36712,53.319],[-6.36693,53.319]],[[-6.36693,53.319],[-6.36662,53.319]],[[-6.36662,53.319],[-6.36639,53.319]],[[-6.36639,53.319],[-6.36623,53.319]],[[-6.36623,53.319],[-6.36603,53.31901]],[[-6.36603,53.31901],[-6.36594,53.31902]],[[-6.36594,53.31902],[-6.36585,53.31902]],[[-6.36585,53.31902],[-6.36574,53.31904]],[[-6.36574,53.31904],[-6.3656,53.31905]],[[-6.3656,53.31905],[-6.36545,53.31908]],[[-6.36545,53.31908],[-6.36533,53.3191]],[[-6.36533,53.3191],[-6.36524,53.31912]],[[-6.36524,53.31912],[-6.36516,53.31914]],[[-6.36516,53.31914],[-6.36506,53.31917]],[[-6.36506,53.31917],[-6.36495,53.3192]],[[-6.36495,53.3192],[-6.3648,53.31925]],[[-6.3648,53.31925],[-6.36441,53.31939]],[[-6.36441,53.31939],[-6.36409,53.31951]],[[-6.36409,53.31951],[-6.36377,53.31962]],[[-6.36377,53.31962],[-6.36293,53.31993]],[[-6.36293,53.31993],[-6.3625,53.32008]],[[-6.3625,53.32008],[-6.36208,53.32023]],[[-6.36208,53.32023],[-6.36147,53.32046]],[[-6.36147,53.32046],[-6.36092,53.32065]],[[-6.36092,53.32065],[-6.36062,53.32076]],[[-6.36062,53.32076],[-6.3603,53.32087]],[[-6.3603,53.32087],[-6.35973,53.32108]],[[-6.35973,53.32108],[-6.35917,53.32128]],[[-6.35917,53.32128],[-6.35858,53.32149]],[[-6.35858,53.32149],[-6.35824,53.32161]],[[-6.35824,53.32161],[-6.35798,53.32171]],[[-6.35798,53.32171],[-6.35741,53.32191]],[[-6.35741,53.32191],[-6.35695,53.32207]],[[-6.35695,53.32207],[-6.35626,53.32232]],[[-6.35626,53.32232],[-6.35567,53.32254]],[[-6.35567,53.32254],[-6.35511,53.32274]],[[-6.35511,53.32274],[-6.35504,53.32277]],[[-6.35504,53.32277],[-6.35473,53.32287]],[[-6.35473,53.32287],[-6.35452,53.32295]],[[-6.35452,53.32295],[-6.35428,53.32304]],[[-6.35428,53.32304],[-6.35289,53.32355]],[[-6.35289,53.32355],[-6.3527,53.32362]],[[-6.3527,53.32362],[-6.35257,53.32366]],[[-6.35257,53.32366],[-6.35203,53.32386]],[[-6.35203,53.32386],[-6.35193,53.3239]],[[-6.35193,53.3239],[-6.35172,53.32397]],[[-6.35172,53.32397],[-6.35159,53.32402]],[[-6.35159,53.32402],[-6.35123,53.32415]],[[-6.35123,53.32415],[-6.35098,53.32424]],[[-6.35098,53.32424],[-6.35015,53.32454]],[[-6.35015,53.32454],[-6.34957,53.32475]],[[-6.34957,53.32475],[-6.3491,53.32492]],[[-6.3491,53.32492],[-6.34839,53.32517]],[[-6.34839,53.32517],[-6.34783,53.32537]],[[-6.34783,53.32537],[-6.34747,53.3255]],[[-6.34747,53.3255],[-6.34723,53.32558]],[[-6.34723,53.32558],[-6.34683,53.32571]],[[-6.34683,53.32571],[-6.34645,53.32582]],[[-6.34645,53.32582],[-6.34612,53.32592]],[[-6.34612,53.32592],[-6.34566,53.32606]],[[-6.34566,53.32606],[-6.3455,53.3261]],[[-6.3455,53.3261],[-6.34518,53.3262]],[[-6.34518,53.3262],[-6.34454,53.32637]],[[-6.34454,53.32637],[-6.34404,53.32652]],[[-6.34404,53.32652],[-6.34379,53.32658]],[[-6.34379,53.32658],[-6.34358,53.32665]],[[-6.34358,53.32665],[-6.34313,53.32677]],[[-6.34313,53.32677],[-6.34292,53.32683]],[[-6.34292,53.32683],[-6.34279,53.32686]],[[-6.34279,53.32686],[-6.34233,53.32699]],[[-6.34233,53.32699],[-6.34174,53.32713]],[[-6.34174,53.32713],[-6.34144,53.32721]],[[-6.34144,53.32721],[-6.34111,53.32729]],[[-6.34111,53.32729],[-6.34083,53.32736]],[[-6.34083,53.32736],[-6.34046,53.32745]],[[-6.34046,53.32745],[-6.34014,53.32753]],[[-6.34014,53.32753],[-6.33963,53.32765]],[[-6.33963,53.32765],[-6.33906,53.32779]],[[-6.33906,53.32779],[-6.33858,53.32791]],[[-6.33858,53.32791],[-6.33834,53.32796]],[[-6.33834,53.32796],[-6.33788,53.32807]],[[-6.33788,53.32807],[-6.33753,53.32815]],[[-6.33753,53.32815],[-6.3368,53.32833]],[[-6.3368,53.32833],[-6.33626,53.32845]],[[-6.33626,53.32845],[-6.33606,53.3285]],[[-6.33606,53.3285],[-6.33587,53.32855]],[[-6.33587,53.32855],[-6.33572,53.3286]],[[-6.33572,53.3286],[-6.33558,53.32864]],[[-6.33558,53.32864],[-6.33541,53.32869]],[[-6.33541,53.32869],[-6.3352,53.32876]],[[-6.3352,53.32876],[-6.33502,53.32882]],[[-6.33502,53.32882],[-6.33487,53.32887]],[[-6.33487,53.32887],[-6.33468,53.32895]],[[-6.33468,53.32895],[-6.33436,53.32907]],[[-6.33436,53.32907],[-6.3341,53.32919]],[[-6.3341,53.32919],[-6.33388,53.32929]],[[-6.33388,53.32929],[-6.33355,53.32944]],[[-6.33355,53.32944],[-6.33314,53.32963]],[[-6.33314,53.32963],[-6.33288,53.32974]],[[-6.33288,53.32974],[-6.33263,53.32986]],[[-6.33263,53.32986],[-6.33234,53.33]],[[-6.33234,53.33],[-6.3322,53.33007]],[[-6.3322,53.33007],[-6.33208,53.33013]],[[-6.33208,53.33013],[-6.33197,53.3302]],[[-6.33197,53.3302],[-6.33187,53.33027]],[[-6.33187,53.33027],[-6.33171,53.33036]],[[-6.33171,53.33036],[-6.33161,53.33044]],[[-6.33161,53.33044],[-6.33153,53.3305]],[[-6.33153,53.3305],[-6.33142,53.33059]],[[-6.33142,53.33059],[-6.33131,53.33067]],[[-6.33131,53.33067],[-6.33104,53.3309]],[[-6.33104,53.3309],[-6.3308,53.3311]],[[-6.3308,53.3311],[-6.33052,53.33135]],[[-6.33052,53.33135],[-6.33035,53.33152]],[[-6.33035,53.33152],[-6.33021,53.33165]],[[-6.33021,53.33165],[-6.33011,53.33177]],[[-6.33011,53.33177],[-6.33001,53.3319]],[[-6.33001,53.3319],[-6.32992,53.33201]],[[-6.32992,53.33201],[-6.32981,53.33217]],[[-6.32981,53.33217],[-6.32966,53.3324]],[[-6.32966,53.3324],[-6.3295,53.33268]],[[-6.3295,53.33268],[-6.32938,53.33289]],[[-6.32938,53.33289],[-6.32933,53.33298]],[[-6.32933,53.33298],[-6.32924,53.33311]],[[-6.32924,53.33311],[-6.32921,53.33315]],[[-6.32921,53.33315],[-6.32912,53.33329]],[[-6.32912,53.33329],[-6.32906,53.33337]],[[-6.32906,53.33337],[-6.32901,53.33343]],[[-6.32901,53.33343],[-6.32891,53.33356]],[[-6.32891,53.33356],[-6.32882,53.33367]],[[-6.32882,53.33367],[-6.32873,53.33378]],[[-6.32873,53.33378],[-6.32865,53.33388]],[[-6.32865,53.33388],[-6.32861,53.33392]],[[-6.32861,53.33392],[-6.32858,53.33396]],[[-6.32858,53.33396],[-6.32853,53.33399]],[[-6.32853,53.33399],[-6.32849,53.33402]],[[-6.32849,53.33402],[-6.32846,53.33404]],[[-6.32846,53.33404],[-6.32843,53.33406]],[[-6.32843,53.33406],[-6.3284,53.33408]],[[-6.3284,53.33408],[-6.32838,53.33409]],[[-6.32838,53.33409],[-6.32832,53.33411]],[[-6.32832,53.33411],[-6.32828,53.33413]],[[-6.32828,53.33413],[-6.32823,53.33415]],[[-6.32823,53.33415],[-6.32818,53.33416]],[[-6.32818,53.33416],[-6.32812,53.33417]],[[-6.32812,53.33417],[-6.32807,53.33418]],[[-6.32807,53.33418],[-6.32793,53.3342]],[[-6.32793,53.3342],[-6.32779,53.33422]],[[-6.32779,53.33422],[-6.32742,53.33427]],[[-6.32742,53.33427],[-6.32703,53.33433]],[[-6.32703,53.33433],[-6.32635,53.33443]],[[-6.32635,53.33443],[-6.326,53.33448]],[[-6.326,53.33448],[-6.32541,53.33456]],[[-6.32541,53.33456],[-6.32472,53.33464]],[[-6.32472,53.33464],[-6.32407,53.33472]],[[-6.32407,53.33472],[-6.32339,53.3348]],[[-6.32339,53.3348],[-6.32268,53.33488]],[[-6.32268,53.33488],[-6.32203,53.33496]],[[-6.32203,53.33496],[-6.32136,53.33504]],[[-6.32136,53.33504],[-6.32074,53.33511]],[[-6.32074,53.33511],[-6.32008,53.33518]],[[-6.32008,53.33518],[-6.31941,53.33525]],[[-6.31941,53.33525],[-6.3189,53.33531]],[[-6.3189,53.33531],[-6.31857,53.33534]],[[-6.31857,53.33534],[-6.31808,53.33539]],[[-6.31808,53.33539],[-6.31778,53.33543]],[[-6.31778,53.33543],[-6.31714,53.3355]],[[-6.31714,53.3355],[-6.31588,53.33564]],[[-6.31588,53.33564],[-6.31532,53.3357]],[[-6.31532,53.3357],[-6.31399,53.33586]],[[-6.31399,53.33586],[-6.31358,53.33592]],[[-6.31358,53.33592],[-6.31321,53.33596]],[[-6.31321,53.33596],[-6.3131,53.33598]],[[-6.3131,53.33598],[-6.31266,53.33603]],[[-6.31266,53.33603],[-6.31227,53.33608]],[[-6.31227,53.33608],[-6.31188,53.33612]],[[-6.31188,53.33612],[-6.31147,53.33617]],[[-6.31147,53.33617],[-6.31113,53.33621]],[[-6.31113,53.33621],[-6.31082,53.33624]],[[-6.31082,53.33624],[-6.31037,53.3363]],[[-6.31037,53.3363],[-6.30987,53.33635]],[[-6.30987,53.33635],[-6.30918,53.33643]],[[-6.30918,53.33643],[-6.30884,53.33647]],[[-6.30884,53.33647],[-6.3085,53.33651]],[[-6.3085,53.33651],[-6.30762,53.3366]],[[-6.30762,53.3366],[-6.30728,53.33664]],[[-6.30728,53.33664],[-6.30685,53.33668]],[[-6.30685,53.33668],[-6.30676,53.33669]],[[-6.30676,53.33669],[-6.30667,53.3367]],[[-6.30667,53.3367],[-6.3066,53.33671]],[[-6.3066,53.33671],[-6.30653,53.33672]],[[-6.30653,53.33672],[-6.30643,53.33675]],[[-6.30643,53.33675],[-6.30637,53.33676]],[[-6.30637,53.33676],[-6.3063,53.33678]]]},"properties":{"id":"osm:way/4486475","mode":"luas","name":"Luas"}},{"type":"Feature","geometry":{"type":"LineString","coordinates":[[-6.26067,53.36364],[-6.2604,53.36357]]},"properties":{"id":"osm:way/4541122","mode":"rail","name":"Irish Rail"}},{"type":"Feature","geometry":{"type":"LineString","coordinates":[[-6.2604,53.36357],[-6.25993,53.36344]]},"properties":{"id":"osm:way/4541123","mode":"rail","name":"Irish Rail"}},{"type":"Feature","geometry":{"type":"LineString","coordinates":[[-6.25993,53.36344],[-6.25977,53.36339]]},"properties":{"id":"osm:way/4541124","mode":"rail","name":"Irish Rail"}},{"type":"Feature","geometry":{"type":"MultiLineString","coordinates":[[[-6.25977,53.36339],[-6.25885,53.36313]],[[-6.25885,53.36313],[-6.25853,53.36304]]]},"properties":{"id":"osm:way/4541125","mode":"rail","name":"Irish Rail"}},{"type":"Feature","geometry":{"type":"LineString","coordinates":[[-6.25853,53.36304],[-6.25809,53.36291]]},"properties":{"id":"osm:way/4541126","mode":"rail","name":"Irish Rail"}},{"type":"Feature","geometry":{"type":"MultiLineString","coordinates":[[[-6.25809,53.36291],[-6.25749,53.36274]],[[-6.25749,53.36274],[-6.25692,53.36259]]]},"properties":{"id":"osm:way/4541378","mode":"rail","name":"Irish Rail"}},{"type":"Feature","geometry":{"type":"LineString","coordinates":[[-6.25692,53.36259],[-6.25671,53.36254]]},"properties":{"id":"osm:way/4541379","mode":"rail","name":"Irish Rail"}},{"type":"Feature","geometry":{"type":"MultiLineString","coordinates":[[[-6.25671,53.36254],[-6.25635,53.36245]],[[-6.25635,53.36245],[-6.25584,53.36231]],[[-6.25584,53.36231],[-6.25547,53.36223]],[[-6.25547,53.36223],[-6.25511,53.36216]],[[-6.25511,53.36216],[-6.25483,53.36212]],[[-6.25483,53.36212],[-6.25459,53.36209]],[[-6.25459,53.36209],[-6.2543,53.36205]]]},"properties":{"id":"osm:way/4541380","mode":"rail","name":"Irish Rail"}},{"type":"Feature","geometry":{"type":"LineString","coordinates":[[-6.2543,53.36205],[-6.25409,53.36203]]},"properties":{"id":"osm:way/4541381","mode":"rail","name":"Irish Rail"}},{"type":"Feature","geometry":{"type":"LineString","coordinates":[[-6.25409,53.36203],[-6.25284,53.36192]]},"properties":{"id":"osm:way/4541382","mode":"rail","name":"Irish Rail"}},{"type":"Feature","geometry":{"type":"LineString","coordinates":[[-6.25284,53.36192],[-6.25238,53.36188]]},"properties":{"id":"osm:way/4541383","mode":"rail","name":"Irish Rail"}},{"type":"Feature","geometry":{"type":"MultiLineString","coordinates":[[[-6.35798,53.33557],[-6.35886,53.33552]],[[-6.35886,53.33552],[-6.35953,53.33548]],[[-6.35953,53.33548],[-6.36016,53.33544]],[[-6.36016,53.33544],[-6.36165,53.33532]],[[-6.36165,53.33532],[-6.36529,53.33504]],[[-6.36529,53.33504],[-6.36727,53.33488]],[[-6.36727,53.33488],[-6.37044,53.33463]],[[-6.37044,53.33463],[-6.37198,53.33451]],[[-6.37198,53.33451],[-6.37356,53.33439]],[[-6.37356,53.33439],[-6.37856,53.33398]],[[-6.37856,53.33398],[-6.379,53.33394]],[[-6.379,53.33394],[-6.37997,53.33387]],[[-6.37997,53.33387],[-6.38123,53.33377]],[[-6.38123,53.33377],[-6.38243,53.33367]],[[-6.38243,53.33367],[-6.38436,53.33352]],[[-6.38436,53.33352],[-6.38603,53.3334]],[[-6.38603,53.3334],[-6.38765,53.33327]],[[-6.38765,53.33327],[-6.39,53.33309]],[[-6.39,53.33309],[-6.39158,53.33298]],[[-6.39158,53.33298],[-6.39261,53.33293]],[[-6.39261,53.33293],[-6.39442,53.3329]],[[-6.39442,53.3329],[-6.39551,53.33291]],[[-6.39551,53.33291],[-6.39753,53.33297]],[[-6.39753,53.33297],[-6.39882,53.33303]],[[-6.39882,53.33303],[-6.40334,53.33323]],[[-6.40334,53.33323],[-6.4064,53.33335]],[[-6.4064,53.33335],[-6.40746,53.3334]],[[-6.40746,53.3334],[-6.40835,53.33344]],[[-6.40835,53.33344],[-6.43273,53.33449]],[[-6.43273,53.33449],[-6.4355,53.33459]],[[-6.4355,53.33459],[-6.43784,53.33469]],[[-6.43784,53.33469],[-6.44019,53.33479]],[[-6.44019,53.33479],[-6.44588,53.33503]],[[-6.44588,53.33503],[-6.45103,53.33525]],[[-6.45103,53.33525],[-6.45273,53.33532]],[[-6.45273,53.33532],[-6.45433,53.33538]],[[-6.45433,53.33538],[-6.46349,53.33576]],[[-6.46349,53.33576],[-6.46923,53.336]],[[-6.46923,53.336],[-6.47061,53.33607]],[[-6.47061,53.33607],[-6.47162,53.33611]],[[-6.47162,53.33611],[-6.47399,53.3362]],[[-6.47399,53.3362],[-6.47651,53.33631]],[[-6.47651,53.33631],[-6.47843,53.33638]],[[-6.47843,53.33638],[-6.48048,53.3364]],[[-6.48048,53.3364],[-6.48152,53.33638]],[[-6.48152,53.33638],[-6.48304,53.33633]],[[-6.48304,53.33633],[-6.48459,53.33627]],[[-6.48459,53.33627],[-6.48622,53.33616]],[[-6.48622,53.33616],[-6.48954,53.33583]],[[-6.48954,53.33583],[-6.49269,53.33537]],[[-6.49269,53.33537],[-6.4954,53.33487]],[[-6.4954,53.33487],[-6.49796,53.33429]],[[-6.49796,53.33429],[-6.50064,53.33357]],[[-6.50064,53.33357],[-6.50194,53.33317]],[[-6.50194,53.33317],[-6.503,53.33283]],[[-6.503,53.33283],[-6.50413,53.33244]],[[-6.50413,53.33244],[-6.50575,53.33185]],[[-6.50575,53.33185],[-6.50653,53.33154]],[[-6.50653,53.33154],[-6.50738,53.33119]],[[-6.50738,53.33119],[-6.50803,53.33091]],[[-6.50803,53.33091],[-6.50978,53.3301]],[[-6.50978,53.3301],[-6.51107,53.32945]],[[-6.51107,53.32945],[-6.51236,53.32878]],[[-6.51236,53.32878],[-6.51322,53.32832]],[[-6.51322,53.32832],[-6.51536,53.32715]],[[-6.51536,53.32715],[-6.51624,53.32666]],[[-6.51624,53.32666],[-6.51777,53.3258]],[[-6.51777,53.3258],[-6.51867,53.32529]],[[-6.51867,53.32529],[-6.52002,53.32449]],[[-6.52002,53.32449],[-6.52106,53.32386]],[[-6.52106,53.32386],[-6.52164,53.3235]],[[-6.52164,53.3235],[-6.52501,53.32143]],[[-6.52501,53.32143],[-6.5253,53.32125]],[[-6.5253,53.32125],[-6.52539,53.32119]],[[-6.52539,53.32119],[-6.52594,53.32086]]]},"properties":{"id":"osm:way/4881781","mode":"rail","name":"Irish Rail"}},{"type":"Feature","geometry":{"type":"MultiLineString","coordinates":[[[-6.29123,53.37125],[-6.29056,53.37126]],[[-6.29056,53.37126],[-6.29041,53.37126]]]},"properties":{"id":"osm:way/4934360","mode":"rail","name":"Irish Rail"}},{"type":"Feature","geometry":{"type":"LineString","coordinates":[[-6.2339,53.33763],[-6.23378,53.33755]]},"properties":{"id":"osm:way/4934496","mode":"rail","name":"Irish Rail"}},{"type":"Feature","geometry":{"type":"LineString","coordinates":[[-6.23378,53.33755],[-6.23336,53.33729]]},"properties":{"id":"osm:way/4934497","mode":"rail","name":"Irish Rail"}},{"type":"Feature","geometry":{"type":"LineString","coordinates":[[-6.23322,53.33715],[-6.23341,53.33728]]},"properties":{"id":"osm:way/4934498","mode":"rail","name":"Irish Rail"}},{"type":"Feature","geometry":{"type":"MultiLineString","coordinates":[[[-6.2977,53.34627],[-6.29967,53.34612]],[[-6.29967,53.34612],[-6.29982,53.34611]],[[-6.29982,53.34611],[-6.29999,53.3461]],[[-6.29999,53.3461],[-6.30015,53.3461]],[[-6.30015,53.3461],[-6.30094,53.34609]]]},"properties":{"id":"osm:way/4934507","mode":"rail","name":"Irish Rail"}},{"type":"Feature","geometry":{"type":"LineString","coordinates":[[-6.3063,53.33678],[-6.30574,53.33692]]},"properties":{"id":"osm:way/4934510","mode":"luas","name":"Luas"}},{"type":"Feature","geometry":{"type":"MultiLineString","coordinates":[[[-6.24939,53.34357],[-6.24922,53.34353]],[[-6.24922,53.34353],[-6.24847,53.34336]]]},"properties":{"id":"osm:way/4934554","mode":"rail","name":"Irish Rail"}},{"type":"Feature","geometry":{"type":"LineString","coordinates":[[-6.24645,53.3429],[-6.24618,53.34284]]},"properties":{"id":"osm:way/4934555","mode":"rail","name":"Irish Rail"}},{"type":"Feature","geometry":{"type":"MultiLineString","coordinates":[[[-6.24618,53.34284],[-6.24603,53.3428]],[[-6.24603,53.3428],[-6.24545,53.34264]],[[-6.24545,53.34264],[-6.24512,53.34255]],[[-6.24512,53.34255],[-6.24497,53.34251]]]},"properties":{"id":"osm:way/4934556","mode":"rail","name":"Irish Rail"}},{"type":"Feature","geometry":{"type":"LineString","coordinates":[[-6.24497,53.34251],[-6.24472,53.34243]]},"properties":{"id":"osm:way/4934557","mode":"rail","name":"Irish Rail"}},{"type":"Feature","geometry":{"type":"LineString","coordinates":[[-6.24472,53.34243],[-6.24408,53.34222]]},"properties":{"id":"osm:way/4934558","mode":"rail","name":"Irish Rail"}},{"type":"Feature","geometry":{"type":"LineString","coordinates":[[-6.24408,53.34222],[-6.24396,53.34218]]},"properties":{"id":"osm:way/4934559","mode":"rail","name":"Irish Rail"}},{"type":"Feature","geometry":{"type":"MultiLineString","coordinates":[[[-6.24907,53.3523],[-6.24933,53.35221]],[[-6.24933,53.35221],[-6.24968,53.35208]],[[-6.24968,53.35208],[-6.25002,53.35194]]]},"properties":{"id":"osm:way/4934569","mode":"rail","name":"Irish Rail"}},{"type":"Feature","geometry":{"type":"MultiLineString","coordinates":[[[-6.23939,53.3404],[-6.23923,53.34033]],[[-6.23923,53.34033],[-6.23908,53.34026]],[[-6.23908,53.34026],[-6.23896,53.34021]]]},"properties":{"id":"osm:way/4934595","mode":"rail","name":"Irish Rail"}},{"type":"Feature","geometry":{"type":"LineString","coordinates":[[-6.29182,53.34716],[-6.29183,53.34728]]},"properties":{"id":"osm:way/4937056","mode":"luas","name":"Luas"}},{"type":"Feature","geometry":{"type":"MultiLineString","coordinates":[[[-6.32699,53.34122],[-6.32678,53.34126]],[[-6.32678,53.34126],[-6.32574,53.34146]],[[-6.32574,53.34146],[-6.32458,53.34168]]]},"properties":{"id":"osm:way/4937065","mode":"rail","name":"Irish Rail"}},{"type":"Feature","geometry":{"type":"MultiLineString","coordinates":[[[-6.23416,53.35942],[-6.23146,53.36082]],[[-6.23146,53.36082],[-6.2311,53.361]],[[-6.2311,53.361],[-6.23095,53.36108]],[[-6.23095,53.36108],[-6.22887,53.36216]],[[-6.22887,53.36216],[-6.22761,53.36282]],[[-6.22761,53.36282],[-6.22676,53.36325]],[[-6.22676,53.36325],[-6.2266,53.36333]],[[-6.2266,53.36333],[-6.22584,53.36373]]]},"properties":{"id":"osm:way/4937314","mode":"rail","name":"Irish Rail"}},{"type":"Feature","geometry":{"type":"LineString","coordinates":[[-6.25238,53.36188],[-6.25192,53.36184]]},"properties":{"id":"osm:way/4937388","mode":"rail","name":"Irish Rail"}},{"type":"Feature","geometry":{"type":"LineString","coordinates":[[-6.2437,53.36078],[-6.24334,53.36063]]},"properties":{"id":"osm:way/4937389","mode":"rail","name":"Irish Rail"}},{"type":"Feature","geometry":{"type":"LineString","coordinates":[[-6.24111,53.35897],[-6.241,53.35879]]},"properties":{"id":"osm:way/4937395","mode":"rail","name":"Irish Rail"}},{"type":"Feature","geometry":{"type":"LineString","coordinates":[[-6.2428,53.35496],[-6.24192,53.35541]]},"properties":{"id":"osm:way/4937401","mode":"rail","name":"Irish Rail"}},{"type":"Feature","geometry":{"type":"MultiLineString","coordinates":[[[-6.24294,53.35489],[-6.24337,53.35466]],[[-6.24337,53.35466],[-6.24384,53.35441]],[[-6.24384,53.35441],[-6.24408,53.35428]]]},"properties":{"id":"osm:way/4937402","mode":"rail","name":"Irish Rail"}},{"type":"Feature","geometry":{"type":"MultiLineString","coordinates":[[[-6.24588,53.35343],[-6.24625,53.35329]],[[-6.24625,53.35329],[-6.24642,53.35323]],[[-6.24642,53.35323],[-6.24661,53.35314]],[[-6.24661,53.35314],[-6.24678,53.35307]],[[-6.24678,53.35307],[-6.24689,53.35301]],[[-6.24689,53.35301],[-6.24707,53.35291]],[[-6.24707,53.35291],[-6.24724,53.35283]],[[-6.24724,53.35283],[-6.24738,53.35277]],[[-6.24738,53.35277],[-6.2476,53.35268]]]},"properties":{"id":"osm:way/4937403","mode":"rail","name":"Irish Rail"}},{"type":"Feature","geometry":{"type":"MultiLineString","coordinates":[[[-6.36889,53.31871],[-6.36872,53.31876]],[[-6.36872,53.31876],[-6.36864,53.31879]],[[-6.36864,53.31879],[-6.36854,53.31881]],[[-6.36854,53.31881],[-6.36848,53.31883]],[[-6.36848,53.31883],[-6.36837,53.31885]],[[-6.36837,53.31885],[-6.36823,53.31888]]]},"properties":{"id":"osm:way/4937557","mode":"luas","name":"Luas"}},{"type":"Feature","geometry":{"type":"MultiLineString","coordinates":[[[-6.29041,53.37126],[-6.29022,53.37126]],[[-6.29022,53.37126],[-6.29002,53.37125]],[[-6.29002,53.37125],[-6.28981,53.37125]],[[-6.28981,53.37125],[-6.28957,53.37123]],[[-6.28957,53.37123],[-6.28929,53.3712]],[[-6.28929,53.3712],[-6.28907,53.37117]],[[-6.28907,53.37117],[-6.28883,53.37113]],[[-6.28883,53.37113],[-6.28858,53.37109]],[[-6.28858,53.37109],[-6.28833,53.37104]],[[-6.28833,53.37104],[-6.28812,53.371]],[[-6.28812,53.371],[-6.28789,53.37094]],[[-6.28789,53.37094],[-6.2877,53.37088]],[[-6.2877,53.37088],[-6.28749,53.37082]]]},"properties":{"id":"osm:way/5825852","mode":"rail","name":"Irish Rail"}},{"type":"Feature","geometry":{"type":"LineString","coordinates":[[-6.30399,53.34785],[-6.30398,53.3472]]},"properties":{"id":"osm:way/5825867","mode":"rail","name":"Irish Rail"}},{"type":"Feature","geometry":{"type":"LineString","coordinates":[[-6.304,53.3484],[-6.30399,53.34785]]},"properties":{"id":"osm:way/5825868","mode":"rail","name":"Irish Rail"}},{"type":"Feature","geometry":{"type":"MultiLineString","coordinates":[[[-6.22504,53.2831],[-6.22489,53.28309]],[[-6.22489,53.28309],[-6.22428,53.28305]],[[-6.22428,53.28305],[-6.22391,53.28303]],[[-6.22391,53.28303],[-6.2233,53.28298]],[[-6.2233,53.28298],[-6.22296,53.28295]],[[-6.22296,53.28295],[-6.22254,53.2829]],[[-6.22254,53.2829],[-6.2223,53.28287]],[[-6.2223,53.28287],[-6.22204,53.28284]],[[-6.22204,53.28284],[-6.22179,53.2828]],[[-6.22179,53.2828],[-6.22119,53.28271]],[[-6.22119,53.28271],[-6.22086,53.28266]],[[-6.22086,53.28266],[-6.22054,53.2826]],[[-6.22054,53.2826],[-6.22015,53.28252]],[[-6.22015,53.28252],[-6.21988,53.28246]]]},"properties":{"id":"osm:way/6186884","mode":"luas","name":"Luas"}},{"type":"Feature","geometry":{"type":"MultiLineString","coordinates":[[[-6.25154,53.30874],[-6.25149,53.30835]],[[-6.25149,53.30835],[-6.25145,53.30799]]]},"properties":{"id":"osm:way/6186886","mode":"luas","name":"Luas"}},{"type":"Feature","geometry":{"type":"MultiLineString","coordinates":[[[-6.25141,53.30762],[-6.25137,53.30729]],[[-6.25137,53.30729],[-6.25133,53.3069]]]},"properties":{"id":"osm:way/6186887","mode":"luas","name":"Luas"}},{"type":"Feature","geometry":{"type":"MultiLineString","coordinates":[[[-6.24704,53.29397],[-6.24668,53.29367]],[[-6.24668,53.29367],[-6.24539,53.29262]],[[-6.24539,53.29262],[-6.24533,53.29257]]]},"properties":{"id":"osm:way/6186888","mode":"luas","name":"Luas"}},{"type":"Feature","geometry":{"type":"MultiLineString","coordinates":[[[-6.23683,53.28617],[-6.23669,53.28607]],[[-6.23669,53.28607],[-6.23652,53.28597]],[[-6.23652,53.28597],[-6.23645,53.28593]]]},"properties":{"id":"osm:way/6186889","mode":"luas","name":"Luas"}},{"type":"Feature","geometry":{"type":"MultiLineString","coordinates":[[[-6.25896,53.33129],[-6.25893,53.33119]],[[-6.25893,53.33119],[-6.25887,53.33106]],[[-6.25887,53.33106],[-6.25883,53.33097]],[[-6.25883,53.33097],[-6.25878,53.33088]],[[-6.25878,53.33088],[-6.25873,53.3308]],[[-6.25873,53.3308],[-6.25868,53.33072]],[[-6.25868,53.33072],[-6.2586,53.33062]],[[-6.2586,53.33062],[-6.25855,53.33055]],[[-6.25855,53.33055],[-6.25848,53.33047]]]},"properties":{"id":"osm:way/6186893","mode":"luas","name":"Luas"}},{"type":"Feature","geometry":{"type":"MultiLineString","coordinates":[[[-6.25848,53.33047],[-6.25844,53.33043]],[[-6.25844,53.33043],[-6.2584,53.33039]],[[-6.2584,53.33039],[-6.25833,53.33031]],[[-6.25833,53.33031],[-6.25821,53.3302]],[[-6.25821,53.3302],[-6.25815,53.33014]],[[-6.25815,53.33014],[-6.25808,53.33007]],[[-6.25808,53.33007],[-6.25795,53.32994]],[[-6.25795,53.32994],[-6.25784,53.32983]],[[-6.25784,53.32983],[-6.25778,53.32975]],[[-6.25778,53.32975],[-6.25773,53.3297]],[[-6.25773,53.3297],[-6.25762,53.32957]]]},"properties":{"id":"osm:way/6186895","mode":"luas","name":"Luas"}},{"type":"Feature","geometry":{"type":"LineString","coordinates":[[-6.25608,53.32609],[-6.25576,53.32495]]},"properties":{"id":"osm:way/6186898","mode":"luas","name":"Luas"}},{"type":"Feature","geometry":{"type":"LineString","coordinates":[[-6.25576,53.32495],[-6.25572,53.32481]]},"properties":{"id":"osm:way/6186899","mode":"luas","name":"Luas"}},{"type":"Feature","geometry":{"type":"MultiLineString","coordinates":[[[-6.24533,53.29257],[-6.24511,53.2924]],[[-6.24511,53.2924],[-6.24473,53.2921]],[[-6.24473,53.2921],[-6.24448,53.29192]],[[-6.24448,53.29192],[-6.24431,53.29179]],[[-6.24431,53.29179],[-6.24388,53.29148]],[[-6.24388,53.29148],[-6.24372,53.29137]],[[-6.24372,53.29137],[-6.24347,53.29119]],[[-6.24347,53.29119],[-6.24325,53.29103]],[[-6.24325,53.29103],[-6.24302,53.29086]],[[-6.24302,53.29086],[-6.2429,53.29077]]]},"properties":{"id":"osm:way/6186901","mode":"luas","name":"Luas"}},{"type":"Feature","geometry":{"type":"MultiLineString","coordinates":[[[-6.24159,53.28974],[-6.24139,53.28959]],[[-6.24139,53.28959],[-6.24111,53.28939]]]},"properties":{"id":"osm:way/6186909","mode":"luas","name":"Luas"}},{"type":"Feature","geometry":{"type":"MultiLineString","coordinates":[[[-6.24111,53.28939],[-6.24085,53.28919]],[[-6.24085,53.28919],[-6.24055,53.28896]],[[-6.24055,53.28896],[-6.24022,53.28871]],[[-6.24022,53.28871],[-6.23998,53.28853]],[[-6.23998,53.28853],[-6.23958,53.28823]],[[-6.23958,53.28823],[-6.23936,53.28807]],[[-6.23936,53.28807],[-6.23896,53.28774]],[[-6.23896,53.28774],[-6.23861,53.28747]],[[-6.23861,53.28747],[-6.23834,53.28727]],[[-6.23834,53.28727],[-6.23763,53.28674]]]},"properties":{"id":"osm:way/6186910","mode":"luas","name":"Luas"}},{"type":"Feature","geometry":{"type":"LineString","coordinates":[[-6.23763,53.28674],[-6.23683,53.28617]]},"properties":{"id":"osm:way/6186911","mode":"luas","name":"Luas"}},{"type":"Feature","geometry":{"type":"MultiLineString","coordinates":[[[-6.13465,53.29489],[-6.13469,53.29491]],[[-6.13469,53.29491],[-6.13511,53.2951]],[[-6.13511,53.2951],[-6.13547,53.29525]],[[-6.13547,53.29525],[-6.13592,53.29543]],[[-6.13592,53.29543],[-6.13636,53.29559]],[[-6.13636,53.29559],[-6.13677,53.29572]],[[-6.13677,53.29572],[-6.13706,53.2958]],[[-6.13706,53.2958],[-6.13711,53.29581]],[[-6.13711,53.29581],[-6.13744,53.29589]],[[-6.13744,53.29589],[-6.13778,53.29597]],[[-6.13778,53.29597],[-6.13807,53.29603]],[[-6.13807,53.29603],[-6.13845,53.2961]],[[-6.13845,53.2961],[-6.13893,53.29617]],[[-6.13893,53.29617],[-6.13938,53.29623]],[[-6.13938,53.29623],[-6.1397,53.29626]],[[-6.1397,53.29626],[-6.13978,53.29626]],[[-6.13978,53.29626],[-6.13993,53.29627]],[[-6.13993,53.29627],[-6.14011,53.29628]],[[-6.14011,53.29628],[-6.14052,53.2963]],[[-6.14052,53.2963],[-6.14095,53.2963]],[[-6.14095,53.2963],[-6.14154,53.29629]],[[-6.14154,53.29629],[-6.14191,53.29628]],[[-6.14191,53.29628],[-6.14243,53.29625]],[[-6.14243,53.29625],[-6.14264,53.29623]]]},"properties":{"id":"osm:way/6281905","mode":"rail","name":"Irish Rail"}},{"type":"Feature","geometry":{"type":"MultiLineString","coordinates":[[[-6.1114,53.27768],[-6.11251,53.27801]],[[-6.11251,53.27801],[-6.11472,53.27866]],[[-6.11472,53.27866],[-6.11643,53.27917]],[[-6.11643,53.27917],[-6.11961,53.28014]],[[-6.11961,53.28014],[-6.12138,53.28069]],[[-6.12138,53.28069],[-6.12312,53.28123]],[[-6.12312,53.28123],[-6.12424,53.28156]],[[-6.12424,53.28156],[-6.12472,53.28172]],[[-6.12472,53.28172],[-6.12519,53.2819]],[[-6.12519,53.2819],[-6.12552,53.28205]],[[-6.12552,53.28205],[-6.12586,53.28223]],[[-6.12586,53.28223],[-6.12623,53.28246]],[[-6.12623,53.28246],[-6.12654,53.28268]],[[-6.12654,53.28268],[-6.1269,53.28301]],[[-6.1269,53.28301],[-6.12715,53.28329]],[[-6.12715,53.28329],[-6.12738,53.28363]],[[-6.12738,53.28363],[-6.12752,53.28393]],[[-6.12752,53.28393],[-6.12764,53.28427]],[[-6.12764,53.28427],[-6.12769,53.28466]],[[-6.12769,53.28466],[-6.12771,53.28501]],[[-6.12771,53.28501],[-6.1277,53.28541]]]},"properties":{"id":"osm:way/7991601","mode":"rail","name":"Irish Rail"}},{"type":"Feature","geometry":{"type":"MultiLineString","coordinates":[[[-6.13086,53.29299],[-6.13102,53.29307]],[[-6.13102,53.29307],[-6.13114,53.29315]],[[-6.13114,53.29315],[-6.13118,53.29317]],[[-6.13118,53.29317],[-6.13138,53.29328]],[[-6.13138,53.29328],[-6.1318,53.29351]],[[-6.1318,53.29351],[-6.13293,53.29407]],[[-6.13293,53.29407],[-6.13402,53.29459]]]},"properties":{"id":"osm:way/8027126","mode":"rail","name":"Irish Rail"}},{"type":"Feature","geometry":{"type":"MultiLineString","coordinates":[[[-6.23896,53.34021],[-6.23834,53.33993]],[[-6.23834,53.33993],[-6.23791,53.33973]],[[-6.23791,53.33973],[-6.23709,53.33936]],[[-6.23709,53.33936],[-6.23672,53.33917]]]},"properties":{"id":"osm:way/10497826","mode":"rail","name":"Irish Rail"}},{"type":"Feature","geometry":{"type":"LineString","coordinates":[[-6.23672,53.33917],[-6.23659,53.3391]]},"properties":{"id":"osm:way/10497827","mode":"rail","name":"Irish Rail"}},{"type":"Feature","geometry":{"type":"MultiLineString","coordinates":[[[-6.23659,53.3391],[-6.23597,53.33878]],[[-6.23597,53.33878],[-6.23546,53.33851]],[[-6.23546,53.33851],[-6.23489,53.33821]],[[-6.23489,53.33821],[-6.23442,53.33794]]]},"properties":{"id":"osm:way/10497829","mode":"rail","name":"Irish Rail"}},{"type":"Feature","geometry":{"type":"LineString","coordinates":[[-6.22793,53.33316],[-6.228,53.33322]]},"properties":{"id":"osm:way/10952332","mode":"rail","name":"Irish Rail"}},{"type":"Feature","geometry":{"type":"MultiLineString","coordinates":[[[-6.17805,53.3026],[-6.17872,53.30283]],[[-6.17872,53.30283],[-6.17953,53.30314]],[[-6.17953,53.30314],[-6.18014,53.30338]],[[-6.18014,53.30338],[-6.18054,53.30354]],[[-6.18054,53.30354],[-6.18225,53.30423]],[[-6.18225,53.30423],[-6.18403,53.30495]],[[-6.18403,53.30495],[-6.18572,53.30563]],[[-6.18572,53.30563],[-6.18982,53.3073]],[[-6.18982,53.3073],[-6.19042,53.30755]],[[-6.19042,53.30755],[-6.19104,53.30782]],[[-6.19104,53.30782],[-6.19172,53.30813]],[[-6.19172,53.30813],[-6.19215,53.30833]],[[-6.19215,53.30833],[-6.19241,53.30846]],[[-6.19241,53.30846],[-6.19276,53.30864]],[[-6.19276,53.30864],[-6.19316,53.30884]],[[-6.19316,53.30884],[-6.19366,53.3091]],[[-6.19366,53.3091],[-6.19459,53.30961]],[[-6.19459,53.30961],[-6.19522,53.30998]],[[-6.19522,53.30998],[-6.19551,53.31015]],[[-6.19551,53.31015],[-6.19611,53.31053]],[[-6.19611,53.31053],[-6.19687,53.31102]],[[-6.19687,53.31102],[-6.19807,53.31182]],[[-6.19807,53.31182],[-6.19944,53.31273]],[[-6.19944,53.31273],[-6.20025,53.31326]],[[-6.20025,53.31326],[-6.20222,53.31456]],[[-6.20222,53.31456],[-6.20255,53.31478]],[[-6.20255,53.31478],[-6.20281,53.31495]],[[-6.20281,53.31495],[-6.20331,53.31529]],[[-6.20331,53.31529],[-6.20471,53.31621]],[[-6.20471,53.31621],[-6.20493,53.31635]]]},"properties":{"id":"osm:way/10952333","mode":"rail","name":"Irish Rail"}},{"type":"Feature","geometry":{"type":"MultiLineString","coordinates":[[[-6.26259,53.33337],[-6.2625,53.33314]],[[-6.2625,53.33314],[-6.26247,53.33306]],[[-6.26247,53.33306],[-6.26244,53.333]],[[-6.26244,53.333],[-6.26242,53.33296]],[[-6.26242,53.33296],[-6.2624,53.33294]],[[-6.2624,53.33294],[-6.26239,53.33293]],[[-6.26239,53.33293],[-6.26236,53.33291]],[[-6.26236,53.33291],[-6.26234,53.33289]],[[-6.26234,53.33289],[-6.26229,53.33286]],[[-6.26229,53.33286],[-6.26225,53.33285]],[[-6.26225,53.33285],[-6.2622,53.33283]],[[-6.2622,53.33283],[-6.26214,53.33282]],[[-6.26214,53.33282],[-6.26208,53.33282]],[[-6.26208,53.33282],[-6.26198,53.33281]],[[-6.26198,53.33281],[-6.2618,53.33282]],[[-6.2618,53.33282],[-6.26141,53.33283]],[[-6.26141,53.33283],[-6.26091,53.33284]],[[-6.26091,53.33284],[-6.26084,53.33284]],[[-6.26084,53.33284],[-6.26077,53.33283]],[[-6.26077,53.33283],[-6.26072,53.33282]],[[-6.26072,53.33282],[-6.26069,53.33281]],[[-6.26069,53.33281],[-6.26066,53.33281]],[[-6.26066,53.33281],[-6.26063,53.3328]],[[-6.26063,53.3328],[-6.2606,53.33279]],[[-6.2606,53.33279],[-6.26056,53.33277]],[[-6.26056,53.33277],[-6.26051,53.33274]],[[-6.26051,53.33274],[-6.26049,53.33271]],[[-6.26049,53.33271],[-6.26046,53.33268]],[[-6.26046,53.33268],[-6.26045,53.33266]],[[-6.26045,53.33266],[-6.26043,53.33261]],[[-6.26043,53.33261],[-6.2604,53.3325]],[[-6.2604,53.3325],[-6.26038,53.33244]],[[-6.26038,53.33244],[-6.26036,53.33237]],[[-6.26036,53.33237],[-6.26035,53.33231]],[[-6.26035,53.33231],[-6.26033,53.33226]],[[-6.26033,53.33226],[-6.26031,53.33222]],[[-6.26031,53.33222],[-6.26029,53.33219]],[[-6.26029,53.33219],[-6.26026,53.33215]],[[-6.26026,53.33215],[-6.26022,53.3321]],[[-6.26022,53.3321],[-6.2602,53.33208]],[[-6.2602,53.33208],[-6.26017,53.33205]],[[-6.26017,53.33205],[-6.26011,53.33201]],[[-6.26011,53.33201],[-6.26005,53.33197]],[[-6.26005,53.33197],[-6.25998,53.33192]],[[-6.25998,53.33192],[-6.25992,53.3319]],[[-6.25992,53.3319],[-6.25984,53.33186]],[[-6.25984,53.33186],[-6.25967,53.33182]],[[-6.25967,53.33182],[-6.2596,53.3318]],[[-6.2596,53.3318],[-6.25952,53.33177]],[[-6.25952,53.33177],[-6.25946,53.33176]],[[-6.25946,53.33176],[-6.25941,53.33174]]]},"properties":{"id":"osm:way/13897799","mode":"luas","name":"Luas"}},{"type":"Feature","geometry":{"type":"LineString","coordinates":[[-6.32447,53.34171],[-6.32438,53.34172]]},"properties":{"id":"osm:way/18956244","mode":"rail","name":"Irish Rail"}},{"type":"Feature","geometry":{"type":"LineString","coordinates":[[-6.22001,53.36674],[-6.2197,53.3669]]},"properties":{"id":"osm:way/22463133","mode":"rail","name":"Irish Rail"}},{"type":"Feature","geometry":{"type":"MultiLineString","coordinates":[[[-6.24897,53.35236],[-6.24894,53.35237]],[[-6.24894,53.35237],[-6.24876,53.35242]],[[-6.24876,53.35242],[-6.24863,53.35245]],[[-6.24863,53.35245],[-6.24852,53.35247]]]},"properties":{"id":"osm:way/22977495","mode":"rail","name":"Irish Rail"}},{"type":"Feature","geometry":{"type":"MultiLineString","coordinates":[[[-6.22049,53.34984],[-6.22045,53.35021]],[[-6.22045,53.35021],[-6.22045,53.3503]],[[-6.22045,53.3503],[-6.22047,53.35039]],[[-6.22047,53.35039],[-6.22049,53.35047]],[[-6.22049,53.35047],[-6.22053,53.35054]],[[-6.22053,53.35054],[-6.22058,53.35062]],[[-6.22058,53.35062],[-6.22067,53.35071]],[[-6.22067,53.35071],[-6.22075,53.35078]],[[-6.22075,53.35078],[-6.22081,53.35083]],[[-6.22081,53.35083],[-6.2209,53.35088]],[[-6.2209,53.35088],[-6.22101,53.35093]]]},"properties":{"id":"osm:way/22977628","mode":"rail","name":"Irish Rail"}},{"type":"Feature","geometry":{"type":"MultiLineString","coordinates":[[[-6.22958,53.35003],[-6.23074,53.35058]],[[-6.23074,53.35058],[-6.23088,53.35065]],[[-6.23088,53.35065],[-6.23131,53.35088]],[[-6.23131,53.35088],[-6.23144,53.35095]],[[-6.23144,53.35095],[-6.23161,53.35103]],[[-6.23161,53.35103],[-6.23178,53.3511]],[[-6.23178,53.3511],[-6.23196,53.35116]],[[-6.23196,53.35116],[-6.23213,53.35121]],[[-6.23213,53.35121],[-6.23229,53.35125]],[[-6.23229,53.35125],[-6.23248,53.35129]],[[-6.23248,53.35129],[-6.23306,53.35139]],[[-6.23306,53.35139],[-6.2333,53.35144]],[[-6.2333,53.35144],[-6.23343,53.35147]],[[-6.23343,53.35147],[-6.23358,53.35149]],[[-6.23358,53.35149],[-6.23375,53.35152]]]},"properties":{"id":"osm:way/22977874","mode":"rail","name":"Irish Rail"}},{"type":"Feature","geometry":{"type":"MultiLineString","coordinates":[[[-6.2491,53.35161],[-6.24897,53.35167]],[[-6.24897,53.35167],[-6.24896,53.35168]]]},"properties":{"id":"osm:way/22978037","mode":"rail","name":"Irish Rail"}},{"type":"Feature","geometry":{"type":"MultiLineString","coordinates":[[[-6.24694,53.35203],[-6.24648,53.35235]],[[-6.24648,53.35235],[-6.24564,53.35294]],[[-6.24564,53.35294],[-6.2453,53.35321]],[[-6.2453,53.35321],[-6.24518,53.3533]]]},"properties":{"id":"osm:way/22978044","mode":"rail","name":"Irish Rail"}},{"type":"Feature","geometry":{"type":"LineString","coordinates":[[-6.24905,53.35158],[-6.24893,53.35164]]},"properties":{"id":"osm:way/22978053","mode":"rail","name":"Irish Rail"}},{"type":"Feature","geometry":{"type":"MultiLineString","coordinates":[[[-6.24696,53.35196],[-6.24643,53.35233]],[[-6.24643,53.35233],[-6.24555,53.35296]],[[-6.24555,53.35296],[-6.24534,53.35312]],[[-6.24534,53.35312],[-6.24523,53.35321]],[[-6.24523,53.35321],[-6.24514,53.35328]],[[-6.24514,53.35328],[-6.24504,53.35336]]]},"properties":{"id":"osm:way/22978057","mode":"rail","name":"Irish Rail"}},{"type":"Feature","geometry":{"type":"LineString","coordinates":[[-6.24551,53.35371],[-6.24538,53.35378]]},"properties":{"id":"osm:way/22978061","mode":"rail","name":"Irish Rail"}},{"type":"Feature","geometry":{"type":"MultiLineString","coordinates":[[[-6.28407,53.36921],[-6.28368,53.36928]],[[-6.28368,53.36928],[-6.2835,53.3693]],[[-6.2835,53.3693],[-6.28331,53.36933]],[[-6.28331,53.36933],[-6.28303,53.36935]],[[-6.28303,53.36935],[-6.2828,53.36936]],[[-6.2828,53.36936],[-6.28255,53.36937]],[[-6.28255,53.36937],[-6.28232,53.36937]],[[-6.28232,53.36937],[-6.282,53.36935]],[[-6.282,53.36935],[-6.28171,53.36932]],[[-6.28171,53.36932],[-6.28149,53.36929]],[[-6.28149,53.36929],[-6.28127,53.36926]],[[-6.28127,53.36926],[-6.28109,53.36922]],[[-6.28109,53.36922],[-6.28077,53.36915]],[[-6.28077,53.36915],[-6.28038,53.36904]],[[-6.28038,53.36904],[-6.28017,53.36897]]]},"properties":{"id":"osm:way/22978528","mode":"rail","name":"Irish Rail"}},{"type":"Feature","geometry":{"type":"MultiLineString","coordinates":[[[-6.29318,53.37142],[-6.29299,53.37139]],[[-6.29299,53.37139],[-6.29279,53.37136]],[[-6.29279,53.37136],[-6.29259,53.37133]],[[-6.29259,53.37133],[-6.2925,53.37132]],[[-6.2925,53.37132],[-6.29234,53.3713]],[[-6.29234,53.3713],[-6.29208,53.37128]],[[-6.29208,53.37128],[-6.29181,53.37126]],[[-6.29181,53.37126],[-6.2915,53.37125]],[[-6.2915,53.37125],[-6.29123,53.37125]]]},"properties":{"id":"osm:way/22978537","mode":"rail","name":"Irish Rail"}},{"type":"Feature","geometry":{"type":"MultiLineString","coordinates":[[[-6.28749,53.37082],[-6.28726,53.37074]],[[-6.28726,53.37074],[-6.28703,53.37066]],[[-6.28703,53.37066],[-6.28684,53.37058]],[[-6.28684,53.37058],[-6.28664,53.3705]],[[-6.28664,53.3705],[-6.28623,53.37029]],[[-6.28623,53.37029],[-6.28531,53.36978]],[[-6.28531,53.36978],[-6.28433,53.36924]],[[-6.28433,53.36924],[-6.28397,53.36905]]]},"properties":{"id":"osm:way/22978540","mode":"rail","name":"Irish Rail"}},{"type":"Feature","geometry":{"type":"MultiLineString","coordinates":[[[-6.29341,53.34653],[-6.29405,53.34648]],[[-6.29405,53.34648],[-6.29563,53.34635]]]},"properties":{"id":"osm:way/22978592","mode":"rail","name":"Irish Rail"}},{"type":"Feature","geometry":{"type":"MultiLineString","coordinates":[[[-6.32438,53.34172],[-6.32348,53.34189]],[[-6.32348,53.34189],[-6.32244,53.34209]],[[-6.32244,53.34209],[-6.32201,53.34217]],[[-6.32201,53.34217],[-6.32161,53.34224]],[[-6.32161,53.34224],[-6.32126,53.3423]],[[-6.32126,53.3423],[-6.32087,53.34236]],[[-6.32087,53.34236],[-6.32049,53.34241]],[[-6.32049,53.34241],[-6.32004,53.34246]],[[-6.32004,53.34246],[-6.3196,53.34251]],[[-6.3196,53.34251],[-6.319,53.34256]],[[-6.319,53.34256],[-6.31841,53.3426]],[[-6.31841,53.3426],[-6.31784,53.34264]],[[-6.31784,53.34264],[-6.31624,53.34274]],[[-6.31624,53.34274],[-6.31491,53.34282]],[[-6.31491,53.34282],[-6.31434,53.34285]],[[-6.31434,53.34285],[-6.31298,53.34293]],[[-6.31298,53.34293],[-6.31213,53.34299]],[[-6.31213,53.34299],[-6.31155,53.34303]],[[-6.31155,53.34303],[-6.3113,53.34306]]]},"properties":{"id":"osm:way/22978617","mode":"rail","name":"Irish Rail"}},{"type":"Feature","geometry":{"type":"MultiLineString","coordinates":[[[-6.30407,53.34545],[-6.30401,53.34551]],[[-6.30401,53.34551],[-6.30395,53.34557]],[[-6.30395,53.34557],[-6.30386,53.34568]],[[-6.30386,53.34568],[-6.30383,53.34571]],[[-6.30383,53.34571],[-6.30364,53.3459]],[[-6.30364,53.3459],[-6.30345,53.34606]],[[-6.30345,53.34606],[-6.30334,53.34617]],[[-6.30334,53.34617],[-6.30325,53.34627]],[[-6.30325,53.34627],[-6.30316,53.34636]],[[-6.30316,53.34636],[-6.30306,53.34645]],[[-6.30306,53.34645],[-6.30294,53.34655]],[[-6.30294,53.34655],[-6.30279,53.34666]],[[-6.30279,53.34666],[-6.30266,53.34675]],[[-6.30266,53.34675],[-6.30252,53.34684]],[[-6.30252,53.34684],[-6.30239,53.34691]],[[-6.30239,53.34691],[-6.30226,53.34697]],[[-6.30226,53.34697],[-6.302,53.34711]],[[-6.302,53.34711],[-6.30189,53.34716]]]},"properties":{"id":"osm:way/22978619","mode":"rail","name":"Irish Rail"}},{"type":"Feature","geometry":{"type":"MultiLineString","coordinates":[[[-6.29343,53.34636],[-6.29399,53.34631]],[[-6.29399,53.34631],[-6.2956,53.34617]]]},"properties":{"id":"osm:way/22978621","mode":"rail","name":"Irish Rail"}},{"type":"Feature","geometry":{"type":"MultiLineString","coordinates":[[[-6.3042,53.34528],[-6.30399,53.34541]],[[-6.30399,53.34541],[-6.30388,53.34548]],[[-6.30388,53.34548],[-6.30372,53.34557]],[[-6.30372,53.34557],[-6.30353,53.34565]],[[-6.30353,53.34565],[-6.30332,53.34574]],[[-6.30332,53.34574],[-6.30313,53.34581]],[[-6.30313,53.34581],[-6.30295,53.34587]],[[-6.30295,53.34587],[-6.30276,53.34592]],[[-6.30276,53.34592],[-6.30255,53.34596]],[[-6.30255,53.34596],[-6.30237,53.34599]],[[-6.30237,53.34599],[-6.30222,53.34601]],[[-6.30222,53.34601],[-6.30205,53.34603]],[[-6.30205,53.34603],[-6.30142,53.34607]]]},"properties":{"id":"osm:way/22978662","mode":"rail","name":"Irish Rail"}},{"type":"Feature","geometry":{"type":"MultiLineString","coordinates":[[[-6.30353,53.34565],[-6.30333,53.34575]],[[-6.30333,53.34575],[-6.30287,53.34592]],[[-6.30287,53.34592],[-6.30255,53.34601]],[[-6.30255,53.34601],[-6.30233,53.34605]],[[-6.30233,53.34605],[-6.30209,53.3461]],[[-6.30209,53.3461],[-6.30193,53.34612]],[[-6.30193,53.34612],[-6.30176,53.34614]],[[-6.30176,53.34614],[-6.30156,53.34616]],[[-6.30156,53.34616],[-6.30134,53.34618]],[[-6.30134,53.34618],[-6.29936,53.34633]],[[-6.29936,53.34633],[-6.29743,53.34649]],[[-6.29743,53.34649],[-6.29698,53.34652]],[[-6.29698,53.34652],[-6.29686,53.34653]]]},"properties":{"id":"osm:way/22978665","mode":"rail","name":"Irish Rail"}},{"type":"Feature","geometry":{"type":"MultiLineString","coordinates":[[[-6.29971,53.34602],[-6.3002,53.34602]],[[-6.3002,53.34602],[-6.30035,53.34603]],[[-6.30035,53.34603],[-6.30063,53.34604]],[[-6.30063,53.34604],[-6.30093,53.34604]],[[-6.30093,53.34604],[-6.30116,53.34604]],[[-6.30116,53.34604],[-6.30139,53.34603]],[[-6.30139,53.34603],[-6.30163,53.34601]],[[-6.30163,53.34601],[-6.30189,53.34597]],[[-6.30189,53.34597],[-6.30212,53.34594]],[[-6.30212,53.34594],[-6.30237,53.34589]],[[-6.30237,53.34589],[-6.30258,53.34585]],[[-6.30258,53.34585],[-6.30278,53.3458]],[[-6.30278,53.3458],[-6.30297,53.34575]],[[-6.30297,53.34575],[-6.30314,53.34569]],[[-6.30314,53.34569],[-6.30336,53.34561]],[[-6.30336,53.34561],[-6.30354,53.34554]],[[-6.30354,53.34554],[-6.30368,53.34548]],[[-6.30368,53.34548],[-6.30379,53.34543]],[[-6.30379,53.34543],[-6.3039,53.34538]],[[-6.3039,53.34538],[-6.30404,53.3453]],[[-6.30404,53.3453],[-6.30417,53.34523]],[[-6.30417,53.34523],[-6.30431,53.34514]],[[-6.30431,53.34514],[-6.30454,53.34499]],[[-6.30454,53.34499],[-6.30459,53.34496]],[[-6.30459,53.34496],[-6.30485,53.34478]],[[-6.30485,53.34478],[-6.30499,53.34468]],[[-6.30499,53.34468],[-6.30511,53.34459]],[[-6.30511,53.34459],[-6.30524,53.34451]],[[-6.30524,53.34451],[-6.30541,53.34443]],[[-6.30541,53.34443],[-6.3056,53.34434]]]},"properties":{"id":"osm:way/22978677","mode":"rail","name":"Irish Rail"}},{"type":"Feature","geometry":{"type":"MultiLineString","coordinates":[[[-6.30398,53.3472],[-6.30397,53.34686]],[[-6.30397,53.34686],[-6.30397,53.34655]],[[-6.30397,53.34655],[-6.30397,53.3465]],[[-6.30397,53.3465],[-6.30397,53.34644]],[[-6.30397,53.34644],[-6.30399,53.34632]],[[-6.30399,53.34632],[-6.30401,53.34621]],[[-6.30401,53.34621],[-6.30404,53.34608]],[[-6.30404,53.34608],[-6.30408,53.34596]],[[-6.30408,53.34596],[-6.30412,53.34586]],[[-6.30412,53.34586],[-6.30416,53.34576]],[[-6.30416,53.34576],[-6.30422,53.34564]],[[-6.30422,53.34564],[-6.30429,53.34553]],[[-6.30429,53.34553],[-6.30436,53.34543]],[[-6.30436,53.34543],[-6.30445,53.34531]],[[-6.30445,53.34531],[-6.30456,53.34519]],[[-6.30456,53.34519],[-6.3047,53.34507]],[[-6.3047,53.34507],[-6.30484,53.34495]],[[-6.30484,53.34495],[-6.30495,53.34485]],[[-6.30495,53.34485],[-6.3051,53.34475]],[[-6.3051,53.34475],[-6.30525,53.34464]],[[-6.30525,53.34464],[-6.30538,53.34456]],[[-6.30538,53.34456],[-6.30545,53.34452]],[[-6.30545,53.34452],[-6.30553,53.34448]],[[-6.30553,53.34448],[-6.30567,53.3444]],[[-6.30567,53.3444],[-6.3059,53.34429]],[[-6.3059,53.34429],[-6.30613,53.34419]],[[-6.30613,53.34419],[-6.30628,53.34411]],[[-6.30628,53.34411],[-6.30642,53.34404]],[[-6.30642,53.34404],[-6.30669,53.3439]]]},"properties":{"id":"osm:way/22978678","mode":"rail","name":"Irish Rail"}},{"type":"Feature","geometry":{"type":"MultiLineString","coordinates":[[[-6.26084,53.33965],[-6.26088,53.3396]],[[-6.26088,53.3396],[-6.26092,53.33956]],[[-6.26092,53.33956],[-6.26102,53.33943]],[[-6.26102,53.33943],[-6.26113,53.33929]],[[-6.26113,53.33929],[-6.26132,53.33906]],[[-6.26132,53.33906],[-6.26153,53.3388]],[[-6.26153,53.3388],[-6.2617,53.33857]],[[-6.2617,53.33857],[-6.26176,53.3385]],[[-6.26176,53.3385],[-6.262,53.33819]],[[-6.262,53.33819],[-6.26224,53.33789]],[[-6.26224,53.33789],[-6.26231,53.33781]],[[-6.26231,53.33781],[-6.26233,53.33778]],[[-6.26233,53.33778],[-6.26237,53.33775]],[[-6.26237,53.33775],[-6.26239,53.33772]],[[-6.26239,53.33772],[-6.26242,53.3377]],[[-6.26242,53.3377],[-6.26247,53.33766]],[[-6.26247,53.33766],[-6.2625,53.33764]],[[-6.2625,53.33764],[-6.26255,53.3376]],[[-6.26255,53.3376],[-6.26258,53.33757]],[[-6.26258,53.33757],[-6.26262,53.33754]],[[-6.26262,53.33754],[-6.26265,53.3375]],[[-6.26265,53.3375],[-6.26268,53.33747]],[[-6.26268,53.33747],[-6.2627,53.33746]]]},"properties":{"id":"osm:way/22978797","mode":"luas","name":"Luas"}},{"type":"Feature","geometry":{"type":"MultiLineString","coordinates":[[[-6.25493,53.32197],[-6.25505,53.3224]],[[-6.25505,53.3224],[-6.25515,53.32276]],[[-6.25515,53.32276],[-6.2552,53.32295]],[[-6.2552,53.32295],[-6.25534,53.32347]],[[-6.25534,53.32347],[-6.25537,53.32357]],[[-6.25537,53.32357],[-6.25548,53.32398]],[[-6.25548,53.32398],[-6.25558,53.32431]],[[-6.25558,53.32431],[-6.25563,53.32451]],[[-6.25563,53.32451],[-6.25569,53.3247]],[[-6.25569,53.3247],[-6.25572,53.32481]]]},"properties":{"id":"osm:way/22978980","mode":"luas","name":"Luas"}},{"type":"Feature","geometry":{"type":"MultiLineString","coordinates":[[[-6.24833,53.29541],[-6.24809,53.29509]],[[-6.24809,53.29509],[-6.24795,53.29492]],[[-6.24795,53.29492],[-6.24772,53.29464]],[[-6.24772,53.29464],[-6.24744,53.29433]],[[-6.24744,53.29433],[-6.24724,53.29415]],[[-6.24724,53.29415],[-6.24704,53.29397]]]},"properties":{"id":"osm:way/22978986","mode":"luas","name":"Luas"}},{"type":"Feature","geometry":{"type":"MultiLineString","coordinates":[[[-6.2512,53.30584],[-6.25115,53.30545]],[[-6.25115,53.30545],[-6.2511,53.30502]],[[-6.2511,53.30502],[-6.25105,53.3046]],[[-6.25105,53.3046],[-6.251,53.3042]],[[-6.251,53.3042],[-6.25095,53.30381]],[[-6.25095,53.30381],[-6.25091,53.30341]],[[-6.25091,53.30341],[-6.25084,53.30289]],[[-6.25084,53.30289],[-6.25081,53.30259]],[[-6.25081,53.30259],[-6.25077,53.30227]],[[-6.25077,53.30227],[-6.25071,53.30179]],[[-6.25071,53.30179],[-6.25069,53.30159]],[[-6.25069,53.30159],[-6.25065,53.30121]],[[-6.25065,53.30121],[-6.25061,53.3009]],[[-6.25061,53.3009],[-6.25058,53.30067]],[[-6.25058,53.30067],[-6.25056,53.30047]],[[-6.25056,53.30047],[-6.25048,53.29995]],[[-6.25048,53.29995],[-6.25046,53.29979]],[[-6.25046,53.29979],[-6.25042,53.29963]],[[-6.25042,53.29963],[-6.25035,53.29931]],[[-6.25035,53.29931],[-6.25027,53.29903]],[[-6.25027,53.29903],[-6.25021,53.29882]],[[-6.25021,53.29882],[-6.25014,53.29861]],[[-6.25014,53.29861],[-6.25001,53.29825]],[[-6.25001,53.29825],[-6.24993,53.29807]],[[-6.24993,53.29807],[-6.24985,53.29788]],[[-6.24985,53.29788],[-6.2496,53.29735]],[[-6.2496,53.29735],[-6.24948,53.29712]],[[-6.24948,53.29712],[-6.24927,53.29677]],[[-6.24927,53.29677],[-6.24907,53.29643]],[[-6.24907,53.29643],[-6.24884,53.29611]],[[-6.24884,53.29611],[-6.24864,53.29583]],[[-6.24864,53.29583],[-6.24852,53.29566]],[[-6.24852,53.29566],[-6.24833,53.29541]]]},"properties":{"id":"osm:way/22978989","mode":"luas","name":"Luas"}},{"type":"Feature","geometry":{"type":"MultiLineString","coordinates":[[[-6.21988,53.28246],[-6.21949,53.28238]],[[-6.21949,53.28238],[-6.21921,53.28231]],[[-6.21921,53.28231],[-6.21895,53.28224]],[[-6.21895,53.28224],[-6.2187,53.28218]],[[-6.2187,53.28218],[-6.21832,53.28207]],[[-6.21832,53.28207],[-6.21791,53.28195]],[[-6.21791,53.28195],[-6.2175,53.28182]],[[-6.2175,53.28182],[-6.21706,53.28168]]]},"properties":{"id":"osm:way/22979040","mode":"luas","name":"Luas"}},{"type":"Feature","geometry":{"type":"MultiLineString","coordinates":[[[-6.23084,53.33538],[-6.23155,53.33591]],[[-6.23155,53.33591],[-6.23322,53.33715]]]},"properties":{"id":"osm:way/23008411","mode":"rail","name":"Irish Rail"}},{"type":"Feature","geometry":{"type":"MultiLineString","coordinates":[[[-6.24021,53.35699],[-6.24038,53.35756]],[[-6.24038,53.35756],[-6.24046,53.35782]],[[-6.24046,53.35782],[-6.2405,53.35795]],[[-6.2405,53.35795],[-6.24055,53.35808]],[[-6.24055,53.35808],[-6.2406,53.35819]],[[-6.2406,53.35819],[-6.24062,53.35824]],[[-6.24062,53.35824],[-6.24068,53.35835]]]},"properties":{"id":"osm:way/23008585","mode":"rail","name":"Irish Rail"}},{"type":"Feature","geometry":{"type":"MultiLineString","coordinates":[[[-6.1553,53.45937],[-6.15516,53.46029]],[[-6.15516,53.46029],[-6.15492,53.46194]],[[-6.15492,53.46194],[-6.15469,53.46346]],[[-6.15469,53.46346],[-6.15445,53.46508]],[[-6.15445,53.46508],[-6.15422,53.46665]],[[-6.15422,53.46665],[-6.15393,53.46863]]]},"properties":{"id":"osm:way/23008588","mode":"rail","name":"Irish Rail"}},{"type":"Feature","geometry":{"type":"LineString","coordinates":[[-6.24187,53.35538],[-6.24275,53.35492]]},"properties":{"id":"osm:way/23008589","mode":"rail","name":"Irish Rail"}},{"type":"Feature","geometry":{"type":"MultiLineString","coordinates":[[[-6.24375,53.3562],[-6.24383,53.35632]],[[-6.24383,53.35632],[-6.24392,53.35644]]]},"properties":{"id":"osm:way/23009373","mode":"rail","name":"Irish Rail"}},{"type":"Feature","geometry":{"type":"MultiLineString","coordinates":[[[-6.24392,53.35644],[-6.24398,53.3565]],[[-6.24398,53.3565],[-6.24415,53.35664]],[[-6.24415,53.35664],[-6.24421,53.35669]],[[-6.24421,53.35669],[-6.24431,53.35676]],[[-6.24431,53.35676],[-6.24441,53.35682]]]},"properties":{"id":"osm:way/23009374","mode":"rail","name":"Irish Rail"}},{"type":"Feature","geometry":{"type":"MultiLineString","coordinates":[[[-6.23926,53.35077],[-6.23928,53.35094]],[[-6.23928,53.35094],[-6.23929,53.35102]],[[-6.23929,53.35102],[-6.23949,53.35257]]]},"properties":{"id":"osm:way/23011825","mode":"rail","name":"Irish Rail"}},{"type":"Feature","geometry":{"type":"MultiLineString","coordinates":[[[-6.25295,53.3601],[-6.25346,53.36019]],[[-6.25346,53.36019],[-6.25399,53.3603]],[[-6.25399,53.3603],[-6.25451,53.36041]],[[-6.25451,53.36041],[-6.25568,53.36068]],[[-6.25568,53.36068],[-6.25727,53.36106]],[[-6.25727,53.36106],[-6.25846,53.36134]],[[-6.25846,53.36134],[-6.25877,53.36141]],[[-6.25877,53.36141],[-6.2591,53.3615]],[[-6.2591,53.3615],[-6.25936,53.36157]],[[-6.25936,53.36157],[-6.25978,53.36169]],[[-6.25978,53.36169],[-6.26029,53.36184]],[[-6.26029,53.36184],[-6.26068,53.36195]],[[-6.26068,53.36195],[-6.26104,53.36203]],[[-6.26104,53.36203],[-6.26144,53.36213]],[[-6.26144,53.36213],[-6.26182,53.36222]],[[-6.26182,53.36222],[-6.26312,53.36252]],[[-6.26312,53.36252],[-6.26574,53.36312]],[[-6.26574,53.36312],[-6.26709,53.36344]],[[-6.26709,53.36344],[-6.26899,53.36387]],[[-6.26899,53.36387],[-6.27073,53.36428]],[[-6.27073,53.36428],[-6.27162,53.36448]]]},"properties":{"id":"osm:way/23013753","mode":"rail","name":"Irish Rail"}},{"type":"Feature","geometry":{"type":"MultiLineString","coordinates":[[[-6.27162,53.36448],[-6.27194,53.36455]],[[-6.27194,53.36455],[-6.27218,53.36462]],[[-6.27218,53.36462],[-6.27241,53.36468]],[[-6.27241,53.36468],[-6.27397,53.36514]]]},"properties":{"id":"osm:way/23013754","mode":"rail","name":"Irish Rail"}},{"type":"Feature","geometry":{"type":"LineString","coordinates":[[-6.22934,53.33423],[-6.23044,53.33509]]},"properties":{"id":"osm:way/23013780","mode":"rail","name":"Irish Rail"}},{"type":"Feature","geometry":{"type":"MultiLineString","coordinates":[[[-6.228,53.33322],[-6.22897,53.33395]],[[-6.22897,53.33395],[-6.22903,53.33399]],[[-6.22903,53.33399],[-6.22912,53.33406]],[[-6.22912,53.33406],[-6.22934,53.33423]]]},"properties":{"id":"osm:way/23013782","mode":"rail","name":"Irish Rail"}},{"type":"Feature","geometry":{"type":"LineString","coordinates":[[-6.15754,53.39018],[-6.15737,53.39031]]},"properties":{"id":"osm:way/23025970","mode":"rail","name":"Irish Rail"}},{"type":"Feature","geometry":{"type":"LineString","coordinates":[[-6.24796,53.36147],[-6.24781,53.36146]]},"properties":{"id":"osm:way/23076521","mode":"rail","name":"Irish Rail"}},{"type":"Feature","geometry":{"type":"LineString","coordinates":[[-6.24658,53.36135],[-6.24781,53.36146]]},"properties":{"id":"osm:way/23076522","mode":"rail","name":"Irish Rail"}},{"type":"Feature","geometry":{"type":"MultiLineString","coordinates":[[[-6.20377,53.27729],[-6.20365,53.27723]],[[-6.20365,53.27723],[-6.20359,53.27719]],[[-6.20359,53.27719],[-6.20354,53.27716]],[[-6.20354,53.27716],[-6.20349,53.27711]],[[-6.20349,53.27711],[-6.20346,53.27706]],[[-6.20346,53.27706],[-6.20343,53.27702]],[[-6.20343,53.27702],[-6.20342,53.27697]],[[-6.20342,53.27697],[-6.20341,53.27692]],[[-6.20341,53.27692],[-6.2034,53.27686]],[[-6.2034,53.27686],[-6.20339,53.27667]],[[-6.20339,53.27667],[-6.20338,53.27649]],[[-6.20338,53.27649],[-6.20338,53.27645]],[[-6.20338,53.27645],[-6.20337,53.27639]],[[-6.20337,53.27639],[-6.20335,53.27622]],[[-6.20335,53.27622],[-6.20331,53.27595]],[[-6.20331,53.27595],[-6.20329,53.27579]],[[-6.20329,53.27579],[-6.20328,53.27567]],[[-6.20328,53.27567],[-6.20327,53.27554]],[[-6.20327,53.27554],[-6.20328,53.27542]],[[-6.20328,53.27542],[-6.20329,53.27533]],[[-6.20329,53.27533],[-6.20332,53.27521]],[[-6.20332,53.27521],[-6.20335,53.27509]],[[-6.20335,53.27509],[-6.20342,53.27492]],[[-6.20342,53.27492],[-6.20346,53.27482]],[[-6.20346,53.27482],[-6.20355,53.27467]],[[-6.20355,53.27467],[-6.20362,53.27456]],[[-6.20362,53.27456],[-6.20374,53.2744]],[[-6.20374,53.2744],[-6.20388,53.2742]],[[-6.20388,53.2742],[-6.20392,53.27416]],[[-6.20392,53.27416],[-6.20394,53.27413]],[[-6.20394,53.27413],[-6.20396,53.27407]],[[-6.20396,53.27407],[-6.20397,53.27402]],[[-6.20397,53.27402],[-6.20397,53.27396]],[[-6.20397,53.27396],[-6.20396,53.27392]],[[-6.20396,53.27392],[-6.20395,53.2739]],[[-6.20395,53.2739],[-6.20394,53.27386]],[[-6.20394,53.27386],[-6.20392,53.27383]],[[-6.20392,53.27383],[-6.20388,53.27378]],[[-6.20388,53.27378],[-6.20384,53.27374]]]},"properties":{"id":"osm:way/23160465","mode":"luas","name":"Luas"}},{"type":"Feature","geometry":{"type":"LineString","coordinates":[[-6.11514,53.23191],[-6.1152,53.23207]]},"properties":{"id":"osm:way/23359258","mode":"rail","name":"Irish Rail"}},{"type":"Feature","geometry":{"type":"MultiLineString","coordinates":[[[-6.1152,53.23207],[-6.11536,53.23244]],[[-6.11536,53.23244],[-6.11574,53.23334]],[[-6.11574,53.23334],[-6.11671,53.23572]],[[-6.11671,53.23572],[-6.11687,53.23607]],[[-6.11687,53.23607],[-6.11707,53.2367]],[[-6.11707,53.2367],[-6.11716,53.2371]],[[-6.11716,53.2371],[-6.11723,53.23746]],[[-6.11723,53.23746],[-6.11729,53.23781]],[[-6.11729,53.23781],[-6.11733,53.23823]],[[-6.11733,53.23823],[-6.11733,53.23908]],[[-6.11733,53.23908],[-6.11731,53.23974]],[[-6.11731,53.23974],[-6.1173,53.24048]],[[-6.1173,53.24048],[-6.11729,53.24187]],[[-6.11729,53.24187],[-6.11728,53.24241]],[[-6.11728,53.24241],[-6.11725,53.24288]],[[-6.11725,53.24288],[-6.11717,53.24344]],[[-6.11717,53.24344],[-6.11701,53.24404]],[[-6.11701,53.24404],[-6.11692,53.2443]]]},"properties":{"id":"osm:way/23359262","mode":"rail","name":"Irish Rail"}},{"type":"Feature","geometry":{"type":"LineString","coordinates":[[-6.11613,53.24571],[-6.11604,53.24584]]},"properties":{"id":"osm:way/23359476","mode":"rail","name":"Irish Rail"}},{"type":"Feature","geometry":{"type":"MultiLineString","coordinates":[[[-6.11604,53.24584],[-6.11576,53.24619]],[[-6.11576,53.24619],[-6.11532,53.24673]],[[-6.11532,53.24673],[-6.1149,53.24727]],[[-6.1149,53.24727],[-6.11451,53.24782]],[[-6.11451,53.24782],[-6.11438,53.24803]],[[-6.11438,53.24803],[-6.1141,53.24853]],[[-6.1141,53.24853],[-6.11396,53.24887]],[[-6.11396,53.24887],[-6.11381,53.24931]],[[-6.11381,53.24931],[-6.11371,53.24974]],[[-6.11371,53.24974],[-6.11365,53.25008]],[[-6.11365,53.25008],[-6.11362,53.25042]],[[-6.11362,53.25042],[-6.11351,53.25153]]]},"properties":{"id":"osm:way/23359477","mode":"rail","name":"Irish Rail"}},{"type":"Feature","geometry":{"type":"LineString","coordinates":[[-6.14962,53.40959],[-6.14966,53.40978]]},"properties":{"id":"osm:way/23578502","mode":"rail","name":"Irish Rail"}},{"type":"Feature","geometry":{"type":"MultiLineString","coordinates":[[[-6.14966,53.40978],[-6.15077,53.41496]],[[-6.15077,53.41496],[-6.15093,53.41575]],[[-6.15093,53.41575],[-6.15135,53.41768]],[[-6.15135,53.41768],[-6.1515,53.41831]]]},"properties":{"id":"osm:way/23578503","mode":"rail","name":"Irish Rail"}},{"type":"Feature","geometry":{"type":"LineString","coordinates":[[-6.15192,53.42034],[-6.15196,53.42053]]},"properties":{"id":"osm:way/23578514","mode":"rail","name":"Irish Rail"}},{"type":"Feature","geometry":{"type":"MultiLineString","coordinates":[[[-6.15196,53.42053],[-6.15218,53.42153]],[[-6.15218,53.42153],[-6.15288,53.42483]]]},"properties":{"id":"osm:way/23578515","mode":"rail","name":"Irish Rail"}},{"type":"Feature","geometry":{"type":"LineString","coordinates":[[-6.11692,53.2443],[-6.11689,53.24436]]},"properties":{"id":"osm:way/23880197","mode":"rail","name":"Irish Rail"}},{"type":"Feature","geometry":{"type":"MultiLineString","coordinates":[[[-6.11689,53.24436],[-6.11672,53.24475]],[[-6.11672,53.24475],[-6.11659,53.24499]],[[-6.11659,53.24499],[-6.11636,53.24538]],[[-6.11636,53.24538],[-6.11613,53.24571]]]},"properties":{"id":"osm:way/23880198","mode":"rail","name":"Irish Rail"}},{"type":"Feature","geometry":{"type":"MultiLineString","coordinates":[[[-6.24334,53.36063],[-6.24308,53.36052]],[[-6.24308,53.36052],[-6.24279,53.36039]],[[-6.24279,53.36039],[-6.24248,53.36022]],[[-6.24248,53.36022],[-6.24224,53.36008]],[[-6.24224,53.36008],[-6.24208,53.35997]],[[-6.24208,53.35997],[-6.24193,53.35986]]]},"properties":{"id":"osm:way/24450921","mode":"rail","name":"Irish Rail"}},{"type":"Feature","geometry":{"type":"MultiLineString","coordinates":[[[-6.15559,53.45771],[-6.15581,53.45618]],[[-6.15581,53.45618],[-6.15607,53.45443]],[[-6.15607,53.45443],[-6.15631,53.45286]],[[-6.15631,53.45286],[-6.15635,53.45261]]]},"properties":{"id":"osm:way/26500551","mode":"rail","name":"Irish Rail"}},{"type":"Feature","geometry":{"type":"MultiLineString","coordinates":[[[-6.15398,53.46863],[-6.15417,53.4674]],[[-6.15417,53.4674],[-6.15535,53.45937]]]},"properties":{"id":"osm:way/26500552","mode":"rail","name":"Irish Rail"}},{"type":"Feature","geometry":{"type":"MultiLineString","coordinates":[[[-6.37012,53.31744],[-6.37014,53.31748]],[[-6.37014,53.31748],[-6.37015,53.31752]],[[-6.37015,53.31752],[-6.37015,53.31755]],[[-6.37015,53.31755],[-6.37015,53.31758]],[[-6.37015,53.31758],[-6.37015,53.31762]],[[-6.37015,53.31762],[-6.37014,53.31765]],[[-6.37014,53.31765],[-6.37013,53.31769]],[[-6.37013,53.31769],[-6.37012,53.31773]]]},"properties":{"id":"osm:way/28531504","mode":"luas","name":"Luas"}},{"type":"Feature","geometry":{"type":"LineString","coordinates":[[-6.37012,53.31773],[-6.37006,53.31782]]},"properties":{"id":"osm:way/28531505","mode":"luas","name":"Luas"}},{"type":"Feature","geometry":{"type":"MultiLineString","coordinates":[[[-6.3699,53.31804],[-6.36985,53.31811]],[[-6.36985,53.31811],[-6.36981,53.31816]],[[-6.36981,53.31816],[-6.36976,53.31823]],[[-6.36976,53.31823],[-6.3697,53.31829]],[[-6.3697,53.31829],[-6.36964,53.31835]],[[-6.36964,53.31835],[-6.36958,53.31839]],[[-6.36958,53.31839],[-6.36951,53.31845]],[[-6.36951,53.31845],[-6.36943,53.31849]],[[-6.36943,53.31849],[-6.36932,53.31854]],[[-6.36932,53.31854],[-6.36921,53.31859]],[[-6.36921,53.31859],[-6.36909,53.31864]],[[-6.36909,53.31864],[-6.36899,53.31868]],[[-6.36899,53.31868],[-6.36889,53.31871]]]},"properties":{"id":"osm:way/28531507","mode":"luas","name":"Luas"}},{"type":"Feature","geometry":{"type":"MultiLineString","coordinates":[[[-6.23872,53.35623],[-6.23864,53.35637]],[[-6.23864,53.35637],[-6.23855,53.35651]],[[-6.23855,53.35651],[-6.2384,53.35671]],[[-6.2384,53.35671],[-6.23827,53.35688]],[[-6.23827,53.35688],[-6.23812,53.35705]],[[-6.23812,53.35705],[-6.23801,53.35717]],[[-6.23801,53.35717],[-6.23781,53.35735]],[[-6.23781,53.35735],[-6.23763,53.35749]],[[-6.23763,53.35749],[-6.23746,53.35763]],[[-6.23746,53.35763],[-6.23727,53.35777]],[[-6.23727,53.35777],[-6.23709,53.35789]],[[-6.23709,53.35789],[-6.23694,53.35798]],[[-6.23694,53.35798],[-6.23674,53.35809]]]},"properties":{"id":"osm:way/30454686","mode":"rail","name":"Irish Rail"}},{"type":"Feature","geometry":{"type":"MultiLineString","coordinates":[[[-6.23571,53.35862],[-6.23553,53.35871]],[[-6.23553,53.35871],[-6.23514,53.35892]]]},"properties":{"id":"osm:way/30454723","mode":"rail","name":"Irish Rail"}},{"type":"Feature","geometry":{"type":"LineString","coordinates":[[-6.09561,53.39141],[-6.09534,53.3914]]},"properties":{"id":"osm:way/30458025","mode":"rail","name":"Irish Rail"}},{"type":"Feature","geometry":{"type":"MultiLineString","coordinates":[[[-6.09534,53.3914],[-6.09356,53.39134]],[[-6.09356,53.39134],[-6.09251,53.3913]],[[-6.09251,53.3913],[-6.09192,53.39126]],[[-6.09192,53.39126],[-6.09124,53.39122]],[[-6.09124,53.39122],[-6.08994,53.39112]],[[-6.08994,53.39112],[-6.08859,53.39103]],[[-6.08859,53.39103],[-6.08751,53.39095]],[[-6.08751,53.39095],[-6.08667,53.39089]]]},"properties":{"id":"osm:way/30458029","mode":"rail","name":"Irish Rail"}},{"type":"Feature","geometry":{"type":"LineString","coordinates":[[-6.23878,53.35612],[-6.23872,53.35623]]},"properties":{"id":"osm:way/33466809","mode":"rail","name":"Irish Rail"}},{"type":"Feature","geometry":{"type":"LineString","coordinates":[[-6.24152,53.34131],[-6.24137,53.34125]]},"properties":{"id":"osm:way/34886350","mode":"rail","name":"Irish Rail"}},{"type":"Feature","geometry":{"type":"LineString","coordinates":[[-6.23942,53.34037],[-6.24017,53.34071]]},"properties":{"id":"osm:way/34886352","mode":"rail","name":"Irish Rail"}},{"type":"Feature","geometry":{"type":"MultiLineString","coordinates":[[[-6.46749,53.42872],[-6.46745,53.42857]],[[-6.46745,53.42857],[-6.46736,53.42822]],[[-6.46736,53.42822],[-6.46726,53.42779]],[[-6.46726,53.42779],[-6.46714,53.4273]],[[-6.46714,53.4273],[-6.46707,53.42698]],[[-6.46707,53.42698],[-6.46696,53.42648]],[[-6.46696,53.42648],[-6.46685,53.42606]],[[-6.46685,53.42606],[-6.46669,53.42546]],[[-6.46669,53.42546],[-6.46659,53.42505]],[[-6.46659,53.42505],[-6.4665,53.42472]],[[-6.4665,53.42472],[-6.46643,53.42443]],[[-6.46643,53.42443],[-6.46635,53.42414]],[[-6.46635,53.42414],[-6.46628,53.42384]],[[-6.46628,53.42384],[-6.4662,53.42354]],[[-6.4662,53.42354],[-6.46612,53.42321]],[[-6.46612,53.42321],[-6.46603,53.42283]],[[-6.46603,53.42283],[-6.46595,53.42248]],[[-6.46595,53.42248],[-6.46585,53.42202]],[[-6.46585,53.42202],[-6.46575,53.42157]],[[-6.46575,53.42157],[-6.46566,53.42117]],[[-6.46566,53.42117],[-6.46559,53.42084]],[[-6.46559,53.42084],[-6.46551,53.42051]],[[-6.46551,53.42051],[-6.46542,53.4201]],[[-6.46542,53.4201],[-6.46531,53.41964]],[[-6.46531,53.41964],[-6.46524,53.41934]],[[-6.46524,53.41934],[-6.4651,53.41872]],[[-6.4651,53.41872],[-6.465,53.4183]]]},"properties":{"id":"osm:way/34888984","mode":"rail","name":"Irish Rail"}},{"type":"Feature","geometry":{"type":"MultiLineString","coordinates":[[[-6.46838,53.43253],[-6.4682,53.43174]],[[-6.4682,53.43174],[-6.46819,53.43168]]]},"properties":{"id":"osm:way/34889116","mode":"rail","name":"Irish Rail"}},{"type":"Feature","geometry":{"type":"MultiLineString","coordinates":[[[-6.18169,53.25481],[-6.18162,53.25482]],[[-6.18162,53.25482],[-6.18155,53.25483]],[[-6.18155,53.25483],[-6.18145,53.25485]],[[-6.18145,53.25485],[-6.18138,53.25487]],[[-6.18138,53.25487],[-6.18131,53.25489]],[[-6.18131,53.25489],[-6.18123,53.2549]],[[-6.18123,53.2549],[-6.18116,53.25492]],[[-6.18116,53.25492],[-6.18105,53.25495]],[[-6.18105,53.25495],[-6.18093,53.25499]],[[-6.18093,53.25499],[-6.18079,53.25504]],[[-6.18079,53.25504],[-6.18067,53.25509]],[[-6.18067,53.25509],[-6.18051,53.25516]],[[-6.18051,53.25516],[-6.18037,53.25522]],[[-6.18037,53.25522],[-6.18021,53.25529]],[[-6.18021,53.25529],[-6.18007,53.25535]],[[-6.18007,53.25535],[-6.17995,53.2554]],[[-6.17995,53.2554],[-6.17984,53.25545]],[[-6.17984,53.25545],[-6.17968,53.25552]],[[-6.17968,53.25552],[-6.17958,53.25556]],[[-6.17958,53.25556],[-6.17947,53.25561]],[[-6.17947,53.25561],[-6.17934,53.25566]]]},"properties":{"id":"osm:way/35139261","mode":"luas","name":"Luas"}},{"type":"Feature","geometry":{"type":"MultiLineString","coordinates":[[[-6.20226,53.27328],[-6.20195,53.2732]],[[-6.20195,53.2732],[-6.20163,53.27313]],[[-6.20163,53.27313],[-6.2014,53.27307]],[[-6.2014,53.27307],[-6.20117,53.27302]],[[-6.20117,53.27302],[-6.20106,53.27299]],[[-6.20106,53.27299],[-6.20097,53.27296]],[[-6.20097,53.27296],[-6.20092,53.27293]],[[-6.20092,53.27293],[-6.20083,53.27288]],[[-6.20083,53.27288],[-6.20078,53.27284]],[[-6.20078,53.27284],[-6.20073,53.27279]],[[-6.20073,53.27279],[-6.20068,53.27272]],[[-6.20068,53.27272],[-6.20066,53.27269]],[[-6.20066,53.27269],[-6.20065,53.27266]],[[-6.20065,53.27266],[-6.20064,53.27262]],[[-6.20064,53.27262],[-6.20063,53.27258]],[[-6.20063,53.27258],[-6.20063,53.27253]],[[-6.20063,53.27253],[-6.20064,53.27249]],[[-6.20064,53.27249],[-6.20065,53.27245]],[[-6.20065,53.27245],[-6.20067,53.27242]],[[-6.20067,53.27242],[-6.20069,53.27239]],[[-6.20069,53.27239],[-6.20072,53.27234]],[[-6.20072,53.27234],[-6.20074,53.27231]],[[-6.20074,53.27231],[-6.20077,53.27228]],[[-6.20077,53.27228],[-6.20085,53.2722]],[[-6.20085,53.2722],[-6.20092,53.27213]]]},"properties":{"id":"osm:way/35139908","mode":"luas","name":"Luas"}},{"type":"Feature","geometry":{"type":"MultiLineString","coordinates":[[[-6.20486,53.26927],[-6.205,53.2691]],[[-6.205,53.2691],[-6.20506,53.26903]],[[-6.20506,53.26903],[-6.20513,53.26895]],[[-6.20513,53.26895],[-6.20525,53.26884]],[[-6.20525,53.26884],[-6.20533,53.26877]],[[-6.20533,53.26877],[-6.20543,53.26869]],[[-6.20543,53.26869],[-6.20556,53.26861]],[[-6.20556,53.26861],[-6.2057,53.26853]],[[-6.2057,53.26853],[-6.20582,53.26847]],[[-6.20582,53.26847],[-6.20596,53.2684]],[[-6.20596,53.2684],[-6.20609,53.26834]],[[-6.20609,53.26834],[-6.20624,53.26828]],[[-6.20624,53.26828],[-6.20635,53.26825]],[[-6.20635,53.26825],[-6.20648,53.2682]],[[-6.20648,53.2682],[-6.2066,53.26817]],[[-6.2066,53.26817],[-6.20675,53.26814]],[[-6.20675,53.26814],[-6.20693,53.2681]],[[-6.20693,53.2681],[-6.20714,53.26806]],[[-6.20714,53.26806],[-6.20731,53.26803]],[[-6.20731,53.26803],[-6.20758,53.26797]],[[-6.20758,53.26797],[-6.20772,53.26794]],[[-6.20772,53.26794],[-6.20791,53.26789]]]},"properties":{"id":"osm:way/35139932","mode":"luas","name":"Luas"}},{"type":"Feature","geometry":{"type":"LineString","coordinates":[[-6.24658,53.36135],[-6.24637,53.36133]]},"properties":{"id":"osm:way/38613437","mode":"rail","name":"Irish Rail"}},{"type":"Feature","geometry":{"type":"MultiLineString","coordinates":[[[-6.24637,53.36133],[-6.24611,53.3613]],[[-6.24611,53.3613],[-6.24583,53.36127]],[[-6.24583,53.36127],[-6.24549,53.36122]],[[-6.24549,53.36122],[-6.24515,53.36117]],[[-6.24515,53.36117],[-6.24481,53.3611]],[[-6.24481,53.3611],[-6.24464,53.36106]],[[-6.24464,53.36106],[-6.24446,53.36101]],[[-6.24446,53.36101],[-6.24417,53.36093]],[[-6.24417,53.36093],[-6.24396,53.36087]],[[-6.24396,53.36087],[-6.2438,53.36081]],[[-6.2438,53.36081],[-6.2437,53.36078]]]},"properties":{"id":"osm:way/38613438","mode":"rail","name":"Irish Rail"}},{"type":"Feature","geometry":{"type":"MultiLineString","coordinates":[[[-6.46875,53.43404],[-6.4687,53.43384]],[[-6.4687,53.43384],[-6.46868,53.43377]],[[-6.46868,53.43377],[-6.46847,53.43289]]]},"properties":{"id":"osm:way/39519065","mode":"rail","name":"Irish Rail"}},{"type":"Feature","geometry":{"type":"LineString","coordinates":[[-6.46847,53.43289],[-6.46838,53.43253]]},"properties":{"id":"osm:way/39519084","mode":"rail","name":"Irish Rail"}},{"type":"Feature","geometry":{"type":"LineString","coordinates":[[-6.4351,53.3854],[-6.43468,53.38532]]},"properties":{"id":"osm:way/39920525","mode":"rail","name":"Irish Rail"}},{"type":"Feature","geometry":{"type":"MultiLineString","coordinates":[[[-6.43468,53.38532],[-6.43265,53.38492]],[[-6.43265,53.38492],[-6.43244,53.38488]],[[-6.43244,53.38488],[-6.43192,53.38478]]]},"properties":{"id":"osm:way/39920526","mode":"rail","name":"Irish Rail"}},{"type":"Feature","geometry":{"type":"MultiLineString","coordinates":[[[-6.43988,53.28495],[-6.4396,53.28491]],[[-6.4396,53.28491],[-6.43928,53.28487]],[[-6.43928,53.28487],[-6.43893,53.28482]],[[-6.43893,53.28482],[-6.43858,53.28479]],[[-6.43858,53.28479],[-6.43825,53.28475]]]},"properties":{"id":"osm:way/41887224","mode":"luas","name":"Luas"}},{"type":"Feature","geometry":{"type":"MultiLineString","coordinates":[[[-6.30978,53.34317],[-6.30988,53.34316]],[[-6.30988,53.34316],[-6.31046,53.3431]],[[-6.31046,53.3431],[-6.31104,53.34304]],[[-6.31104,53.34304],[-6.31164,53.34299]]]},"properties":{"id":"osm:way/43375141","mode":"rail","name":"Irish Rail"}},{"type":"Feature","geometry":{"type":"MultiLineString","coordinates":[[[-6.30693,53.34381],[-6.30678,53.34387]],[[-6.30678,53.34387],[-6.30669,53.3439]]]},"properties":{"id":"osm:way/43375142","mode":"rail","name":"Irish Rail"}},{"type":"Feature","geometry":{"type":"MultiLineString","coordinates":[[[-6.30667,53.34384],[-6.30696,53.34373]],[[-6.30696,53.34373],[-6.30732,53.34362]],[[-6.30732,53.34362],[-6.30759,53.34354]]]},"properties":{"id":"osm:way/43375144","mode":"rail","name":"Irish Rail"}},{"type":"Feature","geometry":{"type":"LineString","coordinates":[[-6.30638,53.34395],[-6.30667,53.34384]]},"properties":{"id":"osm:way/43375145","mode":"rail","name":"Irish Rail"}},{"type":"Feature","geometry":{"type":"MultiLineString","coordinates":[[[-6.30829,53.34341],[-6.30795,53.34348]],[[-6.30795,53.34348],[-6.3077,53.34356]]]},"properties":{"id":"osm:way/43375147","mode":"rail","name":"Irish Rail"}},{"type":"Feature","geometry":{"type":"LineString","coordinates":[[-6.30793,53.34345],[-6.30816,53.3434]]},"properties":{"id":"osm:way/43375149","mode":"rail","name":"Irish Rail"}},{"type":"Feature","geometry":{"type":"LineString","coordinates":[[-6.46932,53.43641],[-6.46921,53.43594]]},"properties":{"id":"osm:way/43549633","mode":"rail","name":"Irish Rail"}},{"type":"Feature","geometry":{"type":"LineString","coordinates":[[-6.46956,53.43724],[-6.46939,53.43671]]},"properties":{"id":"osm:way/43549635","mode":"rail","name":"Irish Rail"}},{"type":"Feature","geometry":{"type":"LineString","coordinates":[[-6.46939,53.43671],[-6.46932,53.43641]]},"properties":{"id":"osm:way/43549641","mode":"rail","name":"Irish Rail"}},{"type":"Feature","geometry":{"type":"LineString","coordinates":[[-6.46963,53.43745],[-6.46956,53.43724]]},"properties":{"id":"osm:way/43549642","mode":"rail","name":"Irish Rail"}},{"type":"Feature","geometry":{"type":"LineString","coordinates":[[-6.24063,53.34907],[-6.23999,53.34902]]},"properties":{"id":"osm:way/44682432","mode":"luas","name":"Luas"}},{"type":"Feature","geometry":{"type":"MultiLineString","coordinates":[[[-6.22525,53.36404],[-6.22397,53.3647]],[[-6.22397,53.3647],[-6.22371,53.36483]],[[-6.22371,53.36483],[-6.22265,53.36538]],[[-6.22265,53.36538],[-6.22188,53.36578]],[[-6.22188,53.36578],[-6.22001,53.36674]]]},"properties":{"id":"osm:way/44708451","mode":"rail","name":"Irish Rail"}},{"type":"Feature","geometry":{"type":"LineString","coordinates":[[-6.22573,53.36378],[-6.22554,53.36389]]},"properties":{"id":"osm:way/44708452","mode":"rail","name":"Irish Rail"}},{"type":"Feature","geometry":{"type":"LineString","coordinates":[[-6.17881,53.38117],[-6.17846,53.38123]]},"properties":{"id":"osm:way/44708453","mode":"rail","name":"Irish Rail"}},{"type":"Feature","geometry":{"type":"LineString","coordinates":[[-6.17881,53.38117],[-6.17893,53.38115]]},"properties":{"id":"osm:way/44708454","mode":"rail","name":"Irish Rail"}},{"type":"Feature","geometry":{"type":"LineString","coordinates":[[-6.15363,53.4284],[-6.15412,53.43066]]},"properties":{"id":"osm:way/44708757","mode":"rail","name":"Irish Rail"}},{"type":"Feature","geometry":{"type":"LineString","coordinates":[[-6.1536,53.42823],[-6.15363,53.4284]]},"properties":{"id":"osm:way/44708759","mode":"rail","name":"Irish Rail"}},{"type":"Feature","geometry":{"type":"LineString","coordinates":[[-6.15641,53.45217],[-6.15639,53.45226]]},"properties":{"id":"osm:way/44708765","mode":"rail","name":"Irish Rail"}},{"type":"Feature","geometry":{"type":"LineString","coordinates":[[-6.15662,53.45069],[-6.15641,53.45217]]},"properties":{"id":"osm:way/44708766","mode":"rail","name":"Irish Rail"}},{"type":"Feature","geometry":{"type":"MultiLineString","coordinates":[[[-6.15687,53.39068],[-6.15638,53.39104]],[[-6.15638,53.39104],[-6.15598,53.39134]],[[-6.15598,53.39134],[-6.15565,53.39158]]]},"properties":{"id":"osm:way/44814269","mode":"rail","name":"Irish Rail"}},{"type":"Feature","geometry":{"type":"MultiLineString","coordinates":[[[-6.15415,53.43081],[-6.15477,53.43376]],[[-6.15477,53.43376],[-6.15479,53.43383]]]},"properties":{"id":"osm:way/44814981","mode":"rail","name":"Irish Rail"}},{"type":"Feature","geometry":{"type":"LineString","coordinates":[[-6.15412,53.43066],[-6.15415,53.43081]]},"properties":{"id":"osm:way/44814983","mode":"rail","name":"Irish Rail"}},{"type":"Feature","geometry":{"type":"MultiLineString","coordinates":[[[-6.15291,53.42497],[-6.15343,53.42746]],[[-6.15343,53.42746],[-6.1536,53.42823]]]},"properties":{"id":"osm:way/44814984","mode":"rail","name":"Irish Rail"}},{"type":"Feature","geometry":{"type":"LineString","coordinates":[[-6.15288,53.42483],[-6.15291,53.42497]]},"properties":{"id":"osm:way/44814985","mode":"rail","name":"Irish Rail"}},{"type":"Feature","geometry":{"type":"MultiLineString","coordinates":[[[-6.15559,53.45771],[-6.15555,53.45808]],[[-6.15555,53.45808],[-6.15548,53.45854]],[[-6.15548,53.45854],[-6.15539,53.45914]],[[-6.15539,53.45914],[-6.15535,53.45937]]]},"properties":{"id":"osm:way/44816217","mode":"rail","name":"Irish Rail"}},{"type":"Feature","geometry":{"type":"MultiLineString","coordinates":[[[-6.49585,53.37532],[-6.4965,53.37539]],[[-6.4965,53.37539],[-6.49704,53.37545]],[[-6.49704,53.37545],[-6.49735,53.37548]],[[-6.49735,53.37548],[-6.49754,53.37549]],[[-6.49754,53.37549],[-6.49775,53.3755]],[[-6.49775,53.3755],[-6.49816,53.3755]],[[-6.49816,53.3755],[-6.49859,53.37549]],[[-6.49859,53.37549],[-6.49921,53.37543]],[[-6.49921,53.37543],[-6.49948,53.37539]],[[-6.49948,53.37539],[-6.49966,53.37537]],[[-6.49966,53.37537],[-6.4999,53.37533]],[[-6.4999,53.37533],[-6.50019,53.37527]],[[-6.50019,53.37527],[-6.50048,53.3752]],[[-6.50048,53.3752],[-6.50076,53.37512]],[[-6.50076,53.37512],[-6.50105,53.37503]],[[-6.50105,53.37503],[-6.50131,53.37494]],[[-6.50131,53.37494],[-6.50168,53.37479]],[[-6.50168,53.37479],[-6.50201,53.37462]],[[-6.50201,53.37462],[-6.50235,53.37444]],[[-6.50235,53.37444],[-6.50267,53.37423]],[[-6.50267,53.37423],[-6.50286,53.37409]],[[-6.50286,53.37409],[-6.50309,53.37391]]]},"properties":{"id":"osm:way/48358698","mode":"rail","name":"Irish Rail"}},{"type":"Feature","geometry":{"type":"MultiLineString","coordinates":[[[-6.43525,53.3854],[-6.43661,53.38566]],[[-6.43661,53.38566],[-6.43757,53.38585]],[[-6.43757,53.38585],[-6.4382,53.38599]],[[-6.4382,53.38599],[-6.43901,53.38617]],[[-6.43901,53.38617],[-6.43976,53.38635]],[[-6.43976,53.38635],[-6.44038,53.38651]],[[-6.44038,53.38651],[-6.44052,53.38655]]]},"properties":{"id":"osm:way/48360553","mode":"rail","name":"Irish Rail"}},{"type":"Feature","geometry":{"type":"MultiLineString","coordinates":[[[-6.42788,53.38391],[-6.42847,53.38403]],[[-6.42847,53.38403],[-6.42909,53.38418]]]},"properties":{"id":"osm:way/48360554","mode":"rail","name":"Irish Rail"}},{"type":"Feature","geometry":{"type":"LineString","coordinates":[[-6.43483,53.38532],[-6.43525,53.3854]]},"properties":{"id":"osm:way/48360558","mode":"rail","name":"Irish Rail"}},{"type":"Feature","geometry":{"type":"MultiLineString","coordinates":[[[-6.36239,53.3824],[-6.36276,53.38239]],[[-6.36276,53.38239],[-6.36301,53.38239]],[[-6.36301,53.38239],[-6.36328,53.38237]],[[-6.36328,53.38237],[-6.36354,53.38236]],[[-6.36354,53.38236],[-6.36379,53.38234]]]},"properties":{"id":"osm:way/48497516","mode":"rail","name":"Irish Rail"}},{"type":"Feature","geometry":{"type":"MultiLineString","coordinates":[[[-6.28751,53.37079],[-6.28775,53.37086]],[[-6.28775,53.37086],[-6.28793,53.37091]],[[-6.28793,53.37091],[-6.28815,53.37097]],[[-6.28815,53.37097],[-6.28835,53.37101]],[[-6.28835,53.37101],[-6.28859,53.37106]],[[-6.28859,53.37106],[-6.28887,53.37111]],[[-6.28887,53.37111],[-6.28926,53.37116]],[[-6.28926,53.37116],[-6.28953,53.37119]],[[-6.28953,53.37119],[-6.28978,53.37121]],[[-6.28978,53.37121],[-6.29002,53.37122]],[[-6.29002,53.37122],[-6.29021,53.37123]],[[-6.29021,53.37123],[-6.29034,53.37123]]]},"properties":{"id":"osm:way/48498983","mode":"rail","name":"Irish Rail"}},{"type":"Feature","geometry":{"type":"MultiLineString","coordinates":[[[-6.2932,53.37139],[-6.29363,53.37148]],[[-6.29363,53.37148],[-6.29406,53.37158]],[[-6.29406,53.37158],[-6.29443,53.37167]],[[-6.29443,53.37167],[-6.29629,53.3721]],[[-6.29629,53.3721],[-6.29665,53.37218]],[[-6.29665,53.37218],[-6.29707,53.37227]],[[-6.29707,53.37227],[-6.29766,53.37239]],[[-6.29766,53.37239],[-6.29815,53.37248]],[[-6.29815,53.37248],[-6.29885,53.37262]],[[-6.29885,53.37262],[-6.29974,53.37279]],[[-6.29974,53.37279],[-6.29986,53.37281]],[[-6.29986,53.37281],[-6.30014,53.37287]]]},"properties":{"id":"osm:way/48498984","mode":"rail","name":"Irish Rail"}},{"type":"Feature","geometry":{"type":"MultiLineString","coordinates":[[[-6.29034,53.37123],[-6.29045,53.37123]],[[-6.29045,53.37123],[-6.29121,53.37122]]]},"properties":{"id":"osm:way/48498985","mode":"rail","name":"Irish Rail"}},{"type":"Feature","geometry":{"type":"MultiLineString","coordinates":[[[-6.28406,53.36905],[-6.28441,53.36924]],[[-6.28441,53.36924],[-6.28627,53.37027]],[[-6.28627,53.37027],[-6.28653,53.3704]],[[-6.28653,53.3704],[-6.28671,53.37048]],[[-6.28671,53.37048],[-6.28688,53.37056]],[[-6.28688,53.37056],[-6.28706,53.37063]],[[-6.28706,53.37063],[-6.28729,53.37072]],[[-6.28729,53.37072],[-6.28751,53.37079]]]},"properties":{"id":"osm:way/48498986","mode":"rail","name":"Irish Rail"}},{"type":"Feature","geometry":{"type":"MultiLineString","coordinates":[[[-6.25855,53.36301],[-6.25975,53.36335]],[[-6.25975,53.36335],[-6.2598,53.36336]]]},"properties":{"id":"osm:way/48499510","mode":"rail","name":"Irish Rail"}},{"type":"Feature","geometry":{"type":"LineString","coordinates":[[-6.25672,53.36251],[-6.25694,53.36256]]},"properties":{"id":"osm:way/48499511","mode":"rail","name":"Irish Rail"}},{"type":"Feature","geometry":{"type":"LineString","coordinates":[[-6.25812,53.36288],[-6.25855,53.36301]]},"properties":{"id":"osm:way/48499512","mode":"rail","name":"Irish Rail"}},{"type":"Feature","geometry":{"type":"MultiLineString","coordinates":[[[-6.25694,53.36256],[-6.25735,53.36267]],[[-6.25735,53.36267],[-6.25812,53.36288]]]},"properties":{"id":"osm:way/48499513","mode":"rail","name":"Irish Rail"}},{"type":"Feature","geometry":{"type":"LineString","coordinates":[[-6.26042,53.36354],[-6.2607,53.36362]]},"properties":{"id":"osm:way/48499514","mode":"rail","name":"Irish Rail"}},{"type":"Feature","geometry":{"type":"LineString","coordinates":[[-6.25996,53.36341],[-6.26042,53.36354]]},"properties":{"id":"osm:way/48499515","mode":"rail","name":"Irish Rail"}},{"type":"Feature","geometry":{"type":"LineString","coordinates":[[-6.2598,53.36336],[-6.25996,53.36341]]},"properties":{"id":"osm:way/48499516","mode":"rail","name":"Irish Rail"}},{"type":"Feature","geometry":{"type":"MultiLineString","coordinates":[[[-6.24292,53.36041],[-6.24324,53.36055]],[[-6.24324,53.36055],[-6.24337,53.3606]]]},"properties":{"id":"osm:way/48499729","mode":"rail","name":"Irish Rail"}},{"type":"Feature","geometry":{"type":"MultiLineString","coordinates":[[[-6.24195,53.35981],[-6.24209,53.35992]],[[-6.24209,53.35992],[-6.24226,53.36004]],[[-6.24226,53.36004],[-6.24252,53.3602]],[[-6.24252,53.3602],[-6.24292,53.36041]]]},"properties":{"id":"osm:way/48499731","mode":"rail","name":"Irish Rail"}},{"type":"Feature","geometry":{"type":"MultiLineString","coordinates":[[[-6.24115,53.35894],[-6.24127,53.35911]],[[-6.24127,53.35911],[-6.24136,53.35924]]]},"properties":{"id":"osm:way/48499732","mode":"rail","name":"Irish Rail"}},{"type":"Feature","geometry":{"type":"LineString","coordinates":[[-6.24105,53.35878],[-6.24115,53.35894]]},"properties":{"id":"osm:way/48499733","mode":"rail","name":"Irish Rail"}},{"type":"Feature","geometry":{"type":"LineString","coordinates":[[-6.25193,53.3618],[-6.25239,53.36185]]},"properties":{"id":"osm:way/48499735","mode":"rail","name":"Irish Rail"}},{"type":"Feature","geometry":{"type":"MultiLineString","coordinates":[[[-6.25431,53.36202],[-6.25458,53.36205]],[[-6.25458,53.36205],[-6.25484,53.36208]],[[-6.25484,53.36208],[-6.25512,53.36213]],[[-6.25512,53.36213],[-6.25546,53.36219]],[[-6.25546,53.36219],[-6.25585,53.36228]],[[-6.25585,53.36228],[-6.25637,53.36242]],[[-6.25637,53.36242],[-6.25672,53.36251]]]},"properties":{"id":"osm:way/48499736","mode":"rail","name":"Irish Rail"}},{"type":"Feature","geometry":{"type":"LineString","coordinates":[[-6.25431,53.36202],[-6.2541,53.362]]},"properties":{"id":"osm:way/48499737","mode":"rail","name":"Irish Rail"}},{"type":"Feature","geometry":{"type":"LineString","coordinates":[[-6.25286,53.36189],[-6.2541,53.362]]},"properties":{"id":"osm:way/48499738","mode":"rail","name":"Irish Rail"}},{"type":"Feature","geometry":{"type":"LineString","coordinates":[[-6.25239,53.36185],[-6.25286,53.36189]]},"properties":{"id":"osm:way/48499739","mode":"rail","name":"Irish Rail"}},{"type":"Feature","geometry":{"type":"MultiLineString","coordinates":[[[-6.24373,53.36075],[-6.24383,53.36078]],[[-6.24383,53.36078],[-6.24402,53.36085]],[[-6.24402,53.36085],[-6.24419,53.3609]],[[-6.24419,53.3609],[-6.2444,53.36096]],[[-6.2444,53.36096],[-6.24474,53.36105]],[[-6.24474,53.36105],[-6.24502,53.36111]],[[-6.24502,53.36111],[-6.24514,53.36113]],[[-6.24514,53.36113],[-6.2454,53.36118]],[[-6.2454,53.36118],[-6.24564,53.36121]],[[-6.24564,53.36121],[-6.24588,53.36124]],[[-6.24588,53.36124],[-6.24613,53.36127]],[[-6.24613,53.36127],[-6.24637,53.36129]]]},"properties":{"id":"osm:way/48499740","mode":"rail","name":"Irish Rail"}},{"type":"Feature","geometry":{"type":"LineString","coordinates":[[-6.24879,53.36152],[-6.24896,53.36153]]},"properties":{"id":"osm:way/48499741","mode":"rail","name":"Irish Rail"}},{"type":"Feature","geometry":{"type":"LineString","coordinates":[[-6.24896,53.36157],[-6.24878,53.36155]]},"properties":{"id":"osm:way/48499742","mode":"rail","name":"Irish Rail"}},{"type":"Feature","geometry":{"type":"LineString","coordinates":[[-6.24812,53.36149],[-6.24796,53.36147]]},"properties":{"id":"osm:way/48499743","mode":"rail","name":"Irish Rail"}},{"type":"Feature","geometry":{"type":"MultiLineString","coordinates":[[[-6.24797,53.36144],[-6.24846,53.36149]],[[-6.24846,53.36149],[-6.24879,53.36152]]]},"properties":{"id":"osm:way/48499744","mode":"rail","name":"Irish Rail"}},{"type":"Feature","geometry":{"type":"LineString","coordinates":[[-6.24782,53.36143],[-6.24797,53.36144]]},"properties":{"id":"osm:way/48499745","mode":"rail","name":"Irish Rail"}},{"type":"Feature","geometry":{"type":"MultiLineString","coordinates":[[[-6.24782,53.36143],[-6.24723,53.36137]],[[-6.24723,53.36137],[-6.24659,53.36131]]]},"properties":{"id":"osm:way/48499746","mode":"rail","name":"Irish Rail"}},{"type":"Feature","geometry":{"type":"LineString","coordinates":[[-6.24637,53.36129],[-6.24659,53.36131]]},"properties":{"id":"osm:way/48499747","mode":"rail","name":"Irish Rail"}},{"type":"Feature","geometry":{"type":"MultiLineString","coordinates":[[[-6.24204,53.35546],[-6.2422,53.35538]],[[-6.2422,53.35538],[-6.24288,53.35502]]]},"properties":{"id":"osm:way/48499937","mode":"rail","name":"Irish Rail"}},{"type":"Feature","geometry":{"type":"MultiLineString","coordinates":[[[-6.24085,53.35671],[-6.24079,53.3569]],[[-6.24079,53.3569],[-6.24073,53.35714]]]},"properties":{"id":"osm:way/48499941","mode":"rail","name":"Irish Rail"}},{"type":"Feature","geometry":{"type":"MultiLineString","coordinates":[[[-6.24069,53.35711],[-6.24075,53.3569]],[[-6.24075,53.3569],[-6.2408,53.35671]]]},"properties":{"id":"osm:way/48499942","mode":"rail","name":"Irish Rail"}},{"type":"Feature","geometry":{"type":"LineString","coordinates":[[-6.24066,53.35723],[-6.24069,53.35711]]},"properties":{"id":"osm:way/48499943","mode":"rail","name":"Irish Rail"}},{"type":"Feature","geometry":{"type":"LineString","coordinates":[[-6.24071,53.35725],[-6.24073,53.35714]]},"properties":{"id":"osm:way/48499944","mode":"rail","name":"Irish Rail"}},{"type":"Feature","geometry":{"type":"LineString","coordinates":[[-6.24019,53.35692],[-6.24021,53.35699]]},"properties":{"id":"osm:way/48499946","mode":"rail","name":"Irish Rail"}},{"type":"Feature","geometry":{"type":"MultiLineString","coordinates":[[[-6.23898,53.34008],[-6.23912,53.34015]],[[-6.23912,53.34015],[-6.23926,53.34021]],[[-6.23926,53.34021],[-6.23944,53.34029]]]},"properties":{"id":"osm:way/48903768","mode":"rail","name":"Irish Rail"}},{"type":"Feature","geometry":{"type":"LineString","coordinates":[[-6.24906,53.35169],[-6.24902,53.35171]]},"properties":{"id":"osm:way/50127425","mode":"rail","name":"Irish Rail"}},{"type":"Feature","geometry":{"type":"LineString","coordinates":[[-6.24748,53.35223],[-6.24719,53.35238]]},"properties":{"id":"osm:way/50127426","mode":"rail","name":"Irish Rail"}},{"type":"Feature","geometry":{"type":"LineString","coordinates":[[-6.24644,53.34287],[-6.24665,53.34292]]},"properties":{"id":"osm:way/50127571","mode":"rail","name":"Irish Rail"}},{"type":"Feature","geometry":{"type":"MultiLineString","coordinates":[[[-6.20092,53.27213],[-6.20106,53.27199]],[[-6.20106,53.27199],[-6.20124,53.27182]],[[-6.20124,53.27182],[-6.20136,53.27172]]]},"properties":{"id":"osm:way/51248116","mode":"luas","name":"Luas"}},{"type":"Feature","geometry":{"type":"MultiLineString","coordinates":[[[-6.20791,53.26789],[-6.20814,53.26782]],[[-6.20814,53.26782],[-6.20829,53.26777]],[[-6.20829,53.26777],[-6.20844,53.26771]],[[-6.20844,53.26771],[-6.2086,53.26763]],[[-6.2086,53.26763],[-6.20868,53.26759]],[[-6.20868,53.26759],[-6.20877,53.26754]],[[-6.20877,53.26754],[-6.20886,53.26748]],[[-6.20886,53.26748],[-6.20899,53.26739]],[[-6.20899,53.26739],[-6.20906,53.26733]],[[-6.20906,53.26733],[-6.20912,53.26728]],[[-6.20912,53.26728],[-6.20919,53.26722]],[[-6.20919,53.26722],[-6.20925,53.26716]],[[-6.20925,53.26716],[-6.20935,53.26705]],[[-6.20935,53.26705],[-6.20942,53.26696]],[[-6.20942,53.26696],[-6.20965,53.26669]],[[-6.20965,53.26669],[-6.20972,53.26661]],[[-6.20972,53.26661],[-6.20999,53.26628]],[[-6.20999,53.26628],[-6.21017,53.26606]],[[-6.21017,53.26606],[-6.21043,53.26575]],[[-6.21043,53.26575],[-6.21053,53.26561]],[[-6.21053,53.26561],[-6.21061,53.26549]],[[-6.21061,53.26549],[-6.21066,53.26539]],[[-6.21066,53.26539],[-6.2107,53.26528]],[[-6.2107,53.26528],[-6.21073,53.26513]],[[-6.21073,53.26513],[-6.21077,53.26487]],[[-6.21077,53.26487],[-6.21078,53.26481]],[[-6.21078,53.26481],[-6.2108,53.26465]],[[-6.2108,53.26465],[-6.21083,53.26446]],[[-6.21083,53.26446],[-6.21085,53.26433]],[[-6.21085,53.26433],[-6.21088,53.26413]],[[-6.21088,53.26413],[-6.21089,53.26402]],[[-6.21089,53.26402],[-6.2109,53.2639]],[[-6.2109,53.2639],[-6.2109,53.26383]],[[-6.2109,53.26383],[-6.21089,53.26376]],[[-6.21089,53.26376],[-6.21086,53.26361]],[[-6.21086,53.26361],[-6.21083,53.2635]],[[-6.21083,53.2635],[-6.21078,53.26339]],[[-6.21078,53.26339],[-6.21071,53.26327]],[[-6.21071,53.26327],[-6.21062,53.26314]],[[-6.21062,53.26314],[-6.21049,53.263]],[[-6.21049,53.263],[-6.21034,53.26286]],[[-6.21034,53.26286],[-6.21016,53.26273]],[[-6.21016,53.26273],[-6.21001,53.26264]],[[-6.21001,53.26264],[-6.20984,53.26255]],[[-6.20984,53.26255],[-6.20974,53.2625]],[[-6.20974,53.2625],[-6.20964,53.26246]],[[-6.20964,53.26246],[-6.20951,53.26241]],[[-6.20951,53.26241],[-6.20936,53.26236]],[[-6.20936,53.26236],[-6.20897,53.26222]],[[-6.20897,53.26222],[-6.20864,53.2621]],[[-6.20864,53.2621],[-6.20831,53.26199]],[[-6.20831,53.26199],[-6.20771,53.26178]],[[-6.20771,53.26178],[-6.20731,53.26164]],[[-6.20731,53.26164],[-6.20697,53.26152]],[[-6.20697,53.26152],[-6.20668,53.26142]],[[-6.20668,53.26142],[-6.20642,53.26133]],[[-6.20642,53.26133],[-6.20637,53.26131]],[[-6.20637,53.26131],[-6.20593,53.26115]],[[-6.20593,53.26115],[-6.2055,53.261]],[[-6.2055,53.261],[-6.20537,53.26095]],[[-6.20537,53.26095],[-6.20505,53.26083]],[[-6.20505,53.26083],[-6.20465,53.26065]],[[-6.20465,53.26065],[-6.20434,53.2605]],[[-6.20434,53.2605],[-6.20404,53.26036]],[[-6.20404,53.26036],[-6.20378,53.26024]],[[-6.20378,53.26024],[-6.20355,53.26015]],[[-6.20355,53.26015],[-6.20324,53.26003]],[[-6.20324,53.26003],[-6.20274,53.25986]],[[-6.20274,53.25986],[-6.20234,53.25973]],[[-6.20234,53.25973],[-6.20193,53.2596]],[[-6.20193,53.2596],[-6.20153,53.25945]],[[-6.20153,53.25945],[-6.20073,53.25913]],[[-6.20073,53.25913],[-6.20034,53.25898]],[[-6.20034,53.25898],[-6.19979,53.25876]],[[-6.19979,53.25876],[-6.19922,53.25854]],[[-6.19922,53.25854],[-6.19905,53.25849]],[[-6.19905,53.25849],[-6.19885,53.25842]],[[-6.19885,53.25842],[-6.19837,53.25828]],[[-6.19837,53.25828],[-6.19794,53.25816]],[[-6.19794,53.25816],[-6.19725,53.25796]],[[-6.19725,53.25796],[-6.19689,53.25785]],[[-6.19689,53.25785],[-6.19675,53.25782]],[[-6.19675,53.25782],[-6.19639,53.25773]],[[-6.19639,53.25773],[-6.19593,53.25761]],[[-6.19593,53.25761],[-6.19547,53.2575]],[[-6.19547,53.2575],[-6.19495,53.25739]],[[-6.19495,53.25739],[-6.19433,53.25726]],[[-6.19433,53.25726],[-6.19383,53.25715]],[[-6.19383,53.25715],[-6.19326,53.25703]],[[-6.19326,53.25703],[-6.19273,53.25691]],[[-6.19273,53.25691],[-6.19217,53.25679]],[[-6.19217,53.25679],[-6.19129,53.2566]],[[-6.19129,53.2566],[-6.19018,53.25636]],[[-6.19018,53.25636],[-6.18989,53.25629]],[[-6.18989,53.25629],[-6.18977,53.25627]],[[-6.18977,53.25627],[-6.18943,53.2562]],[[-6.18943,53.2562],[-6.18872,53.25604]],[[-6.18872,53.25604],[-6.18786,53.25585]],[[-6.18786,53.25585],[-6.18743,53.25575]],[[-6.18743,53.25575],[-6.18702,53.25566]],[[-6.18702,53.25566],[-6.18622,53.25547]],[[-6.18622,53.25547],[-6.18585,53.25538]],[[-6.18585,53.25538],[-6.18533,53.25526]],[[-6.18533,53.25526],[-6.18516,53.25522]],[[-6.18516,53.25522],[-6.18501,53.25518]],[[-6.18501,53.25518],[-6.18442,53.25504]],[[-6.18442,53.25504],[-6.18408,53.25496]],[[-6.18408,53.25496],[-6.18396,53.25493]],[[-6.18396,53.25493],[-6.18382,53.2549]],[[-6.18382,53.2549],[-6.18372,53.25488]],[[-6.18372,53.25488],[-6.18354,53.25484]],[[-6.18354,53.25484],[-6.18336,53.25481]],[[-6.18336,53.25481],[-6.18328,53.2548]],[[-6.18328,53.2548],[-6.1832,53.25479]],[[-6.1832,53.25479],[-6.1831,53.25478]],[[-6.1831,53.25478],[-6.18296,53.25476]],[[-6.18296,53.25476],[-6.18285,53.25476]],[[-6.18285,53.25476],[-6.18278,53.25475]],[[-6.18278,53.25475],[-6.1827,53.25475]],[[-6.1827,53.25475],[-6.18257,53.25475]],[[-6.18257,53.25475],[-6.18246,53.25475]],[[-6.18246,53.25475],[-6.18235,53.25475]],[[-6.18235,53.25475],[-6.18224,53.25475]],[[-6.18224,53.25475],[-6.18213,53.25476]],[[-6.18213,53.25476],[-6.18199,53.25477]],[[-6.18199,53.25477],[-6.18183,53.25479]],[[-6.18183,53.25479],[-6.18169,53.25481]]]},"properties":{"id":"osm:way/51249161","mode":"luas","name":"Luas"}},{"type":"Feature","geometry":{"type":"MultiLineString","coordinates":[[[-6.17934,53.25566],[-6.1792,53.2557]],[[-6.1792,53.2557],[-6.17913,53.25572]],[[-6.17913,53.25572],[-6.17904,53.25575]],[[-6.17904,53.25575],[-6.17896,53.25577]],[[-6.17896,53.25577],[-6.1789,53.25578]],[[-6.1789,53.25578],[-6.17873,53.25582]],[[-6.17873,53.25582],[-6.17857,53.25585]],[[-6.17857,53.25585],[-6.17844,53.25587]],[[-6.17844,53.25587],[-6.1783,53.25589]],[[-6.1783,53.25589],[-6.17818,53.2559]],[[-6.17818,53.2559],[-6.1781,53.25591]],[[-6.1781,53.25591],[-6.178,53.25592]],[[-6.178,53.25592],[-6.17783,53.25592]],[[-6.17783,53.25592],[-6.17772,53.25592]],[[-6.17772,53.25592],[-6.17761,53.25592]],[[-6.17761,53.25592],[-6.17744,53.25592]],[[-6.17744,53.25592],[-6.17728,53.25591]],[[-6.17728,53.25591],[-6.17713,53.2559]],[[-6.17713,53.2559],[-6.17698,53.25588]],[[-6.17698,53.25588],[-6.17684,53.25586]],[[-6.17684,53.25586],[-6.17671,53.25584]],[[-6.17671,53.25584],[-6.17646,53.25579]],[[-6.17646,53.25579],[-6.17635,53.25576]],[[-6.17635,53.25576],[-6.17623,53.25573]],[[-6.17623,53.25573],[-6.17601,53.25566]]]},"properties":{"id":"osm:way/51249168","mode":"luas","name":"Luas"}},{"type":"Feature","geometry":{"type":"MultiLineString","coordinates":[[[-6.24699,53.35205],[-6.24653,53.35238]],[[-6.24653,53.35238],[-6.24569,53.35297]],[[-6.24569,53.35297],[-6.24521,53.35335]]]},"properties":{"id":"osm:way/51725027","mode":"rail","name":"Irish Rail"}},{"type":"Feature","geometry":{"type":"MultiLineString","coordinates":[[[-6.1462,53.24555],[-6.14586,53.24536]],[[-6.14586,53.24536],[-6.14548,53.24514]],[[-6.14548,53.24514],[-6.14528,53.24502]],[[-6.14528,53.24502],[-6.145,53.24483]],[[-6.145,53.24483],[-6.14481,53.24469]],[[-6.14481,53.24469],[-6.14465,53.24458]],[[-6.14465,53.24458],[-6.1445,53.24446]],[[-6.1445,53.24446],[-6.14434,53.24431]],[[-6.14434,53.24431],[-6.14421,53.2442]],[[-6.14421,53.2442],[-6.14414,53.24413]],[[-6.14414,53.24413],[-6.14403,53.24401]],[[-6.14403,53.24401],[-6.14388,53.24384]],[[-6.14388,53.24384],[-6.1438,53.24375]],[[-6.1438,53.24375],[-6.14369,53.24362]]]},"properties":{"id":"osm:way/51865073","mode":"luas","name":"Luas"}},{"type":"Feature","geometry":{"type":"MultiLineString","coordinates":[[[-6.11351,53.2516],[-6.11338,53.25315]],[[-6.11338,53.25315],[-6.11331,53.25368]],[[-6.11331,53.25368],[-6.11316,53.25456]],[[-6.11316,53.25456],[-6.11307,53.25539]],[[-6.11307,53.25539],[-6.11302,53.25584]],[[-6.11302,53.25584],[-6.113,53.2563]]]},"properties":{"id":"osm:way/52160457","mode":"rail","name":"Irish Rail"}},{"type":"Feature","geometry":{"type":"LineString","coordinates":[[-6.11351,53.25153],[-6.11351,53.2516]]},"properties":{"id":"osm:way/52160458","mode":"rail","name":"Irish Rail"}},{"type":"Feature","geometry":{"type":"MultiLineString","coordinates":[[[-6.09649,53.27182],[-6.09658,53.27212]],[[-6.09658,53.27212],[-6.09667,53.27234]],[[-6.09667,53.27234],[-6.09679,53.27255]],[[-6.09679,53.27255],[-6.09688,53.27267]],[[-6.09688,53.27267],[-6.09704,53.27286]],[[-6.09704,53.27286],[-6.09719,53.27302]],[[-6.09719,53.27302],[-6.0973,53.27312]],[[-6.0973,53.27312],[-6.0976,53.27338]],[[-6.0976,53.27338],[-6.09786,53.2736]],[[-6.09786,53.2736],[-6.09814,53.2738]],[[-6.09814,53.2738],[-6.09846,53.274]],[[-6.09846,53.274],[-6.09876,53.27417]],[[-6.09876,53.27417],[-6.09902,53.27431]],[[-6.09902,53.27431],[-6.09942,53.2745]],[[-6.09942,53.2745],[-6.09966,53.2746]],[[-6.09966,53.2746],[-6.09991,53.27471]],[[-6.09991,53.27471],[-6.10021,53.27482]],[[-6.10021,53.27482],[-6.10059,53.27495]],[[-6.10059,53.27495],[-6.10105,53.27509]]]},"properties":{"id":"osm:way/54512449","mode":"rail","name":"Irish Rail"}},{"type":"Feature","geometry":{"type":"MultiLineString","coordinates":[[[-6.09682,53.27057],[-6.09674,53.27069]],[[-6.09674,53.27069],[-6.09661,53.27084]],[[-6.09661,53.27084],[-6.09652,53.27099]],[[-6.09652,53.27099],[-6.09645,53.27117]],[[-6.09645,53.27117],[-6.09642,53.27136]],[[-6.09642,53.27136],[-6.09649,53.27182]]]},"properties":{"id":"osm:way/54512450","mode":"rail","name":"Irish Rail"}},{"type":"Feature","geometry":{"type":"MultiLineString","coordinates":[[[-6.12783,53.29054],[-6.1279,53.29061]],[[-6.1279,53.29061],[-6.12834,53.291]],[[-6.12834,53.291],[-6.12852,53.29118]],[[-6.12852,53.29118],[-6.12879,53.29144]]]},"properties":{"id":"osm:way/56417518","mode":"rail","name":"Irish Rail"}},{"type":"Feature","geometry":{"type":"LineString","coordinates":[[-6.24441,53.35682],[-6.24451,53.35687]]},"properties":{"id":"osm:way/57837051","mode":"rail","name":"Irish Rail"}},{"type":"Feature","geometry":{"type":"MultiLineString","coordinates":[[[-6.25295,53.3601],[-6.25246,53.35999]],[[-6.25246,53.35999],[-6.25086,53.35964]],[[-6.25086,53.35964],[-6.25044,53.35954]]]},"properties":{"id":"osm:way/57837053","mode":"rail","name":"Irish Rail"}},{"type":"Feature","geometry":{"type":"MultiLineString","coordinates":[[[-6.27487,53.36561],[-6.27516,53.3657]],[[-6.27516,53.3657],[-6.27545,53.36578]],[[-6.27545,53.36578],[-6.27574,53.36585]],[[-6.27574,53.36585],[-6.27605,53.36592]],[[-6.27605,53.36592],[-6.27644,53.366]],[[-6.27644,53.366],[-6.27665,53.36604]],[[-6.27665,53.36604],[-6.27684,53.36608]],[[-6.27684,53.36608],[-6.27709,53.36614]]]},"properties":{"id":"osm:way/60000084","mode":"rail","name":"Irish Rail"}},{"type":"Feature","geometry":{"type":"MultiLineString","coordinates":[[[-6.48632,53.37424],[-6.48774,53.3744]],[[-6.48774,53.3744],[-6.4901,53.37467]],[[-6.4901,53.37467],[-6.49158,53.37484]],[[-6.49158,53.37484],[-6.49267,53.37496]],[[-6.49267,53.37496],[-6.49345,53.37505]],[[-6.49345,53.37505],[-6.49585,53.37532]]]},"properties":{"id":"osm:way/74358778","mode":"rail","name":"Irish Rail"}},{"type":"Feature","geometry":{"type":"MultiLineString","coordinates":[[[-6.50316,53.37392],[-6.50296,53.37408]],[[-6.50296,53.37408],[-6.50273,53.37425]],[[-6.50273,53.37425],[-6.50235,53.37447]],[[-6.50235,53.37447],[-6.50207,53.37464]],[[-6.50207,53.37464],[-6.50172,53.37481]],[[-6.50172,53.37481],[-6.50133,53.37497]],[[-6.50133,53.37497],[-6.50101,53.37508]],[[-6.50101,53.37508],[-6.50051,53.37523]],[[-6.50051,53.37523],[-6.5002,53.3753]],[[-6.5002,53.3753],[-6.49976,53.37539]],[[-6.49976,53.37539],[-6.49949,53.37543]],[[-6.49949,53.37543],[-6.49923,53.37546]],[[-6.49923,53.37546],[-6.49894,53.37549]],[[-6.49894,53.37549],[-6.49859,53.37551]],[[-6.49859,53.37551],[-6.49818,53.37553]],[[-6.49818,53.37553],[-6.49771,53.37552]],[[-6.49771,53.37552],[-6.49723,53.3755]]]},"properties":{"id":"osm:way/74358780","mode":"rail","name":"Irish Rail"}},{"type":"Feature","geometry":{"type":"LineString","coordinates":[[-6.46844,53.43253],[-6.46853,53.43289]]},"properties":{"id":"osm:way/75765868","mode":"rail","name":"Irish Rail"}},{"type":"Feature","geometry":{"type":"MultiLineString","coordinates":[[[-6.46467,53.41664],[-6.46483,53.41731]],[[-6.46483,53.41731],[-6.46505,53.41828]]]},"properties":{"id":"osm:way/75765869","mode":"rail","name":"Irish Rail"}},{"type":"Feature","geometry":{"type":"MultiLineString","coordinates":[[[-6.46853,53.43289],[-6.46874,53.43376]],[[-6.46874,53.43376],[-6.46876,53.43384]],[[-6.46876,53.43384],[-6.4688,53.43404]]]},"properties":{"id":"osm:way/75765870","mode":"rail","name":"Irish Rail"}},{"type":"Feature","geometry":{"type":"LineString","coordinates":[[-6.46937,53.4364],[-6.46944,53.4367]]},"properties":{"id":"osm:way/76593228","mode":"rail","name":"Irish Rail"}},{"type":"Feature","geometry":{"type":"LineString","coordinates":[[-6.46944,53.4367],[-6.46959,53.43724]]},"properties":{"id":"osm:way/76593229","mode":"rail","name":"Irish Rail"}},{"type":"Feature","geometry":{"type":"LineString","coordinates":[[-6.46926,53.43594],[-6.46937,53.4364]]},"properties":{"id":"osm:way/76593230","mode":"rail","name":"Irish Rail"}},{"type":"Feature","geometry":{"type":"LineString","coordinates":[[-6.46959,53.43724],[-6.46963,53.43745]]},"properties":{"id":"osm:way/76593231","mode":"rail","name":"Irish Rail"}},{"type":"Feature","geometry":{"type":"MultiLineString","coordinates":[[[-6.42909,53.38418],[-6.4287,53.3841]],[[-6.4287,53.3841],[-6.42722,53.38381]]]},"properties":{"id":"osm:way/77007533","mode":"rail","name":"Irish Rail"}},{"type":"Feature","geometry":{"type":"MultiLineString","coordinates":[[[-6.46412,53.37122],[-6.4646,53.37134]],[[-6.4646,53.37134],[-6.46496,53.37143]],[[-6.46496,53.37143],[-6.46543,53.37156]],[[-6.46543,53.37156],[-6.46591,53.37169]],[[-6.46591,53.37169],[-6.46638,53.37183]],[[-6.46638,53.37183],[-6.46713,53.37203]],[[-6.46713,53.37203],[-6.46774,53.37219]],[[-6.46774,53.37219],[-6.46816,53.3723]],[[-6.46816,53.3723],[-6.46856,53.37239]],[[-6.46856,53.37239],[-6.46914,53.37252]],[[-6.46914,53.37252],[-6.46958,53.37261]],[[-6.46958,53.37261],[-6.47,53.3727]],[[-6.47,53.3727],[-6.4708,53.37285]],[[-6.4708,53.37285],[-6.47121,53.37291]],[[-6.47121,53.37291],[-6.47159,53.37297]],[[-6.47159,53.37297],[-6.4729,53.37314]],[[-6.4729,53.37314],[-6.47325,53.37318]],[[-6.47325,53.37318],[-6.47357,53.37321]],[[-6.47357,53.37321],[-6.47389,53.37324]],[[-6.47389,53.37324],[-6.47433,53.37327]],[[-6.47433,53.37327],[-6.47492,53.37332]],[[-6.47492,53.37332],[-6.47547,53.37336]],[[-6.47547,53.37336],[-6.47835,53.37358]],[[-6.47835,53.37358],[-6.47966,53.37368]],[[-6.47966,53.37368],[-6.48096,53.37378]],[[-6.48096,53.37378],[-6.48145,53.37382]]]},"properties":{"id":"osm:way/77007534","mode":"rail","name":"Irish Rail"}},{"type":"Feature","geometry":{"type":"MultiLineString","coordinates":[[[-6.38603,53.37867],[-6.38674,53.37848]],[[-6.38674,53.37848],[-6.38736,53.37832]],[[-6.38736,53.37832],[-6.3879,53.37819]],[[-6.3879,53.37819],[-6.38827,53.3781]],[[-6.38827,53.3781],[-6.38913,53.37791]],[[-6.38913,53.37791],[-6.38946,53.37785]],[[-6.38946,53.37785],[-6.39007,53.37776]],[[-6.39007,53.37776],[-6.39038,53.37771]],[[-6.39038,53.37771],[-6.39097,53.37764]],[[-6.39097,53.37764],[-6.3913,53.3776]],[[-6.3913,53.3776],[-6.39175,53.37756]],[[-6.39175,53.37756],[-6.3922,53.37754]],[[-6.3922,53.37754],[-6.39227,53.37753]]]},"properties":{"id":"osm:way/77007535","mode":"rail","name":"Irish Rail"}},{"type":"Feature","geometry":{"type":"MultiLineString","coordinates":[[[-6.48144,53.37385],[-6.48095,53.37381]],[[-6.48095,53.37381],[-6.47965,53.37371]],[[-6.47965,53.37371],[-6.47834,53.37361]],[[-6.47834,53.37361],[-6.47546,53.3734]],[[-6.47546,53.3734],[-6.47432,53.37331]],[[-6.47432,53.37331],[-6.47353,53.37324]],[[-6.47353,53.37324],[-6.47291,53.37317]],[[-6.47291,53.37317],[-6.47237,53.37311]],[[-6.47237,53.37311],[-6.47198,53.37305]],[[-6.47198,53.37305],[-6.47157,53.373]],[[-6.47157,53.373],[-6.4712,53.37294]],[[-6.4712,53.37294],[-6.47078,53.37288]],[[-6.47078,53.37288],[-6.47039,53.37281]],[[-6.47039,53.37281],[-6.47,53.37273]],[[-6.47,53.37273],[-6.46956,53.37265]],[[-6.46956,53.37265],[-6.46853,53.37242]],[[-6.46853,53.37242],[-6.46814,53.37233]],[[-6.46814,53.37233],[-6.46771,53.37222]],[[-6.46771,53.37222],[-6.46709,53.37205]],[[-6.46709,53.37205],[-6.46636,53.37186]],[[-6.46636,53.37186],[-6.46588,53.37172]],[[-6.46588,53.37172],[-6.46541,53.37159]],[[-6.46541,53.37159],[-6.46448,53.37135]]]},"properties":{"id":"osm:way/77007537","mode":"rail","name":"Irish Rail"}},{"type":"Feature","geometry":{"type":"MultiLineString","coordinates":[[[-6.33242,53.3754],[-6.33177,53.37543]],[[-6.33177,53.37543],[-6.33126,53.37545]],[[-6.33126,53.37545],[-6.33094,53.37546]],[[-6.33094,53.37546],[-6.33037,53.37547]],[[-6.33037,53.37547],[-6.32991,53.37547]],[[-6.32991,53.37547],[-6.32977,53.37547]],[[-6.32977,53.37547],[-6.32917,53.37547]],[[-6.32917,53.37547],[-6.3282,53.37547]],[[-6.3282,53.37547],[-6.32645,53.37546]],[[-6.32645,53.37546],[-6.32576,53.37546]],[[-6.32576,53.37546],[-6.32492,53.37546]],[[-6.32492,53.37546],[-6.32364,53.37545]],[[-6.32364,53.37545],[-6.32213,53.37545]],[[-6.32213,53.37545],[-6.32034,53.37544]],[[-6.32034,53.37544],[-6.31879,53.37543]],[[-6.31879,53.37543],[-6.3177,53.37542]],[[-6.3177,53.37542],[-6.31731,53.37541]],[[-6.31731,53.37541],[-6.31688,53.3754]],[[-6.31688,53.3754],[-6.31621,53.37537]],[[-6.31621,53.37537],[-6.31585,53.37535]],[[-6.31585,53.37535],[-6.31537,53.37531]],[[-6.31537,53.37531],[-6.31477,53.37526]],[[-6.31477,53.37526],[-6.31441,53.37523]],[[-6.31441,53.37523],[-6.31419,53.37521]],[[-6.31419,53.37521],[-6.31371,53.37516]],[[-6.31371,53.37516],[-6.31328,53.37511]],[[-6.31328,53.37511],[-6.31289,53.37506]],[[-6.31289,53.37506],[-6.31253,53.37501]],[[-6.31253,53.37501],[-6.31199,53.37494]],[[-6.31199,53.37494],[-6.31141,53.37487]],[[-6.31141,53.37487],[-6.31118,53.37484]],[[-6.31118,53.37484],[-6.31054,53.37475]],[[-6.31054,53.37475],[-6.30974,53.37464]],[[-6.30974,53.37464],[-6.30899,53.37454]],[[-6.30899,53.37454],[-6.30844,53.37447]],[[-6.30844,53.37447],[-6.30804,53.37441]],[[-6.30804,53.37441],[-6.30716,53.37429]],[[-6.30716,53.37429],[-6.30633,53.37417]],[[-6.30633,53.37417],[-6.30592,53.37411]],[[-6.30592,53.37411],[-6.30545,53.37402]],[[-6.30545,53.37402],[-6.30499,53.37394]],[[-6.30499,53.37394],[-6.30456,53.37385]],[[-6.30456,53.37385],[-6.30388,53.3737]],[[-6.30388,53.3737],[-6.30317,53.37354]],[[-6.30317,53.37354],[-6.30229,53.37335]],[[-6.30229,53.37335],[-6.30139,53.37315]],[[-6.30139,53.37315],[-6.30083,53.37304]]]},"properties":{"id":"osm:way/77007649","mode":"rail","name":"Irish Rail"}},{"type":"Feature","geometry":{"type":"MultiLineString","coordinates":[[[-6.3734,53.38133],[-6.37082,53.38161]],[[-6.37082,53.38161],[-6.37021,53.38168]]]},"properties":{"id":"osm:way/77007650","mode":"rail","name":"Irish Rail"}},{"type":"Feature","geometry":{"type":"MultiLineString","coordinates":[[[-6.29833,53.37255],[-6.29813,53.37251]],[[-6.29813,53.37251],[-6.29774,53.37243]],[[-6.29774,53.37243],[-6.29705,53.3723]],[[-6.29705,53.3723],[-6.29663,53.37221]],[[-6.29663,53.37221],[-6.29628,53.37213]],[[-6.29628,53.37213],[-6.29491,53.37181]]]},"properties":{"id":"osm:way/77007651","mode":"rail","name":"Irish Rail"}},{"type":"Feature","geometry":{"type":"MultiLineString","coordinates":[[[-6.36871,53.38182],[-6.37039,53.38162]],[[-6.37039,53.38162],[-6.37064,53.3816]],[[-6.37064,53.3816],[-6.37203,53.38145]],[[-6.37203,53.38145],[-6.3733,53.3813]],[[-6.3733,53.3813],[-6.37409,53.38121]]]},"properties":{"id":"osm:way/77007652","mode":"rail","name":"Irish Rail"}},{"type":"Feature","geometry":{"type":"MultiLineString","coordinates":[[[-6.40555,53.37946],[-6.40503,53.37937]],[[-6.40503,53.37937],[-6.40457,53.37928]],[[-6.40457,53.37928],[-6.40398,53.37916]],[[-6.40398,53.37916],[-6.40373,53.3791]],[[-6.40373,53.3791],[-6.4031,53.37896]],[[-6.4031,53.37896],[-6.40242,53.3788]],[[-6.40242,53.3788],[-6.40155,53.3786]],[[-6.40155,53.3786],[-6.40052,53.37836]],[[-6.40052,53.37836],[-6.39959,53.37816]],[[-6.39959,53.37816],[-6.39898,53.37803]],[[-6.39898,53.37803],[-6.39815,53.37787]],[[-6.39815,53.37787],[-6.39778,53.37781]]]},"properties":{"id":"osm:way/77007653","mode":"rail","name":"Irish Rail"}},{"type":"Feature","geometry":{"type":"MultiLineString","coordinates":[[[-6.33233,53.37537],[-6.33271,53.37535]],[[-6.33271,53.37535],[-6.33275,53.37535]],[[-6.33275,53.37535],[-6.33311,53.37533]],[[-6.33311,53.37533],[-6.33361,53.3753]]]},"properties":{"id":"osm:way/77007654","mode":"rail","name":"Irish Rail"}},{"type":"Feature","geometry":{"type":"MultiLineString","coordinates":[[[-6.34525,53.37749],[-6.34438,53.37709]],[[-6.34438,53.37709],[-6.34399,53.37692]],[[-6.34399,53.37692],[-6.34364,53.37677]],[[-6.34364,53.37677],[-6.34336,53.37664]],[[-6.34336,53.37664],[-6.34269,53.37635]],[[-6.34269,53.37635],[-6.34214,53.37616]],[[-6.34214,53.37616],[-6.34164,53.37599]],[[-6.34164,53.37599],[-6.34095,53.37579]],[[-6.34095,53.37579],[-6.34042,53.37567]],[[-6.34042,53.37567],[-6.33988,53.37556]],[[-6.33988,53.37556],[-6.33941,53.37547]],[[-6.33941,53.37547],[-6.33895,53.3754]],[[-6.33895,53.3754],[-6.3379,53.37527]],[[-6.3379,53.37527],[-6.33745,53.37523]],[[-6.33745,53.37523],[-6.33698,53.3752]],[[-6.33698,53.3752],[-6.33645,53.37519]],[[-6.33645,53.37519],[-6.33592,53.3752]],[[-6.33592,53.3752],[-6.33585,53.37521]],[[-6.33585,53.37521],[-6.33447,53.37527]],[[-6.33447,53.37527],[-6.33361,53.37533]]]},"properties":{"id":"osm:way/77007656","mode":"rail","name":"Irish Rail"}},{"type":"Feature","geometry":{"type":"MultiLineString","coordinates":[[[-6.36379,53.38234],[-6.36416,53.38231]],[[-6.36416,53.38231],[-6.36477,53.38225]],[[-6.36477,53.38225],[-6.36615,53.3821]],[[-6.36615,53.3821],[-6.36755,53.38195]],[[-6.36755,53.38195],[-6.36871,53.38182]]]},"properties":{"id":"osm:way/77007657","mode":"rail","name":"Irish Rail"}},{"type":"Feature","geometry":{"type":"LineString","coordinates":[[-6.34536,53.3775],[-6.34558,53.37761]]},"properties":{"id":"osm:way/77007658","mode":"rail","name":"Irish Rail"}},{"type":"Feature","geometry":{"type":"LineString","coordinates":[[-6.25405,53.34682],[-6.25393,53.34669]]},"properties":{"id":"osm:way/77008471","mode":"rail","name":"Irish Rail"}},{"type":"Feature","geometry":{"type":"MultiLineString","coordinates":[[[-6.24827,53.34332],[-6.24717,53.34308]],[[-6.24717,53.34308],[-6.24662,53.34294]]]},"properties":{"id":"osm:way/77008473","mode":"rail","name":"Irish Rail"}},{"type":"Feature","geometry":{"type":"MultiLineString","coordinates":[[[-6.27858,53.36653],[-6.279,53.36666]],[[-6.279,53.36666],[-6.27943,53.3668]],[[-6.27943,53.3668],[-6.27986,53.36695]],[[-6.27986,53.36695],[-6.2801,53.36703]],[[-6.2801,53.36703],[-6.2807,53.36728]],[[-6.2807,53.36728],[-6.28123,53.36753]],[[-6.28123,53.36753],[-6.28168,53.36775]],[[-6.28168,53.36775],[-6.28218,53.36802]],[[-6.28218,53.36802],[-6.28393,53.36898]],[[-6.28393,53.36898],[-6.28406,53.36905]]]},"properties":{"id":"osm:way/77010133","mode":"rail","name":"Irish Rail"}},{"type":"Feature","geometry":{"type":"LineString","coordinates":[[-6.2442,53.3567],[-6.24441,53.35682]]},"properties":{"id":"osm:way/77010135","mode":"rail","name":"Irish Rail"}},{"type":"Feature","geometry":{"type":"MultiLineString","coordinates":[[[-6.4688,53.43404],[-6.46886,53.43425]],[[-6.46886,53.43425],[-6.46892,53.43453]],[[-6.46892,53.43453],[-6.46904,53.43501]],[[-6.46904,53.43501],[-6.46917,53.43557]]]},"properties":{"id":"osm:way/77010136","mode":"rail","name":"Irish Rail"}},{"type":"Feature","geometry":{"type":"MultiLineString","coordinates":[[[-6.465,53.4183],[-6.46477,53.41732]],[[-6.46477,53.41732],[-6.46461,53.41662]]]},"properties":{"id":"osm:way/77010137","mode":"rail","name":"Irish Rail"}},{"type":"Feature","geometry":{"type":"LineString","coordinates":[[-6.46921,53.43594],[-6.46911,53.43558]]},"properties":{"id":"osm:way/77010138","mode":"rail","name":"Irish Rail"}},{"type":"Feature","geometry":{"type":"MultiLineString","coordinates":[[[-6.20424,53.27748],[-6.20375,53.27732]],[[-6.20375,53.27732],[-6.20342,53.27721]],[[-6.20342,53.27721],[-6.20317,53.27712]],[[-6.20317,53.27712],[-6.2031,53.2771]],[[-6.2031,53.2771],[-6.20304,53.27707]],[[-6.20304,53.27707],[-6.20297,53.27703]],[[-6.20297,53.27703],[-6.20289,53.27699]]]},"properties":{"id":"osm:way/81524077","mode":"luas","name":"Luas"}},{"type":"Feature","geometry":{"type":"LineString","coordinates":[[-6.16361,53.25275],[-6.16319,53.25271]]},"properties":{"id":"osm:way/81946724","mode":"luas","name":"Luas"}},{"type":"Feature","geometry":{"type":"MultiLineString","coordinates":[[[-6.15826,53.25205],[-6.15791,53.25185]],[[-6.15791,53.25185],[-6.15769,53.25172]],[[-6.15769,53.25172],[-6.15749,53.25162]],[[-6.15749,53.25162],[-6.15731,53.25153]],[[-6.15731,53.25153],[-6.15712,53.25144]],[[-6.15712,53.25144],[-6.157,53.25139]],[[-6.157,53.25139],[-6.15658,53.25123]],[[-6.15658,53.25123],[-6.15616,53.25107]],[[-6.15616,53.25107],[-6.15578,53.25092]],[[-6.15578,53.25092],[-6.15541,53.25078]],[[-6.15541,53.25078],[-6.15499,53.25062]],[[-6.15499,53.25062],[-6.15456,53.25046]],[[-6.15456,53.25046],[-6.15452,53.25044]],[[-6.15452,53.25044],[-6.15407,53.25027]],[[-6.15407,53.25027],[-6.15394,53.25022]],[[-6.15394,53.25022],[-6.15386,53.25018]],[[-6.15386,53.25018],[-6.15362,53.25009]],[[-6.15362,53.25009],[-6.15314,53.24991]],[[-6.15314,53.24991],[-6.15287,53.24981]],[[-6.15287,53.24981],[-6.15257,53.24969]],[[-6.15257,53.24969],[-6.15197,53.24946]],[[-6.15197,53.24946],[-6.15165,53.24934]],[[-6.15165,53.24934],[-6.15133,53.24922]],[[-6.15133,53.24922],[-6.15113,53.24914]],[[-6.15113,53.24914],[-6.1507,53.24898]],[[-6.1507,53.24898],[-6.15041,53.24886]],[[-6.15041,53.24886],[-6.15007,53.24874]],[[-6.15007,53.24874],[-6.14993,53.24868]],[[-6.14993,53.24868],[-6.14967,53.24858]],[[-6.14967,53.24858],[-6.14953,53.24852]],[[-6.14953,53.24852],[-6.14938,53.24846]],[[-6.14938,53.24846],[-6.14928,53.24842]],[[-6.14928,53.24842],[-6.14917,53.24837]],[[-6.14917,53.24837],[-6.14908,53.24832]],[[-6.14908,53.24832],[-6.14903,53.2483]],[[-6.14903,53.2483],[-6.14898,53.24827]],[[-6.14898,53.24827],[-6.1489,53.24822]],[[-6.1489,53.24822],[-6.14883,53.24817]],[[-6.14883,53.24817],[-6.14873,53.2481]],[[-6.14873,53.2481],[-6.14867,53.24805]],[[-6.14867,53.24805],[-6.14859,53.24798]],[[-6.14859,53.24798],[-6.14852,53.24791]],[[-6.14852,53.24791],[-6.14845,53.24784]],[[-6.14845,53.24784],[-6.14841,53.24779]],[[-6.14841,53.24779],[-6.14835,53.24771]],[[-6.14835,53.24771],[-6.1483,53.24764]],[[-6.1483,53.24764],[-6.14827,53.24759]],[[-6.14827,53.24759],[-6.14823,53.24753]],[[-6.14823,53.24753],[-6.14821,53.24748]],[[-6.14821,53.24748],[-6.14819,53.24743]],[[-6.14819,53.24743],[-6.14816,53.24734]],[[-6.14816,53.24734],[-6.1481,53.24719]],[[-6.1481,53.24719],[-6.14805,53.24704]],[[-6.14805,53.24704],[-6.148,53.24693]],[[-6.148,53.24693],[-6.14796,53.24684]],[[-6.14796,53.24684],[-6.14789,53.24672]],[[-6.14789,53.24672],[-6.14783,53.24665]],[[-6.14783,53.24665],[-6.14775,53.24656]],[[-6.14775,53.24656],[-6.14771,53.24651]],[[-6.14771,53.24651],[-6.14765,53.24645]],[[-6.14765,53.24645],[-6.14758,53.24639]],[[-6.14758,53.24639],[-6.14752,53.24634]],[[-6.14752,53.24634],[-6.14744,53.24628]],[[-6.14744,53.24628],[-6.14734,53.24621]],[[-6.14734,53.24621],[-6.14725,53.24615]],[[-6.14725,53.24615],[-6.14709,53.24606]],[[-6.14709,53.24606],[-6.14683,53.24591]],[[-6.14683,53.24591],[-6.14667,53.24582]],[[-6.14667,53.24582],[-6.14655,53.24576]],[[-6.14655,53.24576],[-6.14645,53.24569]],[[-6.14645,53.24569],[-6.14631,53.24561]],[[-6.14631,53.24561],[-6.14623,53.24556]],[[-6.14623,53.24556],[-6.1462,53.24555]]]},"properties":{"id":"osm:way/81946732","mode":"luas","name":"Luas"}},{"type":"Feature","geometry":{"type":"MultiLineString","coordinates":[[[-6.16319,53.25271],[-6.16306,53.2527]],[[-6.16306,53.2527],[-6.16273,53.25268]],[[-6.16273,53.25268],[-6.16212,53.25266]],[[-6.16212,53.25266],[-6.1621,53.25266]],[[-6.1621,53.25266],[-6.16165,53.25265]],[[-6.16165,53.25265],[-6.16116,53.25263]],[[-6.16116,53.25263],[-6.16074,53.25261]],[[-6.16074,53.25261],[-6.16033,53.2526]]]},"properties":{"id":"osm:way/81946735","mode":"luas","name":"Luas"}},{"type":"Feature","geometry":{"type":"MultiLineString","coordinates":[[[-6.23574,53.28554],[-6.23539,53.28538]],[[-6.23539,53.28538],[-6.23509,53.28524]],[[-6.23509,53.28524],[-6.23503,53.28522]],[[-6.23503,53.28522],[-6.23468,53.28506]],[[-6.23468,53.28506],[-6.23441,53.28495]],[[-6.23441,53.28495],[-6.23419,53.28486]],[[-6.23419,53.28486],[-6.23395,53.28478]],[[-6.23395,53.28478],[-6.23377,53.28472]],[[-6.23377,53.28472],[-6.23351,53.28464]],[[-6.23351,53.28464],[-6.23304,53.2845]],[[-6.23304,53.2845],[-6.23245,53.28433]],[[-6.23245,53.28433],[-6.23184,53.28417]],[[-6.23184,53.28417],[-6.23146,53.28408]],[[-6.23146,53.28408],[-6.23117,53.28402]],[[-6.23117,53.28402],[-6.23058,53.28389]],[[-6.23058,53.28389],[-6.22995,53.28376]],[[-6.22995,53.28376],[-6.22958,53.28368]],[[-6.22958,53.28368],[-6.2293,53.28364]],[[-6.2293,53.28364],[-6.22889,53.28357]],[[-6.22889,53.28357],[-6.22852,53.28351]],[[-6.22852,53.28351],[-6.22814,53.28345]]]},"properties":{"id":"osm:way/82004700","mode":"luas","name":"Luas"}},{"type":"Feature","geometry":{"type":"MultiLineString","coordinates":[[[-6.23645,53.28593],[-6.23622,53.28579]],[[-6.23622,53.28579],[-6.23612,53.28574]],[[-6.23612,53.28574],[-6.23584,53.28559]]]},"properties":{"id":"osm:way/82004705","mode":"luas","name":"Luas"}},{"type":"Feature","geometry":{"type":"MultiLineString","coordinates":[[[-6.30485,53.34478],[-6.30476,53.34483]],[[-6.30476,53.34483],[-6.30467,53.34489]],[[-6.30467,53.34489],[-6.30456,53.34495]],[[-6.30456,53.34495],[-6.30444,53.34502]],[[-6.30444,53.34502],[-6.30421,53.34514]],[[-6.30421,53.34514],[-6.30401,53.34523]],[[-6.30401,53.34523],[-6.30379,53.34532]],[[-6.30379,53.34532],[-6.3036,53.34538]],[[-6.3036,53.34538],[-6.30342,53.34544]],[[-6.30342,53.34544],[-6.30321,53.34549]],[[-6.30321,53.34549],[-6.30299,53.34554]]]},"properties":{"id":"osm:way/100845400","mode":"rail","name":"Irish Rail"}},{"type":"Feature","geometry":{"type":"LineString","coordinates":[[-6.13445,53.2948],[-6.13465,53.29489]]},"properties":{"id":"osm:way/105476867","mode":"rail","name":"Irish Rail"}},{"type":"Feature","geometry":{"type":"MultiLineString","coordinates":[[[-6.13402,53.29459],[-6.13441,53.29478]],[[-6.13441,53.29478],[-6.13445,53.2948]]]},"properties":{"id":"osm:way/105476873","mode":"rail","name":"Irish Rail"}},{"type":"Feature","geometry":{"type":"MultiLineString","coordinates":[[[-6.36846,53.31528],[-6.36967,53.31489]],[[-6.36967,53.31489],[-6.37098,53.31446]],[[-6.37098,53.31446],[-6.3711,53.31442]],[[-6.3711,53.31442],[-6.37116,53.3144]],[[-6.37116,53.3144],[-6.37121,53.31438]],[[-6.37121,53.31438],[-6.37125,53.31436]],[[-6.37125,53.31436],[-6.37128,53.31435]],[[-6.37128,53.31435],[-6.37131,53.31432]],[[-6.37131,53.31432],[-6.37134,53.31428]]]},"properties":{"id":"osm:way/122600734","mode":"luas","name":"Luas"}},{"type":"Feature","geometry":{"type":"MultiLineString","coordinates":[[[-6.36808,53.31508],[-6.36787,53.31519]],[[-6.36787,53.31519],[-6.36771,53.31528]],[[-6.36771,53.31528],[-6.36769,53.31529]],[[-6.36769,53.31529],[-6.36766,53.31531]],[[-6.36766,53.31531],[-6.36761,53.31533]],[[-6.36761,53.31533],[-6.36754,53.31535]],[[-6.36754,53.31535],[-6.36748,53.31536]],[[-6.36748,53.31536],[-6.36742,53.31537]],[[-6.36742,53.31537],[-6.36737,53.31537]],[[-6.36737,53.31537],[-6.36732,53.31537]],[[-6.36732,53.31537],[-6.36727,53.31537]],[[-6.36727,53.31537],[-6.36722,53.31537]],[[-6.36722,53.31537],[-6.36715,53.31536]],[[-6.36715,53.31536],[-6.3671,53.31534]],[[-6.3671,53.31534],[-6.36704,53.31533]],[[-6.36704,53.31533],[-6.36697,53.3153]],[[-6.36697,53.3153],[-6.36693,53.31528]],[[-6.36693,53.31528],[-6.3669,53.31526]],[[-6.3669,53.31526],[-6.36686,53.31524]],[[-6.36686,53.31524],[-6.36676,53.31517]],[[-6.36676,53.31517],[-6.36664,53.31508]],[[-6.36664,53.31508],[-6.36652,53.315]],[[-6.36652,53.315],[-6.3664,53.31492]],[[-6.3664,53.31492],[-6.36633,53.31487]],[[-6.36633,53.31487],[-6.36625,53.3148]]]},"properties":{"id":"osm:way/122600736","mode":"luas","name":"Luas"}},{"type":"Feature","geometry":{"type":"MultiLineString","coordinates":[[[-6.36848,53.31494],[-6.36853,53.31492]],[[-6.36853,53.31492],[-6.3686,53.31489]],[[-6.3686,53.31489],[-6.36879,53.31484]],[[-6.36879,53.31484],[-6.36999,53.31444]],[[-6.36999,53.31444],[-6.37105,53.3141]],[[-6.37105,53.3141],[-6.3712,53.31405]],[[-6.3712,53.31405],[-6.37134,53.31401]],[[-6.37134,53.31401],[-6.3714,53.31399]],[[-6.3714,53.31399],[-6.37144,53.31397]],[[-6.37144,53.31397],[-6.37147,53.31396]],[[-6.37147,53.31396],[-6.37149,53.31395]],[[-6.37149,53.31395],[-6.37151,53.31393]],[[-6.37151,53.31393],[-6.37158,53.31386]]]},"properties":{"id":"osm:way/122600738","mode":"luas","name":"Luas"}},{"type":"Feature","geometry":{"type":"MultiLineString","coordinates":[[[-6.36857,53.31507],[-6.36978,53.31468]],[[-6.36978,53.31468],[-6.37109,53.31426]],[[-6.37109,53.31426],[-6.37121,53.31422]],[[-6.37121,53.31422],[-6.37128,53.31419]],[[-6.37128,53.31419],[-6.37132,53.31418]],[[-6.37132,53.31418],[-6.37136,53.31416]],[[-6.37136,53.31416],[-6.3714,53.31414]],[[-6.3714,53.31414],[-6.37144,53.3141]]]},"properties":{"id":"osm:way/122600739","mode":"luas","name":"Luas"}},{"type":"Feature","geometry":{"type":"MultiLineString","coordinates":[[[-6.36863,53.31497],[-6.36984,53.31458]],[[-6.36984,53.31458],[-6.37117,53.31415]],[[-6.37117,53.31415],[-6.37126,53.31411]],[[-6.37126,53.31411],[-6.37134,53.31409]],[[-6.37134,53.31409],[-6.3714,53.31407]],[[-6.3714,53.31407],[-6.37144,53.31405]],[[-6.37144,53.31405],[-6.37149,53.314]]]},"properties":{"id":"osm:way/122600740","mode":"luas","name":"Luas"}},{"type":"Feature","geometry":{"type":"MultiLineString","coordinates":[[[-6.36851,53.31518],[-6.36968,53.3148]],[[-6.36968,53.3148],[-6.371,53.31437]],[[-6.371,53.31437],[-6.37117,53.31431]],[[-6.37117,53.31431],[-6.37123,53.31429]],[[-6.37123,53.31429],[-6.37128,53.31428]],[[-6.37128,53.31428],[-6.37132,53.31426]],[[-6.37132,53.31426],[-6.37134,53.31424]],[[-6.37134,53.31424],[-6.37139,53.3142]]]},"properties":{"id":"osm:way/122600742","mode":"luas","name":"Luas"}},{"type":"Feature","geometry":{"type":"MultiLineString","coordinates":[[[-6.34938,53.33678],[-6.35091,53.33648]],[[-6.35091,53.33648],[-6.35193,53.33628]],[[-6.35193,53.33628],[-6.35248,53.33618]],[[-6.35248,53.33618],[-6.35326,53.33606]],[[-6.35326,53.33606],[-6.35365,53.336]],[[-6.35365,53.336],[-6.35432,53.33591]],[[-6.35432,53.33591],[-6.35493,53.33583]],[[-6.35493,53.33583],[-6.35531,53.33579]],[[-6.35531,53.33579],[-6.35568,53.33576]],[[-6.35568,53.33576],[-6.35664,53.33568]],[[-6.35664,53.33568],[-6.35798,53.33557]]]},"properties":{"id":"osm:way/124337445","mode":"rail","name":"Irish Rail"}},{"type":"Feature","geometry":{"type":"MultiLineString","coordinates":[[[-6.3829,53.29641],[-6.38244,53.29651]],[[-6.38244,53.29651],[-6.38177,53.29665]],[[-6.38177,53.29665],[-6.38119,53.29678]],[[-6.38119,53.29678],[-6.38081,53.29686]],[[-6.38081,53.29686],[-6.37876,53.29731]],[[-6.37876,53.29731],[-6.37839,53.2974]],[[-6.37839,53.2974],[-6.37825,53.29743]],[[-6.37825,53.29743],[-6.37816,53.29746]],[[-6.37816,53.29746],[-6.37806,53.29749]],[[-6.37806,53.29749],[-6.37794,53.29753]],[[-6.37794,53.29753],[-6.37781,53.29758]],[[-6.37781,53.29758],[-6.37764,53.29765]],[[-6.37764,53.29765],[-6.3775,53.29772]],[[-6.3775,53.29772],[-6.37736,53.2978]],[[-6.37736,53.2978],[-6.37715,53.29792]],[[-6.37715,53.29792],[-6.37681,53.29813]],[[-6.37681,53.29813],[-6.37639,53.29839]],[[-6.37639,53.29839],[-6.37625,53.29847]],[[-6.37625,53.29847],[-6.3762,53.2985]]]},"properties":{"id":"osm:way/125823867","mode":"luas","name":"Luas"}},{"type":"Feature","geometry":{"type":"MultiLineString","coordinates":[[[-6.28397,53.36905],[-6.28314,53.36859]],[[-6.28314,53.36859],[-6.28224,53.3681]],[[-6.28224,53.3681],[-6.28213,53.36804]],[[-6.28213,53.36804],[-6.28164,53.36777]],[[-6.28164,53.36777],[-6.28133,53.36762]],[[-6.28133,53.36762],[-6.28092,53.36742]],[[-6.28092,53.36742],[-6.28051,53.36724]],[[-6.28051,53.36724],[-6.28007,53.36707]],[[-6.28007,53.36707],[-6.27964,53.36691]],[[-6.27964,53.36691],[-6.27919,53.36675]],[[-6.27919,53.36675],[-6.27889,53.36666]],[[-6.27889,53.36666],[-6.27856,53.36655]]]},"properties":{"id":"osm:way/132607232","mode":"rail","name":"Irish Rail"}},{"type":"Feature","geometry":{"type":"LineString","coordinates":[[-6.15729,53.39037],[-6.15687,53.39068]]},"properties":{"id":"osm:way/135409969","mode":"rail","name":"Irish Rail"}},{"type":"Feature","geometry":{"type":"MultiLineString","coordinates":[[[-6.2438,53.35528],[-6.24383,53.35521]],[[-6.24383,53.35521],[-6.24386,53.35515]],[[-6.24386,53.35515],[-6.2439,53.35505]],[[-6.2439,53.35505],[-6.24395,53.35497]],[[-6.24395,53.35497],[-6.244,53.35489]],[[-6.244,53.35489],[-6.24408,53.35479]],[[-6.24408,53.35479],[-6.24414,53.35472]],[[-6.24414,53.35472],[-6.24424,53.35462]],[[-6.24424,53.35462],[-6.24434,53.35455]],[[-6.24434,53.35455],[-6.24443,53.35448]],[[-6.24443,53.35448],[-6.24463,53.35433]],[[-6.24463,53.35433],[-6.24469,53.35428]],[[-6.24469,53.35428],[-6.24482,53.35415]],[[-6.24482,53.35415],[-6.24488,53.3541]],[[-6.24488,53.3541],[-6.245,53.35401]],[[-6.245,53.35401],[-6.2451,53.35395]],[[-6.2451,53.35395],[-6.2452,53.35388]],[[-6.2452,53.35388],[-6.2453,53.35382]]]},"properties":{"id":"osm:way/139978979","mode":"rail","name":"Irish Rail"}},{"type":"Feature","geometry":{"type":"MultiLineString","coordinates":[[[-6.245,53.35401],[-6.24463,53.35427]],[[-6.24463,53.35427],[-6.24459,53.35431]],[[-6.24459,53.35431],[-6.24438,53.35446]],[[-6.24438,53.35446],[-6.24429,53.35453]],[[-6.24429,53.35453],[-6.24419,53.35461]],[[-6.24419,53.35461],[-6.24409,53.3547]],[[-6.24409,53.3547],[-6.24402,53.35478]],[[-6.24402,53.35478],[-6.24395,53.35488]],[[-6.24395,53.35488],[-6.2439,53.35496]],[[-6.2439,53.35496],[-6.24385,53.35505]],[[-6.24385,53.35505],[-6.2438,53.35514]],[[-6.2438,53.35514],[-6.24378,53.3552]],[[-6.24378,53.3552],[-6.24375,53.35527]]]},"properties":{"id":"osm:way/139978980","mode":"rail","name":"Irish Rail"}},{"type":"Feature","geometry":{"type":"MultiLineString","coordinates":[[[-6.24092,53.35656],[-6.24088,53.35664]],[[-6.24088,53.35664],[-6.24085,53.35671]]]},"properties":{"id":"osm:way/140310098","mode":"rail","name":"Irish Rail"}},{"type":"Feature","geometry":{"type":"MultiLineString","coordinates":[[[-6.2408,53.35671],[-6.24083,53.35662]],[[-6.24083,53.35662],[-6.24087,53.35654]]]},"properties":{"id":"osm:way/140310099","mode":"rail","name":"Irish Rail"}},{"type":"Feature","geometry":{"type":"MultiLineString","coordinates":[[[-6.24087,53.35654],[-6.24092,53.35643]],[[-6.24092,53.35643],[-6.241,53.35631]],[[-6.241,53.35631],[-6.24107,53.35621]],[[-6.24107,53.35621],[-6.24117,53.35609]],[[-6.24117,53.35609],[-6.2413,53.35596]],[[-6.2413,53.35596],[-6.24142,53.35585]],[[-6.24142,53.35585],[-6.24156,53.35575]],[[-6.24156,53.35575],[-6.2417,53.35566]],[[-6.2417,53.35566],[-6.24189,53.35554]],[[-6.24189,53.35554],[-6.24204,53.35546]]]},"properties":{"id":"osm:way/140310100","mode":"rail","name":"Irish Rail"}},{"type":"Feature","geometry":{"type":"MultiLineString","coordinates":[[[-6.24207,53.35549],[-6.24193,53.35556]],[[-6.24193,53.35556],[-6.24175,53.35567]],[[-6.24175,53.35567],[-6.24161,53.35576]],[[-6.24161,53.35576],[-6.24147,53.35587]],[[-6.24147,53.35587],[-6.24136,53.35596]],[[-6.24136,53.35596],[-6.24122,53.35611]],[[-6.24122,53.35611],[-6.24113,53.35622]],[[-6.24113,53.35622],[-6.24105,53.35632]],[[-6.24105,53.35632],[-6.24098,53.35644]],[[-6.24098,53.35644],[-6.24092,53.35656]]]},"properties":{"id":"osm:way/140310102","mode":"rail","name":"Irish Rail"}},{"type":"Feature","geometry":{"type":"MultiLineString","coordinates":[[[-6.24896,53.36153],[-6.25054,53.36168]],[[-6.25054,53.36168],[-6.25136,53.36175]],[[-6.25136,53.36175],[-6.25173,53.36179]]]},"properties":{"id":"osm:way/140663649","mode":"rail","name":"Irish Rail"}},{"type":"Feature","geometry":{"type":"LineString","coordinates":[[-6.25173,53.36179],[-6.25193,53.3618]]},"properties":{"id":"osm:way/140663650","mode":"rail","name":"Irish Rail"}},{"type":"Feature","geometry":{"type":"LineString","coordinates":[[-6.25192,53.36184],[-6.25173,53.36182]]},"properties":{"id":"osm:way/140663652","mode":"rail","name":"Irish Rail"}},{"type":"Feature","geometry":{"type":"MultiLineString","coordinates":[[[-6.25173,53.36182],[-6.25053,53.36171]],[[-6.25053,53.36171],[-6.2491,53.36158]],[[-6.2491,53.36158],[-6.24896,53.36157]]]},"properties":{"id":"osm:way/140663655","mode":"rail","name":"Irish Rail"}},{"type":"Feature","geometry":{"type":"MultiLineString","coordinates":[[[-6.1129,53.25757],[-6.11282,53.25804]],[[-6.11282,53.25804],[-6.11267,53.25861]],[[-6.11267,53.25861],[-6.1126,53.25887]],[[-6.1126,53.25887],[-6.11254,53.25906]],[[-6.11254,53.25906],[-6.11243,53.25938]],[[-6.11243,53.25938],[-6.11226,53.25975]],[[-6.11226,53.25975],[-6.11221,53.25986]],[[-6.11221,53.25986],[-6.11216,53.25996]],[[-6.11216,53.25996],[-6.11208,53.26008]],[[-6.11208,53.26008],[-6.11175,53.26059]],[[-6.11175,53.26059],[-6.11134,53.26112]],[[-6.11134,53.26112],[-6.11104,53.26146]],[[-6.11104,53.26146],[-6.11071,53.26179]],[[-6.11071,53.26179],[-6.11034,53.26214]],[[-6.11034,53.26214],[-6.10994,53.2625]],[[-6.10994,53.2625],[-6.10962,53.26283]],[[-6.10962,53.26283],[-6.1092,53.26328]],[[-6.1092,53.26328],[-6.10881,53.26375]]]},"properties":{"id":"osm:way/164365155","mode":"rail","name":"Irish Rail"}},{"type":"Feature","geometry":{"type":"LineString","coordinates":[[-6.15729,53.39037],[-6.15699,53.39058]]},"properties":{"id":"osm:way/166117630","mode":"rail","name":"Irish Rail"}},{"type":"Feature","geometry":{"type":"MultiLineString","coordinates":[[[-6.07437,53.3891],[-6.07608,53.38935]],[[-6.07608,53.38935],[-6.07725,53.38953]],[[-6.07725,53.38953],[-6.07819,53.38969]],[[-6.07819,53.38969],[-6.07919,53.38984]],[[-6.07919,53.38984],[-6.07998,53.38997]],[[-6.07998,53.38997],[-6.08089,53.39011]],[[-6.08089,53.39011],[-6.08181,53.39026]],[[-6.08181,53.39026],[-6.08282,53.39042]],[[-6.08282,53.39042],[-6.08355,53.39053]],[[-6.08355,53.39053],[-6.0841,53.39061]],[[-6.0841,53.39061],[-6.08445,53.39066]],[[-6.08445,53.39066],[-6.0846,53.39067]],[[-6.0846,53.39067],[-6.08504,53.39072]],[[-6.08504,53.39072],[-6.0855,53.39077]],[[-6.0855,53.39077],[-6.08592,53.3908]],[[-6.08592,53.3908],[-6.08711,53.39089]],[[-6.08711,53.39089],[-6.08829,53.39097]],[[-6.08829,53.39097],[-6.08971,53.39107]],[[-6.08971,53.39107],[-6.09049,53.39113]],[[-6.09049,53.39113],[-6.09111,53.39118]],[[-6.09111,53.39118],[-6.09177,53.39122]],[[-6.09177,53.39122],[-6.09234,53.39125]],[[-6.09234,53.39125],[-6.0929,53.39128]],[[-6.0929,53.39128],[-6.09382,53.39132]],[[-6.09382,53.39132],[-6.09458,53.39135]],[[-6.09458,53.39135],[-6.09534,53.39137]]]},"properties":{"id":"osm:way/166117632","mode":"rail","name":"Irish Rail"}},{"type":"Feature","geometry":{"type":"MultiLineString","coordinates":[[[-6.33201,53.33793],[-6.33252,53.33783]],[[-6.33252,53.33783],[-6.33261,53.33782]],[[-6.33261,53.33782],[-6.33281,53.33779]],[[-6.33281,53.33779],[-6.33298,53.33778]],[[-6.33298,53.33778],[-6.33318,53.33777]],[[-6.33318,53.33777],[-6.33338,53.33777]],[[-6.33338,53.33777],[-6.33352,53.33777]],[[-6.33352,53.33777],[-6.33372,53.33779]],[[-6.33372,53.33779],[-6.33391,53.33781]],[[-6.33391,53.33781],[-6.33425,53.33787]],[[-6.33425,53.33787],[-6.33463,53.33794]],[[-6.33463,53.33794],[-6.33503,53.33803]],[[-6.33503,53.33803],[-6.33541,53.33815]],[[-6.33541,53.33815],[-6.33565,53.33825]],[[-6.33565,53.33825],[-6.33598,53.3384]],[[-6.33598,53.3384],[-6.33617,53.33847]],[[-6.33617,53.33847],[-6.33625,53.3385]],[[-6.33625,53.3385],[-6.33661,53.33861]],[[-6.33661,53.33861],[-6.33695,53.33867]],[[-6.33695,53.33867],[-6.33717,53.33871]],[[-6.33717,53.33871],[-6.33743,53.33874]],[[-6.33743,53.33874],[-6.33764,53.33876]],[[-6.33764,53.33876],[-6.33782,53.33877]],[[-6.33782,53.33877],[-6.33805,53.33878]],[[-6.33805,53.33878],[-6.33836,53.33878]],[[-6.33836,53.33878],[-6.33872,53.33877]],[[-6.33872,53.33877],[-6.339,53.33874]],[[-6.339,53.33874],[-6.33936,53.3387]]]},"properties":{"id":"osm:way/192997768","mode":"rail","name":"Irish Rail"}},{"type":"Feature","geometry":{"type":"MultiLineString","coordinates":[[[-6.34188,53.33821],[-6.34168,53.33823]],[[-6.34168,53.33823],[-6.34143,53.33825]],[[-6.34143,53.33825],[-6.34108,53.33828]],[[-6.34108,53.33828],[-6.34071,53.33832]],[[-6.34071,53.33832],[-6.34035,53.33834]],[[-6.34035,53.33834],[-6.33997,53.33837]],[[-6.33997,53.33837],[-6.33944,53.33839]],[[-6.33944,53.33839],[-6.33917,53.33842]],[[-6.33917,53.33842],[-6.33896,53.33843]],[[-6.33896,53.33843],[-6.33873,53.33845]],[[-6.33873,53.33845],[-6.33855,53.33845]],[[-6.33855,53.33845],[-6.33837,53.33845]],[[-6.33837,53.33845],[-6.33806,53.33843]],[[-6.33806,53.33843],[-6.33773,53.33839]],[[-6.33773,53.33839],[-6.33737,53.33835]],[[-6.33737,53.33835],[-6.33599,53.33813]],[[-6.33599,53.33813],[-6.33518,53.338]],[[-6.33518,53.338],[-6.33485,53.33794]],[[-6.33485,53.33794],[-6.33459,53.33788]],[[-6.33459,53.33788],[-6.33434,53.3378]],[[-6.33434,53.3378],[-6.33407,53.33772]],[[-6.33407,53.33772],[-6.33384,53.33767]],[[-6.33384,53.33767],[-6.3336,53.33762]],[[-6.3336,53.33762],[-6.33346,53.33761]],[[-6.33346,53.33761],[-6.33333,53.3376]],[[-6.33333,53.3376],[-6.33317,53.3376]],[[-6.33317,53.3376],[-6.33297,53.33761]],[[-6.33297,53.33761],[-6.33276,53.33763]],[[-6.33276,53.33763],[-6.33259,53.33765]],[[-6.33259,53.33765],[-6.33192,53.33777]]]},"properties":{"id":"osm:way/192997769","mode":"rail","name":"Irish Rail"}},{"type":"Feature","geometry":{"type":"MultiLineString","coordinates":[[[-6.33541,53.33815],[-6.33563,53.33822]],[[-6.33563,53.33822],[-6.33577,53.33826]],[[-6.33577,53.33826],[-6.33608,53.33833]],[[-6.33608,53.33833],[-6.33637,53.33837]],[[-6.33637,53.33837],[-6.33714,53.33844]]]},"properties":{"id":"osm:way/192997773","mode":"rail","name":"Irish Rail"}},{"type":"Feature","geometry":{"type":"MultiLineString","coordinates":[[[-6.33661,53.33861],[-6.3362,53.33853]],[[-6.3362,53.33853],[-6.33614,53.33851]],[[-6.33614,53.33851],[-6.33592,53.33846]],[[-6.33592,53.33846],[-6.33575,53.33843]],[[-6.33575,53.33843],[-6.33557,53.33841]],[[-6.33557,53.33841],[-6.33537,53.3384]],[[-6.33537,53.3384],[-6.33525,53.33841]],[[-6.33525,53.33841],[-6.33509,53.33842]],[[-6.33509,53.33842],[-6.33447,53.33848]],[[-6.33447,53.33848],[-6.33409,53.33853]],[[-6.33409,53.33853],[-6.3337,53.33859]],[[-6.3337,53.33859],[-6.33347,53.33864]],[[-6.33347,53.33864],[-6.33297,53.33874]],[[-6.33297,53.33874],[-6.33292,53.33876]]]},"properties":{"id":"osm:way/192997774","mode":"rail","name":"Irish Rail"}},{"type":"Feature","geometry":{"type":"MultiLineString","coordinates":[[[-6.34231,53.33812],[-6.3421,53.33815]],[[-6.3421,53.33815],[-6.34191,53.33817]],[[-6.34191,53.33817],[-6.34182,53.33818]],[[-6.34182,53.33818],[-6.34171,53.33818]],[[-6.34171,53.33818],[-6.3415,53.33818]],[[-6.3415,53.33818],[-6.34128,53.33817]],[[-6.34128,53.33817],[-6.34112,53.33816]],[[-6.34112,53.33816],[-6.34098,53.33814]],[[-6.34098,53.33814],[-6.34083,53.33811]],[[-6.34083,53.33811],[-6.3407,53.33808]],[[-6.3407,53.33808],[-6.34055,53.33803]],[[-6.34055,53.33803],[-6.34036,53.33795]],[[-6.34036,53.33795],[-6.34008,53.33781]],[[-6.34008,53.33781],[-6.33966,53.33753]],[[-6.33966,53.33753],[-6.33956,53.33746]],[[-6.33956,53.33746],[-6.33947,53.33742]],[[-6.33947,53.33742],[-6.33935,53.33736]],[[-6.33935,53.33736],[-6.33818,53.33693]]]},"properties":{"id":"osm:way/192997775","mode":"rail","name":"Irish Rail"}},{"type":"Feature","geometry":{"type":"MultiLineString","coordinates":[[[-6.28578,53.36891],[-6.28512,53.36902]],[[-6.28512,53.36902],[-6.28451,53.36913]]]},"properties":{"id":"osm:way/227712173","mode":"rail","name":"Irish Rail"}},{"type":"Feature","geometry":{"type":"LineString","coordinates":[[-6.27501,53.36545],[-6.2753,53.36554]]},"properties":{"id":"osm:way/227712174","mode":"rail","name":"Irish Rail"}},{"type":"Feature","geometry":{"type":"LineString","coordinates":[[-6.27397,53.36514],[-6.27501,53.36545]]},"properties":{"id":"osm:way/227712175","mode":"rail","name":"Irish Rail"}},{"type":"Feature","geometry":{"type":"LineString","coordinates":[[-6.11292,53.25748],[-6.1129,53.25757]]},"properties":{"id":"osm:way/227779941","mode":"rail","name":"Irish Rail"}},{"type":"Feature","geometry":{"type":"MultiLineString","coordinates":[[[-6.113,53.2563],[-6.11298,53.25675]],[[-6.11298,53.25675],[-6.11295,53.2572]],[[-6.11295,53.2572],[-6.11292,53.25748]]]},"properties":{"id":"osm:way/227779942","mode":"rail","name":"Irish Rail"}},{"type":"Feature","geometry":{"type":"MultiLineString","coordinates":[[[-6.20136,53.27172],[-6.20143,53.27166]],[[-6.20143,53.27166],[-6.2015,53.27161]],[[-6.2015,53.27161],[-6.20173,53.27146]],[[-6.20173,53.27146],[-6.20193,53.27133]]]},"properties":{"id":"osm:way/228186718","mode":"luas","name":"Luas"}},{"type":"Feature","geometry":{"type":"MultiLineString","coordinates":[[[-6.20193,53.27133],[-6.20213,53.27121]],[[-6.20213,53.27121],[-6.20248,53.27097]],[[-6.20248,53.27097],[-6.20307,53.27059]],[[-6.20307,53.27059],[-6.20329,53.27045]],[[-6.20329,53.27045],[-6.20343,53.27036]],[[-6.20343,53.27036],[-6.20383,53.2701]],[[-6.20383,53.2701],[-6.20411,53.26991]],[[-6.20411,53.26991],[-6.20421,53.26985]],[[-6.20421,53.26985],[-6.2043,53.26979]],[[-6.2043,53.26979],[-6.20439,53.26973]],[[-6.20439,53.26973],[-6.20449,53.26965]],[[-6.20449,53.26965],[-6.20459,53.26956]],[[-6.20459,53.26956],[-6.20466,53.2695]],[[-6.20466,53.2695],[-6.20471,53.26945]],[[-6.20471,53.26945],[-6.20476,53.26939]],[[-6.20476,53.26939],[-6.20486,53.26927]]]},"properties":{"id":"osm:way/228186719","mode":"luas","name":"Luas"}},{"type":"Feature","geometry":{"type":"LineString","coordinates":[[-6.2023,53.27623],[-6.20056,53.27564]]},"properties":{"id":"osm:way/228243901","mode":"luas","name":"Luas"}},{"type":"Feature","geometry":{"type":"MultiLineString","coordinates":[[[-6.20294,53.2768],[-6.20286,53.27672]],[[-6.20286,53.27672],[-6.20283,53.27669]],[[-6.20283,53.27669],[-6.20279,53.27667]],[[-6.20279,53.27667],[-6.20275,53.27665]],[[-6.20275,53.27665],[-6.20269,53.27662]],[[-6.20269,53.27662],[-6.20057,53.27591]],[[-6.20057,53.27591],[-6.20037,53.27584]],[[-6.20037,53.27584],[-6.20032,53.27582]],[[-6.20032,53.27582],[-6.20027,53.27582]],[[-6.20027,53.27582],[-6.20021,53.27581]],[[-6.20021,53.27581],[-6.20017,53.27581]],[[-6.20017,53.27581],[-6.2001,53.27581]],[[-6.2001,53.27581],[-6.19998,53.27583]],[[-6.19998,53.27583],[-6.19992,53.27583]],[[-6.19992,53.27583],[-6.19986,53.27584]],[[-6.19986,53.27584],[-6.19976,53.27585]],[[-6.19976,53.27585],[-6.19969,53.27584]],[[-6.19969,53.27584],[-6.19957,53.27582]]]},"properties":{"id":"osm:way/228243902","mode":"luas","name":"Luas"}},{"type":"Feature","geometry":{"type":"MultiLineString","coordinates":[[[-6.20321,53.27707],[-6.20315,53.27702]],[[-6.20315,53.27702],[-6.20311,53.27698]],[[-6.20311,53.27698],[-6.20302,53.27689]],[[-6.20302,53.27689],[-6.20294,53.2768]],[[-6.20294,53.2768],[-6.20287,53.27675]],[[-6.20287,53.27675],[-6.2028,53.27672]],[[-6.2028,53.27672],[-6.20273,53.27669]],[[-6.20273,53.27669],[-6.20265,53.27666]],[[-6.20265,53.27666],[-6.20036,53.27589]],[[-6.20036,53.27589],[-6.20028,53.27586]],[[-6.20028,53.27586],[-6.20021,53.27584]],[[-6.20021,53.27584],[-6.20016,53.27583]],[[-6.20016,53.27583],[-6.2001,53.27583]],[[-6.2001,53.27583],[-6.19998,53.27583]]]},"properties":{"id":"osm:way/228243903","mode":"luas","name":"Luas"}},{"type":"Feature","geometry":{"type":"MultiLineString","coordinates":[[[-6.20392,53.27727],[-6.20441,53.27744]],[[-6.20441,53.27744],[-6.20497,53.27763]],[[-6.20497,53.27763],[-6.20529,53.27774]],[[-6.20529,53.27774],[-6.20537,53.27777]],[[-6.20537,53.27777],[-6.20547,53.27781]],[[-6.20547,53.27781],[-6.2056,53.27786]],[[-6.2056,53.27786],[-6.20569,53.27791]],[[-6.20569,53.27791],[-6.20581,53.27796]],[[-6.20581,53.27796],[-6.20593,53.27802]]]},"properties":{"id":"osm:way/228243904","mode":"luas","name":"Luas"}},{"type":"Feature","geometry":{"type":"MultiLineString","coordinates":[[[-6.20008,53.27599],[-6.20091,53.27628]],[[-6.20091,53.27628],[-6.20251,53.27682]],[[-6.20251,53.27682],[-6.20287,53.27694]],[[-6.20287,53.27694],[-6.20296,53.27697]],[[-6.20296,53.27697],[-6.20303,53.277]]]},"properties":{"id":"osm:way/228243905","mode":"luas","name":"Luas"}},{"type":"Feature","geometry":{"type":"MultiLineString","coordinates":[[[-6.20377,53.27729],[-6.20341,53.27717]],[[-6.20341,53.27717],[-6.20319,53.27709]],[[-6.20319,53.27709],[-6.20289,53.27699]]]},"properties":{"id":"osm:way/228243907","mode":"luas","name":"Luas"}},{"type":"Feature","geometry":{"type":"MultiLineString","coordinates":[[[-6.20219,53.27634],[-6.20255,53.27646]],[[-6.20255,53.27646],[-6.20263,53.27649]],[[-6.20263,53.27649],[-6.20268,53.27652]],[[-6.20268,53.27652],[-6.20275,53.27656]],[[-6.20275,53.27656],[-6.20281,53.2766]],[[-6.20281,53.2766],[-6.20287,53.27665]],[[-6.20287,53.27665],[-6.20292,53.2767]],[[-6.20292,53.2767],[-6.20296,53.27675]],[[-6.20296,53.27675],[-6.20302,53.27681]],[[-6.20302,53.27681],[-6.20304,53.27684]]]},"properties":{"id":"osm:way/228243912","mode":"luas","name":"Luas"}},{"type":"Feature","geometry":{"type":"MultiLineString","coordinates":[[[-6.20392,53.27727],[-6.20408,53.27735]],[[-6.20408,53.27735],[-6.20418,53.27741]],[[-6.20418,53.27741],[-6.20427,53.27746]]]},"properties":{"id":"osm:way/228243913","mode":"luas","name":"Luas"}},{"type":"Feature","geometry":{"type":"MultiLineString","coordinates":[[[-6.19973,53.27587],[-6.19982,53.27589]],[[-6.19982,53.27589],[-6.19986,53.2759]],[[-6.19986,53.2759],[-6.19992,53.2759]],[[-6.19992,53.2759],[-6.19996,53.2759]],[[-6.19996,53.2759],[-6.2,53.2759]],[[-6.2,53.2759],[-6.20008,53.27592]],[[-6.20008,53.27592],[-6.20013,53.27593]],[[-6.20013,53.27593],[-6.20021,53.27596]],[[-6.20021,53.27596],[-6.20257,53.27675]],[[-6.20257,53.27675],[-6.20278,53.27683]],[[-6.20278,53.27683],[-6.20286,53.27686]],[[-6.20286,53.27686],[-6.20294,53.27689]],[[-6.20294,53.27689],[-6.20299,53.27693]]]},"properties":{"id":"osm:way/228243915","mode":"luas","name":"Luas"}},{"type":"Feature","geometry":{"type":"MultiLineString","coordinates":[[[-6.19998,53.27586],[-6.20003,53.27587]],[[-6.20003,53.27587],[-6.2001,53.27589]],[[-6.2001,53.27589],[-6.20018,53.27591]],[[-6.20018,53.27591],[-6.20259,53.27673]],[[-6.20259,53.27673],[-6.20279,53.27679]],[[-6.20279,53.27679],[-6.20283,53.27681]],[[-6.20283,53.27681],[-6.20287,53.27684]],[[-6.20287,53.27684],[-6.20291,53.27686]],[[-6.20291,53.27686],[-6.20299,53.27693]],[[-6.20299,53.27693],[-6.20308,53.27699]],[[-6.20308,53.27699],[-6.20311,53.27701]],[[-6.20311,53.27701],[-6.20316,53.27704]],[[-6.20316,53.27704],[-6.20321,53.27707]],[[-6.20321,53.27707],[-6.20325,53.27709]],[[-6.20325,53.27709],[-6.20332,53.27713]],[[-6.20332,53.27713],[-6.20341,53.27717]]]},"properties":{"id":"osm:way/228243916","mode":"luas","name":"Luas"}},{"type":"Feature","geometry":{"type":"MultiLineString","coordinates":[[[-6.19976,53.27585],[-6.19986,53.27585]],[[-6.19986,53.27585],[-6.19998,53.27586]],[[-6.19998,53.27586],[-6.20011,53.27586]],[[-6.20011,53.27586],[-6.20017,53.27587]],[[-6.20017,53.27587],[-6.20023,53.27589]],[[-6.20023,53.27589],[-6.20031,53.27591]],[[-6.20031,53.27591],[-6.20262,53.27669]],[[-6.20262,53.27669],[-6.20278,53.27674]],[[-6.20278,53.27674],[-6.20285,53.27677]],[[-6.20285,53.27677],[-6.20289,53.2768]],[[-6.20289,53.2768],[-6.20294,53.27683]],[[-6.20294,53.27683],[-6.20299,53.27686]],[[-6.20299,53.27686],[-6.20302,53.27689]]]},"properties":{"id":"osm:way/228243917","mode":"luas","name":"Luas"}},{"type":"Feature","geometry":{"type":"MultiLineString","coordinates":[[[-6.20319,53.27709],[-6.20309,53.27705]],[[-6.20309,53.27705],[-6.20304,53.27701]],[[-6.20304,53.27701],[-6.20303,53.277]],[[-6.20303,53.277],[-6.20298,53.27697]],[[-6.20298,53.27697],[-6.20293,53.27694]],[[-6.20293,53.27694],[-6.20289,53.27691]],[[-6.20289,53.27691],[-6.20283,53.27688]],[[-6.20283,53.27688],[-6.20268,53.27684]],[[-6.20268,53.27684],[-6.20254,53.27679]],[[-6.20254,53.27679],[-6.20021,53.276]],[[-6.20021,53.276],[-6.20014,53.27598]],[[-6.20014,53.27598],[-6.20009,53.27597]],[[-6.20009,53.27597],[-6.20005,53.27596]],[[-6.20005,53.27596],[-6.2,53.27595]],[[-6.2,53.27595],[-6.19989,53.27593]]]},"properties":{"id":"osm:way/228243918","mode":"luas","name":"Luas"}},{"type":"Feature","geometry":{"type":"MultiLineString","coordinates":[[[-6.25921,53.34845],[-6.25899,53.34849]],[[-6.25899,53.34849],[-6.25856,53.34855]],[[-6.25856,53.34855],[-6.25817,53.34861]],[[-6.25817,53.34861],[-6.25778,53.34867]],[[-6.25778,53.34867],[-6.25768,53.34869]],[[-6.25768,53.34869],[-6.2576,53.3487]],[[-6.2576,53.3487],[-6.25759,53.3487]],[[-6.25759,53.3487],[-6.25734,53.34874]],[[-6.25734,53.34874],[-6.25704,53.34879]],[[-6.25704,53.34879],[-6.25687,53.34881]],[[-6.25687,53.34881],[-6.25633,53.3489]],[[-6.25633,53.3489],[-6.25608,53.34894]],[[-6.25608,53.34894],[-6.25546,53.34905]],[[-6.25546,53.34905],[-6.25509,53.34912]],[[-6.25509,53.34912],[-6.25504,53.34914]],[[-6.25504,53.34914],[-6.25488,53.34917]],[[-6.25488,53.34917],[-6.25478,53.3492]],[[-6.25478,53.3492],[-6.25471,53.34921]],[[-6.25471,53.34921],[-6.25441,53.3493]],[[-6.25441,53.3493],[-6.25411,53.3494]],[[-6.25411,53.3494],[-6.25387,53.34947]],[[-6.25387,53.34947],[-6.25377,53.34949]],[[-6.25377,53.34949],[-6.25367,53.34951]],[[-6.25367,53.34951],[-6.25361,53.34952]],[[-6.25361,53.34952],[-6.2535,53.34953]],[[-6.2535,53.34953],[-6.25336,53.34954]],[[-6.25336,53.34954],[-6.25314,53.34956]],[[-6.25314,53.34956],[-6.25303,53.34956]]]},"properties":{"id":"osm:way/233672951","mode":"luas","name":"Luas"}},{"type":"Feature","geometry":{"type":"MultiLineString","coordinates":[[[-6.12879,53.29144],[-6.12916,53.29173]],[[-6.12916,53.29173],[-6.12952,53.29201]],[[-6.12952,53.29201],[-6.12972,53.29217]],[[-6.12972,53.29217],[-6.13009,53.29242]],[[-6.13009,53.29242],[-6.13086,53.29299]]]},"properties":{"id":"osm:way/244542879","mode":"rail","name":"Irish Rail"}},{"type":"Feature","geometry":{"type":"LineString","coordinates":[[-6.2523,53.34532],[-6.25211,53.34515]]},"properties":{"id":"osm:way/246064394","mode":"rail","name":"Irish Rail"}},{"type":"Feature","geometry":{"type":"MultiLineString","coordinates":[[[-6.25211,53.34515],[-6.25194,53.345]],[[-6.25194,53.345],[-6.25161,53.3447]]]},"properties":{"id":"osm:way/246064395","mode":"rail","name":"Irish Rail"}},{"type":"Feature","geometry":{"type":"MultiLineString","coordinates":[[[-6.25309,53.34599],[-6.25294,53.34588]],[[-6.25294,53.34588],[-6.25284,53.34578]]]},"properties":{"id":"osm:way/246065297","mode":"rail","name":"Irish Rail"}},{"type":"Feature","geometry":{"type":"MultiLineString","coordinates":[[[-6.25284,53.34578],[-6.25244,53.34544]],[[-6.25244,53.34544],[-6.2523,53.34532]]]},"properties":{"id":"osm:way/246065298","mode":"rail","name":"Irish Rail"}},{"type":"Feature","geometry":{"type":"MultiLineString","coordinates":[[[-6.3039,53.34712],[-6.30391,53.34708]],[[-6.30391,53.34708],[-6.30391,53.34704]],[[-6.30391,53.34704],[-6.30391,53.34696]],[[-6.30391,53.34696],[-6.30391,53.34689]],[[-6.30391,53.34689],[-6.30391,53.34657]],[[-6.30391,53.34657],[-6.30391,53.34644]],[[-6.30391,53.34644],[-6.30392,53.34634]],[[-6.30392,53.34634],[-6.30393,53.34625]],[[-6.30393,53.34625],[-6.30395,53.34616]],[[-6.30395,53.34616],[-6.30398,53.34605]],[[-6.30398,53.34605],[-6.30401,53.34594]],[[-6.30401,53.34594],[-6.30406,53.34583]],[[-6.30406,53.34583],[-6.3041,53.34574]],[[-6.3041,53.34574],[-6.30414,53.34565]],[[-6.30414,53.34565],[-6.3042,53.34555]],[[-6.3042,53.34555],[-6.30426,53.34546]],[[-6.30426,53.34546],[-6.30432,53.34538]],[[-6.30432,53.34538],[-6.30439,53.3453]],[[-6.30439,53.3453],[-6.30448,53.34519]],[[-6.30448,53.34519],[-6.30457,53.3451]],[[-6.30457,53.3451],[-6.30468,53.345]],[[-6.30468,53.345],[-6.30482,53.34488]],[[-6.30482,53.34488],[-6.30494,53.34479]],[[-6.30494,53.34479],[-6.30508,53.34469]]]},"properties":{"id":"osm:way/252978391","mode":"rail","name":"Irish Rail"}},{"type":"Feature","geometry":{"type":"MultiLineString","coordinates":[[[-6.30391,53.34657],[-6.30392,53.34671]],[[-6.30392,53.34671],[-6.30396,53.34704]],[[-6.30396,53.34704],[-6.30398,53.3472]]]},"properties":{"id":"osm:way/252978392","mode":"rail","name":"Irish Rail"}},{"type":"Feature","geometry":{"type":"LineString","coordinates":[[-6.30404,53.34785],[-6.30404,53.3484]]},"properties":{"id":"osm:way/252978393","mode":"rail","name":"Irish Rail"}},{"type":"Feature","geometry":{"type":"MultiLineString","coordinates":[[[-6.30397,53.34655],[-6.30397,53.34673]],[[-6.30397,53.34673],[-6.30402,53.34706]],[[-6.30402,53.34706],[-6.30403,53.3472]]]},"properties":{"id":"osm:way/252978394","mode":"rail","name":"Irish Rail"}},{"type":"Feature","geometry":{"type":"MultiLineString","coordinates":[[[-6.30199,53.34716],[-6.30207,53.34712]],[[-6.30207,53.34712],[-6.30243,53.34694]],[[-6.30243,53.34694],[-6.30258,53.34686]],[[-6.30258,53.34686],[-6.30277,53.34674]],[[-6.30277,53.34674],[-6.30294,53.34661]],[[-6.30294,53.34661],[-6.30306,53.34652]],[[-6.30306,53.34652],[-6.30318,53.34642]],[[-6.30318,53.34642],[-6.3033,53.34631]],[[-6.3033,53.34631],[-6.3035,53.34608]],[[-6.3035,53.34608],[-6.30383,53.34571]]]},"properties":{"id":"osm:way/252978396","mode":"rail","name":"Irish Rail"}},{"type":"Feature","geometry":{"type":"MultiLineString","coordinates":[[[-6.30216,53.34616],[-6.30202,53.34618]],[[-6.30202,53.34618],[-6.30189,53.34621]],[[-6.30189,53.34621],[-6.30164,53.34626]],[[-6.30164,53.34626],[-6.30149,53.34628]],[[-6.30149,53.34628],[-6.30128,53.3463]],[[-6.30128,53.3463],[-6.30104,53.34633]],[[-6.30104,53.34633],[-6.29969,53.34643]],[[-6.29969,53.34643],[-6.29929,53.34646]],[[-6.29929,53.34646],[-6.29913,53.34648]]]},"properties":{"id":"osm:way/252978400","mode":"rail","name":"Irish Rail"}},{"type":"Feature","geometry":{"type":"MultiLineString","coordinates":[[[-6.30255,53.34601],[-6.30233,53.34606]],[[-6.30233,53.34606],[-6.30213,53.3461]],[[-6.30213,53.3461],[-6.30196,53.34613]],[[-6.30196,53.34613],[-6.30179,53.34616]],[[-6.30179,53.34616],[-6.30163,53.34618]],[[-6.30163,53.34618],[-6.30143,53.3462]],[[-6.30143,53.3462],[-6.30005,53.34631]],[[-6.30005,53.34631],[-6.29888,53.34641]],[[-6.29888,53.34641],[-6.29836,53.34646]],[[-6.29836,53.34646],[-6.29818,53.34647]],[[-6.29818,53.34647],[-6.29805,53.34647]],[[-6.29805,53.34647],[-6.29791,53.34648]]]},"properties":{"id":"osm:way/252978401","mode":"rail","name":"Irish Rail"}},{"type":"Feature","geometry":{"type":"MultiLineString","coordinates":[[[-6.29773,53.34632],[-6.2996,53.34618]],[[-6.2996,53.34618],[-6.29975,53.34617]],[[-6.29975,53.34617],[-6.2999,53.34616]],[[-6.2999,53.34616],[-6.30003,53.34616]],[[-6.30003,53.34616],[-6.30016,53.34615]],[[-6.30016,53.34615],[-6.30029,53.34615]],[[-6.30029,53.34615],[-6.30041,53.34615]],[[-6.30041,53.34615],[-6.30061,53.34614]],[[-6.30061,53.34614],[-6.30077,53.34613]]]},"properties":{"id":"osm:way/252978403","mode":"rail","name":"Irish Rail"}},{"type":"Feature","geometry":{"type":"MultiLineString","coordinates":[[[-6.30011,53.34589],[-6.30036,53.34586]],[[-6.30036,53.34586],[-6.30053,53.34584]],[[-6.30053,53.34584],[-6.30074,53.34583]],[[-6.30074,53.34583],[-6.3009,53.34581]],[[-6.3009,53.34581],[-6.30108,53.3458]],[[-6.30108,53.3458],[-6.30152,53.34574]],[[-6.30152,53.34574],[-6.3018,53.3457]],[[-6.3018,53.3457],[-6.30202,53.34566]],[[-6.30202,53.34566],[-6.30235,53.34561]],[[-6.30235,53.34561],[-6.30259,53.34556]],[[-6.30259,53.34556],[-6.30282,53.34551]],[[-6.30282,53.34551],[-6.30303,53.34546]],[[-6.30303,53.34546],[-6.30324,53.3454]],[[-6.30324,53.3454],[-6.30347,53.34533]],[[-6.30347,53.34533],[-6.30369,53.34526]],[[-6.30369,53.34526],[-6.30384,53.34521]],[[-6.30384,53.34521],[-6.304,53.34515]],[[-6.304,53.34515],[-6.30418,53.34507]],[[-6.30418,53.34507],[-6.30439,53.34497]],[[-6.30439,53.34497],[-6.30474,53.34479]],[[-6.30474,53.34479],[-6.30524,53.34451]]]},"properties":{"id":"osm:way/252978408","mode":"rail","name":"Irish Rail"}},{"type":"Feature","geometry":{"type":"MultiLineString","coordinates":[[[-6.30454,53.34499],[-6.30431,53.34514]],[[-6.30431,53.34514],[-6.30416,53.34522]],[[-6.30416,53.34522],[-6.30399,53.3453]],[[-6.30399,53.3453],[-6.30381,53.34537]],[[-6.30381,53.34537],[-6.30363,53.34543]],[[-6.30363,53.34543],[-6.30341,53.34549]],[[-6.30341,53.34549],[-6.30302,53.34558]]]},"properties":{"id":"osm:way/252978410","mode":"rail","name":"Irish Rail"}},{"type":"Feature","geometry":{"type":"MultiLineString","coordinates":[[[-6.29914,53.34605],[-6.29934,53.34603]],[[-6.29934,53.34603],[-6.2996,53.346]],[[-6.2996,53.346],[-6.29973,53.34599]],[[-6.29973,53.34599],[-6.29986,53.34598]],[[-6.29986,53.34598],[-6.30001,53.34598]],[[-6.30001,53.34598],[-6.30013,53.34598]],[[-6.30013,53.34598],[-6.30026,53.34598]],[[-6.30026,53.34598],[-6.30046,53.346]],[[-6.30046,53.346],[-6.30065,53.346]],[[-6.30065,53.346],[-6.30081,53.34601]],[[-6.30081,53.34601],[-6.30099,53.34601]],[[-6.30099,53.34601],[-6.30117,53.346]],[[-6.30117,53.346],[-6.30138,53.34598]],[[-6.30138,53.34598],[-6.30159,53.34596]],[[-6.30159,53.34596],[-6.30207,53.3459]],[[-6.30207,53.3459],[-6.30236,53.34585]],[[-6.30236,53.34585],[-6.30264,53.3458]],[[-6.30264,53.3458],[-6.30282,53.34575]],[[-6.30282,53.34575],[-6.30299,53.34571]],[[-6.30299,53.34571],[-6.30318,53.34566]],[[-6.30318,53.34566],[-6.30336,53.3456]],[[-6.30336,53.3456],[-6.30354,53.34554]],[[-6.30354,53.34554],[-6.30368,53.34548]]]},"properties":{"id":"osm:way/252978411","mode":"rail","name":"Irish Rail"}},{"type":"Feature","geometry":{"type":"MultiLineString","coordinates":[[[-6.30113,53.34575],[-6.30154,53.3457]],[[-6.30154,53.3457],[-6.30178,53.34566]],[[-6.30178,53.34566],[-6.302,53.34563]],[[-6.302,53.34563],[-6.30221,53.34558]],[[-6.30221,53.34558],[-6.30238,53.34555]],[[-6.30238,53.34555],[-6.30281,53.34545]],[[-6.30281,53.34545],[-6.30322,53.34535]],[[-6.30322,53.34535],[-6.3034,53.3453]],[[-6.3034,53.3453],[-6.30358,53.34525]],[[-6.30358,53.34525],[-6.30376,53.34519]],[[-6.30376,53.34519],[-6.30398,53.34512]],[[-6.30398,53.34512],[-6.30416,53.34505]],[[-6.30416,53.34505],[-6.30438,53.34496]],[[-6.30438,53.34496],[-6.30474,53.34479]]]},"properties":{"id":"osm:way/252978415","mode":"rail","name":"Irish Rail"}},{"type":"Feature","geometry":{"type":"MultiLineString","coordinates":[[[-6.30011,53.34589],[-6.30105,53.34576]],[[-6.30105,53.34576],[-6.30113,53.34575]],[[-6.30113,53.34575],[-6.30127,53.34573]],[[-6.30127,53.34573],[-6.30141,53.3457]],[[-6.30141,53.3457],[-6.30153,53.34568]],[[-6.30153,53.34568],[-6.30189,53.34559]],[[-6.30189,53.34559],[-6.30217,53.34553]]]},"properties":{"id":"osm:way/252978417","mode":"rail","name":"Irish Rail"}},{"type":"Feature","geometry":{"type":"MultiLineString","coordinates":[[[-6.30312,53.3452],[-6.30282,53.34526]],[[-6.30282,53.34526],[-6.30252,53.34531]],[[-6.30252,53.34531],[-6.30215,53.34538]],[[-6.30215,53.34538],[-6.30175,53.34544]],[[-6.30175,53.34544],[-6.3014,53.34549]],[[-6.3014,53.34549],[-6.29991,53.3457]]]},"properties":{"id":"osm:way/252978419","mode":"rail","name":"Irish Rail"}},{"type":"Feature","geometry":{"type":"MultiLineString","coordinates":[[[-6.30215,53.34538],[-6.30196,53.3454]],[[-6.30196,53.3454],[-6.30176,53.34542]],[[-6.30176,53.34542],[-6.30159,53.34544]],[[-6.30159,53.34544],[-6.30141,53.34545]],[[-6.30141,53.34545],[-6.30125,53.34547]],[[-6.30125,53.34547],[-6.30104,53.3455]],[[-6.30104,53.3455],[-6.29989,53.34566]]]},"properties":{"id":"osm:way/252978420","mode":"rail","name":"Irish Rail"}},{"type":"Feature","geometry":{"type":"MultiLineString","coordinates":[[[-6.30358,53.3451],[-6.30346,53.34513]],[[-6.30346,53.34513],[-6.30334,53.34516]],[[-6.30334,53.34516],[-6.30323,53.34518]],[[-6.30323,53.34518],[-6.30312,53.3452]],[[-6.30312,53.3452],[-6.30292,53.34523]],[[-6.30292,53.34523],[-6.30269,53.34526]],[[-6.30269,53.34526],[-6.30197,53.34534]],[[-6.30197,53.34534],[-6.30185,53.34535]]]},"properties":{"id":"osm:way/252978422","mode":"rail","name":"Irish Rail"}},{"type":"Feature","geometry":{"type":"MultiLineString","coordinates":[[[-6.3034,53.34518],[-6.30322,53.34523]],[[-6.30322,53.34523],[-6.30304,53.34529]],[[-6.30304,53.34529],[-6.30282,53.34536]],[[-6.30282,53.34536],[-6.30263,53.34542]],[[-6.30263,53.34542],[-6.30249,53.34546]],[[-6.30249,53.34546],[-6.30225,53.34552]]]},"properties":{"id":"osm:way/252978423","mode":"rail","name":"Irish Rail"}},{"type":"Feature","geometry":{"type":"MultiLineString","coordinates":[[[-6.29871,53.34579],[-6.29884,53.34578]],[[-6.29884,53.34578],[-6.29908,53.34577]],[[-6.29908,53.34577],[-6.29931,53.34577]],[[-6.29931,53.34577],[-6.29947,53.34577]],[[-6.29947,53.34577],[-6.29963,53.34577]],[[-6.29963,53.34577],[-6.29982,53.34576]],[[-6.29982,53.34576],[-6.30011,53.34574]],[[-6.30011,53.34574],[-6.30035,53.34571]],[[-6.30035,53.34571],[-6.30063,53.34568]],[[-6.30063,53.34568],[-6.30106,53.34561]],[[-6.30106,53.34561],[-6.30135,53.34556]],[[-6.30135,53.34556],[-6.30164,53.34551]],[[-6.30164,53.34551],[-6.30203,53.34545]],[[-6.30203,53.34545],[-6.30245,53.34538]],[[-6.30245,53.34538],[-6.30279,53.34531]],[[-6.30279,53.34531],[-6.30311,53.34523]],[[-6.30311,53.34523],[-6.30335,53.34516]],[[-6.30335,53.34516],[-6.30358,53.3451]],[[-6.30358,53.3451],[-6.30376,53.34505]],[[-6.30376,53.34505],[-6.30394,53.34499]],[[-6.30394,53.34499],[-6.30422,53.34488]]]},"properties":{"id":"osm:way/252978424","mode":"rail","name":"Irish Rail"}},{"type":"Feature","geometry":{"type":"LineString","coordinates":[[-6.30106,53.34561],[-6.30007,53.34578]]},"properties":{"id":"osm:way/252978425","mode":"rail","name":"Irish Rail"}},{"type":"Feature","geometry":{"type":"MultiLineString","coordinates":[[[-6.29989,53.3458],[-6.29962,53.34583]],[[-6.29962,53.34583],[-6.29948,53.34583]],[[-6.29948,53.34583],[-6.29931,53.34584]],[[-6.29931,53.34584],[-6.29908,53.34584]],[[-6.29908,53.34584],[-6.29884,53.34585]],[[-6.29884,53.34585],[-6.29864,53.34586]],[[-6.29864,53.34586],[-6.29834,53.34588]],[[-6.29834,53.34588],[-6.29808,53.3459]],[[-6.29808,53.3459],[-6.29767,53.34593]]]},"properties":{"id":"osm:way/252978426","mode":"rail","name":"Irish Rail"}},{"type":"Feature","geometry":{"type":"MultiLineString","coordinates":[[[-6.29941,53.34591],[-6.29927,53.34592]],[[-6.29927,53.34592],[-6.29913,53.34593]],[[-6.29913,53.34593],[-6.29898,53.34594]],[[-6.29898,53.34594],[-6.29883,53.34594]],[[-6.29883,53.34594],[-6.29825,53.34594]],[[-6.29825,53.34594],[-6.29804,53.34595]],[[-6.29804,53.34595],[-6.29779,53.34596]]]},"properties":{"id":"osm:way/252978427","mode":"rail","name":"Irish Rail"}},{"type":"Feature","geometry":{"type":"MultiLineString","coordinates":[[[-6.30105,53.34576],[-6.30084,53.34578]],[[-6.30084,53.34578],[-6.3007,53.3458]],[[-6.3007,53.3458],[-6.30034,53.34581]],[[-6.30034,53.34581],[-6.30017,53.34583]],[[-6.30017,53.34583],[-6.29999,53.34584]]]},"properties":{"id":"osm:way/252978430","mode":"rail","name":"Irish Rail"}},{"type":"Feature","geometry":{"type":"MultiLineString","coordinates":[[[-6.30617,53.34398],[-6.30685,53.34371]],[[-6.30685,53.34371],[-6.30749,53.34352]]]},"properties":{"id":"osm:way/252978432","mode":"rail","name":"Irish Rail"}},{"type":"Feature","geometry":{"type":"MultiLineString","coordinates":[[[-6.30749,53.34352],[-6.30783,53.34342]],[[-6.30783,53.34342],[-6.30812,53.34336]]]},"properties":{"id":"osm:way/252978433","mode":"rail","name":"Irish Rail"}},{"type":"Feature","geometry":{"type":"MultiLineString","coordinates":[[[-6.27487,53.36561],[-6.27514,53.3657]],[[-6.27514,53.3657],[-6.27541,53.3658]],[[-6.27541,53.3658],[-6.27565,53.36589]],[[-6.27565,53.36589],[-6.2759,53.366]],[[-6.2759,53.366],[-6.27615,53.36611]],[[-6.27615,53.36611],[-6.27639,53.36623]],[[-6.27639,53.36623],[-6.27663,53.36636]],[[-6.27663,53.36636],[-6.27688,53.36649]],[[-6.27688,53.36649],[-6.2771,53.36664]],[[-6.2771,53.36664],[-6.2773,53.36678]],[[-6.2773,53.36678],[-6.27749,53.36693]],[[-6.27749,53.36693],[-6.27784,53.36723]],[[-6.27784,53.36723],[-6.27829,53.36769]],[[-6.27829,53.36769],[-6.27873,53.36812]],[[-6.27873,53.36812],[-6.27893,53.36828]],[[-6.27893,53.36828],[-6.27917,53.36845]],[[-6.27917,53.36845],[-6.27972,53.36875]],[[-6.27972,53.36875],[-6.27998,53.36886]],[[-6.27998,53.36886],[-6.28019,53.36894]]]},"properties":{"id":"osm:way/253388868","mode":"rail","name":"Irish Rail"}},{"type":"Feature","geometry":{"type":"MultiLineString","coordinates":[[[-6.28443,53.3691],[-6.28515,53.36897]],[[-6.28515,53.36897],[-6.2857,53.36887]]]},"properties":{"id":"osm:way/253388869","mode":"rail","name":"Irish Rail"}},{"type":"Feature","geometry":{"type":"LineString","coordinates":[[-6.28401,53.36918],[-6.28443,53.3691]]},"properties":{"id":"osm:way/253388870","mode":"rail","name":"Irish Rail"}},{"type":"Feature","geometry":{"type":"LineString","coordinates":[[-6.28451,53.36913],[-6.28407,53.36921]]},"properties":{"id":"osm:way/253388872","mode":"rail","name":"Irish Rail"}},{"type":"Feature","geometry":{"type":"LineString","coordinates":[[-6.2857,53.36887],[-6.28651,53.36872]]},"properties":{"id":"osm:way/253388873","mode":"rail","name":"Irish Rail"}},{"type":"Feature","geometry":{"type":"MultiLineString","coordinates":[[[-6.28651,53.36872],[-6.28678,53.36867]],[[-6.28678,53.36867],[-6.28697,53.36863]],[[-6.28697,53.36863],[-6.28716,53.36859]],[[-6.28716,53.36859],[-6.28733,53.36855]],[[-6.28733,53.36855],[-6.28752,53.36849]],[[-6.28752,53.36849],[-6.28772,53.36843]],[[-6.28772,53.36843],[-6.28793,53.36835]],[[-6.28793,53.36835],[-6.28822,53.36822]],[[-6.28822,53.36822],[-6.28853,53.36807]],[[-6.28853,53.36807],[-6.28875,53.36794]],[[-6.28875,53.36794],[-6.2889,53.36783]],[[-6.2889,53.36783],[-6.28902,53.36775]],[[-6.28902,53.36775],[-6.2892,53.36758]],[[-6.2892,53.36758],[-6.28937,53.36742]],[[-6.28937,53.36742],[-6.28948,53.3673]],[[-6.28948,53.3673],[-6.28958,53.36717]],[[-6.28958,53.36717],[-6.28966,53.36705]],[[-6.28966,53.36705],[-6.28972,53.36695]],[[-6.28972,53.36695],[-6.2898,53.36681]],[[-6.2898,53.36681],[-6.28992,53.36659]],[[-6.28992,53.36659],[-6.29012,53.36621]],[[-6.29012,53.36621],[-6.29033,53.36585]],[[-6.29033,53.36585],[-6.29039,53.36573]],[[-6.29039,53.36573],[-6.29066,53.36524]],[[-6.29066,53.36524],[-6.29084,53.36492]],[[-6.29084,53.36492],[-6.29102,53.36458]],[[-6.29102,53.36458],[-6.2912,53.36425]],[[-6.2912,53.36425],[-6.2914,53.3639]],[[-6.2914,53.3639],[-6.29154,53.36365]],[[-6.29154,53.36365],[-6.29157,53.36357]],[[-6.29157,53.36357],[-6.29174,53.36328]],[[-6.29174,53.36328],[-6.29195,53.36289]],[[-6.29195,53.36289],[-6.29222,53.3624]],[[-6.29222,53.3624],[-6.2924,53.36209]],[[-6.2924,53.36209],[-6.29269,53.36157]],[[-6.29269,53.36157],[-6.29288,53.36123]],[[-6.29288,53.36123],[-6.2931,53.3608]],[[-6.2931,53.3608],[-6.29327,53.3605]],[[-6.29327,53.3605],[-6.29344,53.3602]],[[-6.29344,53.3602],[-6.29364,53.35984]],[[-6.29364,53.35984],[-6.29374,53.35967]],[[-6.29374,53.35967],[-6.29396,53.35927]],[[-6.29396,53.35927],[-6.29414,53.35892]],[[-6.29414,53.35892],[-6.29444,53.35838]],[[-6.29444,53.35838],[-6.29469,53.35793]],[[-6.29469,53.35793],[-6.29493,53.35751]],[[-6.29493,53.35751],[-6.2951,53.35719]],[[-6.2951,53.35719],[-6.29537,53.3567]],[[-6.29537,53.3567],[-6.29555,53.35636]],[[-6.29555,53.35636],[-6.29561,53.35626]],[[-6.29561,53.35626],[-6.29587,53.35577]],[[-6.29587,53.35577],[-6.29603,53.3555]],[[-6.29603,53.3555],[-6.2963,53.35501]],[[-6.2963,53.35501],[-6.29658,53.35451]],[[-6.29658,53.35451],[-6.29674,53.35424]],[[-6.29674,53.35424],[-6.29681,53.35413]],[[-6.29681,53.35413],[-6.2969,53.35401]],[[-6.2969,53.35401],[-6.29698,53.35391]],[[-6.29698,53.35391],[-6.29713,53.35375]],[[-6.29713,53.35375],[-6.29729,53.35361]],[[-6.29729,53.35361],[-6.29745,53.35347]],[[-6.29745,53.35347],[-6.29762,53.35335]],[[-6.29762,53.35335],[-6.29783,53.35322]],[[-6.29783,53.35322],[-6.29804,53.35311]],[[-6.29804,53.35311],[-6.29833,53.35297]]]},"properties":{"id":"osm:way/253388874","mode":"rail","name":"Irish Rail"}},{"type":"Feature","geometry":{"type":"MultiLineString","coordinates":[[[-6.29833,53.35297],[-6.29863,53.35285]],[[-6.29863,53.35285],[-6.29918,53.35265]],[[-6.29918,53.35265],[-6.29992,53.3524]],[[-6.29992,53.3524],[-6.30033,53.35226]],[[-6.30033,53.35226],[-6.30121,53.352]],[[-6.30121,53.352],[-6.30175,53.35181]],[[-6.30175,53.35181],[-6.3021,53.35165]],[[-6.3021,53.35165],[-6.30238,53.35151]],[[-6.30238,53.35151],[-6.30269,53.35134]],[[-6.30269,53.35134],[-6.30301,53.35115]],[[-6.30301,53.35115],[-6.3033,53.35093]],[[-6.3033,53.35093],[-6.30346,53.35077]],[[-6.30346,53.35077],[-6.30362,53.35059]],[[-6.30362,53.35059],[-6.30377,53.35038]],[[-6.30377,53.35038],[-6.30387,53.35021]],[[-6.30387,53.35021],[-6.30392,53.35011]],[[-6.30392,53.35011],[-6.30395,53.35003]],[[-6.30395,53.35003],[-6.30398,53.34992]],[[-6.30398,53.34992],[-6.30399,53.3498]],[[-6.30399,53.3498],[-6.30399,53.34945]],[[-6.30399,53.34945],[-6.30399,53.34904]],[[-6.30399,53.34904],[-6.304,53.3484]]]},"properties":{"id":"osm:way/253388875","mode":"rail","name":"Irish Rail"}},{"type":"Feature","geometry":{"type":"LineString","coordinates":[[-6.30403,53.3472],[-6.30404,53.34785]]},"properties":{"id":"osm:way/253388876","mode":"rail","name":"Irish Rail"}},{"type":"Feature","geometry":{"type":"MultiLineString","coordinates":[[[-6.30403,53.3472],[-6.30402,53.34698]],[[-6.30402,53.34698],[-6.30402,53.34676]],[[-6.30402,53.34676],[-6.30403,53.34656]],[[-6.30403,53.34656],[-6.30403,53.3465]],[[-6.30403,53.3465],[-6.30403,53.34645]],[[-6.30403,53.34645],[-6.30405,53.34634]],[[-6.30405,53.34634],[-6.30408,53.34621]],[[-6.30408,53.34621],[-6.30411,53.3461]],[[-6.30411,53.3461],[-6.30416,53.34596]],[[-6.30416,53.34596],[-6.30422,53.34583]],[[-6.30422,53.34583],[-6.30428,53.3457]],[[-6.30428,53.3457],[-6.30437,53.34557]],[[-6.30437,53.34557],[-6.30448,53.34542]],[[-6.30448,53.34542],[-6.30459,53.34528]],[[-6.30459,53.34528],[-6.30471,53.34515]],[[-6.30471,53.34515],[-6.30483,53.34503]],[[-6.30483,53.34503],[-6.30499,53.34489]],[[-6.30499,53.34489],[-6.3052,53.34473]],[[-6.3052,53.34473],[-6.30535,53.34463]],[[-6.30535,53.34463],[-6.30549,53.34454]],[[-6.30549,53.34454],[-6.30558,53.34449]],[[-6.30558,53.34449],[-6.30594,53.34432]],[[-6.30594,53.34432],[-6.30648,53.34408]],[[-6.30648,53.34408],[-6.30668,53.34399]]]},"properties":{"id":"osm:way/253388877","mode":"rail","name":"Irish Rail"}},{"type":"Feature","geometry":{"type":"MultiLineString","coordinates":[[[-6.27161,53.36451],[-6.27072,53.36431]],[[-6.27072,53.36431],[-6.26897,53.3639]],[[-6.26897,53.3639],[-6.26707,53.36347]],[[-6.26707,53.36347],[-6.26571,53.36315]],[[-6.26571,53.36315],[-6.26311,53.36255]],[[-6.26311,53.36255],[-6.26178,53.36224]],[[-6.26178,53.36224],[-6.26141,53.36216]],[[-6.26141,53.36216],[-6.26102,53.36206]],[[-6.26102,53.36206],[-6.26065,53.36198]],[[-6.26065,53.36198],[-6.26026,53.36188]],[[-6.26026,53.36188],[-6.25974,53.36174]],[[-6.25974,53.36174],[-6.2595,53.36167]],[[-6.2595,53.36167],[-6.25932,53.36161]],[[-6.25932,53.36161],[-6.25906,53.36153]],[[-6.25906,53.36153],[-6.25875,53.36145]],[[-6.25875,53.36145],[-6.25842,53.36137]],[[-6.25842,53.36137],[-6.25725,53.36109]],[[-6.25725,53.36109],[-6.25566,53.36071]],[[-6.25566,53.36071],[-6.25449,53.36044]],[[-6.25449,53.36044],[-6.25397,53.36033]],[[-6.25397,53.36033],[-6.25345,53.36022]],[[-6.25345,53.36022],[-6.25295,53.36013]]]},"properties":{"id":"osm:way/253388878","mode":"rail","name":"Irish Rail"}},{"type":"Feature","geometry":{"type":"MultiLineString","coordinates":[[[-6.25039,53.35957],[-6.25084,53.35967]],[[-6.25084,53.35967],[-6.25243,53.36002]],[[-6.25243,53.36002],[-6.25295,53.36013]]]},"properties":{"id":"osm:way/253388879","mode":"rail","name":"Irish Rail"}},{"type":"Feature","geometry":{"type":"MultiLineString","coordinates":[[[-6.22656,53.3511],[-6.22724,53.35114]],[[-6.22724,53.35114],[-6.22857,53.35122]],[[-6.22857,53.35122],[-6.22886,53.35124]],[[-6.22886,53.35124],[-6.22916,53.35125]],[[-6.22916,53.35125],[-6.22948,53.35126]],[[-6.22948,53.35126],[-6.23031,53.35127]],[[-6.23031,53.35127],[-6.23066,53.35127]],[[-6.23066,53.35127],[-6.2308,53.35127]],[[-6.2308,53.35127],[-6.23094,53.35127]],[[-6.23094,53.35127],[-6.23104,53.35127]],[[-6.23104,53.35127],[-6.23115,53.35127]],[[-6.23115,53.35127],[-6.23129,53.35128]],[[-6.23129,53.35128],[-6.23188,53.35132]],[[-6.23188,53.35132],[-6.23204,53.35133]],[[-6.23204,53.35133],[-6.2322,53.35134]],[[-6.2322,53.35134],[-6.23235,53.35136]]]},"properties":{"id":"osm:way/253503634","mode":"rail","name":"Irish Rail"}},{"type":"Feature","geometry":{"type":"MultiLineString","coordinates":[[[-6.23825,53.35259],[-6.23814,53.35249]],[[-6.23814,53.35249],[-6.23804,53.35241]],[[-6.23804,53.35241],[-6.23793,53.35233]],[[-6.23793,53.35233],[-6.2378,53.35225]],[[-6.2378,53.35225],[-6.23768,53.35219]],[[-6.23768,53.35219],[-6.23754,53.35212]],[[-6.23754,53.35212],[-6.2374,53.35206]],[[-6.2374,53.35206],[-6.23724,53.35201]],[[-6.23724,53.35201],[-6.23705,53.35196]],[[-6.23705,53.35196],[-6.2369,53.35192]],[[-6.2369,53.35192],[-6.23672,53.35188]],[[-6.23672,53.35188],[-6.23652,53.35184]],[[-6.23652,53.35184],[-6.23631,53.35182]],[[-6.23631,53.35182],[-6.2361,53.35179]],[[-6.2361,53.35179],[-6.23471,53.35166]],[[-6.23471,53.35166],[-6.23456,53.35165]],[[-6.23456,53.35165],[-6.2344,53.35163]],[[-6.2344,53.35163],[-6.23424,53.35162]],[[-6.23424,53.35162],[-6.23401,53.35162]],[[-6.23401,53.35162],[-6.23388,53.35161]],[[-6.23388,53.35161],[-6.23375,53.35161]],[[-6.23375,53.35161],[-6.23361,53.3516]],[[-6.23361,53.3516],[-6.23343,53.35158]],[[-6.23343,53.35158],[-6.23325,53.35155]],[[-6.23325,53.35155],[-6.23249,53.35142]],[[-6.23249,53.35142],[-6.23236,53.3514]],[[-6.23236,53.3514],[-6.23223,53.35138]],[[-6.23223,53.35138],[-6.23206,53.35137]]]},"properties":{"id":"osm:way/253503637","mode":"rail","name":"Irish Rail"}},{"type":"Feature","geometry":{"type":"MultiLineString","coordinates":[[[-6.23375,53.35152],[-6.23391,53.35153]],[[-6.23391,53.35153],[-6.23405,53.35154]],[[-6.23405,53.35154],[-6.23417,53.35155]],[[-6.23417,53.35155],[-6.23448,53.35157]],[[-6.23448,53.35157],[-6.23467,53.35159]],[[-6.23467,53.35159],[-6.23545,53.35166]],[[-6.23545,53.35166],[-6.23648,53.35176]],[[-6.23648,53.35176],[-6.23665,53.35178]],[[-6.23665,53.35178],[-6.2368,53.35181]],[[-6.2368,53.35181],[-6.23696,53.35184]],[[-6.23696,53.35184],[-6.23714,53.35188]],[[-6.23714,53.35188],[-6.23729,53.35193]],[[-6.23729,53.35193],[-6.23745,53.35198]],[[-6.23745,53.35198],[-6.2376,53.35204]],[[-6.2376,53.35204],[-6.23774,53.35211]],[[-6.23774,53.35211],[-6.23788,53.35218]],[[-6.23788,53.35218],[-6.23803,53.35228]],[[-6.23803,53.35228],[-6.23823,53.35243]],[[-6.23823,53.35243],[-6.23838,53.35257]],[[-6.23838,53.35257],[-6.23851,53.35273]],[[-6.23851,53.35273],[-6.2386,53.35285]]]},"properties":{"id":"osm:way/253503640","mode":"rail","name":"Irish Rail"}},{"type":"Feature","geometry":{"type":"MultiLineString","coordinates":[[[-6.241,53.35879],[-6.24095,53.35871]],[[-6.24095,53.35871],[-6.2409,53.35864]],[[-6.2409,53.35864],[-6.24078,53.35848]],[[-6.24078,53.35848],[-6.24071,53.35838]],[[-6.24071,53.35838],[-6.24068,53.35835]]]},"properties":{"id":"osm:way/253503641","mode":"rail","name":"Irish Rail"}},{"type":"Feature","geometry":{"type":"MultiLineString","coordinates":[[[-6.23189,53.35129],[-6.23176,53.35127]],[[-6.23176,53.35127],[-6.23164,53.35126]],[[-6.23164,53.35126],[-6.2315,53.35125]],[[-6.2315,53.35125],[-6.23124,53.35122]],[[-6.23124,53.35122],[-6.23109,53.3512]],[[-6.23109,53.3512],[-6.23098,53.35119]],[[-6.23098,53.35119],[-6.23086,53.35116]],[[-6.23086,53.35116],[-6.23044,53.35109]],[[-6.23044,53.35109],[-6.23028,53.35105]],[[-6.23028,53.35105],[-6.23015,53.35102]],[[-6.23015,53.35102],[-6.22989,53.35096]],[[-6.22989,53.35096],[-6.22963,53.35091]],[[-6.22963,53.35091],[-6.22931,53.35084]],[[-6.22931,53.35084],[-6.22696,53.35047]]]},"properties":{"id":"osm:way/253503642","mode":"rail","name":"Irish Rail"}},{"type":"Feature","geometry":{"type":"MultiLineString","coordinates":[[[-6.2333,53.35146],[-6.23309,53.35144]],[[-6.23309,53.35144],[-6.23289,53.35141]],[[-6.23289,53.35141],[-6.23244,53.35134]],[[-6.23244,53.35134],[-6.23231,53.35131]],[[-6.23231,53.35131],[-6.23217,53.35129]],[[-6.23217,53.35129],[-6.23197,53.35123]],[[-6.23197,53.35123],[-6.23183,53.35117]],[[-6.23183,53.35117],[-6.23169,53.35112]],[[-6.23169,53.35112],[-6.23159,53.35107]],[[-6.23159,53.35107],[-6.23149,53.35102]],[[-6.23149,53.35102],[-6.23126,53.35092]],[[-6.23126,53.35092],[-6.23113,53.35085]],[[-6.23113,53.35085],[-6.23102,53.35079]],[[-6.23102,53.35079],[-6.23088,53.35072]],[[-6.23088,53.35072],[-6.23074,53.35065]],[[-6.23074,53.35065],[-6.22942,53.35001]]]},"properties":{"id":"osm:way/253503643","mode":"rail","name":"Irish Rail"}},{"type":"Feature","geometry":{"type":"MultiLineString","coordinates":[[[-6.24081,53.35841],[-6.24074,53.35824]],[[-6.24074,53.35824],[-6.24071,53.35814]],[[-6.24071,53.35814],[-6.24069,53.35804]],[[-6.24069,53.35804],[-6.24066,53.35792]],[[-6.24066,53.35792],[-6.24064,53.35779]],[[-6.24064,53.35779],[-6.24063,53.35768]],[[-6.24063,53.35768],[-6.24063,53.35751]],[[-6.24063,53.35751],[-6.24064,53.35735]],[[-6.24064,53.35735],[-6.24066,53.35723]]]},"properties":{"id":"osm:way/253503644","mode":"rail","name":"Irish Rail"}},{"type":"Feature","geometry":{"type":"MultiLineString","coordinates":[[[-6.23873,53.35611],[-6.2388,53.35596]],[[-6.2388,53.35596],[-6.23889,53.35575]],[[-6.23889,53.35575],[-6.23894,53.3556]],[[-6.23894,53.3556],[-6.23899,53.35544]],[[-6.23899,53.35544],[-6.23902,53.35529]],[[-6.23902,53.35529],[-6.23905,53.35513]],[[-6.23905,53.35513],[-6.23907,53.35497]],[[-6.23907,53.35497],[-6.23908,53.35479]],[[-6.23908,53.35479],[-6.23908,53.3546]],[[-6.23908,53.3546],[-6.23906,53.35437]],[[-6.23906,53.35437],[-6.23904,53.35417]],[[-6.23904,53.35417],[-6.239,53.35399]],[[-6.239,53.35399],[-6.23895,53.3538]],[[-6.23895,53.3538],[-6.23889,53.35362]],[[-6.23889,53.35362],[-6.23882,53.35345]],[[-6.23882,53.35345],[-6.23874,53.35327]],[[-6.23874,53.35327],[-6.23862,53.35308]],[[-6.23862,53.35308],[-6.23849,53.35288]]]},"properties":{"id":"osm:way/253503645","mode":"rail","name":"Irish Rail"}},{"type":"Feature","geometry":{"type":"MultiLineString","coordinates":[[[-6.23074,53.35117],[-6.23061,53.35116]],[[-6.23061,53.35116],[-6.23053,53.35114]],[[-6.23053,53.35114],[-6.23045,53.35113]],[[-6.23045,53.35113],[-6.2303,53.35111]],[[-6.2303,53.35111],[-6.23018,53.35109]],[[-6.23018,53.35109],[-6.23001,53.35107]]]},"properties":{"id":"osm:way/253503646","mode":"rail","name":"Irish Rail"}},{"type":"Feature","geometry":{"type":"MultiLineString","coordinates":[[[-6.23013,53.35141],[-6.22979,53.35144]],[[-6.22979,53.35144],[-6.22961,53.35145]],[[-6.22961,53.35145],[-6.22938,53.35146]],[[-6.22938,53.35146],[-6.22902,53.35146]],[[-6.22902,53.35146],[-6.22867,53.35145]],[[-6.22867,53.35145],[-6.22812,53.35142]],[[-6.22812,53.35142],[-6.22754,53.3514]],[[-6.22754,53.3514],[-6.22732,53.35139]],[[-6.22732,53.35139],[-6.22694,53.35137]],[[-6.22694,53.35137],[-6.22683,53.35136]],[[-6.22683,53.35136],[-6.22671,53.35135]],[[-6.22671,53.35135],[-6.22658,53.35133]],[[-6.22658,53.35133],[-6.22646,53.35132]],[[-6.22646,53.35132],[-6.22637,53.35131]],[[-6.22637,53.35131],[-6.22628,53.3513]],[[-6.22628,53.3513],[-6.22618,53.3513]]]},"properties":{"id":"osm:way/253503647","mode":"rail","name":"Irish Rail"}},{"type":"Feature","geometry":{"type":"MultiLineString","coordinates":[[[-6.23124,53.35122],[-6.23074,53.35117]],[[-6.23074,53.35117],[-6.23037,53.35114]],[[-6.23037,53.35114],[-6.2302,53.35112]],[[-6.2302,53.35112],[-6.23,53.35111]]]},"properties":{"id":"osm:way/253503650","mode":"rail","name":"Irish Rail"}},{"type":"Feature","geometry":{"type":"MultiLineString","coordinates":[[[-6.23264,53.35141],[-6.23235,53.35136]],[[-6.23235,53.35136],[-6.23189,53.35129]],[[-6.23189,53.35129],[-6.2314,53.35121]],[[-6.2314,53.35121],[-6.23117,53.35117]],[[-6.23117,53.35117],[-6.23092,53.35112]],[[-6.23092,53.35112],[-6.23067,53.35108]],[[-6.23067,53.35108],[-6.23057,53.35106]],[[-6.23057,53.35106],[-6.2304,53.35102]],[[-6.2304,53.35102],[-6.23017,53.35097]],[[-6.23017,53.35097],[-6.22995,53.35091]],[[-6.22995,53.35091],[-6.22962,53.35082]],[[-6.22962,53.35082],[-6.22907,53.35067]],[[-6.22907,53.35067],[-6.22888,53.35061]],[[-6.22888,53.35061],[-6.22868,53.35057]],[[-6.22868,53.35057],[-6.2285,53.35053]],[[-6.2285,53.35053],[-6.22733,53.35033]]]},"properties":{"id":"osm:way/253503651","mode":"rail","name":"Irish Rail"}},{"type":"Feature","geometry":{"type":"MultiLineString","coordinates":[[[-6.22675,53.35104],[-6.22798,53.35112]],[[-6.22798,53.35112],[-6.22873,53.35117]],[[-6.22873,53.35117],[-6.22902,53.35119]],[[-6.22902,53.35119],[-6.22932,53.3512]],[[-6.22932,53.3512],[-6.22961,53.35121]],[[-6.22961,53.35121],[-6.23033,53.35123]],[[-6.23033,53.35123],[-6.23073,53.35125]],[[-6.23073,53.35125],[-6.23129,53.35128]]]},"properties":{"id":"osm:way/253503653","mode":"rail","name":"Irish Rail"}},{"type":"Feature","geometry":{"type":"MultiLineString","coordinates":[[[-6.22618,53.3513],[-6.22658,53.35132]],[[-6.22658,53.35132],[-6.22675,53.35132]],[[-6.22675,53.35132],[-6.22689,53.35132]],[[-6.22689,53.35132],[-6.22713,53.35131]],[[-6.22713,53.35131],[-6.22726,53.35132]],[[-6.22726,53.35132],[-6.22741,53.35132]],[[-6.22741,53.35132],[-6.22851,53.35137]],[[-6.22851,53.35137],[-6.22882,53.35138]],[[-6.22882,53.35138],[-6.22915,53.35139]],[[-6.22915,53.35139],[-6.22946,53.35139]],[[-6.22946,53.35139],[-6.22972,53.35139]],[[-6.22972,53.35139],[-6.22995,53.35139]],[[-6.22995,53.35139],[-6.23018,53.35139]],[[-6.23018,53.35139],[-6.23045,53.35138]],[[-6.23045,53.35138],[-6.23076,53.35137]],[[-6.23076,53.35137],[-6.23094,53.35137]],[[-6.23094,53.35137],[-6.23127,53.35135]],[[-6.23127,53.35135],[-6.23141,53.35135]],[[-6.23141,53.35135],[-6.23157,53.35135]]]},"properties":{"id":"osm:way/253503654","mode":"rail","name":"Irish Rail"}},{"type":"Feature","geometry":{"type":"LineString","coordinates":[[-6.22741,53.35132],[-6.22663,53.35129]]},"properties":{"id":"osm:way/253503656","mode":"rail","name":"Irish Rail"}},{"type":"Feature","geometry":{"type":"LineString","coordinates":[[-6.2469,53.3523],[-6.24521,53.35347]]},"properties":{"id":"osm:way/253534949","mode":"rail","name":"Irish Rail"}},{"type":"Feature","geometry":{"type":"MultiLineString","coordinates":[[[-6.24514,53.35328],[-6.24542,53.35301]],[[-6.24542,53.35301],[-6.24549,53.35295]],[[-6.24549,53.35295],[-6.24563,53.35284]],[[-6.24563,53.35284],[-6.24574,53.35276]],[[-6.24574,53.35276],[-6.24639,53.3523]],[[-6.24639,53.3523],[-6.24691,53.35194]]]},"properties":{"id":"osm:way/253534959","mode":"rail","name":"Irish Rail"}},{"type":"Feature","geometry":{"type":"MultiLineString","coordinates":[[[-6.24487,53.3535],[-6.24478,53.35356]],[[-6.24478,53.35356],[-6.24445,53.3538]],[[-6.24445,53.3538],[-6.24414,53.35401]],[[-6.24414,53.35401],[-6.2439,53.35417]],[[-6.2439,53.35417],[-6.24372,53.35429]],[[-6.24372,53.35429],[-6.24349,53.35442]],[[-6.24349,53.35442],[-6.24337,53.3545]],[[-6.24337,53.3545],[-6.24323,53.35459]],[[-6.24323,53.35459],[-6.24312,53.35466]],[[-6.24312,53.35466],[-6.243,53.35473]]]},"properties":{"id":"osm:way/253534961","mode":"rail","name":"Irish Rail"}},{"type":"Feature","geometry":{"type":"LineString","coordinates":[[-6.24292,53.35505],[-6.2425,53.35526]]},"properties":{"id":"osm:way/253534962","mode":"rail","name":"Irish Rail"}},{"type":"Feature","geometry":{"type":"LineString","coordinates":[[-6.23833,53.35715],[-6.23995,53.35631]]},"properties":{"id":"osm:way/253534964","mode":"rail","name":"Irish Rail"}},{"type":"Feature","geometry":{"type":"LineString","coordinates":[[-6.2418,53.35535],[-6.24264,53.35491]]},"properties":{"id":"osm:way/253534965","mode":"rail","name":"Irish Rail"}},{"type":"Feature","geometry":{"type":"MultiLineString","coordinates":[[[-6.24898,53.35238],[-6.24893,53.3524]],[[-6.24893,53.3524],[-6.24877,53.35247]],[[-6.24877,53.35247],[-6.24859,53.35253]],[[-6.24859,53.35253],[-6.24839,53.35259]],[[-6.24839,53.35259],[-6.2481,53.35268]],[[-6.2481,53.35268],[-6.24787,53.35276]],[[-6.24787,53.35276],[-6.2477,53.35283]],[[-6.2477,53.35283],[-6.24747,53.35292]],[[-6.24747,53.35292],[-6.24718,53.35305]],[[-6.24718,53.35305],[-6.24702,53.35312]],[[-6.24702,53.35312],[-6.24681,53.35321]],[[-6.24681,53.35321],[-6.2466,53.35328]],[[-6.2466,53.35328],[-6.24644,53.35335]],[[-6.24644,53.35335],[-6.2461,53.35347]],[[-6.2461,53.35347],[-6.24583,53.35357]]]},"properties":{"id":"osm:way/253810441","mode":"rail","name":"Irish Rail"}},{"type":"Feature","geometry":{"type":"LineString","coordinates":[[-6.23998,53.35636],[-6.24011,53.35629]]},"properties":{"id":"osm:way/253815751","mode":"rail","name":"Irish Rail"}},{"type":"Feature","geometry":{"type":"LineString","coordinates":[[-6.23995,53.35631],[-6.24014,53.35621]]},"properties":{"id":"osm:way/253815752","mode":"rail","name":"Irish Rail"}},{"type":"Feature","geometry":{"type":"MultiLineString","coordinates":[[[-6.24014,53.35621],[-6.24156,53.35547]],[[-6.24156,53.35547],[-6.2418,53.35535]]]},"properties":{"id":"osm:way/253815753","mode":"rail","name":"Irish Rail"}},{"type":"Feature","geometry":{"type":"MultiLineString","coordinates":[[[-6.24478,53.35356],[-6.24471,53.35361]],[[-6.24471,53.35361],[-6.24463,53.35366]],[[-6.24463,53.35366],[-6.24455,53.35371]],[[-6.24455,53.35371],[-6.24446,53.35375]],[[-6.24446,53.35375],[-6.24436,53.3538]],[[-6.24436,53.3538],[-6.2438,53.35409]]]},"properties":{"id":"osm:way/253981693","mode":"rail","name":"Irish Rail"}},{"type":"Feature","geometry":{"type":"MultiLineString","coordinates":[[[-6.24445,53.3538],[-6.24436,53.35385]],[[-6.24436,53.35385],[-6.24427,53.35391]],[[-6.24427,53.35391],[-6.24418,53.35396]],[[-6.24418,53.35396],[-6.24385,53.35413]]]},"properties":{"id":"osm:way/253981694","mode":"rail","name":"Irish Rail"}},{"type":"Feature","geometry":{"type":"MultiLineString","coordinates":[[[-6.24144,53.35573],[-6.24163,53.35565]],[[-6.24163,53.35565],[-6.24184,53.35555]],[[-6.24184,53.35555],[-6.24204,53.35546]]]},"properties":{"id":"osm:way/253981695","mode":"rail","name":"Irish Rail"}},{"type":"Feature","geometry":{"type":"MultiLineString","coordinates":[[[-6.24148,53.35564],[-6.24127,53.35574]],[[-6.24127,53.35574],[-6.24078,53.35595]],[[-6.24078,53.35595],[-6.24058,53.35605]]]},"properties":{"id":"osm:way/253981696","mode":"rail","name":"Irish Rail"}},{"type":"Feature","geometry":{"type":"MultiLineString","coordinates":[[[-6.24066,53.35609],[-6.24086,53.356]],[[-6.24086,53.356],[-6.24125,53.35581]],[[-6.24125,53.35581],[-6.24144,53.35573]]]},"properties":{"id":"osm:way/253981697","mode":"rail","name":"Irish Rail"}},{"type":"Feature","geometry":{"type":"MultiLineString","coordinates":[[[-6.24011,53.35629],[-6.24024,53.35623]],[[-6.24024,53.35623],[-6.24038,53.35617]],[[-6.24038,53.35617],[-6.24052,53.35611]],[[-6.24052,53.35611],[-6.24076,53.35601]],[[-6.24076,53.35601],[-6.24144,53.35573]]]},"properties":{"id":"osm:way/253981698","mode":"rail","name":"Irish Rail"}},{"type":"Feature","geometry":{"type":"MultiLineString","coordinates":[[[-6.24486,53.35349],[-6.24479,53.35353]],[[-6.24479,53.35353],[-6.2447,53.35358]],[[-6.2447,53.35358],[-6.24459,53.35363]],[[-6.24459,53.35363],[-6.2445,53.35368]],[[-6.2445,53.35368],[-6.24375,53.35406]]]},"properties":{"id":"osm:way/253981699","mode":"rail","name":"Irish Rail"}},{"type":"Feature","geometry":{"type":"MultiLineString","coordinates":[[[-6.24207,53.35549],[-6.24188,53.35558]],[[-6.24188,53.35558],[-6.2417,53.35566]],[[-6.2417,53.35566],[-6.24135,53.3558]],[[-6.24135,53.3558],[-6.24066,53.35609]],[[-6.24066,53.35609],[-6.24051,53.35615]],[[-6.24051,53.35615],[-6.24036,53.35622]],[[-6.24036,53.35622],[-6.24019,53.3563]]]},"properties":{"id":"osm:way/253981700","mode":"rail","name":"Irish Rail"}},{"type":"Feature","geometry":{"type":"MultiLineString","coordinates":[[[-6.2445,53.35368],[-6.24434,53.35375]],[[-6.24434,53.35375],[-6.2442,53.35381]],[[-6.2442,53.35381],[-6.24402,53.35387]],[[-6.24402,53.35387],[-6.24387,53.35392]],[[-6.24387,53.35392],[-6.24356,53.354]]]},"properties":{"id":"osm:way/253981702","mode":"rail","name":"Irish Rail"}},{"type":"Feature","geometry":{"type":"MultiLineString","coordinates":[[[-6.25441,53.34737],[-6.25436,53.34727]],[[-6.25436,53.34727],[-6.25432,53.3472]],[[-6.25432,53.3472],[-6.25428,53.34713]],[[-6.25428,53.34713],[-6.25423,53.34705]],[[-6.25423,53.34705],[-6.25416,53.34696]],[[-6.25416,53.34696],[-6.25405,53.34682]]]},"properties":{"id":"osm:way/255439488","mode":"rail","name":"Irish Rail"}},{"type":"Feature","geometry":{"type":"MultiLineString","coordinates":[[[-6.38074,53.33393],[-6.38022,53.33398]],[[-6.38022,53.33398],[-6.37923,53.33406]],[[-6.37923,53.33406],[-6.37753,53.33419]],[[-6.37753,53.33419],[-6.37683,53.33424]],[[-6.37683,53.33424],[-6.37557,53.33434]],[[-6.37557,53.33434],[-6.37436,53.33442]],[[-6.37436,53.33442],[-6.37368,53.33447]],[[-6.37368,53.33447],[-6.37277,53.33453]],[[-6.37277,53.33453],[-6.37097,53.33467]],[[-6.37097,53.33467],[-6.36854,53.33486]],[[-6.36854,53.33486],[-6.36655,53.33502]],[[-6.36655,53.33502],[-6.36487,53.33515]],[[-6.36487,53.33515],[-6.36368,53.33525]]]},"properties":{"id":"osm:way/255456590","mode":"rail","name":"Irish Rail"}},{"type":"Feature","geometry":{"type":"MultiLineString","coordinates":[[[-6.52611,53.32093],[-6.52555,53.32129]],[[-6.52555,53.32129],[-6.52494,53.32168]],[[-6.52494,53.32168],[-6.52404,53.32223]],[[-6.52404,53.32223],[-6.52237,53.32325]],[[-6.52237,53.32325],[-6.52176,53.3236]],[[-6.52176,53.3236],[-6.52135,53.32385]],[[-6.52135,53.32385],[-6.52108,53.32402]],[[-6.52108,53.32402],[-6.52097,53.32408]],[[-6.52097,53.32408],[-6.51923,53.3251]],[[-6.51923,53.3251],[-6.51797,53.3258]],[[-6.51797,53.3258],[-6.5169,53.32638]],[[-6.5169,53.32638],[-6.51571,53.32703]],[[-6.51571,53.32703],[-6.51443,53.32774]],[[-6.51443,53.32774],[-6.51322,53.32839]],[[-6.51322,53.32839],[-6.51235,53.32886]],[[-6.51235,53.32886],[-6.5107,53.32971]],[[-6.5107,53.32971],[-6.50928,53.33041]],[[-6.50928,53.33041],[-6.50761,53.33116]],[[-6.50761,53.33116],[-6.50657,53.33159]],[[-6.50657,53.33159],[-6.50491,53.33223]],[[-6.50491,53.33223],[-6.50358,53.3327]],[[-6.50358,53.3327],[-6.50245,53.33308]],[[-6.50245,53.33308],[-6.5012,53.33347]],[[-6.5012,53.33347],[-6.49986,53.33386]],[[-6.49986,53.33386],[-6.49903,53.33408]],[[-6.49903,53.33408],[-6.49742,53.33447]],[[-6.49742,53.33447],[-6.4961,53.33478]],[[-6.4961,53.33478],[-6.49488,53.33503]],[[-6.49488,53.33503],[-6.49344,53.33529]],[[-6.49344,53.33529],[-6.49231,53.33549]],[[-6.49231,53.33549],[-6.49085,53.33571]],[[-6.49085,53.33571],[-6.48954,53.33588]],[[-6.48954,53.33588],[-6.48812,53.33603]],[[-6.48812,53.33603],[-6.48679,53.33616]],[[-6.48679,53.33616],[-6.4856,53.33625]],[[-6.4856,53.33625],[-6.48441,53.33633]],[[-6.48441,53.33633],[-6.48314,53.33639]],[[-6.48314,53.33639],[-6.48214,53.33642]],[[-6.48214,53.33642],[-6.48105,53.33644]],[[-6.48105,53.33644],[-6.47979,53.33645]],[[-6.47979,53.33645],[-6.47867,53.33644]],[[-6.47867,53.33644],[-6.47739,53.33641]],[[-6.47739,53.33641],[-6.47594,53.33637]],[[-6.47594,53.33637],[-6.47449,53.33631]],[[-6.47449,53.33631],[-6.47302,53.33627]],[[-6.47302,53.33627],[-6.4718,53.33622]],[[-6.4718,53.33622],[-6.47048,53.33617]],[[-6.47048,53.33617],[-6.46858,53.33609]],[[-6.46858,53.33609],[-6.46802,53.33608]],[[-6.46802,53.33608],[-6.46684,53.33602]],[[-6.46684,53.33602],[-6.46481,53.33593]],[[-6.46481,53.33593],[-6.46277,53.33584]],[[-6.46277,53.33584],[-6.46042,53.33572]],[[-6.46042,53.33572],[-6.45839,53.33561]],[[-6.45839,53.33561],[-6.45668,53.33553]],[[-6.45668,53.33553],[-6.45556,53.33548]],[[-6.45556,53.33548],[-6.45382,53.33541]],[[-6.45382,53.33541],[-6.45229,53.33534]],[[-6.45229,53.33534],[-6.45024,53.33526]],[[-6.45024,53.33526],[-6.4486,53.3352]],[[-6.4486,53.3352],[-6.44739,53.33514]],[[-6.44739,53.33514],[-6.44536,53.33506]],[[-6.44536,53.33506],[-6.44381,53.335]],[[-6.44381,53.335],[-6.44209,53.33492]],[[-6.44209,53.33492],[-6.44064,53.33486]],[[-6.44064,53.33486],[-6.43916,53.3348]],[[-6.43916,53.3348],[-6.43778,53.33475]],[[-6.43778,53.33475],[-6.4363,53.33469]],[[-6.4363,53.33469],[-6.43522,53.33466]],[[-6.43522,53.33466],[-6.43392,53.33462]],[[-6.43392,53.33462],[-6.4324,53.33457]],[[-6.4324,53.33457],[-6.42859,53.3344]],[[-6.42859,53.3344],[-6.42706,53.33433]],[[-6.42706,53.33433],[-6.42543,53.33424]],[[-6.42543,53.33424],[-6.42427,53.33418]],[[-6.42427,53.33418],[-6.42274,53.33411]],[[-6.42274,53.33411],[-6.42123,53.33405]],[[-6.42123,53.33405],[-6.4196,53.33398]],[[-6.4196,53.33398],[-6.41824,53.33392]],[[-6.41824,53.33392],[-6.4166,53.33385]],[[-6.4166,53.33385],[-6.41505,53.33378]],[[-6.41505,53.33378],[-6.41346,53.33372]],[[-6.41346,53.33372],[-6.41236,53.33367]],[[-6.41236,53.33367],[-6.41144,53.33363]],[[-6.41144,53.33363],[-6.41002,53.33359]],[[-6.41002,53.33359],[-6.40834,53.33353]],[[-6.40834,53.33353],[-6.40802,53.33352]],[[-6.40802,53.33352],[-6.40593,53.33343]],[[-6.40593,53.33343],[-6.40495,53.33339]],[[-6.40495,53.33339],[-6.40295,53.3333]],[[-6.40295,53.3333],[-6.40237,53.33328]],[[-6.40237,53.33328],[-6.40171,53.33325]],[[-6.40171,53.33325],[-6.40082,53.33321]],[[-6.40082,53.33321],[-6.40005,53.33316]],[[-6.40005,53.33316],[-6.39889,53.33311]],[[-6.39889,53.33311],[-6.39733,53.33303]],[[-6.39733,53.33303],[-6.39575,53.33296]],[[-6.39575,53.33296],[-6.39485,53.33295]],[[-6.39485,53.33295],[-6.39373,53.33295]],[[-6.39373,53.33295],[-6.39266,53.33298]],[[-6.39266,53.33298],[-6.39218,53.33299]],[[-6.39218,53.33299],[-6.39146,53.33304]],[[-6.39146,53.33304],[-6.39013,53.33312]],[[-6.39013,53.33312],[-6.38819,53.33328]],[[-6.38819,53.33328],[-6.38576,53.33347]],[[-6.38576,53.33347],[-6.38371,53.33363]],[[-6.38371,53.33363],[-6.38281,53.33371]],[[-6.38281,53.33371],[-6.38085,53.3339]],[[-6.38085,53.3339],[-6.37941,53.33401]],[[-6.37941,53.33401],[-6.37753,53.33416]],[[-6.37753,53.33416],[-6.376,53.33427]],[[-6.376,53.33427],[-6.37529,53.33432]],[[-6.37529,53.33432],[-6.37447,53.33438]],[[-6.37447,53.33438],[-6.37374,53.33443]],[[-6.37374,53.33443],[-6.37313,53.33447]],[[-6.37313,53.33447],[-6.37204,53.33455]],[[-6.37204,53.33455],[-6.37071,53.33466]],[[-6.37071,53.33466],[-6.36898,53.33479]],[[-6.36898,53.33479],[-6.36765,53.3349]],[[-6.36765,53.3349],[-6.36674,53.33497]],[[-6.36674,53.33497],[-6.36592,53.33504]],[[-6.36592,53.33504],[-6.36534,53.33509]],[[-6.36534,53.33509],[-6.36368,53.33525]]]},"properties":{"id":"osm:way/255458670","mode":"rail","name":"Irish Rail"}},{"type":"Feature","geometry":{"type":"LineString","coordinates":[[-6.32845,53.3409],[-6.3297,53.34066]]},"properties":{"id":"osm:way/255458673","mode":"rail","name":"Irish Rail"}},{"type":"Feature","geometry":{"type":"MultiLineString","coordinates":[[[-6.53121,53.31766],[-6.531,53.31779]],[[-6.531,53.31779],[-6.53031,53.31824]],[[-6.53031,53.31824],[-6.5295,53.31876]],[[-6.5295,53.31876],[-6.52897,53.31911]],[[-6.52897,53.31911],[-6.52823,53.31959]],[[-6.52823,53.31959],[-6.52738,53.32015]],[[-6.52738,53.32015],[-6.52668,53.3206]],[[-6.52668,53.3206],[-6.52643,53.32076]],[[-6.52643,53.32076],[-6.52613,53.32096]],[[-6.52613,53.32096],[-6.52492,53.32173]],[[-6.52492,53.32173],[-6.52346,53.32263]],[[-6.52346,53.32263],[-6.52222,53.32338]],[[-6.52222,53.32338],[-6.52202,53.32349]],[[-6.52202,53.32349],[-6.52112,53.32404]],[[-6.52112,53.32404],[-6.5204,53.32447]],[[-6.5204,53.32447],[-6.51935,53.32508]],[[-6.51935,53.32508],[-6.51834,53.32563]],[[-6.51834,53.32563],[-6.51778,53.32595]],[[-6.51778,53.32595],[-6.51653,53.32663]],[[-6.51653,53.32663],[-6.51638,53.32671]],[[-6.51638,53.32671],[-6.51535,53.32727]],[[-6.51535,53.32727],[-6.51467,53.32765]],[[-6.51467,53.32765],[-6.51369,53.32818]],[[-6.51369,53.32818],[-6.51238,53.32888]],[[-6.51238,53.32888],[-6.51133,53.32943]],[[-6.51133,53.32943],[-6.50987,53.33017]],[[-6.50987,53.33017],[-6.50772,53.33115]],[[-6.50772,53.33115],[-6.50581,53.33193]],[[-6.50581,53.33193],[-6.5049,53.33227]],[[-6.5049,53.33227],[-6.50358,53.33274]],[[-6.50358,53.33274],[-6.50252,53.33309]],[[-6.50252,53.33309],[-6.49973,53.33393]],[[-6.49973,53.33393],[-6.49713,53.33459]],[[-6.49713,53.33459],[-6.49488,53.33506]],[[-6.49488,53.33506],[-6.49165,53.33563]],[[-6.49165,53.33563],[-6.48989,53.33587]],[[-6.48989,53.33587],[-6.48824,53.33605]],[[-6.48824,53.33605],[-6.48647,53.33621]],[[-6.48647,53.33621],[-6.48482,53.33634]],[[-6.48482,53.33634],[-6.48251,53.33645]],[[-6.48251,53.33645],[-6.48141,53.33648]],[[-6.48141,53.33648],[-6.47959,53.33649]],[[-6.47959,53.33649],[-6.47764,53.33645]],[[-6.47764,53.33645],[-6.47617,53.33641]],[[-6.47617,53.33641],[-6.4744,53.33634]],[[-6.4744,53.33634],[-6.47179,53.33625]],[[-6.47179,53.33625],[-6.47012,53.33619]],[[-6.47012,53.33619],[-6.46802,53.33611]],[[-6.46802,53.33611],[-6.46652,53.33604]],[[-6.46652,53.33604],[-6.46448,53.33595]],[[-6.46448,53.33595],[-6.46329,53.3359]],[[-6.46329,53.3359],[-6.46163,53.33581]],[[-6.46163,53.33581],[-6.46008,53.33573]],[[-6.46008,53.33573],[-6.45881,53.33566]],[[-6.45881,53.33566],[-6.45775,53.33561]],[[-6.45775,53.33561],[-6.45629,53.33555]],[[-6.45629,53.33555],[-6.45429,53.33546]],[[-6.45429,53.33546],[-6.45263,53.33539]],[[-6.45263,53.33539],[-6.45181,53.33536]],[[-6.45181,53.33536],[-6.45073,53.33531]],[[-6.45073,53.33531],[-6.44921,53.33525]],[[-6.44921,53.33525],[-6.44764,53.33519]],[[-6.44764,53.33519],[-6.44565,53.3351]],[[-6.44565,53.3351],[-6.44367,53.33502]],[[-6.44367,53.33502],[-6.44158,53.33494]],[[-6.44158,53.33494],[-6.43959,53.33485]],[[-6.43959,53.33485],[-6.43788,53.33478]],[[-6.43788,53.33478],[-6.43649,53.33474]],[[-6.43649,53.33474],[-6.43495,53.33469]],[[-6.43495,53.33469],[-6.43387,53.33465]],[[-6.43387,53.33465],[-6.43264,53.33461]],[[-6.43264,53.33461],[-6.4286,53.33444]],[[-6.4286,53.33444],[-6.42705,53.33437]],[[-6.42705,53.33437],[-6.42567,53.33428]],[[-6.42567,53.33428],[-6.42422,53.33421]],[[-6.42422,53.33421],[-6.42269,53.33414]],[[-6.42269,53.33414],[-6.42146,53.33409]],[[-6.42146,53.33409],[-6.41995,53.33403]],[[-6.41995,53.33403],[-6.41882,53.33398]],[[-6.41882,53.33398],[-6.41869,53.33397]],[[-6.41869,53.33397],[-6.4179,53.33394]],[[-6.4179,53.33394],[-6.4166,53.33388]],[[-6.4166,53.33388],[-6.41414,53.33378]],[[-6.41414,53.33378],[-6.41226,53.3337]],[[-6.41226,53.3337],[-6.4114,53.33366]],[[-6.4114,53.33366],[-6.40954,53.33361]],[[-6.40954,53.33361],[-6.40833,53.33357]],[[-6.40833,53.33357],[-6.40664,53.3335]],[[-6.40664,53.3335],[-6.40491,53.33343]],[[-6.40491,53.33343],[-6.40377,53.33338]],[[-6.40377,53.33338],[-6.40293,53.33334]],[[-6.40293,53.33334],[-6.40212,53.33331]],[[-6.40212,53.33331],[-6.4013,53.33326]],[[-6.4013,53.33326],[-6.40109,53.33325]],[[-6.40109,53.33325],[-6.39995,53.33319]],[[-6.39995,53.33319],[-6.39836,53.33311]],[[-6.39836,53.33311],[-6.39669,53.33303]],[[-6.39669,53.33303],[-6.39544,53.33299]],[[-6.39544,53.33299],[-6.39435,53.33298]],[[-6.39435,53.33298],[-6.39353,53.33298]],[[-6.39353,53.33298],[-6.39262,53.33301]],[[-6.39262,53.33301],[-6.39179,53.33305]],[[-6.39179,53.33305],[-6.39115,53.33309]],[[-6.39115,53.33309],[-6.38976,53.33319]],[[-6.38976,53.33319],[-6.38831,53.3333]],[[-6.38831,53.3333],[-6.38628,53.33346]],[[-6.38628,53.33346],[-6.38444,53.33361]],[[-6.38444,53.33361],[-6.38387,53.33365]],[[-6.38387,53.33365],[-6.38285,53.33374]],[[-6.38285,53.33374],[-6.38138,53.33388]],[[-6.38138,53.33388],[-6.38074,53.33393]]]},"properties":{"id":"osm:way/255458675","mode":"rail","name":"Irish Rail"}},{"type":"Feature","geometry":{"type":"MultiLineString","coordinates":[[[-6.46445,53.33585],[-6.46403,53.33582]],[[-6.46403,53.33582],[-6.46349,53.33576]]]},"properties":{"id":"osm:way/255465517","mode":"rail","name":"Irish Rail"}},{"type":"Feature","geometry":{"type":"MultiLineString","coordinates":[[[-6.46786,53.33599],[-6.46771,53.33599]],[[-6.46771,53.33599],[-6.46598,53.33592]],[[-6.46598,53.33592],[-6.46505,53.33588]],[[-6.46505,53.33588],[-6.46445,53.33585]]]},"properties":{"id":"osm:way/255465528","mode":"rail","name":"Irish Rail"}},{"type":"Feature","geometry":{"type":"MultiLineString","coordinates":[[[-6.32451,53.34166],[-6.32463,53.34164]],[[-6.32463,53.34164],[-6.32573,53.34143]],[[-6.32573,53.34143],[-6.32676,53.34123]],[[-6.32676,53.34123],[-6.32775,53.34104]],[[-6.32775,53.34104],[-6.32845,53.3409]]]},"properties":{"id":"osm:way/255702056","mode":"rail","name":"Irish Rail"}},{"type":"Feature","geometry":{"type":"LineString","coordinates":[[-6.32451,53.34166],[-6.32431,53.3417]]},"properties":{"id":"osm:way/255702066","mode":"rail","name":"Irish Rail"}},{"type":"Feature","geometry":{"type":"MultiLineString","coordinates":[[[-6.32422,53.34168],[-6.324,53.34172]],[[-6.324,53.34172],[-6.32238,53.34203]],[[-6.32238,53.34203],[-6.32199,53.3421]],[[-6.32199,53.3421],[-6.32157,53.34217]],[[-6.32157,53.34217],[-6.32122,53.34223]],[[-6.32122,53.34223],[-6.32085,53.34229]],[[-6.32085,53.34229],[-6.32041,53.34235]],[[-6.32041,53.34235],[-6.32002,53.3424]],[[-6.32002,53.3424],[-6.31957,53.34244]],[[-6.31957,53.34244],[-6.31903,53.34249]],[[-6.31903,53.34249],[-6.31788,53.34257]],[[-6.31788,53.34257],[-6.31713,53.34262]],[[-6.31713,53.34262],[-6.31578,53.3427]],[[-6.31578,53.3427],[-6.31432,53.34279]],[[-6.31432,53.34279],[-6.31254,53.34289]],[[-6.31254,53.34289],[-6.31211,53.34292]],[[-6.31211,53.34292],[-6.31172,53.34295]],[[-6.31172,53.34295],[-6.31139,53.34298]],[[-6.31139,53.34298],[-6.31088,53.34302]],[[-6.31088,53.34302],[-6.31033,53.34308]],[[-6.31033,53.34308],[-6.31008,53.3431]],[[-6.31008,53.3431],[-6.30961,53.34315]],[[-6.30961,53.34315],[-6.30916,53.34321]],[[-6.30916,53.34321],[-6.3085,53.3433]],[[-6.3085,53.3433],[-6.30812,53.34336]]]},"properties":{"id":"osm:way/255702070","mode":"rail","name":"Irish Rail"}},{"type":"Feature","geometry":{"type":"MultiLineString","coordinates":[[[-6.31164,53.34299],[-6.31212,53.34296]],[[-6.31212,53.34296],[-6.31282,53.34291]],[[-6.31282,53.34291],[-6.31433,53.34282]],[[-6.31433,53.34282],[-6.31624,53.3427]],[[-6.31624,53.3427],[-6.31786,53.34261]],[[-6.31786,53.34261],[-6.319,53.34253]],[[-6.319,53.34253],[-6.31959,53.34247]],[[-6.31959,53.34247],[-6.32003,53.34243]],[[-6.32003,53.34243],[-6.32047,53.34238]],[[-6.32047,53.34238],[-6.32086,53.34232]],[[-6.32086,53.34232],[-6.32125,53.34226]],[[-6.32125,53.34226],[-6.32159,53.34221]],[[-6.32159,53.34221],[-6.32198,53.34214]],[[-6.32198,53.34214],[-6.32242,53.34206]],[[-6.32242,53.34206],[-6.32346,53.34186]],[[-6.32346,53.34186],[-6.32431,53.3417]]]},"properties":{"id":"osm:way/255702071","mode":"rail","name":"Irish Rail"}},{"type":"Feature","geometry":{"type":"LineString","coordinates":[[-6.32441,53.34164],[-6.32422,53.34168]]},"properties":{"id":"osm:way/255702076","mode":"rail","name":"Irish Rail"}},{"type":"Feature","geometry":{"type":"LineString","coordinates":[[-6.34521,53.3376],[-6.3445,53.3377]]},"properties":{"id":"osm:way/255702078","mode":"rail","name":"Irish Rail"}},{"type":"Feature","geometry":{"type":"MultiLineString","coordinates":[[[-6.27395,53.36517],[-6.27238,53.36471]],[[-6.27238,53.36471],[-6.27214,53.36464]],[[-6.27214,53.36464],[-6.27192,53.36458]],[[-6.27192,53.36458],[-6.27161,53.36451]]]},"properties":{"id":"osm:way/257313813","mode":"rail","name":"Irish Rail"}},{"type":"Feature","geometry":{"type":"LineString","coordinates":[[-6.27498,53.36548],[-6.27395,53.36517]]},"properties":{"id":"osm:way/257313816","mode":"rail","name":"Irish Rail"}},{"type":"Feature","geometry":{"type":"LineString","coordinates":[[-6.27527,53.36557],[-6.27498,53.36548]]},"properties":{"id":"osm:way/257313817","mode":"rail","name":"Irish Rail"}},{"type":"Feature","geometry":{"type":"MultiLineString","coordinates":[[[-6.27856,53.36655],[-6.2783,53.36648]],[[-6.2783,53.36648],[-6.27789,53.36635]],[[-6.27789,53.36635],[-6.27757,53.36626]],[[-6.27757,53.36626],[-6.27734,53.3662]]]},"properties":{"id":"osm:way/257313819","mode":"rail","name":"Irish Rail"}},{"type":"Feature","geometry":{"type":"LineString","coordinates":[[-6.11111,53.2776],[-6.1114,53.27768]]},"properties":{"id":"osm:way/258581897","mode":"rail","name":"Irish Rail"}},{"type":"Feature","geometry":{"type":"MultiLineString","coordinates":[[[-6.24992,53.3509],[-6.25006,53.35068]],[[-6.25006,53.35068],[-6.2501,53.35063]]]},"properties":{"id":"osm:way/259560387","mode":"luas","name":"Luas"}},{"type":"Feature","geometry":{"type":"MultiLineString","coordinates":[[[-6.25032,53.35028],[-6.25033,53.35023]],[[-6.25033,53.35023],[-6.25033,53.3502]],[[-6.25033,53.3502],[-6.25033,53.35018]],[[-6.25033,53.35018],[-6.25033,53.35016]],[[-6.25033,53.35016],[-6.25033,53.35014]],[[-6.25033,53.35014],[-6.25032,53.35011]],[[-6.25032,53.35011],[-6.2503,53.35009]],[[-6.2503,53.35009],[-6.25028,53.35007]],[[-6.25028,53.35007],[-6.25027,53.35006]],[[-6.25027,53.35006],[-6.25026,53.35005]],[[-6.25026,53.35005],[-6.25024,53.35003]],[[-6.25024,53.35003],[-6.2502,53.35001]],[[-6.2502,53.35001],[-6.25015,53.34999]],[[-6.25015,53.34999],[-6.2501,53.34997]],[[-6.2501,53.34997],[-6.25006,53.34996]]]},"properties":{"id":"osm:way/259563190","mode":"luas","name":"Luas"}},{"type":"Feature","geometry":{"type":"MultiLineString","coordinates":[[[-6.24902,53.3496],[-6.24918,53.34961]],[[-6.24918,53.34961],[-6.24925,53.34962]],[[-6.24925,53.34962],[-6.24932,53.34963]],[[-6.24932,53.34963],[-6.24938,53.34964]],[[-6.24938,53.34964],[-6.24941,53.34965]],[[-6.24941,53.34965],[-6.24945,53.34967]],[[-6.24945,53.34967],[-6.24949,53.34968]],[[-6.24949,53.34968],[-6.24954,53.34971]],[[-6.24954,53.34971],[-6.24959,53.34974]],[[-6.24959,53.34974],[-6.24965,53.34977]],[[-6.24965,53.34977],[-6.24969,53.34979]],[[-6.24969,53.34979],[-6.24974,53.34981]],[[-6.24974,53.34981],[-6.24979,53.34983]],[[-6.24979,53.34983],[-6.24984,53.34985]],[[-6.24984,53.34985],[-6.24995,53.34988]],[[-6.24995,53.34988],[-6.25003,53.3499]]]},"properties":{"id":"osm:way/259563191","mode":"luas","name":"Luas"}},{"type":"Feature","geometry":{"type":"MultiLineString","coordinates":[[[-6.42883,53.38418],[-6.42821,53.38404]],[[-6.42821,53.38404],[-6.42792,53.38397]],[[-6.42792,53.38397],[-6.42722,53.38381]]]},"properties":{"id":"osm:way/264219925","mode":"rail","name":"Irish Rail"}},{"type":"Feature","geometry":{"type":"MultiLineString","coordinates":[[[-6.43014,53.38438],[-6.43151,53.38466]],[[-6.43151,53.38466],[-6.43205,53.38476]],[[-6.43205,53.38476],[-6.43267,53.38489]],[[-6.43267,53.38489],[-6.43292,53.38494]]]},"properties":{"id":"osm:way/264221919","mode":"rail","name":"Irish Rail"}},{"type":"Feature","geometry":{"type":"MultiLineString","coordinates":[[[-6.14245,53.29628],[-6.14212,53.2963]],[[-6.14212,53.2963],[-6.14191,53.29631]],[[-6.14191,53.29631],[-6.14155,53.29633]],[[-6.14155,53.29633],[-6.14132,53.29633]],[[-6.14132,53.29633],[-6.1411,53.29634]],[[-6.1411,53.29634],[-6.14095,53.29634]],[[-6.14095,53.29634],[-6.14053,53.29633]],[[-6.14053,53.29633],[-6.14025,53.29632]],[[-6.14025,53.29632],[-6.13979,53.2963]],[[-6.13979,53.2963],[-6.13935,53.29626]],[[-6.13935,53.29626],[-6.13896,53.29621]],[[-6.13896,53.29621],[-6.13858,53.29616]],[[-6.13858,53.29616],[-6.13838,53.29612]],[[-6.13838,53.29612],[-6.13793,53.29604]],[[-6.13793,53.29604],[-6.13757,53.29596]],[[-6.13757,53.29596],[-6.13737,53.29592]],[[-6.13737,53.29592],[-6.13706,53.29584]],[[-6.13706,53.29584],[-6.13703,53.29583]],[[-6.13703,53.29583],[-6.13676,53.29575]],[[-6.13676,53.29575],[-6.1364,53.29563]],[[-6.1364,53.29563],[-6.13612,53.29554]],[[-6.13612,53.29554],[-6.13586,53.29545]],[[-6.13586,53.29545],[-6.1355,53.29531]],[[-6.1355,53.29531],[-6.13514,53.29515]],[[-6.13514,53.29515],[-6.13465,53.29494]]]},"properties":{"id":"osm:way/266634893","mode":"rail","name":"Irish Rail"}},{"type":"Feature","geometry":{"type":"MultiLineString","coordinates":[[[-6.3042,53.34528],[-6.30409,53.34536]],[[-6.30409,53.34536],[-6.304,53.34542]],[[-6.304,53.34542],[-6.30391,53.34548]],[[-6.30391,53.34548],[-6.30382,53.34555]],[[-6.30382,53.34555],[-6.30367,53.34564]],[[-6.30367,53.34564],[-6.30351,53.34573]],[[-6.30351,53.34573],[-6.30336,53.34581]],[[-6.30336,53.34581],[-6.3032,53.34587]],[[-6.3032,53.34587],[-6.30301,53.34595]],[[-6.30301,53.34595],[-6.3028,53.34601]],[[-6.3028,53.34601],[-6.30263,53.34606]],[[-6.30263,53.34606],[-6.30248,53.3461]],[[-6.30248,53.3461],[-6.30231,53.34614]],[[-6.30231,53.34614],[-6.30216,53.34616]],[[-6.30216,53.34616],[-6.30186,53.3462]],[[-6.30186,53.3462],[-6.30169,53.34622]],[[-6.30169,53.34622],[-6.30154,53.34624]],[[-6.30154,53.34624],[-6.29888,53.34646]],[[-6.29888,53.34646],[-6.29863,53.34647]],[[-6.29863,53.34647],[-6.2985,53.34648]],[[-6.2985,53.34648],[-6.29838,53.34648]],[[-6.29838,53.34648],[-6.29791,53.34648]],[[-6.29791,53.34648],[-6.29769,53.34648]],[[-6.29769,53.34648],[-6.29756,53.34648]],[[-6.29756,53.34648],[-6.29743,53.34649]]]},"properties":{"id":"osm:way/269745193","mode":"rail","name":"Irish Rail"}},{"type":"Feature","geometry":{"type":"MultiLineString","coordinates":[[[-6.30508,53.34469],[-6.30537,53.3445]],[[-6.30537,53.3445],[-6.30584,53.34427]],[[-6.30584,53.34427],[-6.30613,53.34414]]]},"properties":{"id":"osm:way/269745196","mode":"rail","name":"Irish Rail"}},{"type":"Feature","geometry":{"type":"MultiLineString","coordinates":[[[-6.25104,53.35002],[-6.25098,53.35001]],[[-6.25098,53.35001],[-6.25094,53.35]],[[-6.25094,53.35],[-6.25088,53.35]],[[-6.25088,53.35],[-6.25086,53.35]],[[-6.25086,53.35],[-6.25086,53.35]],[[-6.25086,53.35],[-6.25082,53.35]],[[-6.25082,53.35],[-6.25078,53.35]],[[-6.25078,53.35],[-6.25075,53.35]],[[-6.25075,53.35],[-6.2507,53.35001]],[[-6.2507,53.35001],[-6.25067,53.35002]],[[-6.25067,53.35002],[-6.25063,53.35003]],[[-6.25063,53.35003],[-6.2506,53.35005]],[[-6.2506,53.35005],[-6.25057,53.35006]],[[-6.25057,53.35006],[-6.25055,53.35008]],[[-6.25055,53.35008],[-6.25053,53.35009]],[[-6.25053,53.35009],[-6.25051,53.35011]],[[-6.25051,53.35011],[-6.25049,53.35013]],[[-6.25049,53.35013],[-6.25047,53.35015]],[[-6.25047,53.35015],[-6.25045,53.35018]],[[-6.25045,53.35018],[-6.25042,53.35021]],[[-6.25042,53.35021],[-6.25037,53.35029]],[[-6.25037,53.35029],[-6.25032,53.35037]],[[-6.25032,53.35037],[-6.25027,53.35045]],[[-6.25027,53.35045],[-6.25014,53.35064]]]},"properties":{"id":"osm:way/270504414","mode":"luas","name":"Luas"}},{"type":"Feature","geometry":{"type":"MultiLineString","coordinates":[[[-6.23567,53.35859],[-6.2364,53.35822]],[[-6.2364,53.35822],[-6.2367,53.35806]]]},"properties":{"id":"osm:way/270631460","mode":"rail","name":"Irish Rail"}},{"type":"Feature","geometry":{"type":"MultiLineString","coordinates":[[[-6.22651,53.36334],[-6.22656,53.36331]],[[-6.22656,53.36331],[-6.22672,53.36323]],[[-6.22672,53.36323],[-6.22756,53.36279]],[[-6.22756,53.36279],[-6.2287,53.3622]],[[-6.2287,53.3622],[-6.22884,53.36213]],[[-6.22884,53.36213],[-6.22942,53.36183]],[[-6.22942,53.36183],[-6.23039,53.36132]],[[-6.23039,53.36132],[-6.23091,53.36106]],[[-6.23091,53.36106],[-6.23107,53.36098]],[[-6.23107,53.36098],[-6.23112,53.36095]]]},"properties":{"id":"osm:way/270631464","mode":"rail","name":"Irish Rail"}},{"type":"Feature","geometry":{"type":"MultiLineString","coordinates":[[[-6.23489,53.3589],[-6.23475,53.35896]],[[-6.23475,53.35896],[-6.234,53.35935]],[[-6.234,53.35935],[-6.23368,53.35955]],[[-6.23368,53.35955],[-6.23327,53.35977]],[[-6.23327,53.35977],[-6.23292,53.35996]],[[-6.23292,53.35996],[-6.23276,53.36004]],[[-6.23276,53.36004],[-6.23243,53.36021]],[[-6.23243,53.36021],[-6.23184,53.36051]],[[-6.23184,53.36051],[-6.2314,53.36073]],[[-6.2314,53.36073],[-6.2288,53.36207]],[[-6.2288,53.36207],[-6.22873,53.36211]]]},"properties":{"id":"osm:way/270631467","mode":"rail","name":"Irish Rail"}},{"type":"Feature","geometry":{"type":"MultiLineString","coordinates":[[[-6.23519,53.35895],[-6.23479,53.35916]],[[-6.23479,53.35916],[-6.23478,53.35916]],[[-6.23478,53.35916],[-6.23413,53.3595]],[[-6.23413,53.3595],[-6.23315,53.36001]],[[-6.23315,53.36001],[-6.23233,53.36044]],[[-6.23233,53.36044],[-6.22921,53.36205]],[[-6.22921,53.36205],[-6.22904,53.36215]],[[-6.22904,53.36215],[-6.22862,53.36238]],[[-6.22862,53.36238],[-6.22793,53.36274]],[[-6.22793,53.36274],[-6.22732,53.36306]],[[-6.22732,53.36306],[-6.22701,53.36322]],[[-6.22701,53.36322],[-6.22688,53.3633]],[[-6.22688,53.3633],[-6.22673,53.36336]],[[-6.22673,53.36336],[-6.22662,53.36341]],[[-6.22662,53.36341],[-6.22657,53.36343]],[[-6.22657,53.36343],[-6.22643,53.36349]],[[-6.22643,53.36349],[-6.22631,53.36355]],[[-6.22631,53.36355],[-6.22603,53.36369]],[[-6.22603,53.36369],[-6.22597,53.36372]]]},"properties":{"id":"osm:way/270631470","mode":"rail","name":"Irish Rail"}},{"type":"Feature","geometry":{"type":"LineString","coordinates":[[-6.22521,53.36401],[-6.22577,53.36372]]},"properties":{"id":"osm:way/270631473","mode":"rail","name":"Irish Rail"}},{"type":"Feature","geometry":{"type":"MultiLineString","coordinates":[[[-6.22657,53.36343],[-6.22603,53.36365]],[[-6.22603,53.36365],[-6.22585,53.36373]]]},"properties":{"id":"osm:way/270631475","mode":"rail","name":"Irish Rail"}},{"type":"Feature","geometry":{"type":"MultiLineString","coordinates":[[[-6.23478,53.35916],[-6.23469,53.35921]],[[-6.23469,53.35921],[-6.23459,53.35927]],[[-6.23459,53.35927],[-6.2345,53.35933]],[[-6.2345,53.35933],[-6.2342,53.35953]]]},"properties":{"id":"osm:way/270631479","mode":"rail","name":"Irish Rail"}},{"type":"Feature","geometry":{"type":"MultiLineString","coordinates":[[[-6.23292,53.35996],[-6.23302,53.35991]],[[-6.23302,53.35991],[-6.23312,53.35987]],[[-6.23312,53.35987],[-6.23351,53.3597]],[[-6.23351,53.3597],[-6.23365,53.35964]],[[-6.23365,53.35964],[-6.23383,53.35955]]]},"properties":{"id":"osm:way/270631481","mode":"rail","name":"Irish Rail"}},{"type":"Feature","geometry":{"type":"LineString","coordinates":[[-6.21961,53.36691],[-6.21994,53.36673]]},"properties":{"id":"osm:way/270631483","mode":"rail","name":"Irish Rail"}},{"type":"Feature","geometry":{"type":"LineString","coordinates":[[-6.22501,53.36411],[-6.22397,53.3647]]},"properties":{"id":"osm:way/270631485","mode":"rail","name":"Irish Rail"}},{"type":"Feature","geometry":{"type":"MultiLineString","coordinates":[[[-6.2351,53.35889],[-6.23549,53.35869]],[[-6.23549,53.35869],[-6.23567,53.35859]]]},"properties":{"id":"osm:way/270631487","mode":"rail","name":"Irish Rail"}},{"type":"Feature","geometry":{"type":"MultiLineString","coordinates":[[[-6.23523,53.35898],[-6.235,53.3591]],[[-6.235,53.3591],[-6.23446,53.35938]],[[-6.23446,53.35938],[-6.23432,53.35946]],[[-6.23432,53.35946],[-6.2342,53.35953]]]},"properties":{"id":"osm:way/270631488","mode":"rail","name":"Irish Rail"}},{"type":"Feature","geometry":{"type":"LineString","coordinates":[[-6.22261,53.36535],[-6.22371,53.36483]]},"properties":{"id":"osm:way/270631490","mode":"rail","name":"Irish Rail"}},{"type":"Feature","geometry":{"type":"MultiLineString","coordinates":[[[-6.23323,53.36006],[-6.2331,53.36012]],[[-6.2331,53.36012],[-6.23297,53.36018]],[[-6.23297,53.36018],[-6.23276,53.36026]],[[-6.23276,53.36026],[-6.23255,53.36034]],[[-6.23255,53.36034],[-6.23244,53.36039]],[[-6.23244,53.36039],[-6.23233,53.36044]]]},"properties":{"id":"osm:way/270631492","mode":"rail","name":"Irish Rail"}},{"type":"Feature","geometry":{"type":"MultiLineString","coordinates":[[[-6.23243,53.36021],[-6.23231,53.36027]],[[-6.23231,53.36027],[-6.2322,53.36034]],[[-6.2322,53.36034],[-6.23171,53.36064]],[[-6.23171,53.36064],[-6.23159,53.3607]],[[-6.23159,53.3607],[-6.23142,53.36079]]]},"properties":{"id":"osm:way/270631493","mode":"rail","name":"Irish Rail"}},{"type":"Feature","geometry":{"type":"MultiLineString","coordinates":[[[-6.23376,53.35982],[-6.23365,53.35989]],[[-6.23365,53.35989],[-6.23353,53.35996]],[[-6.23353,53.35996],[-6.23238,53.36055]]]},"properties":{"id":"osm:way/270631495","mode":"rail","name":"Irish Rail"}},{"type":"Feature","geometry":{"type":"MultiLineString","coordinates":[[[-6.23644,53.35824],[-6.2363,53.35832]],[[-6.2363,53.35832],[-6.23617,53.3584]],[[-6.23617,53.3584],[-6.23607,53.35846]],[[-6.23607,53.35846],[-6.23597,53.35853]],[[-6.23597,53.35853],[-6.23588,53.35859]],[[-6.23588,53.35859],[-6.23577,53.35865]]]},"properties":{"id":"osm:way/270631497","mode":"rail","name":"Irish Rail"}},{"type":"Feature","geometry":{"type":"MultiLineString","coordinates":[[[-6.23528,53.35902],[-6.23516,53.35908]],[[-6.23516,53.35908],[-6.23464,53.35939]],[[-6.23464,53.35939],[-6.23415,53.3597]]]},"properties":{"id":"osm:way/270631499","mode":"rail","name":"Irish Rail"}},{"type":"Feature","geometry":{"type":"LineString","coordinates":[[-6.23318,53.3602],[-6.23243,53.36058]]},"properties":{"id":"osm:way/270631501","mode":"rail","name":"Irish Rail"}},{"type":"Feature","geometry":{"type":"MultiLineString","coordinates":[[[-6.22927,53.3621],[-6.22899,53.36225]],[[-6.22899,53.36225],[-6.22889,53.3623]],[[-6.22889,53.3623],[-6.2286,53.36246]]]},"properties":{"id":"osm:way/270631503","mode":"rail","name":"Irish Rail"}},{"type":"Feature","geometry":{"type":"MultiLineString","coordinates":[[[-6.23318,53.3602],[-6.23329,53.36013]],[[-6.23329,53.36013],[-6.2334,53.36007]],[[-6.2334,53.36007],[-6.23376,53.35982]],[[-6.23376,53.35982],[-6.23416,53.35956]],[[-6.23416,53.35956],[-6.2342,53.35953]]]},"properties":{"id":"osm:way/270631505","mode":"rail","name":"Irish Rail"}},{"type":"Feature","geometry":{"type":"MultiLineString","coordinates":[[[-6.22813,53.3627],[-6.22794,53.36283]],[[-6.22794,53.36283],[-6.22783,53.3629]],[[-6.22783,53.3629],[-6.22772,53.36296]]]},"properties":{"id":"osm:way/270631507","mode":"rail","name":"Irish Rail"}},{"type":"Feature","geometry":{"type":"MultiLineString","coordinates":[[[-6.22932,53.36214],[-6.22903,53.36228]],[[-6.22903,53.36228],[-6.22882,53.36237]],[[-6.22882,53.36237],[-6.22872,53.36241]],[[-6.22872,53.36241],[-6.2286,53.36246]]]},"properties":{"id":"osm:way/270631508","mode":"rail","name":"Irish Rail"}},{"type":"Feature","geometry":{"type":"MultiLineString","coordinates":[[[-6.23416,53.35956],[-6.23403,53.35964]],[[-6.23403,53.35964],[-6.2339,53.35971]],[[-6.2339,53.35971],[-6.23323,53.36006]],[[-6.23323,53.36006],[-6.2324,53.36049]],[[-6.2324,53.36049],[-6.23233,53.36052]]]},"properties":{"id":"osm:way/270631509","mode":"rail","name":"Irish Rail"}},{"type":"Feature","geometry":{"type":"MultiLineString","coordinates":[[[-6.23531,53.35904],[-6.2352,53.35911]],[[-6.2352,53.35911],[-6.23469,53.35941]],[[-6.23469,53.35941],[-6.23415,53.3597]],[[-6.23415,53.3597],[-6.23393,53.35981]],[[-6.23393,53.35981],[-6.23348,53.36004]],[[-6.23348,53.36004],[-6.23318,53.3602]]]},"properties":{"id":"osm:way/270631510","mode":"rail","name":"Irish Rail"}},{"type":"Feature","geometry":{"type":"MultiLineString","coordinates":[[[-6.22665,53.36348],[-6.22674,53.36344]],[[-6.22674,53.36344],[-6.22688,53.36337]],[[-6.22688,53.36337],[-6.22702,53.36331]],[[-6.22702,53.36331],[-6.22772,53.36296]],[[-6.22772,53.36296],[-6.2281,53.36276]],[[-6.2281,53.36276],[-6.2283,53.36266]],[[-6.2283,53.36266],[-6.22859,53.36252]],[[-6.22859,53.36252],[-6.22875,53.36245]],[[-6.22875,53.36245],[-6.22893,53.36237]],[[-6.22893,53.36237],[-6.22905,53.36232]],[[-6.22905,53.36232],[-6.22918,53.36227]],[[-6.22918,53.36227],[-6.22937,53.36217]]]},"properties":{"id":"osm:way/270631511","mode":"rail","name":"Irish Rail"}},{"type":"Feature","geometry":{"type":"MultiLineString","coordinates":[[[-6.2323,53.36023],[-6.23169,53.36047]],[[-6.23169,53.36047],[-6.23155,53.36054]],[[-6.23155,53.36054],[-6.23142,53.3606]],[[-6.23142,53.3606],[-6.2313,53.36066]],[[-6.2313,53.36066],[-6.22886,53.36192]],[[-6.22886,53.36192],[-6.22872,53.36199]]]},"properties":{"id":"osm:way/270631512","mode":"rail","name":"Irish Rail"}},{"type":"Feature","geometry":{"type":"MultiLineString","coordinates":[[[-6.22868,53.36197],[-6.22882,53.3619]],[[-6.22882,53.3619],[-6.23099,53.36077]],[[-6.23099,53.36077],[-6.23116,53.36069]],[[-6.23116,53.36069],[-6.23132,53.36063]],[[-6.23132,53.36063],[-6.23169,53.36047]]]},"properties":{"id":"osm:way/270631514","mode":"rail","name":"Irish Rail"}},{"type":"Feature","geometry":{"type":"MultiLineString","coordinates":[[[-6.22869,53.36208],[-6.22877,53.36204]],[[-6.22877,53.36204],[-6.23199,53.36037]],[[-6.23199,53.36037],[-6.23213,53.36031]],[[-6.23213,53.36031],[-6.2323,53.36023]],[[-6.2323,53.36023],[-6.23247,53.36017]],[[-6.23247,53.36017],[-6.23262,53.3601]],[[-6.23262,53.3601],[-6.23276,53.36004]]]},"properties":{"id":"osm:way/270631515","mode":"rail","name":"Irish Rail"}},{"type":"Feature","geometry":{"type":"MultiLineString","coordinates":[[[-6.2261,53.36371],[-6.22622,53.36364]],[[-6.22622,53.36364],[-6.2264,53.36355]],[[-6.2264,53.36355],[-6.22656,53.36347]],[[-6.22656,53.36347],[-6.22671,53.36341]],[[-6.22671,53.36341],[-6.22685,53.36335]],[[-6.22685,53.36335],[-6.22698,53.36328]],[[-6.22698,53.36328],[-6.22785,53.36284]],[[-6.22785,53.36284],[-6.22813,53.3627]]]},"properties":{"id":"osm:way/270631516","mode":"rail","name":"Irish Rail"}},{"type":"Feature","geometry":{"type":"MultiLineString","coordinates":[[[-6.21994,53.36673],[-6.22261,53.36535]],[[-6.22261,53.36535],[-6.22379,53.36475]],[[-6.22379,53.36475],[-6.22501,53.36411]],[[-6.22501,53.36411],[-6.22521,53.36401]]]},"properties":{"id":"osm:way/270631518","mode":"rail","name":"Irish Rail"}},{"type":"Feature","geometry":{"type":"MultiLineString","coordinates":[[[-6.37072,53.31528],[-6.37078,53.31525]],[[-6.37078,53.31525],[-6.37081,53.31522]],[[-6.37081,53.31522],[-6.37084,53.31518]],[[-6.37084,53.31518],[-6.37112,53.31468]],[[-6.37112,53.31468],[-6.37113,53.31465]],[[-6.37113,53.31465],[-6.37123,53.31449]],[[-6.37123,53.31449],[-6.37128,53.31438]],[[-6.37128,53.31438],[-6.37134,53.31428]],[[-6.37134,53.31428],[-6.37139,53.3142]],[[-6.37139,53.3142],[-6.37144,53.3141]],[[-6.37144,53.3141],[-6.37149,53.314]],[[-6.37149,53.314],[-6.37158,53.31386]],[[-6.37158,53.31386],[-6.37161,53.31381]],[[-6.37161,53.31381],[-6.37162,53.31378]],[[-6.37162,53.31378],[-6.37163,53.31375]],[[-6.37163,53.31375],[-6.37163,53.31372]],[[-6.37163,53.31372],[-6.37162,53.31368]],[[-6.37162,53.31368],[-6.37161,53.31366]],[[-6.37161,53.31366],[-6.3716,53.31363]],[[-6.3716,53.31363],[-6.37157,53.3136]],[[-6.37157,53.3136],[-6.37155,53.31358]],[[-6.37155,53.31358],[-6.37151,53.31356]],[[-6.37151,53.31356],[-6.37145,53.31354]],[[-6.37145,53.31354],[-6.37138,53.31351]],[[-6.37138,53.31351],[-6.37134,53.31351]],[[-6.37134,53.31351],[-6.37131,53.3135]],[[-6.37131,53.3135],[-6.37123,53.3135]],[[-6.37123,53.3135],[-6.37117,53.31351]],[[-6.37117,53.31351],[-6.37109,53.31352]],[[-6.37109,53.31352],[-6.37101,53.31354]],[[-6.37101,53.31354],[-6.37093,53.31355]],[[-6.37093,53.31355],[-6.37084,53.31357]],[[-6.37084,53.31357],[-6.37079,53.31359]],[[-6.37079,53.31359],[-6.37074,53.31361]],[[-6.37074,53.31361],[-6.37061,53.31369]],[[-6.37061,53.31369],[-6.37038,53.31381]],[[-6.37038,53.31381],[-6.37,53.31402]],[[-6.37,53.31402],[-6.36972,53.31418]],[[-6.36972,53.31418],[-6.36945,53.31433]],[[-6.36945,53.31433],[-6.36932,53.31439]],[[-6.36932,53.31439],[-6.36891,53.31462]],[[-6.36891,53.31462],[-6.36869,53.31474]],[[-6.36869,53.31474],[-6.36831,53.31495]],[[-6.36831,53.31495],[-6.36808,53.31508]],[[-6.36808,53.31508],[-6.36799,53.31514]],[[-6.36799,53.31514],[-6.36795,53.31518]],[[-6.36795,53.31518],[-6.36789,53.31524]],[[-6.36789,53.31524],[-6.36782,53.31531]],[[-6.36782,53.31531],[-6.36778,53.31535]],[[-6.36778,53.31535],[-6.36775,53.31537]],[[-6.36775,53.31537],[-6.36774,53.31539]],[[-6.36774,53.31539],[-6.36772,53.31543]],[[-6.36772,53.31543],[-6.36771,53.31546]],[[-6.36771,53.31546],[-6.36771,53.31549]],[[-6.36771,53.31549],[-6.36771,53.31551]],[[-6.36771,53.31551],[-6.36772,53.31553]],[[-6.36772,53.31553],[-6.36774,53.31556]],[[-6.36774,53.31556],[-6.36776,53.31559]],[[-6.36776,53.31559],[-6.36777,53.3156]],[[-6.36777,53.3156],[-6.36779,53.31561]],[[-6.36779,53.31561],[-6.36783,53.31564]],[[-6.36783,53.31564],[-6.36787,53.31566]],[[-6.36787,53.31566],[-6.36797,53.31571]],[[-6.36797,53.31571],[-6.36801,53.31573]],[[-6.36801,53.31573],[-6.36805,53.31574]],[[-6.36805,53.31574],[-6.3681,53.31576]],[[-6.3681,53.31576],[-6.36815,53.31578]]]},"properties":{"id":"osm:way/270837905","mode":"luas","name":"Luas"}},{"type":"Feature","geometry":{"type":"MultiLineString","coordinates":[[[-6.3711,53.31442],[-6.37102,53.31443]],[[-6.37102,53.31443],[-6.37097,53.31444]],[[-6.37097,53.31444],[-6.37092,53.31444]],[[-6.37092,53.31444],[-6.37089,53.31445]],[[-6.37089,53.31445],[-6.37083,53.31446]],[[-6.37083,53.31446],[-6.36971,53.31483]],[[-6.36971,53.31483],[-6.36849,53.31522]]]},"properties":{"id":"osm:way/270837907","mode":"luas","name":"Luas"}},{"type":"Feature","geometry":{"type":"MultiLineString","coordinates":[[[-6.37117,53.31431],[-6.37108,53.31433]],[[-6.37108,53.31433],[-6.37104,53.31433]],[[-6.37104,53.31433],[-6.37099,53.31434]],[[-6.37099,53.31434],[-6.37095,53.31434]],[[-6.37095,53.31434],[-6.37089,53.31436]],[[-6.37089,53.31436],[-6.3698,53.31471]],[[-6.3698,53.31471],[-6.36855,53.31512]]]},"properties":{"id":"osm:way/270837908","mode":"luas","name":"Luas"}},{"type":"Feature","geometry":{"type":"MultiLineString","coordinates":[[[-6.37121,53.31422],[-6.37113,53.31423]],[[-6.37113,53.31423],[-6.37109,53.31423]],[[-6.37109,53.31423],[-6.37105,53.31423]],[[-6.37105,53.31423],[-6.37099,53.31424]],[[-6.37099,53.31424],[-6.37094,53.31426]],[[-6.37094,53.31426],[-6.36987,53.31461]],[[-6.36987,53.31461],[-6.36861,53.31502]]]},"properties":{"id":"osm:way/270837909","mode":"luas","name":"Luas"}},{"type":"Feature","geometry":{"type":"MultiLineString","coordinates":[[[-6.37108,53.31451],[-6.371,53.31453]],[[-6.371,53.31453],[-6.37095,53.31453]],[[-6.37095,53.31453],[-6.37091,53.31453]],[[-6.37091,53.31453],[-6.37086,53.31454]],[[-6.37086,53.31454],[-6.37082,53.31455]],[[-6.37082,53.31455],[-6.3697,53.31491]],[[-6.3697,53.31491],[-6.36843,53.31532]]]},"properties":{"id":"osm:way/270837911","mode":"luas","name":"Luas"}},{"type":"Feature","geometry":{"type":"MultiLineString","coordinates":[[[-6.37126,53.31411],[-6.3712,53.31413]],[[-6.3712,53.31413],[-6.37115,53.31413]],[[-6.37115,53.31413],[-6.3711,53.31413]],[[-6.3711,53.31413],[-6.37105,53.31414]],[[-6.37105,53.31414],[-6.37099,53.31416]],[[-6.37099,53.31416],[-6.37002,53.31447]],[[-6.37002,53.31447],[-6.3688,53.31487]]]},"properties":{"id":"osm:way/270837912","mode":"luas","name":"Luas"}},{"type":"Feature","geometry":{"type":"MultiLineString","coordinates":[[[-6.37134,53.31401],[-6.37128,53.31402]],[[-6.37128,53.31402],[-6.37123,53.31403]],[[-6.37123,53.31403],[-6.37118,53.31403]],[[-6.37118,53.31403],[-6.37113,53.31404]],[[-6.37113,53.31404],[-6.37105,53.31405]],[[-6.37105,53.31405],[-6.36914,53.31468]]]},"properties":{"id":"osm:way/270837913","mode":"luas","name":"Luas"}},{"type":"Feature","geometry":{"type":"MultiLineString","coordinates":[[[-6.37128,53.31438],[-6.37125,53.31442]],[[-6.37125,53.31442],[-6.37124,53.31443]],[[-6.37124,53.31443],[-6.37122,53.31445]],[[-6.37122,53.31445],[-6.37119,53.31447]],[[-6.37119,53.31447],[-6.37116,53.31448]],[[-6.37116,53.31448],[-6.37113,53.31449]],[[-6.37113,53.31449],[-6.37108,53.31451]],[[-6.37108,53.31451],[-6.37091,53.31457]],[[-6.37091,53.31457],[-6.36973,53.31495]],[[-6.36973,53.31495],[-6.3684,53.31538]]]},"properties":{"id":"osm:way/270837915","mode":"luas","name":"Luas"}},{"type":"Feature","geometry":{"type":"MultiLineString","coordinates":[[[-6.37123,53.31449],[-6.37119,53.31453]],[[-6.37119,53.31453],[-6.37116,53.31456]],[[-6.37116,53.31456],[-6.37111,53.31458]],[[-6.37111,53.31458],[-6.37107,53.3146]],[[-6.37107,53.3146],[-6.37092,53.31465]],[[-6.37092,53.31465],[-6.37076,53.31472]],[[-6.37076,53.31472],[-6.37061,53.31477]],[[-6.37061,53.31477],[-6.37047,53.31483]],[[-6.37047,53.31483],[-6.37031,53.31489]],[[-6.37031,53.31489],[-6.37019,53.31494]],[[-6.37019,53.31494],[-6.37014,53.31496]],[[-6.37014,53.31496],[-6.3701,53.31498]],[[-6.3701,53.31498],[-6.37006,53.31501]],[[-6.37006,53.31501],[-6.37004,53.31503]],[[-6.37004,53.31503],[-6.37003,53.31505]],[[-6.37003,53.31505],[-6.36994,53.31518]],[[-6.36994,53.31518],[-6.36986,53.3153]]]},"properties":{"id":"osm:way/270843203","mode":"luas","name":"Luas"}},{"type":"Feature","geometry":{"type":"MultiLineString","coordinates":[[[-6.37061,53.31477],[-6.37053,53.31482]],[[-6.37053,53.31482],[-6.37051,53.31484]],[[-6.37051,53.31484],[-6.37049,53.31486]],[[-6.37049,53.31486],[-6.37046,53.3149]],[[-6.37046,53.3149],[-6.37023,53.31525]],[[-6.37023,53.31525],[-6.37016,53.31537]]]},"properties":{"id":"osm:way/270843204","mode":"luas","name":"Luas"}},{"type":"Feature","geometry":{"type":"MultiLineString","coordinates":[[[-6.37031,53.31489],[-6.37023,53.31494]],[[-6.37023,53.31494],[-6.3702,53.31496]],[[-6.3702,53.31496],[-6.37017,53.315]],[[-6.37017,53.315],[-6.37004,53.3152]],[[-6.37004,53.3152],[-6.36996,53.31532]]]},"properties":{"id":"osm:way/270843205","mode":"luas","name":"Luas"}},{"type":"Feature","geometry":{"type":"MultiLineString","coordinates":[[[-6.37092,53.31465],[-6.37084,53.3147]],[[-6.37084,53.3147],[-6.37081,53.31472]],[[-6.37081,53.31472],[-6.37078,53.31476]],[[-6.37078,53.31476],[-6.37074,53.31483]],[[-6.37074,53.31483],[-6.37043,53.31529]],[[-6.37043,53.31529],[-6.3704,53.31535]]]},"properties":{"id":"osm:way/270843206","mode":"luas","name":"Luas"}},{"type":"Feature","geometry":{"type":"MultiLineString","coordinates":[[[-6.37047,53.31483],[-6.37039,53.31488]],[[-6.37039,53.31488],[-6.37035,53.31491]],[[-6.37035,53.31491],[-6.37033,53.31494]],[[-6.37033,53.31494],[-6.37024,53.31506]],[[-6.37024,53.31506],[-6.37014,53.31523]],[[-6.37014,53.31523],[-6.37006,53.31534]]]},"properties":{"id":"osm:way/270843207","mode":"luas","name":"Luas"}},{"type":"Feature","geometry":{"type":"MultiLineString","coordinates":[[[-6.37076,53.31472],[-6.3707,53.31475]],[[-6.3707,53.31475],[-6.37067,53.31478]],[[-6.37067,53.31478],[-6.37064,53.3148]],[[-6.37064,53.3148],[-6.37061,53.31485]],[[-6.37061,53.31485],[-6.37033,53.31527]],[[-6.37033,53.31527],[-6.3703,53.31532]]]},"properties":{"id":"osm:way/270843208","mode":"luas","name":"Luas"}},{"type":"Feature","geometry":{"type":"MultiLineString","coordinates":[[[-6.14975,53.39209],[-6.15014,53.3921]],[[-6.15014,53.3921],[-6.15077,53.39212]],[[-6.15077,53.39212],[-6.15107,53.39212]],[[-6.15107,53.39212],[-6.15143,53.39211]],[[-6.15143,53.39211],[-6.15176,53.3921]],[[-6.15176,53.3921],[-6.15214,53.39207]],[[-6.15214,53.39207],[-6.1524,53.39206]],[[-6.1524,53.39206],[-6.15275,53.39201]],[[-6.15275,53.39201],[-6.15305,53.39197]],[[-6.15305,53.39197],[-6.1533,53.39194]],[[-6.1533,53.39194],[-6.15353,53.3919]],[[-6.15353,53.3919],[-6.15383,53.39183]],[[-6.15383,53.39183],[-6.1541,53.39177]],[[-6.1541,53.39177],[-6.15436,53.39171]],[[-6.15436,53.39171],[-6.15458,53.39164]],[[-6.15458,53.39164],[-6.1549,53.39154]],[[-6.1549,53.39154],[-6.1551,53.39147]],[[-6.1551,53.39147],[-6.15559,53.39128]],[[-6.15559,53.39128],[-6.15585,53.39117]],[[-6.15585,53.39117],[-6.15616,53.39103]],[[-6.15616,53.39103],[-6.15632,53.39094]],[[-6.15632,53.39094],[-6.15639,53.39091]],[[-6.15639,53.39091],[-6.15654,53.39082]],[[-6.15654,53.39082],[-6.15675,53.39069]],[[-6.15675,53.39069],[-6.15691,53.39058]],[[-6.15691,53.39058],[-6.15725,53.39037]]]},"properties":{"id":"osm:way/270878058","mode":"rail","name":"Irish Rail"}},{"type":"Feature","geometry":{"type":"LineString","coordinates":[[-6.15802,53.38984],[-6.15759,53.39011]]},"properties":{"id":"osm:way/270878059","mode":"rail","name":"Irish Rail"}},{"type":"Feature","geometry":{"type":"LineString","coordinates":[[-6.09534,53.39137],[-6.09561,53.39138]]},"properties":{"id":"osm:way/270958259","mode":"rail","name":"Irish Rail"}},{"type":"Feature","geometry":{"type":"LineString","coordinates":[[-6.07919,53.38988],[-6.07998,53.38997]]},"properties":{"id":"osm:way/270958261","mode":"rail","name":"Irish Rail"}},{"type":"Feature","geometry":{"type":"LineString","coordinates":[[-6.07879,53.38981],[-6.07819,53.38969]]},"properties":{"id":"osm:way/270958263","mode":"rail","name":"Irish Rail"}},{"type":"Feature","geometry":{"type":"MultiLineString","coordinates":[[[-6.09561,53.39138],[-6.09681,53.39142]],[[-6.09681,53.39142],[-6.09816,53.39146]],[[-6.09816,53.39146],[-6.09952,53.3915]],[[-6.09952,53.3915],[-6.10018,53.39152]],[[-6.10018,53.39152],[-6.10147,53.39156]],[[-6.10147,53.39156],[-6.10274,53.3916]],[[-6.10274,53.3916],[-6.10417,53.39164]],[[-6.10417,53.39164],[-6.1054,53.39168]],[[-6.1054,53.39168],[-6.10671,53.39172]],[[-6.10671,53.39172],[-6.108,53.39175]],[[-6.108,53.39175],[-6.10928,53.39179]],[[-6.10928,53.39179],[-6.11053,53.39183]],[[-6.11053,53.39183],[-6.11147,53.39186]],[[-6.11147,53.39186],[-6.11206,53.39187]],[[-6.11206,53.39187],[-6.11229,53.39188]],[[-6.11229,53.39188],[-6.11354,53.39192]],[[-6.11354,53.39192],[-6.11468,53.39195]],[[-6.11468,53.39195],[-6.11518,53.39198]],[[-6.11518,53.39198],[-6.11565,53.39199]],[[-6.11565,53.39199],[-6.11608,53.39199]],[[-6.11608,53.39199],[-6.11639,53.392]],[[-6.11639,53.392],[-6.1168,53.392]],[[-6.1168,53.392],[-6.11708,53.392]],[[-6.11708,53.392],[-6.11719,53.392]],[[-6.11719,53.392],[-6.1178,53.39198]],[[-6.1178,53.39198],[-6.11922,53.39193]],[[-6.11922,53.39193],[-6.12055,53.39188]],[[-6.12055,53.39188],[-6.12195,53.39183]],[[-6.12195,53.39183],[-6.12316,53.39179]],[[-6.12316,53.39179],[-6.12424,53.39176]],[[-6.12424,53.39176],[-6.12474,53.39173]],[[-6.12474,53.39173],[-6.12552,53.39171]],[[-6.12552,53.39171],[-6.1264,53.39168]],[[-6.1264,53.39168],[-6.12749,53.39164]],[[-6.12749,53.39164],[-6.12843,53.39161]],[[-6.12843,53.39161],[-6.12949,53.39157]],[[-6.12949,53.39157],[-6.13047,53.39154]],[[-6.13047,53.39154],[-6.13173,53.39149]],[[-6.13173,53.39149],[-6.13264,53.39146]],[[-6.13264,53.39146],[-6.13313,53.39145]],[[-6.13313,53.39145],[-6.13362,53.39145]],[[-6.13362,53.39145],[-6.1344,53.39145]]]},"properties":{"id":"osm:way/270958265","mode":"rail","name":"Irish Rail"}},{"type":"Feature","geometry":{"type":"MultiLineString","coordinates":[[[-6.24376,53.35501],[-6.24369,53.35512]],[[-6.24369,53.35512],[-6.24364,53.35524]],[[-6.24364,53.35524],[-6.24359,53.35536]],[[-6.24359,53.35536],[-6.24356,53.35547]],[[-6.24356,53.35547],[-6.24354,53.35557]],[[-6.24354,53.35557],[-6.24354,53.35566]],[[-6.24354,53.35566],[-6.24355,53.3557]],[[-6.24355,53.3557],[-6.24355,53.35573]],[[-6.24355,53.35573],[-6.24357,53.35582]],[[-6.24357,53.35582],[-6.2436,53.3559]],[[-6.2436,53.3559],[-6.24367,53.35606]],[[-6.24367,53.35606],[-6.24375,53.3562]]]},"properties":{"id":"osm:way/272005126","mode":"rail","name":"Irish Rail"}},{"type":"Feature","geometry":{"type":"MultiLineString","coordinates":[[[-6.36809,53.31516],[-6.36791,53.31525]],[[-6.36791,53.31525],[-6.36782,53.31531]],[[-6.36782,53.31531],[-6.36773,53.31536]],[[-6.36773,53.31536],[-6.36766,53.31538]],[[-6.36766,53.31538],[-6.36762,53.3154]],[[-6.36762,53.3154],[-6.36757,53.31542]],[[-6.36757,53.31542],[-6.3675,53.31543]],[[-6.3675,53.31543],[-6.36741,53.31544]],[[-6.36741,53.31544],[-6.36733,53.31544]],[[-6.36733,53.31544],[-6.36725,53.31544]],[[-6.36725,53.31544],[-6.36716,53.31543]],[[-6.36716,53.31543],[-6.36708,53.31541]],[[-6.36708,53.31541],[-6.36701,53.31538]],[[-6.36701,53.31538],[-6.36695,53.31535]],[[-6.36695,53.31535],[-6.36691,53.31532]],[[-6.36691,53.31532],[-6.36676,53.31522]],[[-6.36676,53.31522],[-6.36663,53.31513]],[[-6.36663,53.31513],[-6.36646,53.31501]],[[-6.36646,53.31501],[-6.36637,53.31495]],[[-6.36637,53.31495],[-6.3663,53.3149]],[[-6.3663,53.3149],[-6.36623,53.31484]]]},"properties":{"id":"osm:way/272060916","mode":"luas","name":"Luas"}},{"type":"Feature","geometry":{"type":"MultiLineString","coordinates":[[[-6.36823,53.31577],[-6.36814,53.31574]],[[-6.36814,53.31574],[-6.36807,53.3157]],[[-6.36807,53.3157],[-6.36799,53.31567]],[[-6.36799,53.31567],[-6.36795,53.31565]],[[-6.36795,53.31565],[-6.36791,53.31563]],[[-6.36791,53.31563],[-6.36788,53.3156]],[[-6.36788,53.3156],[-6.36786,53.31558]],[[-6.36786,53.31558],[-6.36784,53.31556]],[[-6.36784,53.31556],[-6.36783,53.31553]],[[-6.36783,53.31553],[-6.36781,53.3155]],[[-6.36781,53.3155],[-6.36781,53.31546]],[[-6.36781,53.31546],[-6.36781,53.31545]],[[-6.36781,53.31545],[-6.36782,53.31543]],[[-6.36782,53.31543],[-6.36783,53.3154]],[[-6.36783,53.3154],[-6.36784,53.31538]],[[-6.36784,53.31538],[-6.36787,53.31535]],[[-6.36787,53.31535],[-6.36795,53.31526]],[[-6.36795,53.31526],[-6.36798,53.31524]],[[-6.36798,53.31524],[-6.36801,53.31521]],[[-6.36801,53.31521],[-6.36809,53.31516]],[[-6.36809,53.31516],[-6.36821,53.31509]],[[-6.36821,53.31509],[-6.36848,53.31494]],[[-6.36848,53.31494],[-6.36865,53.31485]],[[-6.36865,53.31485],[-6.36884,53.31474]],[[-6.36884,53.31474],[-6.36903,53.31464]],[[-6.36903,53.31464],[-6.36912,53.31459]],[[-6.36912,53.31459],[-6.36944,53.31442]]]},"properties":{"id":"osm:way/272060918","mode":"luas","name":"Luas"}},{"type":"Feature","geometry":{"type":"MultiLineString","coordinates":[[[-6.36932,53.31439],[-6.36927,53.31444]],[[-6.36927,53.31444],[-6.36924,53.31446]],[[-6.36924,53.31446],[-6.36922,53.31449]],[[-6.36922,53.31449],[-6.3692,53.31452]],[[-6.3692,53.31452],[-6.36919,53.31454]],[[-6.36919,53.31454],[-6.36917,53.31456]],[[-6.36917,53.31456],[-6.36912,53.31459]]]},"properties":{"id":"osm:way/272061486","mode":"luas","name":"Luas"}},{"type":"Feature","geometry":{"type":"MultiLineString","coordinates":[[[-6.36903,53.31464],[-6.36896,53.31467]],[[-6.36896,53.31467],[-6.36892,53.31468]],[[-6.36892,53.31468],[-6.36884,53.31469]],[[-6.36884,53.31469],[-6.36879,53.31471]],[[-6.36879,53.31471],[-6.36875,53.31472]],[[-6.36875,53.31472],[-6.36869,53.31474]]]},"properties":{"id":"osm:way/272061488","mode":"luas","name":"Luas"}},{"type":"Feature","geometry":{"type":"MultiLineString","coordinates":[[[-6.25896,53.33129],[-6.259,53.33139]],[[-6.259,53.33139],[-6.25903,53.33147]],[[-6.25903,53.33147],[-6.25906,53.33151]],[[-6.25906,53.33151],[-6.25909,53.33155]],[[-6.25909,53.33155],[-6.25913,53.33159]],[[-6.25913,53.33159],[-6.25918,53.33163]],[[-6.25918,53.33163],[-6.25922,53.33165]],[[-6.25922,53.33165],[-6.25928,53.33169]],[[-6.25928,53.33169],[-6.25933,53.33171]],[[-6.25933,53.33171],[-6.25941,53.33174]]]},"properties":{"id":"osm:way/272699589","mode":"luas","name":"Luas"}},{"type":"Feature","geometry":{"type":"MultiLineString","coordinates":[[[-6.2367,53.35806],[-6.23688,53.35796]],[[-6.23688,53.35796],[-6.23704,53.35787]],[[-6.23704,53.35787],[-6.23723,53.35774]],[[-6.23723,53.35774],[-6.2374,53.35762]],[[-6.2374,53.35762],[-6.23758,53.35748]],[[-6.23758,53.35748],[-6.23775,53.35733]],[[-6.23775,53.35733],[-6.23794,53.35716]],[[-6.23794,53.35716],[-6.23806,53.35703]],[[-6.23806,53.35703],[-6.23821,53.35687]],[[-6.23821,53.35687],[-6.23835,53.3567]],[[-6.23835,53.3567],[-6.23849,53.3565]],[[-6.23849,53.3565],[-6.23858,53.35636]],[[-6.23858,53.35636],[-6.23867,53.35622]]]},"properties":{"id":"osm:way/274225658","mode":"rail","name":"Irish Rail"}},{"type":"Feature","geometry":{"type":"LineString","coordinates":[[-6.23867,53.35622],[-6.23873,53.35611]]},"properties":{"id":"osm:way/274225659","mode":"rail","name":"Irish Rail"}},{"type":"Feature","geometry":{"type":"LineString","coordinates":[[-6.23383,53.33753],[-6.23395,53.3376]]},"properties":{"id":"osm:way/274227620","mode":"rail","name":"Irish Rail"}},{"type":"Feature","geometry":{"type":"LineString","coordinates":[[-6.23395,53.3376],[-6.23447,53.33792]]},"properties":{"id":"osm:way/274231712","mode":"rail","name":"Irish Rail"}},{"type":"Feature","geometry":{"type":"LineString","coordinates":[[-6.23341,53.33728],[-6.23383,53.33753]]},"properties":{"id":"osm:way/274231713","mode":"rail","name":"Irish Rail"}},{"type":"Feature","geometry":{"type":"MultiLineString","coordinates":[[[-6.23897,53.34017],[-6.23909,53.34022]],[[-6.23909,53.34022],[-6.23924,53.34029]],[[-6.23924,53.34029],[-6.23933,53.34033]],[[-6.23933,53.34033],[-6.23942,53.34037]]]},"properties":{"id":"osm:way/274231714","mode":"rail","name":"Irish Rail"}},{"type":"Feature","geometry":{"type":"LineString","coordinates":[[-6.23661,53.33905],[-6.23673,53.3391]]},"properties":{"id":"osm:way/274233178","mode":"rail","name":"Irish Rail"}},{"type":"Feature","geometry":{"type":"LineString","coordinates":[[-6.24619,53.3428],[-6.24644,53.34287]]},"properties":{"id":"osm:way/274236271","mode":"rail","name":"Irish Rail"}},{"type":"Feature","geometry":{"type":"MultiLineString","coordinates":[[[-6.24155,53.34123],[-6.2422,53.34148]],[[-6.2422,53.34148],[-6.24256,53.34161]],[[-6.24256,53.34161],[-6.24389,53.34208]],[[-6.24389,53.34208],[-6.24398,53.34211]]]},"properties":{"id":"osm:way/274238281","mode":"rail","name":"Irish Rail"}},{"type":"Feature","geometry":{"type":"MultiLineString","coordinates":[[[-6.24023,53.34067],[-6.24047,53.34077]],[[-6.24047,53.34077],[-6.24103,53.34101]],[[-6.24103,53.34101],[-6.24135,53.34114]],[[-6.24135,53.34114],[-6.24141,53.34117]]]},"properties":{"id":"osm:way/274238283","mode":"rail","name":"Irish Rail"}},{"type":"Feature","geometry":{"type":"MultiLineString","coordinates":[[[-6.245,53.34243],[-6.24544,53.34257]],[[-6.24544,53.34257],[-6.2459,53.34269]],[[-6.2459,53.34269],[-6.24618,53.34276]]]},"properties":{"id":"osm:way/274238284","mode":"rail","name":"Irish Rail"}},{"type":"Feature","geometry":{"type":"LineString","coordinates":[[-6.24478,53.34236],[-6.245,53.34243]]},"properties":{"id":"osm:way/274238286","mode":"rail","name":"Irish Rail"}},{"type":"Feature","geometry":{"type":"LineString","coordinates":[[-6.24645,53.34281],[-6.24683,53.34289]]},"properties":{"id":"osm:way/274238288","mode":"rail","name":"Irish Rail"}},{"type":"Feature","geometry":{"type":"LineString","coordinates":[[-6.24618,53.34276],[-6.24645,53.34281]]},"properties":{"id":"osm:way/274238289","mode":"rail","name":"Irish Rail"}},{"type":"Feature","geometry":{"type":"MultiLineString","coordinates":[[[-6.24646,53.34296],[-6.24631,53.34292]],[[-6.24631,53.34292],[-6.24619,53.34288]]]},"properties":{"id":"osm:way/274239937","mode":"rail","name":"Irish Rail"}},{"type":"Feature","geometry":{"type":"MultiLineString","coordinates":[[[-6.24619,53.34288],[-6.24562,53.34273]],[[-6.24562,53.34273],[-6.24539,53.34266]]]},"properties":{"id":"osm:way/275485055","mode":"rail","name":"Irish Rail"}},{"type":"Feature","geometry":{"type":"LineString","coordinates":[[-6.24496,53.34254],[-6.24473,53.34247]]},"properties":{"id":"osm:way/275489579","mode":"rail","name":"Irish Rail"}},{"type":"Feature","geometry":{"type":"LineString","coordinates":[[-6.24473,53.34247],[-6.24407,53.34226]]},"properties":{"id":"osm:way/275489580","mode":"rail","name":"Irish Rail"}},{"type":"Feature","geometry":{"type":"LineString","coordinates":[[-6.24475,53.34241],[-6.24499,53.34247]]},"properties":{"id":"osm:way/275489581","mode":"rail","name":"Irish Rail"}},{"type":"Feature","geometry":{"type":"MultiLineString","coordinates":[[[-6.24499,53.34247],[-6.2455,53.34262]],[[-6.2455,53.34262],[-6.24599,53.34276]],[[-6.24599,53.34276],[-6.24619,53.3428]]]},"properties":{"id":"osm:way/275489582","mode":"rail","name":"Irish Rail"}},{"type":"Feature","geometry":{"type":"LineString","coordinates":[[-6.24475,53.34241],[-6.24497,53.34249]]},"properties":{"id":"osm:way/275489583","mode":"rail","name":"Irish Rail"}},{"type":"Feature","geometry":{"type":"LineString","coordinates":[[-6.24411,53.34216],[-6.24448,53.34231]]},"properties":{"id":"osm:way/275489584","mode":"rail","name":"Irish Rail"}},{"type":"Feature","geometry":{"type":"LineString","coordinates":[[-6.24398,53.34211],[-6.24411,53.34215]]},"properties":{"id":"osm:way/275490365","mode":"rail","name":"Irish Rail"}},{"type":"Feature","geometry":{"type":"LineString","coordinates":[[-6.24411,53.34215],[-6.24478,53.34236]]},"properties":{"id":"osm:way/275490367","mode":"rail","name":"Irish Rail"}},{"type":"Feature","geometry":{"type":"LineString","coordinates":[[-6.24397,53.34215],[-6.24409,53.34219]]},"properties":{"id":"osm:way/275490369","mode":"rail","name":"Irish Rail"}},{"type":"Feature","geometry":{"type":"MultiLineString","coordinates":[[[-6.24409,53.34219],[-6.24448,53.34231]],[[-6.24448,53.34231],[-6.24475,53.34241]]]},"properties":{"id":"osm:way/275490370","mode":"rail","name":"Irish Rail"}},{"type":"Feature","geometry":{"type":"LineString","coordinates":[[-6.24407,53.34226],[-6.24395,53.34222]]},"properties":{"id":"osm:way/275490439","mode":"rail","name":"Irish Rail"}},{"type":"Feature","geometry":{"type":"MultiLineString","coordinates":[[[-6.24395,53.34222],[-6.24359,53.3421]],[[-6.24359,53.3421],[-6.24328,53.34199]],[[-6.24328,53.34199],[-6.24229,53.34164]],[[-6.24229,53.34164],[-6.24197,53.34153]],[[-6.24197,53.34153],[-6.24151,53.34135]]]},"properties":{"id":"osm:way/275490440","mode":"rail","name":"Irish Rail"}},{"type":"Feature","geometry":{"type":"MultiLineString","coordinates":[[[-6.24153,53.34128],[-6.24234,53.34158]],[[-6.24234,53.34158],[-6.24365,53.34203]],[[-6.24365,53.34203],[-6.24397,53.34215]]]},"properties":{"id":"osm:way/275491138","mode":"rail","name":"Irish Rail"}},{"type":"Feature","geometry":{"type":"LineString","coordinates":[[-6.24138,53.34122],[-6.24153,53.34128]]},"properties":{"id":"osm:way/275491139","mode":"rail","name":"Irish Rail"}},{"type":"Feature","geometry":{"type":"LineString","coordinates":[[-6.24151,53.34135],[-6.24135,53.34129]]},"properties":{"id":"osm:way/275491170","mode":"rail","name":"Irish Rail"}},{"type":"Feature","geometry":{"type":"LineString","coordinates":[[-6.24603,53.3428],[-6.24539,53.34266]]},"properties":{"id":"osm:way/275504261","mode":"rail","name":"Irish Rail"}},{"type":"Feature","geometry":{"type":"LineString","coordinates":[[-6.24545,53.34264],[-6.24599,53.34276]]},"properties":{"id":"osm:way/275504262","mode":"rail","name":"Irish Rail"}},{"type":"Feature","geometry":{"type":"MultiLineString","coordinates":[[[-6.24813,53.34958],[-6.24805,53.34957]],[[-6.24805,53.34957],[-6.24795,53.34957]],[[-6.24795,53.34957],[-6.24758,53.34954]],[[-6.24758,53.34954],[-6.24714,53.34952]],[[-6.24714,53.34952],[-6.247,53.34951]],[[-6.247,53.34951],[-6.24618,53.34945]],[[-6.24618,53.34945],[-6.24592,53.34943]],[[-6.24592,53.34943],[-6.24587,53.34942]],[[-6.24587,53.34942],[-6.24583,53.34942]],[[-6.24583,53.34942],[-6.24572,53.34941]],[[-6.24572,53.34941],[-6.24554,53.34939]],[[-6.24554,53.34939],[-6.24487,53.34935]],[[-6.24487,53.34935],[-6.24379,53.34928]],[[-6.24379,53.34928],[-6.24376,53.34928]],[[-6.24376,53.34928],[-6.24339,53.34925]],[[-6.24339,53.34925],[-6.24303,53.34923]],[[-6.24303,53.34923],[-6.24298,53.34923]],[[-6.24298,53.34923],[-6.24195,53.34916]],[[-6.24195,53.34916],[-6.24109,53.3491]],[[-6.24109,53.3491],[-6.24096,53.34909]],[[-6.24096,53.34909],[-6.24082,53.34909]],[[-6.24082,53.34909],[-6.24063,53.34907]]]},"properties":{"id":"osm:way/275536015","mode":"luas","name":"Luas"}},{"type":"Feature","geometry":{"type":"LineString","coordinates":[[-6.20424,53.27748],[-6.20392,53.27734]]},"properties":{"id":"osm:way/276164440","mode":"luas","name":"Luas"}},{"type":"Feature","geometry":{"type":"MultiLineString","coordinates":[[[-6.25027,53.35045],[-6.25018,53.35054]],[[-6.25018,53.35054],[-6.2501,53.35063]]]},"properties":{"id":"osm:way/276669893","mode":"luas","name":"Luas"}},{"type":"Feature","geometry":{"type":"MultiLineString","coordinates":[[[-6.25014,53.35064],[-6.25018,53.35054]],[[-6.25018,53.35054],[-6.25023,53.35044]]]},"properties":{"id":"osm:way/276669894","mode":"luas","name":"Luas"}},{"type":"Feature","geometry":{"type":"MultiLineString","coordinates":[[[-6.24077,53.35839],[-6.24083,53.35847]],[[-6.24083,53.35847],[-6.24088,53.35854]],[[-6.24088,53.35854],[-6.24095,53.35863]],[[-6.24095,53.35863],[-6.241,53.3587]],[[-6.241,53.3587],[-6.24105,53.35878]]]},"properties":{"id":"osm:way/277178533","mode":"rail","name":"Irish Rail"}},{"type":"Feature","geometry":{"type":"MultiLineString","coordinates":[[[-6.25039,53.35957],[-6.25006,53.35948]],[[-6.25006,53.35948],[-6.24971,53.35938]],[[-6.24971,53.35938],[-6.24935,53.35927]],[[-6.24935,53.35927],[-6.24907,53.35917]],[[-6.24907,53.35917],[-6.24876,53.35905]],[[-6.24876,53.35905],[-6.24853,53.35896]],[[-6.24853,53.35896],[-6.24824,53.35883]],[[-6.24824,53.35883],[-6.24792,53.35868]],[[-6.24792,53.35868],[-6.24751,53.35847]],[[-6.24751,53.35847],[-6.2471,53.35826]],[[-6.2471,53.35826],[-6.24521,53.35729]]]},"properties":{"id":"osm:way/277191514","mode":"rail","name":"Irish Rail"}},{"type":"Feature","geometry":{"type":"MultiLineString","coordinates":[[[-6.2197,53.3669],[-6.2181,53.36775]],[[-6.2181,53.36775],[-6.21498,53.36934]],[[-6.21498,53.36934],[-6.21449,53.36958]],[[-6.21449,53.36958],[-6.21416,53.36974]],[[-6.21416,53.36974],[-6.21398,53.36982]],[[-6.21398,53.36982],[-6.21378,53.36991]],[[-6.21378,53.36991],[-6.21321,53.37016]],[[-6.21321,53.37016],[-6.21305,53.37023]],[[-6.21305,53.37023],[-6.21262,53.3704]],[[-6.21262,53.3704],[-6.21231,53.37052]],[[-6.21231,53.37052],[-6.21199,53.37064]],[[-6.21199,53.37064],[-6.2117,53.37074]],[[-6.2117,53.37074],[-6.21142,53.37083]],[[-6.21142,53.37083],[-6.21112,53.37093]],[[-6.21112,53.37093],[-6.21047,53.37113]],[[-6.21047,53.37113],[-6.21016,53.37122]],[[-6.21016,53.37122],[-6.20947,53.37143]],[[-6.20947,53.37143],[-6.2085,53.37171]],[[-6.2085,53.37171],[-6.20794,53.37188]],[[-6.20794,53.37188],[-6.20627,53.37238]],[[-6.20627,53.37238],[-6.20499,53.37279]],[[-6.20499,53.37279],[-6.20431,53.37303]],[[-6.20431,53.37303],[-6.20254,53.37374]],[[-6.20254,53.37374],[-6.2,53.37494]],[[-6.2,53.37494],[-6.19775,53.37599]],[[-6.19775,53.37599],[-6.19577,53.37693]]]},"properties":{"id":"osm:way/277280904","mode":"rail","name":"Irish Rail"}},{"type":"Feature","geometry":{"type":"MultiLineString","coordinates":[[[-6.20775,53.37189],[-6.20792,53.37185]],[[-6.20792,53.37185],[-6.20842,53.3717]],[[-6.20842,53.3717],[-6.2092,53.37147]],[[-6.2092,53.37147],[-6.20973,53.37131]],[[-6.20973,53.37131],[-6.21014,53.37119]],[[-6.21014,53.37119],[-6.21046,53.3711]],[[-6.21046,53.3711],[-6.21086,53.37097]],[[-6.21086,53.37097],[-6.21124,53.37085]],[[-6.21124,53.37085],[-6.21157,53.37075]],[[-6.21157,53.37075],[-6.21197,53.37061]],[[-6.21197,53.37061],[-6.21245,53.37042]],[[-6.21245,53.37042],[-6.21285,53.37026]],[[-6.21285,53.37026],[-6.21321,53.37012]],[[-6.21321,53.37012],[-6.21375,53.36989]],[[-6.21375,53.36989],[-6.21404,53.36976]],[[-6.21404,53.36976],[-6.21446,53.36956]],[[-6.21446,53.36956],[-6.21542,53.3691]],[[-6.21542,53.3691],[-6.21629,53.36865]],[[-6.21629,53.36865],[-6.21726,53.36813]],[[-6.21726,53.36813],[-6.21746,53.36802]],[[-6.21746,53.36802],[-6.21847,53.36752]],[[-6.21847,53.36752],[-6.2191,53.36718]],[[-6.2191,53.36718],[-6.21961,53.36691]]]},"properties":{"id":"osm:way/277280908","mode":"rail","name":"Irish Rail"}},{"type":"Feature","geometry":{"type":"MultiLineString","coordinates":[[[-6.17897,53.38112],[-6.1807,53.38082]],[[-6.1807,53.38082],[-6.18197,53.3806]],[[-6.18197,53.3806],[-6.18281,53.38047]],[[-6.18281,53.38047],[-6.18407,53.38025]],[[-6.18407,53.38025],[-6.18489,53.38012]],[[-6.18489,53.38012],[-6.18603,53.37993]],[[-6.18603,53.37993],[-6.18697,53.37976]],[[-6.18697,53.37976],[-6.18742,53.37967]],[[-6.18742,53.37967],[-6.18829,53.37949]],[[-6.18829,53.37949],[-6.18915,53.37929]],[[-6.18915,53.37929],[-6.19004,53.37907]],[[-6.19004,53.37907],[-6.19056,53.37893]],[[-6.19056,53.37893],[-6.19101,53.37879]],[[-6.19101,53.37879],[-6.1914,53.37867]],[[-6.1914,53.37867],[-6.19184,53.37853]],[[-6.19184,53.37853],[-6.19213,53.37844]],[[-6.19213,53.37844],[-6.19254,53.37829]],[[-6.19254,53.37829],[-6.19275,53.37821]],[[-6.19275,53.37821],[-6.19308,53.37808]],[[-6.19308,53.37808],[-6.19355,53.37789]],[[-6.19355,53.37789],[-6.19394,53.37773]],[[-6.19394,53.37773],[-6.19445,53.3775]],[[-6.19445,53.3775],[-6.19511,53.37719]],[[-6.19511,53.37719],[-6.19555,53.37699]],[[-6.19555,53.37699],[-6.1958,53.37687]]]},"properties":{"id":"osm:way/277280911","mode":"rail","name":"Irish Rail"}},{"type":"Feature","geometry":{"type":"LineString","coordinates":[[-6.1788,53.38115],[-6.17897,53.38112]]},"properties":{"id":"osm:way/277280913","mode":"rail","name":"Irish Rail"}},{"type":"Feature","geometry":{"type":"MultiLineString","coordinates":[[[-6.16704,53.3842],[-6.16768,53.38394]],[[-6.16768,53.38394],[-6.16841,53.38367]],[[-6.16841,53.38367],[-6.16922,53.38338]],[[-6.16922,53.38338],[-6.16968,53.38322]],[[-6.16968,53.38322],[-6.17025,53.38303]],[[-6.17025,53.38303],[-6.17064,53.38289]],[[-6.17064,53.38289],[-6.17134,53.38269]],[[-6.17134,53.38269],[-6.17199,53.3825]],[[-6.17199,53.3825],[-6.17273,53.38231]],[[-6.17273,53.38231],[-6.17317,53.3822]],[[-6.17317,53.3822],[-6.17362,53.38209]],[[-6.17362,53.38209],[-6.17399,53.382]],[[-6.17399,53.382],[-6.17438,53.38191]],[[-6.17438,53.38191],[-6.17479,53.38182]],[[-6.17479,53.38182],[-6.17513,53.38176]],[[-6.17513,53.38176],[-6.17589,53.38163]]]},"properties":{"id":"osm:way/277281617","mode":"rail","name":"Irish Rail"}},{"type":"Feature","geometry":{"type":"MultiLineString","coordinates":[[[-6.1659,53.38476],[-6.16409,53.38566]],[[-6.16409,53.38566],[-6.16315,53.38621]],[[-6.16315,53.38621],[-6.1623,53.38675]],[[-6.1623,53.38675],[-6.16188,53.38702]],[[-6.16188,53.38702],[-6.16151,53.38727]],[[-6.16151,53.38727],[-6.16093,53.3877]],[[-6.16093,53.3877],[-6.16067,53.38789]]]},"properties":{"id":"osm:way/277281618","mode":"rail","name":"Irish Rail"}},{"type":"Feature","geometry":{"type":"MultiLineString","coordinates":[[[-6.1575,53.39016],[-6.15759,53.39011]],[[-6.15759,53.39011],[-6.15804,53.38977]],[[-6.15804,53.38977],[-6.15859,53.38936]],[[-6.15859,53.38936],[-6.15908,53.38901]],[[-6.15908,53.38901],[-6.15964,53.38858]],[[-6.15964,53.38858],[-6.1603,53.3881]],[[-6.1603,53.3881],[-6.16065,53.38785]],[[-6.16065,53.38785],[-6.16101,53.38759]],[[-6.16101,53.38759],[-6.16147,53.38726]],[[-6.16147,53.38726],[-6.16166,53.38713]],[[-6.16166,53.38713],[-6.16209,53.38684]],[[-6.16209,53.38684],[-6.16242,53.3866]],[[-6.16242,53.3866],[-6.16293,53.3863]],[[-6.16293,53.3863],[-6.16342,53.386]],[[-6.16342,53.386],[-6.16396,53.3857]],[[-6.16396,53.3857],[-6.16451,53.3854]],[[-6.16451,53.3854],[-6.16503,53.38514]],[[-6.16503,53.38514],[-6.1657,53.3848]],[[-6.1657,53.3848],[-6.16629,53.38452]],[[-6.16629,53.38452],[-6.16704,53.3842]]]},"properties":{"id":"osm:way/277979893","mode":"rail","name":"Irish Rail"}},{"type":"Feature","geometry":{"type":"MultiLineString","coordinates":[[[-6.29182,53.34716],[-6.29179,53.34706]],[[-6.29179,53.34706],[-6.29177,53.34697]],[[-6.29177,53.34697],[-6.29175,53.34689]],[[-6.29175,53.34689],[-6.29173,53.34672]],[[-6.29173,53.34672],[-6.29172,53.34666]],[[-6.29172,53.34666],[-6.2917,53.34643]]]},"properties":{"id":"osm:way/278157012","mode":"luas","name":"Luas"}},{"type":"Feature","geometry":{"type":"MultiLineString","coordinates":[[[-6.29178,53.34716],[-6.29175,53.34706]],[[-6.29175,53.34706],[-6.29173,53.34701]],[[-6.29173,53.34701],[-6.29172,53.34697]],[[-6.29172,53.34697],[-6.29171,53.34689]],[[-6.29171,53.34689],[-6.29167,53.34666]],[[-6.29167,53.34666],[-6.29165,53.34648]],[[-6.29165,53.34648],[-6.29164,53.34641]],[[-6.29164,53.34641],[-6.29164,53.34637]],[[-6.29164,53.34637],[-6.29163,53.3463]],[[-6.29163,53.3463],[-6.29162,53.34626]],[[-6.29162,53.34626],[-6.29162,53.34622]],[[-6.29162,53.34622],[-6.29162,53.34619]]]},"properties":{"id":"osm:way/278157013","mode":"luas","name":"Luas"}},{"type":"Feature","geometry":{"type":"MultiLineString","coordinates":[[[-6.24266,53.3549],[-6.24279,53.35484]],[[-6.24279,53.35484],[-6.24293,53.35478]],[[-6.24293,53.35478],[-6.2433,53.35464]]]},"properties":{"id":"osm:way/278799190","mode":"rail","name":"Irish Rail"}},{"type":"Feature","geometry":{"type":"MultiLineString","coordinates":[[[-6.24331,53.35456],[-6.24345,53.3545]],[[-6.24345,53.3545],[-6.24391,53.35431]],[[-6.24391,53.35431],[-6.2441,53.35423]]]},"properties":{"id":"osm:way/278799191","mode":"rail","name":"Irish Rail"}},{"type":"Feature","geometry":{"type":"LineString","coordinates":[[-6.2433,53.35464],[-6.2429,53.35485]]},"properties":{"id":"osm:way/278801264","mode":"rail","name":"Irish Rail"}},{"type":"Feature","geometry":{"type":"MultiLineString","coordinates":[[[-6.2433,53.35464],[-6.24355,53.35454]],[[-6.24355,53.35454],[-6.2437,53.35448]],[[-6.2437,53.35448],[-6.24384,53.35441]]]},"properties":{"id":"osm:way/278801265","mode":"rail","name":"Irish Rail"}},{"type":"Feature","geometry":{"type":"MultiLineString","coordinates":[[[-6.22878,53.34837],[-6.22924,53.3484]],[[-6.22924,53.3484],[-6.22953,53.34842]],[[-6.22953,53.34842],[-6.22964,53.34842]],[[-6.22964,53.34842],[-6.22968,53.34843]],[[-6.22968,53.34843],[-6.22973,53.34842]],[[-6.22973,53.34842],[-6.22979,53.34842]],[[-6.22979,53.34842],[-6.22982,53.34842]],[[-6.22982,53.34842],[-6.22992,53.3484]],[[-6.22992,53.3484],[-6.22999,53.3484]],[[-6.22999,53.3484],[-6.23002,53.34839]],[[-6.23002,53.34839],[-6.23011,53.34839]]]},"properties":{"id":"osm:way/278820345","mode":"luas","name":"Luas"}},{"type":"Feature","geometry":{"type":"MultiLineString","coordinates":[[[-6.23999,53.34902],[-6.23992,53.34902]],[[-6.23992,53.34902],[-6.23876,53.34892]],[[-6.23876,53.34892],[-6.23867,53.34892]],[[-6.23867,53.34892],[-6.23851,53.34891]],[[-6.23851,53.34891],[-6.23811,53.34888]],[[-6.23811,53.34888],[-6.23777,53.34886]]]},"properties":{"id":"osm:way/278820347","mode":"luas","name":"Luas"}},{"type":"Feature","geometry":{"type":"MultiLineString","coordinates":[[[-6.20931,53.34882],[-6.20949,53.34882]],[[-6.20949,53.34882],[-6.20971,53.34883]]]},"properties":{"id":"osm:way/279275848","mode":"rail","name":"Irish Rail"}},{"type":"Feature","geometry":{"type":"MultiLineString","coordinates":[[[-6.22056,53.34984],[-6.22051,53.35021]],[[-6.22051,53.35021],[-6.22051,53.3503]],[[-6.22051,53.3503],[-6.22053,53.35038]],[[-6.22053,53.35038],[-6.22055,53.35046]],[[-6.22055,53.35046],[-6.22059,53.35052]],[[-6.22059,53.35052],[-6.22064,53.3506]],[[-6.22064,53.3506],[-6.22072,53.35069]],[[-6.22072,53.35069],[-6.22081,53.35076]],[[-6.22081,53.35076],[-6.2209,53.35083]],[[-6.2209,53.35083],[-6.22103,53.35089]],[[-6.22103,53.35089],[-6.22117,53.35094]]]},"properties":{"id":"osm:way/279360067","mode":"rail","name":"Irish Rail"}},{"type":"Feature","geometry":{"type":"MultiLineString","coordinates":[[[-6.24527,53.3535],[-6.2458,53.35315]],[[-6.2458,53.35315],[-6.24696,53.35233]]]},"properties":{"id":"osm:way/279504519","mode":"rail","name":"Irish Rail"}},{"type":"Feature","geometry":{"type":"MultiLineString","coordinates":[[[-6.24363,53.3544],[-6.24331,53.35456]],[[-6.24331,53.35456],[-6.243,53.35473]],[[-6.243,53.35473],[-6.24266,53.3549]]]},"properties":{"id":"osm:way/279504527","mode":"rail","name":"Irish Rail"}},{"type":"Feature","geometry":{"type":"MultiLineString","coordinates":[[[-6.25,53.34994],[-6.24992,53.34991]],[[-6.24992,53.34991],[-6.24981,53.34988]],[[-6.24981,53.34988],[-6.24972,53.34984]],[[-6.24972,53.34984],[-6.24964,53.34981]],[[-6.24964,53.34981],[-6.24958,53.34978]],[[-6.24958,53.34978],[-6.24953,53.34976]],[[-6.24953,53.34976],[-6.24947,53.34972]],[[-6.24947,53.34972],[-6.24943,53.3497]],[[-6.24943,53.3497],[-6.24939,53.34969]],[[-6.24939,53.34969],[-6.24935,53.34968]],[[-6.24935,53.34968],[-6.24929,53.34966]],[[-6.24929,53.34966],[-6.24919,53.34965]],[[-6.24919,53.34965],[-6.24914,53.34964]],[[-6.24914,53.34964],[-6.24901,53.34963]]]},"properties":{"id":"osm:way/282266986","mode":"luas","name":"Luas"}},{"type":"Feature","geometry":{"type":"LineString","coordinates":[[-6.25737,53.34783],[-6.2573,53.34742]]},"properties":{"id":"osm:way/282571114","mode":"luas","name":"Luas"}},{"type":"Feature","geometry":{"type":"MultiLineString","coordinates":[[[-6.3356,53.33626],[-6.33576,53.33631]],[[-6.33576,53.33631],[-6.33601,53.33637]],[[-6.33601,53.33637],[-6.33687,53.33652]],[[-6.33687,53.33652],[-6.33702,53.33655]],[[-6.33702,53.33655],[-6.33711,53.33657]],[[-6.33711,53.33657],[-6.33718,53.33659]],[[-6.33718,53.33659],[-6.3373,53.33663]],[[-6.3373,53.33663],[-6.33739,53.33667]],[[-6.33739,53.33667],[-6.3375,53.33672]],[[-6.3375,53.33672],[-6.3376,53.33678]],[[-6.3376,53.33678],[-6.33809,53.33705]],[[-6.33809,53.33705],[-6.33831,53.33718]],[[-6.33831,53.33718],[-6.33844,53.33724]],[[-6.33844,53.33724],[-6.33865,53.33732]],[[-6.33865,53.33732],[-6.33954,53.33765]],[[-6.33954,53.33765],[-6.33991,53.33779]],[[-6.33991,53.33779],[-6.34036,53.33795]]]},"properties":{"id":"osm:way/285823875","mode":"rail","name":"Irish Rail"}},{"type":"Feature","geometry":{"type":"LineString","coordinates":[[-6.33383,53.33947],[-6.33603,53.33905]]},"properties":{"id":"osm:way/285823877","mode":"rail","name":"Irish Rail"}},{"type":"Feature","geometry":{"type":"MultiLineString","coordinates":[[[-6.33824,53.33781],[-6.33877,53.33789]],[[-6.33877,53.33789],[-6.33982,53.33807]],[[-6.33982,53.33807],[-6.34008,53.3381]],[[-6.34008,53.3381],[-6.34031,53.33814]],[[-6.34031,53.33814],[-6.34053,53.33816]],[[-6.34053,53.33816],[-6.34079,53.33819]],[[-6.34079,53.33819],[-6.34107,53.3382]],[[-6.34107,53.3382],[-6.34129,53.33821]],[[-6.34129,53.33821],[-6.34143,53.3382]],[[-6.34143,53.3382],[-6.34171,53.33818]]]},"properties":{"id":"osm:way/285823881","mode":"rail","name":"Irish Rail"}},{"type":"Feature","geometry":{"type":"MultiLineString","coordinates":[[[-6.33653,53.33809],[-6.33638,53.33807]],[[-6.33638,53.33807],[-6.33615,53.33805]],[[-6.33615,53.33805],[-6.33584,53.33805]],[[-6.33584,53.33805],[-6.33555,53.33803]],[[-6.33555,53.33803],[-6.33518,53.338]]]},"properties":{"id":"osm:way/285823886","mode":"rail","name":"Irish Rail"}},{"type":"Feature","geometry":{"type":"MultiLineString","coordinates":[[[-6.33383,53.33947],[-6.33344,53.33955]],[[-6.33344,53.33955],[-6.33322,53.33962]],[[-6.33322,53.33962],[-6.33294,53.33972]],[[-6.33294,53.33972],[-6.33244,53.33991]],[[-6.33244,53.33991],[-6.33215,53.34003]],[[-6.33215,53.34003],[-6.33196,53.34011]],[[-6.33196,53.34011],[-6.33174,53.34017]],[[-6.33174,53.34017],[-6.33155,53.34022]],[[-6.33155,53.34022],[-6.33135,53.34027]]]},"properties":{"id":"osm:way/285823887","mode":"rail","name":"Irish Rail"}},{"type":"Feature","geometry":{"type":"LineString","coordinates":[[-6.33639,53.33754],[-6.33649,53.33756]]},"properties":{"id":"osm:way/285823890","mode":"rail","name":"Irish Rail"}},{"type":"Feature","geometry":{"type":"LineString","coordinates":[[-6.33852,53.33796],[-6.3392,53.33808]]},"properties":{"id":"osm:way/285823909","mode":"rail","name":"Irish Rail"}},{"type":"Feature","geometry":{"type":"MultiLineString","coordinates":[[[-6.33818,53.33703],[-6.33848,53.33717]],[[-6.33848,53.33717],[-6.33864,53.33724]],[[-6.33864,53.33724],[-6.33972,53.33766]],[[-6.33972,53.33766],[-6.34008,53.33781]]]},"properties":{"id":"osm:way/285823911","mode":"rail","name":"Irish Rail"}},{"type":"Feature","geometry":{"type":"MultiLineString","coordinates":[[[-6.33641,53.3388],[-6.33606,53.3388]],[[-6.33606,53.3388],[-6.33583,53.3388]],[[-6.33583,53.3388],[-6.33559,53.33882]],[[-6.33559,53.33882],[-6.33553,53.33884]]]},"properties":{"id":"osm:way/285823927","mode":"rail","name":"Irish Rail"}},{"type":"Feature","geometry":{"type":"MultiLineString","coordinates":[[[-6.3378,53.3385],[-6.3391,53.3386]],[[-6.3391,53.3386],[-6.33923,53.33861]],[[-6.33923,53.33861],[-6.33937,53.33861]],[[-6.33937,53.33861],[-6.33956,53.3386]],[[-6.33956,53.3386],[-6.33975,53.33859]],[[-6.33975,53.33859],[-6.33989,53.33857]],[[-6.33989,53.33857],[-6.34012,53.33855]]]},"properties":{"id":"osm:way/285823930","mode":"rail","name":"Irish Rail"}},{"type":"Feature","geometry":{"type":"LineString","coordinates":[[-6.23336,53.33729],[-6.23318,53.33717]]},"properties":{"id":"osm:way/290564417","mode":"rail","name":"Irish Rail"}},{"type":"Feature","geometry":{"type":"MultiLineString","coordinates":[[[-6.13838,53.29612],[-6.13802,53.29607]],[[-6.13802,53.29607],[-6.13773,53.29602]],[[-6.13773,53.29602],[-6.13749,53.29598]],[[-6.13749,53.29598],[-6.13712,53.29591]],[[-6.13712,53.29591],[-6.13703,53.29589]],[[-6.13703,53.29589],[-6.13681,53.29584]],[[-6.13681,53.29584],[-6.13648,53.29576]],[[-6.13648,53.29576],[-6.13617,53.29568]],[[-6.13617,53.29568],[-6.1358,53.29556]],[[-6.1358,53.29556],[-6.13487,53.29523]],[[-6.13487,53.29523],[-6.13447,53.29509]],[[-6.13447,53.29509],[-6.13435,53.29505]]]},"properties":{"id":"osm:way/290564419","mode":"rail","name":"Irish Rail"}},{"type":"Feature","geometry":{"type":"LineString","coordinates":[[-6.33655,53.33721],[-6.33665,53.33723]]},"properties":{"id":"osm:way/292660686","mode":"rail","name":"Irish Rail"}},{"type":"Feature","geometry":{"type":"LineString","coordinates":[[-6.33814,53.33763],[-6.33742,53.3375]]},"properties":{"id":"osm:way/292660687","mode":"rail","name":"Irish Rail"}},{"type":"Feature","geometry":{"type":"MultiLineString","coordinates":[[[-6.33198,53.33788],[-6.33229,53.33782]],[[-6.33229,53.33782],[-6.33244,53.33781]],[[-6.33244,53.33781],[-6.33281,53.33779]]]},"properties":{"id":"osm:way/292661016","mode":"rail","name":"Irish Rail"}},{"type":"Feature","geometry":{"type":"LineString","coordinates":[[-6.33503,53.33803],[-6.33459,53.33788]]},"properties":{"id":"osm:way/292661017","mode":"rail","name":"Irish Rail"}},{"type":"Feature","geometry":{"type":"LineString","coordinates":[[-6.33386,53.33951],[-6.33605,53.33909]]},"properties":{"id":"osm:way/292661342","mode":"rail","name":"Irish Rail"}},{"type":"Feature","geometry":{"type":"LineString","coordinates":[[-6.33388,53.33956],[-6.33607,53.33914]]},"properties":{"id":"osm:way/292661343","mode":"rail","name":"Irish Rail"}},{"type":"Feature","geometry":{"type":"LineString","coordinates":[[-6.33391,53.3396],[-6.3361,53.33919]]},"properties":{"id":"osm:way/292661344","mode":"rail","name":"Irish Rail"}},{"type":"Feature","geometry":{"type":"MultiLineString","coordinates":[[[-6.33231,53.34007],[-6.33263,53.33999]],[[-6.33263,53.33999],[-6.33281,53.33995]],[[-6.33281,53.33995],[-6.3329,53.33993]],[[-6.3329,53.33993],[-6.33305,53.3399]],[[-6.33305,53.3399],[-6.33428,53.33965]],[[-6.33428,53.33965],[-6.33735,53.33905]],[[-6.33735,53.33905],[-6.3375,53.33903]],[[-6.3375,53.33903],[-6.33763,53.33901]],[[-6.33763,53.33901],[-6.33781,53.33899]],[[-6.33781,53.33899],[-6.3379,53.33898]],[[-6.3379,53.33898],[-6.3381,53.33894]]]},"properties":{"id":"osm:way/292661345","mode":"rail","name":"Irish Rail"}},{"type":"Feature","geometry":{"type":"MultiLineString","coordinates":[[[-6.33245,53.34],[-6.33274,53.33992]],[[-6.33274,53.33992],[-6.33297,53.33987]],[[-6.33297,53.33987],[-6.3337,53.33973]],[[-6.3337,53.33973],[-6.33383,53.33971]],[[-6.33383,53.33971],[-6.33428,53.33965]]]},"properties":{"id":"osm:way/292661346","mode":"rail","name":"Irish Rail"}},{"type":"Feature","geometry":{"type":"MultiLineString","coordinates":[[[-6.33391,53.3396],[-6.33327,53.33974]],[[-6.33327,53.33974],[-6.33267,53.3399]],[[-6.33267,53.3399],[-6.33196,53.34011]]]},"properties":{"id":"osm:way/292661347","mode":"rail","name":"Irish Rail"}},{"type":"Feature","geometry":{"type":"LineString","coordinates":[[-6.33081,53.33955],[-6.33146,53.33943]]},"properties":{"id":"osm:way/292662142","mode":"rail","name":"Irish Rail"}},{"type":"Feature","geometry":{"type":"LineString","coordinates":[[-6.33086,53.33963],[-6.3315,53.33951]]},"properties":{"id":"osm:way/292662143","mode":"rail","name":"Irish Rail"}},{"type":"Feature","geometry":{"type":"LineString","coordinates":[[-6.33088,53.33923],[-6.3313,53.33915]]},"properties":{"id":"osm:way/292662144","mode":"rail","name":"Irish Rail"}},{"type":"Feature","geometry":{"type":"LineString","coordinates":[[-6.33078,53.33907],[-6.33122,53.33899]]},"properties":{"id":"osm:way/292662146","mode":"rail","name":"Irish Rail"}},{"type":"Feature","geometry":{"type":"LineString","coordinates":[[-6.33204,53.33888],[-6.33125,53.33904]]},"properties":{"id":"osm:way/292662147","mode":"rail","name":"Irish Rail"}},{"type":"Feature","geometry":{"type":"MultiLineString","coordinates":[[[-6.33812,53.33835],[-6.33834,53.33838]],[[-6.33834,53.33838],[-6.33863,53.3384]],[[-6.33863,53.3384],[-6.33887,53.33841]],[[-6.33887,53.33841],[-6.33903,53.33842]],[[-6.33903,53.33842],[-6.33917,53.33842]]]},"properties":{"id":"osm:way/292662149","mode":"rail","name":"Irish Rail"}},{"type":"Feature","geometry":{"type":"MultiLineString","coordinates":[[[-6.33626,53.33782],[-6.33784,53.33808]],[[-6.33784,53.33808],[-6.33869,53.33822]],[[-6.33869,53.33822],[-6.33904,53.33827]],[[-6.33904,53.33827],[-6.33925,53.3383]],[[-6.33925,53.3383],[-6.33944,53.33831]],[[-6.33944,53.33831],[-6.33963,53.33832]],[[-6.33963,53.33832],[-6.34001,53.3383]],[[-6.34001,53.3383],[-6.34045,53.33826]],[[-6.34045,53.33826],[-6.34057,53.33826]],[[-6.34057,53.33826],[-6.34082,53.33824]]]},"properties":{"id":"osm:way/292662150","mode":"rail","name":"Irish Rail"}},{"type":"Feature","geometry":{"type":"MultiLineString","coordinates":[[[-6.33798,53.33804],[-6.33902,53.33821]],[[-6.33902,53.33821],[-6.33936,53.33826]],[[-6.33936,53.33826],[-6.33973,53.33828]],[[-6.33973,53.33828],[-6.33986,53.33829]],[[-6.33986,53.33829],[-6.34001,53.3383]]]},"properties":{"id":"osm:way/292662151","mode":"rail","name":"Irish Rail"}},{"type":"Feature","geometry":{"type":"MultiLineString","coordinates":[[[-6.338,53.338],[-6.33904,53.33818]],[[-6.33904,53.33818],[-6.3394,53.33823]],[[-6.3394,53.33823],[-6.33973,53.33828]]]},"properties":{"id":"osm:way/292662152","mode":"rail","name":"Irish Rail"}},{"type":"Feature","geometry":{"type":"LineString","coordinates":[[-6.33634,53.33766],[-6.33644,53.33768]]},"properties":{"id":"osm:way/292662153","mode":"rail","name":"Irish Rail"}},{"type":"Feature","geometry":{"type":"LineString","coordinates":[[-6.10881,53.26375],[-6.10867,53.26394]]},"properties":{"id":"osm:way/294598758","mode":"rail","name":"Irish Rail"}},{"type":"Feature","geometry":{"type":"MultiLineString","coordinates":[[[-6.10867,53.26394],[-6.10836,53.26438]],[[-6.10836,53.26438],[-6.10792,53.26509]],[[-6.10792,53.26509],[-6.10774,53.26535]],[[-6.10774,53.26535],[-6.10756,53.26557]],[[-6.10756,53.26557],[-6.10732,53.26581]]]},"properties":{"id":"osm:way/294598762","mode":"rail","name":"Irish Rail"}},{"type":"Feature","geometry":{"type":"MultiLineString","coordinates":[[[-6.2753,53.36554],[-6.27594,53.36573]],[[-6.27594,53.36573],[-6.2765,53.3659]],[[-6.2765,53.3659],[-6.27706,53.36607]],[[-6.27706,53.36607],[-6.2777,53.36626]],[[-6.2777,53.36626],[-6.27858,53.36653]]]},"properties":{"id":"osm:way/296533474","mode":"rail","name":"Irish Rail"}},{"type":"Feature","geometry":{"type":"MultiLineString","coordinates":[[[-6.34569,53.37766],[-6.34676,53.37814]],[[-6.34676,53.37814],[-6.34715,53.37832]]]},"properties":{"id":"osm:way/296533475","mode":"rail","name":"Irish Rail"}},{"type":"Feature","geometry":{"type":"MultiLineString","coordinates":[[[-6.357,53.38169],[-6.35716,53.38173]],[[-6.35716,53.38173],[-6.35815,53.38197]],[[-6.35815,53.38197],[-6.35856,53.38205]],[[-6.35856,53.38205],[-6.35897,53.38213]],[[-6.35897,53.38213],[-6.3593,53.38218]],[[-6.3593,53.38218],[-6.35958,53.38222]],[[-6.35958,53.38222],[-6.35988,53.38226]],[[-6.35988,53.38226],[-6.36016,53.38229]],[[-6.36016,53.38229],[-6.36044,53.38232]],[[-6.36044,53.38232],[-6.36075,53.38234]],[[-6.36075,53.38234],[-6.36114,53.38237]],[[-6.36114,53.38237],[-6.36159,53.38239]],[[-6.36159,53.38239],[-6.36179,53.38239]],[[-6.36179,53.38239],[-6.36202,53.3824]],[[-6.36202,53.3824],[-6.36227,53.3824]],[[-6.36227,53.3824],[-6.36239,53.3824]]]},"properties":{"id":"osm:way/296533476","mode":"rail","name":"Irish Rail"}},{"type":"Feature","geometry":{"type":"MultiLineString","coordinates":[[[-6.13082,53.29301],[-6.13006,53.29245]],[[-6.13006,53.29245],[-6.12969,53.29219]],[[-6.12969,53.29219],[-6.12944,53.29201]],[[-6.12944,53.29201],[-6.1294,53.29198]],[[-6.1294,53.29198],[-6.12909,53.29175]],[[-6.12909,53.29175],[-6.12875,53.29146]]]},"properties":{"id":"osm:way/299275711","mode":"rail","name":"Irish Rail"}},{"type":"Feature","geometry":{"type":"MultiLineString","coordinates":[[[-6.13399,53.29462],[-6.13313,53.29419]],[[-6.13313,53.29419],[-6.13275,53.29401]],[[-6.13275,53.29401],[-6.13179,53.29355]],[[-6.13179,53.29355],[-6.13118,53.29321]],[[-6.13118,53.29321],[-6.13082,53.29301]]]},"properties":{"id":"osm:way/299275712","mode":"rail","name":"Irish Rail"}},{"type":"Feature","geometry":{"type":"MultiLineString","coordinates":[[[-6.36146,53.30523],[-6.36124,53.30533]],[[-6.36124,53.30533],[-6.36099,53.30544]],[[-6.36099,53.30544],[-6.36091,53.30548]],[[-6.36091,53.30548],[-6.36059,53.30562]],[[-6.36059,53.30562],[-6.36039,53.30572]],[[-6.36039,53.30572],[-6.36007,53.30586]],[[-6.36007,53.30586],[-6.35991,53.30594]],[[-6.35991,53.30594],[-6.35969,53.30604]],[[-6.35969,53.30604],[-6.35953,53.30612]],[[-6.35953,53.30612],[-6.35945,53.30617]],[[-6.35945,53.30617],[-6.35938,53.30621]],[[-6.35938,53.30621],[-6.35931,53.30626]],[[-6.35931,53.30626],[-6.35925,53.30631]],[[-6.35925,53.30631],[-6.3592,53.30635]],[[-6.3592,53.30635],[-6.35917,53.30637]],[[-6.35917,53.30637],[-6.35914,53.30641]],[[-6.35914,53.30641],[-6.35909,53.30645]],[[-6.35909,53.30645],[-6.35906,53.30648]],[[-6.35906,53.30648],[-6.35903,53.30652]],[[-6.35903,53.30652],[-6.359,53.30656]],[[-6.359,53.30656],[-6.35897,53.3066]],[[-6.35897,53.3066],[-6.35894,53.30665]],[[-6.35894,53.30665],[-6.35892,53.30668]],[[-6.35892,53.30668],[-6.3589,53.30673]],[[-6.3589,53.30673],[-6.35888,53.30676]],[[-6.35888,53.30676],[-6.35887,53.3068]],[[-6.35887,53.3068],[-6.35885,53.30684]],[[-6.35885,53.30684],[-6.35884,53.30689]],[[-6.35884,53.30689],[-6.35883,53.30694]],[[-6.35883,53.30694],[-6.35882,53.30698]],[[-6.35882,53.30698],[-6.35882,53.30702]],[[-6.35882,53.30702],[-6.35882,53.30707]],[[-6.35882,53.30707],[-6.35882,53.30713]],[[-6.35882,53.30713],[-6.35882,53.30718]],[[-6.35882,53.30718],[-6.35883,53.30725]],[[-6.35883,53.30725],[-6.35885,53.30731]],[[-6.35885,53.30731],[-6.35887,53.30736]],[[-6.35887,53.30736],[-6.35889,53.30742]],[[-6.35889,53.30742],[-6.35891,53.30746]],[[-6.35891,53.30746],[-6.35895,53.30753]],[[-6.35895,53.30753],[-6.35898,53.30758]],[[-6.35898,53.30758],[-6.35903,53.30765]],[[-6.35903,53.30765],[-6.35907,53.3077]],[[-6.35907,53.3077],[-6.35912,53.30775]],[[-6.35912,53.30775],[-6.35917,53.3078]],[[-6.35917,53.3078],[-6.35925,53.30787]],[[-6.35925,53.30787],[-6.35931,53.30792]],[[-6.35931,53.30792],[-6.35961,53.30817]],[[-6.35961,53.30817],[-6.35972,53.30825]],[[-6.35972,53.30825],[-6.3598,53.30832]],[[-6.3598,53.30832],[-6.35991,53.30841]],[[-6.35991,53.30841],[-6.36003,53.30852]],[[-6.36003,53.30852],[-6.3602,53.30868]],[[-6.3602,53.30868],[-6.36044,53.30892]],[[-6.36044,53.30892],[-6.3606,53.30907]],[[-6.3606,53.30907],[-6.36071,53.30919]],[[-6.36071,53.30919],[-6.36088,53.30939]],[[-6.36088,53.30939],[-6.36099,53.30951]],[[-6.36099,53.30951],[-6.36115,53.30971]],[[-6.36115,53.30971],[-6.36128,53.30989]],[[-6.36128,53.30989],[-6.36142,53.31006]],[[-6.36142,53.31006],[-6.36153,53.31021]],[[-6.36153,53.31021],[-6.36182,53.31059]],[[-6.36182,53.31059],[-6.36202,53.31086]],[[-6.36202,53.31086],[-6.36215,53.31103]],[[-6.36215,53.31103],[-6.36223,53.31113]],[[-6.36223,53.31113],[-6.36249,53.31148]],[[-6.36249,53.31148],[-6.36257,53.31158]],[[-6.36257,53.31158],[-6.36266,53.31169]],[[-6.36266,53.31169],[-6.36272,53.31177]],[[-6.36272,53.31177],[-6.36278,53.31183]],[[-6.36278,53.31183],[-6.36289,53.31194]],[[-6.36289,53.31194],[-6.36296,53.31201]],[[-6.36296,53.31201],[-6.36304,53.31209]],[[-6.36304,53.31209],[-6.36314,53.31217]],[[-6.36314,53.31217],[-6.36321,53.31223]],[[-6.36321,53.31223],[-6.36327,53.31227]],[[-6.36327,53.31227],[-6.36331,53.31231]],[[-6.36331,53.31231],[-6.3634,53.31238]],[[-6.3634,53.31238],[-6.36381,53.31267]],[[-6.36381,53.31267],[-6.36408,53.31286]],[[-6.36408,53.31286],[-6.36428,53.31301]],[[-6.36428,53.31301],[-6.36441,53.31311]],[[-6.36441,53.31311],[-6.36444,53.31313]],[[-6.36444,53.31313],[-6.36469,53.31332]],[[-6.36469,53.31332],[-6.36479,53.31341]],[[-6.36479,53.31341],[-6.36493,53.31353]],[[-6.36493,53.31353],[-6.36507,53.31365]],[[-6.36507,53.31365],[-6.36516,53.31374]],[[-6.36516,53.31374],[-6.36523,53.3138]],[[-6.36523,53.3138],[-6.36526,53.31383]],[[-6.36526,53.31383],[-6.36543,53.31401]],[[-6.36543,53.31401],[-6.3655,53.31408]],[[-6.3655,53.31408],[-6.36566,53.31423]],[[-6.36566,53.31423],[-6.36608,53.31464]],[[-6.36608,53.31464],[-6.36625,53.3148]],[[-6.36625,53.3148],[-6.36641,53.31496]],[[-6.36641,53.31496],[-6.36646,53.31501]],[[-6.36646,53.31501],[-6.36653,53.31509]],[[-6.36653,53.31509],[-6.36665,53.3152]],[[-6.36665,53.3152],[-6.3667,53.31524]],[[-6.3667,53.31524],[-6.36675,53.31528]],[[-6.36675,53.31528],[-6.36681,53.31531]],[[-6.36681,53.31531],[-6.36688,53.31536]],[[-6.36688,53.31536],[-6.36694,53.3154]],[[-6.36694,53.3154],[-6.367,53.31542]],[[-6.367,53.31542],[-6.36707,53.31546]],[[-6.36707,53.31546],[-6.36713,53.31548]],[[-6.36713,53.31548],[-6.36721,53.31551]],[[-6.36721,53.31551],[-6.36731,53.31555]],[[-6.36731,53.31555],[-6.36741,53.31557]],[[-6.36741,53.31557],[-6.36752,53.3156]],[[-6.36752,53.3156],[-6.36762,53.31563]],[[-6.36762,53.31563],[-6.36785,53.31568]],[[-6.36785,53.31568],[-6.36797,53.31571]],[[-6.36797,53.31571],[-6.36823,53.31577]],[[-6.36823,53.31577],[-6.36831,53.31579]],[[-6.36831,53.31579],[-6.36855,53.31585]],[[-6.36855,53.31585],[-6.36879,53.3159]],[[-6.36879,53.3159],[-6.36894,53.31593]],[[-6.36894,53.31593],[-6.36903,53.31595]],[[-6.36903,53.31595],[-6.36908,53.31597]],[[-6.36908,53.31597],[-6.36911,53.31598]],[[-6.36911,53.31598],[-6.36916,53.31599]],[[-6.36916,53.31599],[-6.36922,53.31601]],[[-6.36922,53.31601],[-6.36926,53.31603]],[[-6.36926,53.31603],[-6.36931,53.31605]],[[-6.36931,53.31605],[-6.36936,53.31607]],[[-6.36936,53.31607],[-6.3694,53.31609]],[[-6.3694,53.31609],[-6.36944,53.31612]],[[-6.36944,53.31612],[-6.36949,53.31615]],[[-6.36949,53.31615],[-6.36954,53.31618]],[[-6.36954,53.31618],[-6.36957,53.31621]],[[-6.36957,53.31621],[-6.36959,53.31623]],[[-6.36959,53.31623],[-6.36964,53.31629]],[[-6.36964,53.31629],[-6.36967,53.31632]],[[-6.36967,53.31632],[-6.36969,53.31635]],[[-6.36969,53.31635],[-6.36972,53.31639]],[[-6.36972,53.31639],[-6.36974,53.31644]],[[-6.36974,53.31644],[-6.36977,53.31652]],[[-6.36977,53.31652],[-6.36979,53.31657]],[[-6.36979,53.31657],[-6.3699,53.31685]],[[-6.3699,53.31685],[-6.36999,53.31708]],[[-6.36999,53.31708],[-6.37009,53.31733]],[[-6.37009,53.31733],[-6.3701,53.31737]],[[-6.3701,53.31737],[-6.37012,53.31744]]]},"properties":{"id":"osm:way/303864911","mode":"luas","name":"Luas"}},{"type":"Feature","geometry":{"type":"LineString","coordinates":[[-6.33653,53.33809],[-6.33812,53.33835]]},"properties":{"id":"osm:way/306190543","mode":"rail","name":"Irish Rail"}},{"type":"Feature","geometry":{"type":"LineString","coordinates":[[-6.33714,53.33844],[-6.3378,53.3385]]},"properties":{"id":"osm:way/306190686","mode":"rail","name":"Irish Rail"}},{"type":"Feature","geometry":{"type":"MultiLineString","coordinates":[[[-6.33386,53.33951],[-6.3335,53.33959]],[[-6.3335,53.33959],[-6.33325,53.33964]],[[-6.33325,53.33964],[-6.33294,53.33972]]]},"properties":{"id":"osm:way/306191101","mode":"rail","name":"Irish Rail"}},{"type":"Feature","geometry":{"type":"MultiLineString","coordinates":[[[-6.33388,53.33956],[-6.33353,53.33964]],[[-6.33353,53.33964],[-6.33327,53.3397]],[[-6.33327,53.3397],[-6.33267,53.3399]]]},"properties":{"id":"osm:way/306191102","mode":"rail","name":"Irish Rail"}},{"type":"Feature","geometry":{"type":"MultiLineString","coordinates":[[[-6.33692,53.33886],[-6.33666,53.33885]],[[-6.33666,53.33885],[-6.33635,53.33884]],[[-6.33635,53.33884],[-6.3359,53.33884]],[[-6.3359,53.33884],[-6.33573,53.33885]],[[-6.33573,53.33885],[-6.33558,53.33887]],[[-6.33558,53.33887],[-6.33555,53.33887]]]},"properties":{"id":"osm:way/306191103","mode":"rail","name":"Irish Rail"}},{"type":"Feature","geometry":{"type":"LineString","coordinates":[[-6.33457,53.33916],[-6.33544,53.33899]]},"properties":{"id":"osm:way/306191104","mode":"rail","name":"Irish Rail"}},{"type":"Feature","geometry":{"type":"LineString","coordinates":[[-6.3346,53.33921],[-6.33547,53.33905]]},"properties":{"id":"osm:way/306191105","mode":"rail","name":"Irish Rail"}},{"type":"Feature","geometry":{"type":"MultiLineString","coordinates":[[[-6.14264,53.29623],[-6.14288,53.29621]],[[-6.14288,53.29621],[-6.14369,53.29612]],[[-6.14369,53.29612],[-6.14504,53.29597]],[[-6.14504,53.29597],[-6.14658,53.2958]],[[-6.14658,53.2958],[-6.14912,53.29552]],[[-6.14912,53.29552],[-6.15016,53.29542]],[[-6.15016,53.29542],[-6.15061,53.2954]],[[-6.15061,53.2954],[-6.15108,53.29538]],[[-6.15108,53.29538],[-6.15146,53.29537]],[[-6.15146,53.29537],[-6.15187,53.29537]],[[-6.15187,53.29537],[-6.15225,53.29538]],[[-6.15225,53.29538],[-6.15258,53.29539]],[[-6.15258,53.29539],[-6.15293,53.29541]],[[-6.15293,53.29541],[-6.15337,53.29545]],[[-6.15337,53.29545],[-6.15375,53.29549]],[[-6.15375,53.29549],[-6.15403,53.29553]],[[-6.15403,53.29553],[-6.15443,53.29559]],[[-6.15443,53.29559],[-6.15478,53.29565]],[[-6.15478,53.29565],[-6.15504,53.29569]],[[-6.15504,53.29569],[-6.15539,53.29577]],[[-6.15539,53.29577],[-6.15575,53.29585]],[[-6.15575,53.29585],[-6.15607,53.29593]],[[-6.15607,53.29593],[-6.15629,53.29598]],[[-6.15629,53.29598],[-6.15706,53.29621]],[[-6.15706,53.29621],[-6.15743,53.29633]],[[-6.15743,53.29633],[-6.15788,53.29649]],[[-6.15788,53.29649],[-6.15941,53.29706]],[[-6.15941,53.29706],[-6.15959,53.29713]],[[-6.15959,53.29713],[-6.1601,53.29732]],[[-6.1601,53.29732],[-6.16068,53.29754]],[[-6.16068,53.29754],[-6.16144,53.29783]],[[-6.16144,53.29783],[-6.1618,53.29796]],[[-6.1618,53.29796],[-6.16296,53.29839]],[[-6.16296,53.29839],[-6.1635,53.29858]],[[-6.1635,53.29858],[-6.16402,53.29876]],[[-6.16402,53.29876],[-6.16486,53.29903]],[[-6.16486,53.29903],[-6.16524,53.29915]],[[-6.16524,53.29915],[-6.16613,53.29942]],[[-6.16613,53.29942],[-6.16643,53.29951]],[[-6.16643,53.29951],[-6.16703,53.29967]],[[-6.16703,53.29967],[-6.16767,53.29985]],[[-6.16767,53.29985],[-6.16844,53.30005]],[[-6.16844,53.30005],[-6.16884,53.30015]],[[-6.16884,53.30015],[-6.16954,53.30032]],[[-6.16954,53.30032],[-6.17096,53.30065]]]},"properties":{"id":"osm:way/306849005","mode":"rail","name":"Irish Rail"}},{"type":"Feature","geometry":{"type":"LineString","coordinates":[[-6.17096,53.30065],[-6.17134,53.30075]]},"properties":{"id":"osm:way/306849013","mode":"rail","name":"Irish Rail"}},{"type":"Feature","geometry":{"type":"MultiLineString","coordinates":[[[-6.10401,53.21052],[-6.10427,53.21095]],[[-6.10427,53.21095],[-6.10476,53.21164]],[[-6.10476,53.21164],[-6.10505,53.21199]],[[-6.10505,53.21199],[-6.10536,53.21231]],[[-6.10536,53.21231],[-6.10643,53.21333]],[[-6.10643,53.21333],[-6.10709,53.21399]],[[-6.10709,53.21399],[-6.1076,53.2146]],[[-6.1076,53.2146],[-6.10805,53.21525]],[[-6.10805,53.21525],[-6.10817,53.21545]],[[-6.10817,53.21545],[-6.10833,53.21577]],[[-6.10833,53.21577],[-6.10859,53.21634]],[[-6.10859,53.21634],[-6.10906,53.21748]],[[-6.10906,53.21748],[-6.10958,53.21868]],[[-6.10958,53.21868],[-6.11045,53.22076]],[[-6.11045,53.22076],[-6.11098,53.22202]],[[-6.11098,53.22202],[-6.11174,53.22384]],[[-6.11174,53.22384],[-6.11266,53.22601]],[[-6.11266,53.22601],[-6.11276,53.22624]],[[-6.11276,53.22624],[-6.11357,53.22819]],[[-6.11357,53.22819],[-6.11432,53.22997]],[[-6.11432,53.22997],[-6.11474,53.23095]],[[-6.11474,53.23095],[-6.11514,53.23191]]]},"properties":{"id":"osm:way/308289343","mode":"rail","name":"Irish Rail"}},{"type":"Feature","geometry":{"type":"MultiLineString","coordinates":[[[-6.12779,53.29056],[-6.12766,53.29043]],[[-6.12766,53.29043],[-6.12735,53.29013]],[[-6.12735,53.29013],[-6.12727,53.29004]],[[-6.12727,53.29004],[-6.12719,53.28994]],[[-6.12719,53.28994],[-6.1271,53.28981]],[[-6.1271,53.28981],[-6.12704,53.28971]],[[-6.12704,53.28971],[-6.12698,53.28959]],[[-6.12698,53.28959],[-6.1269,53.28938]],[[-6.1269,53.28938],[-6.12686,53.2892]],[[-6.12686,53.2892],[-6.12684,53.28897]],[[-6.12684,53.28897],[-6.12685,53.28876]],[[-6.12685,53.28876],[-6.12689,53.28853]],[[-6.12689,53.28853],[-6.12694,53.28839]]]},"properties":{"id":"osm:way/311960786","mode":"rail","name":"Irish Rail"}},{"type":"Feature","geometry":{"type":"MultiLineString","coordinates":[[[-6.12875,53.29146],[-6.12829,53.29102]],[[-6.12829,53.29102],[-6.12817,53.29091]],[[-6.12817,53.29091],[-6.12788,53.29063]],[[-6.12788,53.29063],[-6.12779,53.29056]]]},"properties":{"id":"osm:way/311960790","mode":"rail","name":"Irish Rail"}},{"type":"Feature","geometry":{"type":"LineString","coordinates":[[-6.17132,53.30078],[-6.17094,53.30069]]},"properties":{"id":"osm:way/311960791","mode":"rail","name":"Irish Rail"}},{"type":"Feature","geometry":{"type":"MultiLineString","coordinates":[[[-6.17094,53.30069],[-6.16957,53.30036]],[[-6.16957,53.30036],[-6.16833,53.30006]],[[-6.16833,53.30006],[-6.16766,53.29988]],[[-6.16766,53.29988],[-6.16683,53.29966]],[[-6.16683,53.29966],[-6.16618,53.29947]],[[-6.16618,53.29947],[-6.16557,53.29929]],[[-6.16557,53.29929],[-6.1652,53.29918]],[[-6.1652,53.29918],[-6.16435,53.29891]],[[-6.16435,53.29891],[-6.16363,53.29867]],[[-6.16363,53.29867],[-6.16298,53.29844]],[[-6.16298,53.29844],[-6.16248,53.29826]],[[-6.16248,53.29826],[-6.16199,53.29807]],[[-6.16199,53.29807],[-6.16129,53.29781]],[[-6.16129,53.29781],[-6.16046,53.2975]],[[-6.16046,53.2975],[-6.16019,53.2974]],[[-6.16019,53.2974],[-6.15957,53.29716]],[[-6.15957,53.29716],[-6.15908,53.29698]],[[-6.15908,53.29698],[-6.15845,53.29674]],[[-6.15845,53.29674],[-6.15737,53.29635]],[[-6.15737,53.29635],[-6.15704,53.29624]],[[-6.15704,53.29624],[-6.15666,53.29612]],[[-6.15666,53.29612],[-6.15639,53.29604]],[[-6.15639,53.29604],[-6.15615,53.29598]],[[-6.15615,53.29598],[-6.1559,53.29592]],[[-6.1559,53.29592],[-6.15563,53.29585]],[[-6.15563,53.29585],[-6.15529,53.29578]],[[-6.15529,53.29578],[-6.15493,53.29571]],[[-6.15493,53.29571],[-6.15463,53.29566]],[[-6.15463,53.29566],[-6.15402,53.29556]],[[-6.15402,53.29556],[-6.15386,53.29554]],[[-6.15386,53.29554],[-6.15361,53.29551]],[[-6.15361,53.29551],[-6.15316,53.29547]],[[-6.15316,53.29547],[-6.15288,53.29545]],[[-6.15288,53.29545],[-6.15255,53.29543]],[[-6.15255,53.29543],[-6.15228,53.29541]],[[-6.15228,53.29541],[-6.15192,53.29541]],[[-6.15192,53.29541],[-6.15155,53.2954]],[[-6.15155,53.2954],[-6.15123,53.29541]],[[-6.15123,53.29541],[-6.15094,53.29541]],[[-6.15094,53.29541],[-6.15062,53.29543]],[[-6.15062,53.29543],[-6.15039,53.29544]],[[-6.15039,53.29544],[-6.14997,53.29547]],[[-6.14997,53.29547],[-6.14884,53.29558]],[[-6.14884,53.29558],[-6.14725,53.29576]],[[-6.14725,53.29576],[-6.14659,53.29583]],[[-6.14659,53.29583],[-6.14647,53.29585]],[[-6.14647,53.29585],[-6.14505,53.29601]],[[-6.14505,53.29601],[-6.14326,53.29621]],[[-6.14326,53.29621],[-6.14261,53.29627]],[[-6.14261,53.29627],[-6.14245,53.29628]]]},"properties":{"id":"osm:way/311960792","mode":"rail","name":"Irish Rail"}},{"type":"Feature","geometry":{"type":"MultiLineString","coordinates":[[[-6.22779,53.33309],[-6.2277,53.33303]],[[-6.2277,53.33303],[-6.22702,53.33251]],[[-6.22702,53.33251],[-6.22578,53.33156]],[[-6.22578,53.33156],[-6.22447,53.33058]],[[-6.22447,53.33058],[-6.22383,53.33008]],[[-6.22383,53.33008],[-6.22338,53.32974]],[[-6.22338,53.32974],[-6.22327,53.32965]],[[-6.22327,53.32965],[-6.2231,53.32952]],[[-6.2231,53.32952],[-6.22278,53.32928]],[[-6.22278,53.32928],[-6.22197,53.32866]],[[-6.22197,53.32866],[-6.22169,53.32843]],[[-6.22169,53.32843],[-6.22112,53.328]],[[-6.22112,53.328],[-6.22098,53.3279]],[[-6.22098,53.3279],[-6.22082,53.32778]]]},"properties":{"id":"osm:way/311960793","mode":"rail","name":"Irish Rail"}},{"type":"Feature","geometry":{"type":"MultiLineString","coordinates":[[[-6.22799,53.33324],[-6.22792,53.33319]],[[-6.22792,53.33319],[-6.22791,53.33319]]]},"properties":{"id":"osm:way/311960794","mode":"rail","name":"Irish Rail"}},{"type":"Feature","geometry":{"type":"MultiLineString","coordinates":[[[-6.23318,53.33717],[-6.23278,53.33689]],[[-6.23278,53.33689],[-6.23127,53.33576]],[[-6.23127,53.33576],[-6.23078,53.3354]]]},"properties":{"id":"osm:way/311960795","mode":"rail","name":"Irish Rail"}},{"type":"Feature","geometry":{"type":"LineString","coordinates":[[-6.23039,53.33512],[-6.22929,53.33425]]},"properties":{"id":"osm:way/311960796","mode":"rail","name":"Irish Rail"}},{"type":"Feature","geometry":{"type":"MultiLineString","coordinates":[[[-6.22929,53.33425],[-6.22906,53.33406]],[[-6.22906,53.33406],[-6.2289,53.33395]],[[-6.2289,53.33395],[-6.22817,53.33338]],[[-6.22817,53.33338],[-6.22799,53.33324]]]},"properties":{"id":"osm:way/311960797","mode":"rail","name":"Irish Rail"}},{"type":"Feature","geometry":{"type":"MultiLineString","coordinates":[[[-6.21086,53.27963],[-6.21074,53.27959]],[[-6.21074,53.27959],[-6.21062,53.27956]],[[-6.21062,53.27956],[-6.21015,53.27941]],[[-6.21015,53.27941],[-6.20957,53.27923]],[[-6.20957,53.27923],[-6.20868,53.27895]],[[-6.20868,53.27895],[-6.20807,53.27876]],[[-6.20807,53.27876],[-6.20752,53.27858]],[[-6.20752,53.27858],[-6.2067,53.2783]],[[-6.2067,53.2783],[-6.20588,53.27804]]]},"properties":{"id":"osm:way/313901239","mode":"luas","name":"Luas"}},{"type":"Feature","geometry":{"type":"LineString","coordinates":[[-6.20434,53.27752],[-6.20424,53.27748]]},"properties":{"id":"osm:way/313947483","mode":"luas","name":"Luas"}},{"type":"Feature","geometry":{"type":"MultiLineString","coordinates":[[[-6.22791,53.33319],[-6.22782,53.33311]],[[-6.22782,53.33311],[-6.22779,53.33309]]]},"properties":{"id":"osm:way/317101104","mode":"rail","name":"Irish Rail"}},{"type":"Feature","geometry":{"type":"MultiLineString","coordinates":[[[-6.29189,53.34778],[-6.29188,53.34779]],[[-6.29188,53.34779],[-6.29187,53.34781]],[[-6.29187,53.34781],[-6.29184,53.34784]],[[-6.29184,53.34784],[-6.29182,53.34785]],[[-6.29182,53.34785],[-6.2918,53.34787]],[[-6.2918,53.34787],[-6.29179,53.34788]],[[-6.29179,53.34788],[-6.29176,53.34789]],[[-6.29176,53.34789],[-6.29172,53.34791]],[[-6.29172,53.34791],[-6.29168,53.34793]],[[-6.29168,53.34793],[-6.29162,53.34794]],[[-6.29162,53.34794],[-6.29156,53.34795]],[[-6.29156,53.34795],[-6.29149,53.34796]],[[-6.29149,53.34796],[-6.29143,53.34796]],[[-6.29143,53.34796],[-6.29122,53.34796]],[[-6.29122,53.34796],[-6.2908,53.34796]],[[-6.2908,53.34796],[-6.29059,53.34796]],[[-6.29059,53.34796],[-6.29039,53.34796]],[[-6.29039,53.34796],[-6.28993,53.34799]],[[-6.28993,53.34799],[-6.28985,53.34799]],[[-6.28985,53.34799],[-6.28954,53.34798]],[[-6.28954,53.34798],[-6.28924,53.34797]],[[-6.28924,53.34797],[-6.28712,53.3479]],[[-6.28712,53.3479],[-6.28673,53.34789]],[[-6.28673,53.34789],[-6.28632,53.34787]],[[-6.28632,53.34787],[-6.28534,53.34784]],[[-6.28534,53.34784],[-6.28519,53.34783]],[[-6.28519,53.34783],[-6.2851,53.34782]],[[-6.2851,53.34782],[-6.28494,53.34781]],[[-6.28494,53.34781],[-6.28482,53.34779]],[[-6.28482,53.34779],[-6.28437,53.34773]],[[-6.28437,53.34773],[-6.28409,53.34769]],[[-6.28409,53.34769],[-6.28348,53.34758]],[[-6.28348,53.34758],[-6.28312,53.34752]],[[-6.28312,53.34752],[-6.28301,53.34751]],[[-6.28301,53.34751],[-6.28294,53.3475]],[[-6.28294,53.3475],[-6.28287,53.34749]],[[-6.28287,53.34749],[-6.28232,53.34743]],[[-6.28232,53.34743],[-6.28172,53.34737]],[[-6.28172,53.34737],[-6.28083,53.34728]],[[-6.28083,53.34728],[-6.28023,53.34721]],[[-6.28023,53.34721],[-6.28015,53.3472]],[[-6.28015,53.3472],[-6.28006,53.34719]],[[-6.28006,53.34719],[-6.27987,53.34718]],[[-6.27987,53.34718],[-6.27954,53.34716]],[[-6.27954,53.34716],[-6.27947,53.34716]],[[-6.27947,53.34716],[-6.27921,53.34715]],[[-6.27921,53.34715],[-6.27905,53.34715]],[[-6.27905,53.34715],[-6.27883,53.34716]]]},"properties":{"id":"osm:way/317127413","mode":"luas","name":"Luas"}},{"type":"Feature","geometry":{"type":"MultiLineString","coordinates":[[[-6.17846,53.38123],[-6.17618,53.38161]],[[-6.17618,53.38161],[-6.17544,53.38174]],[[-6.17544,53.38174],[-6.17509,53.38181]],[[-6.17509,53.38181],[-6.17465,53.3819]],[[-6.17465,53.3819],[-6.17385,53.38207]],[[-6.17385,53.38207],[-6.17315,53.38223]],[[-6.17315,53.38223],[-6.17241,53.38242]],[[-6.17241,53.38242],[-6.1715,53.38267]],[[-6.1715,53.38267],[-6.17056,53.38295]],[[-6.17056,53.38295],[-6.16901,53.38349]]]},"properties":{"id":"osm:way/317149211","mode":"rail","name":"Irish Rail"}},{"type":"Feature","geometry":{"type":"LineString","coordinates":[[-6.15737,53.39031],[-6.15729,53.39037]]},"properties":{"id":"osm:way/317149212","mode":"rail","name":"Irish Rail"}},{"type":"Feature","geometry":{"type":"LineString","coordinates":[[-6.17893,53.38115],[-6.17899,53.38114]]},"properties":{"id":"osm:way/317183904","mode":"rail","name":"Irish Rail"}},{"type":"Feature","geometry":{"type":"MultiLineString","coordinates":[[[-6.19577,53.37693],[-6.19552,53.37705]],[[-6.19552,53.37705],[-6.19474,53.37742]],[[-6.19474,53.37742],[-6.19395,53.37777]],[[-6.19395,53.37777],[-6.19316,53.37809]],[[-6.19316,53.37809],[-6.19257,53.37832]],[[-6.19257,53.37832],[-6.19202,53.37851]],[[-6.19202,53.37851],[-6.19153,53.37867]],[[-6.19153,53.37867],[-6.19103,53.37883]],[[-6.19103,53.37883],[-6.19053,53.37897]],[[-6.19053,53.37897],[-6.18985,53.37915]],[[-6.18985,53.37915],[-6.18907,53.37935]],[[-6.18907,53.37935],[-6.18836,53.37951]]]},"properties":{"id":"osm:way/317183906","mode":"rail","name":"Irish Rail"}},{"type":"Feature","geometry":{"type":"LineString","coordinates":[[-6.23548,53.3588],[-6.23519,53.35895]]},"properties":{"id":"osm:way/317219098","mode":"rail","name":"Irish Rail"}},{"type":"Feature","geometry":{"type":"MultiLineString","coordinates":[[[-6.21174,53.32095],[-6.21153,53.3208]],[[-6.21153,53.3208],[-6.21128,53.32064]],[[-6.21128,53.32064],[-6.21083,53.32032]],[[-6.21083,53.32032],[-6.21018,53.31989]],[[-6.21018,53.31989],[-6.20979,53.31962]],[[-6.20979,53.31962],[-6.20933,53.31931]],[[-6.20933,53.31931],[-6.20888,53.31901]],[[-6.20888,53.31901],[-6.20842,53.31871]],[[-6.20842,53.31871],[-6.20789,53.31836]],[[-6.20789,53.31836],[-6.2073,53.31796]],[[-6.2073,53.31796],[-6.20677,53.31762]],[[-6.20677,53.31762],[-6.20597,53.31709]],[[-6.20597,53.31709],[-6.20557,53.31682]],[[-6.20557,53.31682],[-6.20501,53.31645]],[[-6.20501,53.31645],[-6.20495,53.31641]],[[-6.20495,53.31641],[-6.2042,53.31591]]]},"properties":{"id":"osm:way/317312613","mode":"rail","name":"Irish Rail"}},{"type":"Feature","geometry":{"type":"MultiLineString","coordinates":[[[-6.2042,53.31591],[-6.20369,53.31558]],[[-6.20369,53.31558],[-6.20322,53.31527]],[[-6.20322,53.31527],[-6.20267,53.31491]],[[-6.20267,53.31491],[-6.20214,53.31455]],[[-6.20214,53.31455],[-6.20123,53.31395]],[[-6.20123,53.31395],[-6.20074,53.31363]],[[-6.20074,53.31363],[-6.19997,53.31313]],[[-6.19997,53.31313],[-6.19925,53.31265]],[[-6.19925,53.31265],[-6.19858,53.3122]],[[-6.19858,53.3122],[-6.19743,53.31144]],[[-6.19743,53.31144],[-6.19633,53.31072]],[[-6.19633,53.31072],[-6.19518,53.31]],[[-6.19518,53.31],[-6.1948,53.30978]],[[-6.1948,53.30978],[-6.19398,53.30932]],[[-6.19398,53.30932],[-6.19361,53.30911]],[[-6.19361,53.30911],[-6.19298,53.30879]],[[-6.19298,53.30879],[-6.1926,53.30859]],[[-6.1926,53.30859],[-6.19196,53.30829]],[[-6.19196,53.30829],[-6.19141,53.30803]],[[-6.19141,53.30803],[-6.19058,53.30766]],[[-6.19058,53.30766],[-6.18971,53.30729]],[[-6.18971,53.30729],[-6.18731,53.30632]],[[-6.18731,53.30632],[-6.18578,53.3057]],[[-6.18578,53.3057],[-6.18478,53.3053]],[[-6.18478,53.3053],[-6.1838,53.3049]],[[-6.1838,53.3049],[-6.18226,53.30428]],[[-6.18226,53.30428],[-6.18087,53.30371]],[[-6.18087,53.30371],[-6.18029,53.30348]],[[-6.18029,53.30348],[-6.17994,53.30334]],[[-6.17994,53.30334],[-6.17869,53.30286]],[[-6.17869,53.30286],[-6.17854,53.30281]],[[-6.17854,53.30281],[-6.17796,53.30261]],[[-6.17796,53.30261],[-6.1773,53.30239]],[[-6.1773,53.30239],[-6.17572,53.30189]],[[-6.17572,53.30189],[-6.17496,53.30168]],[[-6.17496,53.30168],[-6.17432,53.30151]],[[-6.17432,53.30151],[-6.17322,53.30123]],[[-6.17322,53.30123],[-6.17132,53.30078]]]},"properties":{"id":"osm:way/317312614","mode":"rail","name":"Irish Rail"}},{"type":"Feature","geometry":{"type":"LineString","coordinates":[[-6.15725,53.39037],[-6.1575,53.39016]]},"properties":{"id":"osm:way/317600170","mode":"rail","name":"Irish Rail"}},{"type":"Feature","geometry":{"type":"LineString","coordinates":[[-6.32458,53.34168],[-6.32447,53.34171]]},"properties":{"id":"osm:way/317619316","mode":"rail","name":"Irish Rail"}},{"type":"Feature","geometry":{"type":"MultiLineString","coordinates":[[[-6.34742,53.3372],[-6.34701,53.33728]],[[-6.34701,53.33728],[-6.34198,53.33826]],[[-6.34198,53.33826],[-6.33999,53.33864]],[[-6.33999,53.33864],[-6.33907,53.33882]],[[-6.33907,53.33882],[-6.33845,53.33895]],[[-6.33845,53.33895],[-6.33666,53.33929]]]},"properties":{"id":"osm:way/317619317","mode":"rail","name":"Irish Rail"}},{"type":"Feature","geometry":{"type":"MultiLineString","coordinates":[[[-6.35417,53.33596],[-6.35352,53.33605]],[[-6.35352,53.33605],[-6.35301,53.33613]],[[-6.35301,53.33613],[-6.35259,53.3362]],[[-6.35259,53.3362],[-6.35225,53.33626]],[[-6.35225,53.33626],[-6.35151,53.3364]],[[-6.35151,53.3364],[-6.35033,53.33663]],[[-6.35033,53.33663],[-6.34797,53.33709]],[[-6.34797,53.33709],[-6.34742,53.3372]]]},"properties":{"id":"osm:way/317619318","mode":"rail","name":"Irish Rail"}},{"type":"Feature","geometry":{"type":"MultiLineString","coordinates":[[[-6.20089,53.37447],[-6.20101,53.37441]],[[-6.20101,53.37441],[-6.20155,53.37414]],[[-6.20155,53.37414],[-6.20171,53.37407]],[[-6.20171,53.37407],[-6.20232,53.37379]],[[-6.20232,53.37379],[-6.20289,53.37355]],[[-6.20289,53.37355],[-6.20362,53.37325]],[[-6.20362,53.37325],[-6.20401,53.3731]],[[-6.20401,53.3731],[-6.20442,53.37295]],[[-6.20442,53.37295],[-6.20497,53.37277]],[[-6.20497,53.37277],[-6.20557,53.37257]],[[-6.20557,53.37257],[-6.20652,53.37227]],[[-6.20652,53.37227],[-6.20718,53.37207]],[[-6.20718,53.37207],[-6.20742,53.37199]]]},"properties":{"id":"osm:way/317675354","mode":"rail","name":"Irish Rail"}},{"type":"Feature","geometry":{"type":"LineString","coordinates":[[-6.25145,53.30799],[-6.25141,53.30762]]},"properties":{"id":"osm:way/318578645","mode":"luas","name":"Luas"}},{"type":"Feature","geometry":{"type":"MultiLineString","coordinates":[[[-6.25226,53.31232],[-6.2522,53.31211]],[[-6.2522,53.31211],[-6.25208,53.31168]],[[-6.25208,53.31168],[-6.25204,53.31153]],[[-6.25204,53.31153],[-6.25195,53.31122]],[[-6.25195,53.31122],[-6.25185,53.31083]],[[-6.25185,53.31083],[-6.2518,53.31059]],[[-6.2518,53.31059],[-6.25179,53.31052]],[[-6.25179,53.31052],[-6.25178,53.31044]],[[-6.25178,53.31044],[-6.25175,53.31028]],[[-6.25175,53.31028],[-6.25171,53.30991]],[[-6.25171,53.30991],[-6.25166,53.30968]]]},"properties":{"id":"osm:way/318578646","mode":"luas","name":"Luas"}},{"type":"Feature","geometry":{"type":"LineString","coordinates":[[-6.43192,53.38478],[-6.43292,53.38494]]},"properties":{"id":"osm:way/318762125","mode":"rail","name":"Irish Rail"}},{"type":"Feature","geometry":{"type":"MultiLineString","coordinates":[[[-6.30404,53.3484],[-6.30404,53.34903]],[[-6.30404,53.34903],[-6.30405,53.34945]],[[-6.30405,53.34945],[-6.30404,53.3498]],[[-6.30404,53.3498],[-6.30402,53.34992]],[[-6.30402,53.34992],[-6.304,53.35003]],[[-6.304,53.35003],[-6.30397,53.35012]],[[-6.30397,53.35012],[-6.30392,53.35022]],[[-6.30392,53.35022],[-6.30383,53.35039]],[[-6.30383,53.35039],[-6.30366,53.35062]],[[-6.30366,53.35062],[-6.30351,53.35079]],[[-6.30351,53.35079],[-6.30334,53.35095]],[[-6.30334,53.35095],[-6.30305,53.35116]],[[-6.30305,53.35116],[-6.30272,53.35138]],[[-6.30272,53.35138],[-6.30242,53.35153]],[[-6.30242,53.35153],[-6.30213,53.35167]],[[-6.30213,53.35167],[-6.30178,53.35183]],[[-6.30178,53.35183],[-6.30123,53.35203]],[[-6.30123,53.35203],[-6.30035,53.35229]],[[-6.30035,53.35229],[-6.29997,53.35242]],[[-6.29997,53.35242],[-6.2992,53.35268]],[[-6.2992,53.35268],[-6.29886,53.3528]]]},"properties":{"id":"osm:way/318765004","mode":"rail","name":"Irish Rail"}},{"type":"Feature","geometry":{"type":"MultiLineString","coordinates":[[[-6.29836,53.353],[-6.29814,53.3531]],[[-6.29814,53.3531],[-6.29799,53.35318]],[[-6.29799,53.35318],[-6.2978,53.35328]],[[-6.2978,53.35328],[-6.29762,53.3534]],[[-6.29762,53.3534],[-6.29745,53.35353]],[[-6.29745,53.35353],[-6.29732,53.35363]],[[-6.29732,53.35363],[-6.29718,53.35376]],[[-6.29718,53.35376],[-6.29704,53.35391]],[[-6.29704,53.35391],[-6.29696,53.35401]],[[-6.29696,53.35401],[-6.29687,53.35414]],[[-6.29687,53.35414],[-6.29679,53.35426]],[[-6.29679,53.35426],[-6.29671,53.35439]],[[-6.29671,53.35439],[-6.29655,53.35467]],[[-6.29655,53.35467],[-6.2963,53.35511]],[[-6.2963,53.35511],[-6.29572,53.35617]],[[-6.29572,53.35617],[-6.29547,53.35663]],[[-6.29547,53.35663],[-6.29385,53.35957]],[[-6.29385,53.35957],[-6.2937,53.35983]]]},"properties":{"id":"osm:way/318765007","mode":"rail","name":"Irish Rail"}},{"type":"Feature","geometry":{"type":"MultiLineString","coordinates":[[[-6.29987,53.37285],[-6.29972,53.37282]],[[-6.29972,53.37282],[-6.29833,53.37255]]]},"properties":{"id":"osm:way/318765008","mode":"rail","name":"Irish Rail"}},{"type":"Feature","geometry":{"type":"MultiLineString","coordinates":[[[-6.43821,53.38417],[-6.43793,53.38423]],[[-6.43793,53.38423],[-6.43756,53.38432]],[[-6.43756,53.38432],[-6.43716,53.3844]],[[-6.43716,53.3844],[-6.43678,53.38446]],[[-6.43678,53.38446],[-6.4362,53.38455]],[[-6.4362,53.38455],[-6.43577,53.3846]],[[-6.43577,53.3846],[-6.43529,53.38465]],[[-6.43529,53.38465],[-6.43489,53.38469]],[[-6.43489,53.38469],[-6.43454,53.38471]],[[-6.43454,53.38471],[-6.43413,53.38472]],[[-6.43413,53.38472],[-6.43376,53.38473]],[[-6.43376,53.38473],[-6.43336,53.38473]],[[-6.43336,53.38473],[-6.43286,53.38472]],[[-6.43286,53.38472],[-6.43255,53.3847]],[[-6.43255,53.3847],[-6.43219,53.38468]]]},"properties":{"id":"osm:way/318974253","mode":"rail","name":"Irish Rail"}},{"type":"Feature","geometry":{"type":"MultiLineString","coordinates":[[[-6.25009,53.34991],[-6.25013,53.34993]],[[-6.25013,53.34993],[-6.25016,53.34993]],[[-6.25016,53.34993],[-6.25019,53.34995]],[[-6.25019,53.34995],[-6.25022,53.34996]],[[-6.25022,53.34996],[-6.25024,53.34997]],[[-6.25024,53.34997],[-6.25026,53.34998]],[[-6.25026,53.34998],[-6.25027,53.34998]],[[-6.25027,53.34998],[-6.25029,53.35]],[[-6.25029,53.35],[-6.25031,53.35001]],[[-6.25031,53.35001],[-6.25034,53.35003]],[[-6.25034,53.35003],[-6.25035,53.35004]],[[-6.25035,53.35004],[-6.25036,53.35006]],[[-6.25036,53.35006],[-6.25037,53.35007]],[[-6.25037,53.35007],[-6.25038,53.35009]],[[-6.25038,53.35009],[-6.25039,53.35011]],[[-6.25039,53.35011],[-6.2504,53.35014]],[[-6.2504,53.35014],[-6.2504,53.35016]],[[-6.2504,53.35016],[-6.2504,53.35017]],[[-6.2504,53.35017],[-6.2504,53.35019]],[[-6.2504,53.35019],[-6.2504,53.35021]],[[-6.2504,53.35021],[-6.25039,53.35024]],[[-6.25039,53.35024],[-6.25037,53.35029]]]},"properties":{"id":"osm:way/319186339","mode":"luas","name":"Luas"}},{"type":"Feature","geometry":{"type":"LineString","coordinates":[[-6.46387,53.41349],[-6.46384,53.41333]]},"properties":{"id":"osm:way/319266466","mode":"rail","name":"Irish Rail"}},{"type":"Feature","geometry":{"type":"LineString","coordinates":[[-6.46388,53.41333],[-6.46392,53.41349]]},"properties":{"id":"osm:way/319266469","mode":"rail","name":"Irish Rail"}},{"type":"Feature","geometry":{"type":"MultiLineString","coordinates":[[[-6.46384,53.41333],[-6.46354,53.41213]],[[-6.46354,53.41213],[-6.46337,53.41142]],[[-6.46337,53.41142],[-6.46321,53.41073]],[[-6.46321,53.41073],[-6.46306,53.41011]],[[-6.46306,53.41011],[-6.46289,53.40941]],[[-6.46289,53.40941],[-6.4628,53.40904]],[[-6.4628,53.40904],[-6.46266,53.40841]],[[-6.46266,53.40841],[-6.4625,53.4077]],[[-6.4625,53.4077],[-6.46236,53.40711]],[[-6.46236,53.40711],[-6.46222,53.40651]],[[-6.46222,53.40651],[-6.46203,53.40577]],[[-6.46203,53.40577],[-6.46181,53.40479]],[[-6.46181,53.40479],[-6.46167,53.40422]],[[-6.46167,53.40422],[-6.46143,53.40318]],[[-6.46143,53.40318],[-6.46114,53.40201]],[[-6.46114,53.40201],[-6.46101,53.40157]],[[-6.46101,53.40157],[-6.46085,53.40114]],[[-6.46085,53.40114],[-6.46068,53.40071]],[[-6.46068,53.40071],[-6.46049,53.4003]],[[-6.46049,53.4003],[-6.46032,53.39996]],[[-6.46032,53.39996],[-6.46013,53.39961]],[[-6.46013,53.39961],[-6.45988,53.39917]],[[-6.45988,53.39917],[-6.45968,53.39884]],[[-6.45968,53.39884],[-6.45937,53.39834]],[[-6.45937,53.39834],[-6.45912,53.39799]],[[-6.45912,53.39799],[-6.4588,53.39754]],[[-6.4588,53.39754],[-6.45826,53.39684]],[[-6.45826,53.39684],[-6.45785,53.39638]],[[-6.45785,53.39638],[-6.45729,53.39574]],[[-6.45729,53.39574],[-6.45673,53.39517]],[[-6.45673,53.39517],[-6.45615,53.39461]],[[-6.45615,53.39461],[-6.45536,53.39392]],[[-6.45536,53.39392],[-6.45489,53.39352]],[[-6.45489,53.39352],[-6.45417,53.39296]],[[-6.45417,53.39296],[-6.45328,53.39231]],[[-6.45328,53.39231],[-6.45263,53.39186]],[[-6.45263,53.39186],[-6.45203,53.39147]],[[-6.45203,53.39147],[-6.45142,53.39109]],[[-6.45142,53.39109],[-6.45066,53.39065]],[[-6.45066,53.39065],[-6.44992,53.39024]],[[-6.44992,53.39024],[-6.44923,53.38988]],[[-6.44923,53.38988],[-6.44856,53.38954]],[[-6.44856,53.38954],[-6.44755,53.38907]],[[-6.44755,53.38907],[-6.44703,53.38884]],[[-6.44703,53.38884],[-6.44642,53.38858]],[[-6.44642,53.38858],[-6.44597,53.3884]],[[-6.44597,53.3884],[-6.44523,53.38811]],[[-6.44523,53.38811],[-6.44466,53.38789]],[[-6.44466,53.38789],[-6.44352,53.38749]],[[-6.44352,53.38749],[-6.44295,53.3873]]]},"properties":{"id":"osm:way/319266471","mode":"rail","name":"Irish Rail"}},{"type":"Feature","geometry":{"type":"MultiLineString","coordinates":[[[-6.46392,53.41349],[-6.4643,53.41512]],[[-6.4643,53.41512],[-6.4644,53.4155]],[[-6.4644,53.4155],[-6.46456,53.41617]],[[-6.46456,53.41617],[-6.46462,53.41642]],[[-6.46462,53.41642],[-6.46467,53.41664]]]},"properties":{"id":"osm:way/319266478","mode":"rail","name":"Irish Rail"}},{"type":"Feature","geometry":{"type":"MultiLineString","coordinates":[[[-6.28378,53.36657],[-6.28398,53.36679]],[[-6.28398,53.36679],[-6.28455,53.36736]],[[-6.28455,53.36736],[-6.28484,53.36761]],[[-6.28484,53.36761],[-6.28504,53.36778]],[[-6.28504,53.36778],[-6.28539,53.36807]],[[-6.28539,53.36807],[-6.28588,53.36844]],[[-6.28588,53.36844],[-6.28624,53.36869]],[[-6.28624,53.36869],[-6.28646,53.36884]]]},"properties":{"id":"osm:way/319273145","mode":"luas","name":"Luas"}},{"type":"Feature","geometry":{"type":"LineString","coordinates":[[-6.24902,53.3496],[-6.2487,53.34958]]},"properties":{"id":"osm:way/319287660","mode":"luas","name":"Luas"}},{"type":"Feature","geometry":{"type":"LineString","coordinates":[[-6.23243,53.36058],[-6.22937,53.36217]]},"properties":{"id":"osm:way/319340295","mode":"rail","name":"Irish Rail"}},{"type":"Feature","geometry":{"type":"LineString","coordinates":[[-6.23238,53.36055],[-6.22932,53.36214]]},"properties":{"id":"osm:way/319340296","mode":"rail","name":"Irish Rail"}},{"type":"Feature","geometry":{"type":"LineString","coordinates":[[-6.23233,53.36052],[-6.22927,53.3621]]},"properties":{"id":"osm:way/319340297","mode":"rail","name":"Irish Rail"}},{"type":"Feature","geometry":{"type":"MultiLineString","coordinates":[[[-6.24028,53.35702],[-6.24043,53.35755]],[[-6.24043,53.35755],[-6.24051,53.35782]],[[-6.24051,53.35782],[-6.24055,53.35795]],[[-6.24055,53.35795],[-6.24059,53.35807]],[[-6.24059,53.35807],[-6.24065,53.35819]],[[-6.24065,53.35819],[-6.24077,53.35839]]]},"properties":{"id":"osm:way/319396210","mode":"rail","name":"Irish Rail"}},{"type":"Feature","geometry":{"type":"LineString","coordinates":[[-6.24025,53.35694],[-6.24028,53.35702]]},"properties":{"id":"osm:way/319396211","mode":"rail","name":"Irish Rail"}},{"type":"Feature","geometry":{"type":"LineString","coordinates":[[-6.2005,53.2757],[-6.20224,53.27629]]},"properties":{"id":"osm:way/319956789","mode":"luas","name":"Luas"}},{"type":"Feature","geometry":{"type":"MultiLineString","coordinates":[[[-6.37508,53.29911],[-6.37536,53.29893]],[[-6.37536,53.29893],[-6.37565,53.29876]]]},"properties":{"id":"osm:way/320072917","mode":"luas","name":"Luas"}},{"type":"Feature","geometry":{"type":"MultiLineString","coordinates":[[[-6.37578,53.29868],[-6.37582,53.29866]],[[-6.37582,53.29866],[-6.37586,53.29863]],[[-6.37586,53.29863],[-6.37592,53.29861]],[[-6.37592,53.29861],[-6.37597,53.29859]],[[-6.37597,53.29859],[-6.37604,53.29857]],[[-6.37604,53.29857],[-6.37608,53.29856]],[[-6.37608,53.29856],[-6.37613,53.29854]],[[-6.37613,53.29854],[-6.3762,53.2985]]]},"properties":{"id":"osm:way/320075219","mode":"luas","name":"Luas"}},{"type":"Feature","geometry":{"type":"MultiLineString","coordinates":[[[-6.36846,53.31586],[-6.3686,53.31587]],[[-6.3686,53.31587],[-6.36871,53.31589]],[[-6.36871,53.31589],[-6.36879,53.3159]]]},"properties":{"id":"osm:way/320080688","mode":"luas","name":"Luas"}},{"type":"Feature","geometry":{"type":"MultiLineString","coordinates":[[[-6.37373,53.28771],[-6.37394,53.28767]],[[-6.37394,53.28767],[-6.37411,53.28764]]]},"properties":{"id":"osm:way/320256158","mode":"luas","name":"Luas"}},{"type":"Feature","geometry":{"type":"LineString","coordinates":[[-6.37306,53.28788],[-6.37373,53.28771]]},"properties":{"id":"osm:way/320256159","mode":"luas","name":"Luas"}},{"type":"Feature","geometry":{"type":"LineString","coordinates":[[-6.11515,53.23208],[-6.11509,53.23193]]},"properties":{"id":"osm:way/321377588","mode":"rail","name":"Irish Rail"}},{"type":"Feature","geometry":{"type":"MultiLineString","coordinates":[[[-6.11509,53.23193],[-6.11497,53.23165]],[[-6.11497,53.23165],[-6.11449,53.23053]],[[-6.11449,53.23053],[-6.11399,53.22935]],[[-6.11399,53.22935],[-6.11371,53.22867]],[[-6.11371,53.22867],[-6.11343,53.228]],[[-6.11343,53.228],[-6.1131,53.22721]],[[-6.1131,53.22721],[-6.11265,53.22612]],[[-6.11265,53.22612],[-6.11225,53.22521]],[[-6.11225,53.22521],[-6.1117,53.22387]],[[-6.1117,53.22387],[-6.11132,53.22297]],[[-6.11132,53.22297],[-6.11092,53.22203]],[[-6.11092,53.22203],[-6.10983,53.21943]],[[-6.10983,53.21943],[-6.10935,53.21829]],[[-6.10935,53.21829],[-6.1093,53.21815]],[[-6.1093,53.21815],[-6.10913,53.21777]],[[-6.10913,53.21777],[-6.10905,53.21758]],[[-6.10905,53.21758],[-6.10896,53.21736]],[[-6.10896,53.21736],[-6.10872,53.21676]],[[-6.10872,53.21676],[-6.10843,53.21611]],[[-6.10843,53.21611],[-6.10811,53.21545]],[[-6.10811,53.21545],[-6.10777,53.21492]],[[-6.10777,53.21492],[-6.10754,53.2146]],[[-6.10754,53.2146],[-6.10705,53.21402]],[[-6.10705,53.21402],[-6.10674,53.2137]],[[-6.10674,53.2137],[-6.1063,53.21327]],[[-6.1063,53.21327],[-6.10595,53.21294]],[[-6.10595,53.21294],[-6.10544,53.21246]],[[-6.10544,53.21246],[-6.10509,53.21209]],[[-6.10509,53.21209],[-6.10487,53.21183]],[[-6.10487,53.21183],[-6.10453,53.21142]],[[-6.10453,53.21142],[-6.10422,53.21097]],[[-6.10422,53.21097],[-6.10396,53.21053]]]},"properties":{"id":"osm:way/321377589","mode":"rail","name":"Irish Rail"}},{"type":"Feature","geometry":{"type":"MultiLineString","coordinates":[[[-6.11686,53.24431],[-6.11696,53.24403]],[[-6.11696,53.24403],[-6.11711,53.24344]],[[-6.11711,53.24344],[-6.11719,53.24288]],[[-6.11719,53.24288],[-6.11722,53.24216]],[[-6.11722,53.24216],[-6.11723,53.24156]],[[-6.11723,53.24156],[-6.11724,53.24122]],[[-6.11724,53.24122],[-6.11724,53.2408]],[[-6.11724,53.2408],[-6.11725,53.24038]],[[-6.11725,53.24038],[-6.11725,53.24004]],[[-6.11725,53.24004],[-6.11725,53.2396]],[[-6.11725,53.2396],[-6.11726,53.23942]],[[-6.11726,53.23942],[-6.11727,53.2391]],[[-6.11727,53.2391],[-6.11727,53.23823]],[[-6.11727,53.23823],[-6.11723,53.23781]],[[-6.11723,53.23781],[-6.1172,53.23764]],[[-6.1172,53.23764],[-6.11717,53.2374]],[[-6.11717,53.2374],[-6.11711,53.23707]],[[-6.11711,53.23707],[-6.11702,53.2367]],[[-6.11702,53.2367],[-6.11681,53.23607]],[[-6.11681,53.23607],[-6.11674,53.2359]],[[-6.11674,53.2359],[-6.1166,53.23554]],[[-6.1166,53.23554],[-6.11643,53.23515]],[[-6.11643,53.23515],[-6.11622,53.23463]],[[-6.11622,53.23463],[-6.11596,53.234]],[[-6.11596,53.234],[-6.11531,53.23245]],[[-6.11531,53.23245],[-6.11515,53.23208]]]},"properties":{"id":"osm:way/321447884","mode":"rail","name":"Irish Rail"}},{"type":"Feature","geometry":{"type":"LineString","coordinates":[[-6.11682,53.24438],[-6.11686,53.24431]]},"properties":{"id":"osm:way/321447886","mode":"rail","name":"Irish Rail"}},{"type":"Feature","geometry":{"type":"MultiLineString","coordinates":[[[-6.11609,53.2457],[-6.11631,53.24538]],[[-6.11631,53.24538],[-6.11647,53.2451]],[[-6.11647,53.2451],[-6.11664,53.24479]],[[-6.11664,53.24479],[-6.11682,53.24438]]]},"properties":{"id":"osm:way/321447887","mode":"rail","name":"Irish Rail"}},{"type":"Feature","geometry":{"type":"LineString","coordinates":[[-6.116,53.24583],[-6.11609,53.2457]]},"properties":{"id":"osm:way/321447888","mode":"rail","name":"Irish Rail"}},{"type":"Feature","geometry":{"type":"LineString","coordinates":[[-6.11345,53.25161],[-6.11346,53.25154]]},"properties":{"id":"osm:way/321447891","mode":"rail","name":"Irish Rail"}},{"type":"Feature","geometry":{"type":"MultiLineString","coordinates":[[[-6.11346,53.25154],[-6.11348,53.25129]],[[-6.11348,53.25129],[-6.11351,53.25099]],[[-6.11351,53.25099],[-6.11353,53.25082]],[[-6.11353,53.25082],[-6.11356,53.25052]],[[-6.11356,53.25052],[-6.1136,53.25013]],[[-6.1136,53.25013],[-6.11363,53.24988]],[[-6.11363,53.24988],[-6.1137,53.24955]],[[-6.1137,53.24955],[-6.11378,53.24925]],[[-6.11378,53.24925],[-6.11392,53.24886]],[[-6.11392,53.24886],[-6.11407,53.24851]],[[-6.11407,53.24851],[-6.11433,53.24803]],[[-6.11433,53.24803],[-6.11441,53.24789]],[[-6.11441,53.24789],[-6.11465,53.24754]],[[-6.11465,53.24754],[-6.11481,53.2473]],[[-6.11481,53.2473],[-6.11489,53.24719]],[[-6.11489,53.24719],[-6.11511,53.24693]],[[-6.11511,53.24693],[-6.1154,53.24658]],[[-6.1154,53.24658],[-6.11571,53.24621]],[[-6.11571,53.24621],[-6.116,53.24583]]]},"properties":{"id":"osm:way/321447892","mode":"rail","name":"Irish Rail"}},{"type":"Feature","geometry":{"type":"MultiLineString","coordinates":[[[-6.11287,53.25748],[-6.1129,53.25718]],[[-6.1129,53.25718],[-6.11293,53.25686]],[[-6.11293,53.25686],[-6.11295,53.2563]]]},"properties":{"id":"osm:way/323950209","mode":"rail","name":"Irish Rail"}},{"type":"Feature","geometry":{"type":"LineString","coordinates":[[-6.11285,53.25757],[-6.11287,53.25748]]},"properties":{"id":"osm:way/323950210","mode":"rail","name":"Irish Rail"}},{"type":"Feature","geometry":{"type":"LineString","coordinates":[[-6.10863,53.26393],[-6.10878,53.26373]]},"properties":{"id":"osm:way/323951833","mode":"rail","name":"Irish Rail"}},{"type":"Feature","geometry":{"type":"MultiLineString","coordinates":[[[-6.10878,53.26373],[-6.10892,53.26356]],[[-6.10892,53.26356],[-6.10916,53.26326]],[[-6.10916,53.26326],[-6.10944,53.26296]],[[-6.10944,53.26296],[-6.10991,53.26249]],[[-6.10991,53.26249],[-6.11044,53.26199]],[[-6.11044,53.26199],[-6.11072,53.26173]],[[-6.11072,53.26173],[-6.111,53.26143]],[[-6.111,53.26143],[-6.11128,53.26112]],[[-6.11128,53.26112],[-6.11154,53.2608]],[[-6.11154,53.2608],[-6.11169,53.26059]],[[-6.11169,53.26059],[-6.11193,53.26023]],[[-6.11193,53.26023],[-6.11211,53.25995]],[[-6.11211,53.25995],[-6.11216,53.25984]],[[-6.11216,53.25984],[-6.11221,53.25974]],[[-6.11221,53.25974],[-6.1123,53.25954]],[[-6.1123,53.25954],[-6.11244,53.25921]],[[-6.11244,53.25921],[-6.11255,53.25887]],[[-6.11255,53.25887],[-6.11277,53.25805]],[[-6.11277,53.25805],[-6.11285,53.25757]]]},"properties":{"id":"osm:way/323951834","mode":"rail","name":"Irish Rail"}},{"type":"Feature","geometry":{"type":"MultiLineString","coordinates":[[[-6.09676,53.27056],[-6.09687,53.27042]],[[-6.09687,53.27042],[-6.09694,53.27034]],[[-6.09694,53.27034],[-6.09704,53.27023]],[[-6.09704,53.27023],[-6.09721,53.27008]],[[-6.09721,53.27008],[-6.09741,53.26992]],[[-6.09741,53.26992],[-6.09758,53.26981]],[[-6.09758,53.26981],[-6.09777,53.2697]],[[-6.09777,53.2697],[-6.09797,53.26959]],[[-6.09797,53.26959],[-6.09828,53.26945]],[[-6.09828,53.26945],[-6.09879,53.26924]],[[-6.09879,53.26924],[-6.0994,53.26899]]]},"properties":{"id":"osm:way/323951836","mode":"rail","name":"Irish Rail"}},{"type":"Feature","geometry":{"type":"MultiLineString","coordinates":[[[-6.09644,53.27182],[-6.09637,53.27136]],[[-6.09637,53.27136],[-6.0964,53.27116]],[[-6.0964,53.27116],[-6.09648,53.27098]],[[-6.09648,53.27098],[-6.09657,53.27084]],[[-6.09657,53.27084],[-6.09676,53.27056]]]},"properties":{"id":"osm:way/323951837","mode":"rail","name":"Irish Rail"}},{"type":"Feature","geometry":{"type":"MultiLineString","coordinates":[[[-6.11109,53.27762],[-6.10989,53.27729]],[[-6.10989,53.27729],[-6.10914,53.2771]],[[-6.10914,53.2771],[-6.10824,53.27687]],[[-6.10824,53.27687],[-6.10739,53.27667]],[[-6.10739,53.27667],[-6.10703,53.27658]],[[-6.10703,53.27658],[-6.10618,53.27638]],[[-6.10618,53.27638],[-6.10569,53.27626]],[[-6.10569,53.27626],[-6.10475,53.27602]],[[-6.10475,53.27602],[-6.10465,53.276]],[[-6.10465,53.276],[-6.10319,53.27564]],[[-6.10319,53.27564],[-6.10104,53.27512]]]},"properties":{"id":"osm:way/323954717","mode":"rail","name":"Irish Rail"}},{"type":"Feature","geometry":{"type":"LineString","coordinates":[[-6.11137,53.27771],[-6.11109,53.27762]]},"properties":{"id":"osm:way/323954718","mode":"rail","name":"Irish Rail"}},{"type":"Feature","geometry":{"type":"MultiLineString","coordinates":[[[-6.15398,53.46863],[-6.15348,53.47207]],[[-6.15348,53.47207],[-6.1528,53.47666]]]},"properties":{"id":"osm:way/326195598","mode":"rail","name":"Irish Rail"}},{"type":"Feature","geometry":{"type":"MultiLineString","coordinates":[[[-6.21706,53.28168],[-6.21632,53.28143]],[[-6.21632,53.28143],[-6.21572,53.28124]],[[-6.21572,53.28124],[-6.21516,53.28105]],[[-6.21516,53.28105],[-6.21425,53.28076]]]},"properties":{"id":"osm:way/327146358","mode":"luas","name":"Luas"}},{"type":"Feature","geometry":{"type":"MultiLineString","coordinates":[[[-6.21425,53.28076],[-6.21336,53.28046]],[[-6.21336,53.28046],[-6.21311,53.28038]],[[-6.21311,53.28038],[-6.21286,53.2803]],[[-6.21286,53.2803],[-6.21224,53.28009]],[[-6.21224,53.28009],[-6.21166,53.27989]],[[-6.21166,53.27989],[-6.2114,53.2798]],[[-6.2114,53.2798],[-6.21112,53.27971]],[[-6.21112,53.27971],[-6.21098,53.27967]],[[-6.21098,53.27967],[-6.21086,53.27963]]]},"properties":{"id":"osm:way/327146359","mode":"luas","name":"Luas"}},{"type":"Feature","geometry":{"type":"MultiLineString","coordinates":[[[-6.21866,53.349],[-6.21917,53.34901]],[[-6.21917,53.34901],[-6.21933,53.34903]],[[-6.21933,53.34903],[-6.21946,53.34905]],[[-6.21946,53.34905],[-6.21962,53.34909]],[[-6.21962,53.34909],[-6.21977,53.34914]],[[-6.21977,53.34914],[-6.22001,53.34926]],[[-6.22001,53.34926],[-6.22006,53.3493]],[[-6.22006,53.3493],[-6.22011,53.34934]],[[-6.22011,53.34934],[-6.22018,53.34941]],[[-6.22018,53.34941],[-6.22023,53.34948]],[[-6.22023,53.34948],[-6.22028,53.34956]],[[-6.22028,53.34956],[-6.2203,53.34963]],[[-6.2203,53.34963],[-6.22031,53.34976]],[[-6.22031,53.34976],[-6.22025,53.3503]],[[-6.22025,53.3503],[-6.22026,53.35043]],[[-6.22026,53.35043],[-6.2203,53.35053]],[[-6.2203,53.35053],[-6.22044,53.3507]],[[-6.22044,53.3507],[-6.22053,53.35078]],[[-6.22053,53.35078],[-6.2207,53.35089]],[[-6.2207,53.35089],[-6.22081,53.35094]],[[-6.22081,53.35094],[-6.22091,53.35098]],[[-6.22091,53.35098],[-6.22102,53.35101]],[[-6.22102,53.35101],[-6.22115,53.35103]],[[-6.22115,53.35103],[-6.22121,53.35104]],[[-6.22121,53.35104],[-6.22126,53.35104]],[[-6.22126,53.35104],[-6.22131,53.35105]],[[-6.22131,53.35105],[-6.22136,53.35105]]]},"properties":{"id":"osm:way/327509412","mode":"rail","name":"Irish Rail"}},{"type":"Feature","geometry":{"type":"MultiLineString","coordinates":[[[-6.24941,53.34354],[-6.24968,53.34362]],[[-6.24968,53.34362],[-6.24981,53.34365]]]},"properties":{"id":"osm:way/329440360","mode":"rail","name":"Irish Rail"}},{"type":"Feature","geometry":{"type":"MultiLineString","coordinates":[[[-6.33527,53.33957],[-6.33313,53.33998]],[[-6.33313,53.33998],[-6.33191,53.34022]],[[-6.33191,53.34022],[-6.33076,53.34046]],[[-6.33076,53.34046],[-6.32986,53.34066]],[[-6.32986,53.34066],[-6.32915,53.3408]],[[-6.32915,53.3408],[-6.32858,53.34091]],[[-6.32858,53.34091],[-6.32776,53.34107]]]},"properties":{"id":"osm:way/331390282","mode":"rail","name":"Irish Rail"}},{"type":"Feature","geometry":{"type":"LineString","coordinates":[[-6.16731,53.38414],[-6.16707,53.38423]]},"properties":{"id":"osm:way/334005046","mode":"rail","name":"Irish Rail"}},{"type":"Feature","geometry":{"type":"MultiLineString","coordinates":[[[-6.16067,53.38789],[-6.15802,53.38984]],[[-6.15802,53.38984],[-6.15754,53.39018]]]},"properties":{"id":"osm:way/334005049","mode":"rail","name":"Irish Rail"}},{"type":"Feature","geometry":{"type":"MultiLineString","coordinates":[[[-6.15176,53.39525],[-6.15164,53.39542]],[[-6.15164,53.39542],[-6.15141,53.39575]],[[-6.15141,53.39575],[-6.15124,53.39602]],[[-6.15124,53.39602],[-6.15093,53.39655]],[[-6.15093,53.39655],[-6.15079,53.39681]],[[-6.15079,53.39681],[-6.15062,53.39716]],[[-6.15062,53.39716],[-6.15047,53.39751]],[[-6.15047,53.39751],[-6.15037,53.39776]],[[-6.15037,53.39776],[-6.1503,53.39796]]]},"properties":{"id":"osm:way/334580915","mode":"rail","name":"Irish Rail"}},{"type":"Feature","geometry":{"type":"LineString","coordinates":[[-6.14901,53.40677],[-6.14903,53.40687]]},"properties":{"id":"osm:way/334819738","mode":"rail","name":"Irish Rail"}},{"type":"Feature","geometry":{"type":"MultiLineString","coordinates":[[[-6.2573,53.34742],[-6.2573,53.34739]],[[-6.2573,53.34739],[-6.25729,53.34736]],[[-6.25729,53.34736],[-6.25728,53.34731]],[[-6.25728,53.34731],[-6.25727,53.34723]],[[-6.25727,53.34723],[-6.25725,53.3471]]]},"properties":{"id":"osm:way/337230173","mode":"luas","name":"Luas"}},{"type":"Feature","geometry":{"type":"MultiLineString","coordinates":[[[-6.27745,53.35858],[-6.2774,53.35851]],[[-6.2774,53.35851],[-6.27737,53.35844]],[[-6.27737,53.35844],[-6.27734,53.35838]],[[-6.27734,53.35838],[-6.27732,53.35831]],[[-6.27732,53.35831],[-6.2773,53.35825]],[[-6.2773,53.35825],[-6.27729,53.35815]],[[-6.27729,53.35815],[-6.27728,53.358]],[[-6.27728,53.358],[-6.27729,53.35759]],[[-6.27729,53.35759],[-6.2773,53.3575]],[[-6.2773,53.3575],[-6.27731,53.35711]],[[-6.27731,53.35711],[-6.27732,53.35688]],[[-6.27732,53.35688],[-6.27732,53.35679]],[[-6.27732,53.35679],[-6.27731,53.35664]],[[-6.27731,53.35664],[-6.27728,53.35652]],[[-6.27728,53.35652],[-6.27723,53.3564]],[[-6.27723,53.3564],[-6.27714,53.35626]],[[-6.27714,53.35626],[-6.27708,53.35617]],[[-6.27708,53.35617],[-6.27616,53.35504]],[[-6.27616,53.35504],[-6.276,53.35484]],[[-6.276,53.35484],[-6.27587,53.35468]]]},"properties":{"id":"osm:way/337230176","mode":"luas","name":"Luas"}},{"type":"Feature","geometry":{"type":"MultiLineString","coordinates":[[[-6.26089,53.33966],[-6.26085,53.3397]],[[-6.26085,53.3397],[-6.26082,53.33973]],[[-6.26082,53.33973],[-6.26079,53.33975]],[[-6.26079,53.33975],[-6.26076,53.33976]],[[-6.26076,53.33976],[-6.26074,53.33977]],[[-6.26074,53.33977],[-6.26069,53.33979]],[[-6.26069,53.33979],[-6.26067,53.3398]],[[-6.26067,53.3398],[-6.26064,53.3398]],[[-6.26064,53.3398],[-6.2606,53.33981]],[[-6.2606,53.33981],[-6.26058,53.33982]],[[-6.26058,53.33982],[-6.26056,53.33982]],[[-6.26056,53.33982],[-6.26053,53.33982]],[[-6.26053,53.33982],[-6.2605,53.33982]],[[-6.2605,53.33982],[-6.26047,53.33982]],[[-6.26047,53.33982],[-6.26045,53.33982]],[[-6.26045,53.33982],[-6.26042,53.33982]],[[-6.26042,53.33982],[-6.26038,53.33981]],[[-6.26038,53.33981],[-6.26035,53.33981]],[[-6.26035,53.33981],[-6.26031,53.3398]],[[-6.26031,53.3398],[-6.26019,53.33977]],[[-6.26019,53.33977],[-6.25989,53.33969]]]},"properties":{"id":"osm:way/338040885","mode":"luas","name":"Luas"}},{"type":"Feature","geometry":{"type":"MultiLineString","coordinates":[[[-6.16033,53.2526],[-6.16016,53.25259]],[[-6.16016,53.25259],[-6.15994,53.25258]],[[-6.15994,53.25258],[-6.15974,53.25255]],[[-6.15974,53.25255],[-6.15951,53.25251]],[[-6.15951,53.25251],[-6.15924,53.25244]],[[-6.15924,53.25244],[-6.15901,53.25237]],[[-6.15901,53.25237],[-6.15882,53.25231]],[[-6.15882,53.25231],[-6.15849,53.25216]],[[-6.15849,53.25216],[-6.15826,53.25205]]]},"properties":{"id":"osm:way/338042869","mode":"luas","name":"Luas"}},{"type":"Feature","geometry":{"type":"LineString","coordinates":[[-6.29184,53.34765],[-6.29178,53.34716]]},"properties":{"id":"osm:way/338055463","mode":"luas","name":"Luas"}},{"type":"Feature","geometry":{"type":"MultiLineString","coordinates":[[[-6.27883,53.34716],[-6.2786,53.34717]],[[-6.2786,53.34717],[-6.2785,53.34718]],[[-6.2785,53.34718],[-6.2784,53.34718]],[[-6.2784,53.34718],[-6.27832,53.34718]],[[-6.27832,53.34718],[-6.27825,53.34718]],[[-6.27825,53.34718],[-6.27823,53.34718]],[[-6.27823,53.34718],[-6.27812,53.34717]],[[-6.27812,53.34717],[-6.27805,53.34717]],[[-6.27805,53.34717],[-6.27778,53.34715]],[[-6.27778,53.34715],[-6.27734,53.34713]],[[-6.27734,53.34713],[-6.2773,53.34712]],[[-6.2773,53.34712],[-6.27697,53.34711]],[[-6.27697,53.34711],[-6.27693,53.34711]],[[-6.27693,53.34711],[-6.27689,53.34711]],[[-6.27689,53.34711],[-6.27653,53.34711]],[[-6.27653,53.34711],[-6.276,53.34711]],[[-6.276,53.34711],[-6.27581,53.34711]],[[-6.27581,53.34711],[-6.27548,53.34711]],[[-6.27548,53.34711],[-6.27532,53.34711]],[[-6.27532,53.34711],[-6.27521,53.3471]],[[-6.27521,53.3471],[-6.27517,53.3471]],[[-6.27517,53.3471],[-6.27512,53.34709]],[[-6.27512,53.34709],[-6.27502,53.34708]],[[-6.27502,53.34708],[-6.27485,53.34705]],[[-6.27485,53.34705],[-6.2748,53.34705]],[[-6.2748,53.34705],[-6.27475,53.34704]],[[-6.27475,53.34704],[-6.27419,53.34696]],[[-6.27419,53.34696],[-6.27399,53.34693]],[[-6.27399,53.34693],[-6.27389,53.34692]],[[-6.27389,53.34692],[-6.27383,53.34691]],[[-6.27383,53.34691],[-6.27366,53.3469]],[[-6.27366,53.3469],[-6.27315,53.34685]],[[-6.27315,53.34685],[-6.27304,53.34684]],[[-6.27304,53.34684],[-6.27289,53.34682]],[[-6.27289,53.34682],[-6.27276,53.34681]],[[-6.27276,53.34681],[-6.27261,53.34681]],[[-6.27261,53.34681],[-6.27252,53.34681]],[[-6.27252,53.34681],[-6.27245,53.34682]],[[-6.27245,53.34682],[-6.27156,53.34691]],[[-6.27156,53.34691],[-6.27081,53.347]],[[-6.27081,53.347],[-6.27036,53.34705]],[[-6.27036,53.34705],[-6.27027,53.34706]],[[-6.27027,53.34706],[-6.27001,53.34709]],[[-6.27001,53.34709],[-6.26974,53.34712]],[[-6.26974,53.34712],[-6.26944,53.34717]],[[-6.26944,53.34717],[-6.26867,53.34728]],[[-6.26867,53.34728],[-6.26843,53.34731]],[[-6.26843,53.34731],[-6.26837,53.34732]],[[-6.26837,53.34732],[-6.26828,53.34733]],[[-6.26828,53.34733],[-6.2682,53.34734]],[[-6.2682,53.34734],[-6.26811,53.34735]],[[-6.26811,53.34735],[-6.2678,53.34737]],[[-6.2678,53.34737],[-6.2676,53.34739]],[[-6.2676,53.34739],[-6.26749,53.3474]],[[-6.26749,53.3474],[-6.26695,53.34748]],[[-6.26695,53.34748],[-6.2662,53.34759]],[[-6.2662,53.34759],[-6.26612,53.3476]],[[-6.26612,53.3476],[-6.26585,53.34764]],[[-6.26585,53.34764],[-6.2655,53.34769]],[[-6.2655,53.34769],[-6.26534,53.34771]],[[-6.26534,53.34771],[-6.26492,53.34778]],[[-6.26492,53.34778],[-6.26487,53.34778]],[[-6.26487,53.34778],[-6.26436,53.34786]],[[-6.26436,53.34786],[-6.26421,53.34789]],[[-6.26421,53.34789],[-6.26397,53.34793]],[[-6.26397,53.34793],[-6.26384,53.34794]],[[-6.26384,53.34794],[-6.26376,53.34795]],[[-6.26376,53.34795],[-6.26365,53.34797]],[[-6.26365,53.34797],[-6.26352,53.34798]],[[-6.26352,53.34798],[-6.26337,53.34799]],[[-6.26337,53.34799],[-6.263,53.34804]],[[-6.263,53.34804],[-6.26264,53.34809]],[[-6.26264,53.34809],[-6.26237,53.34812]],[[-6.26237,53.34812],[-6.26222,53.34814]],[[-6.26222,53.34814],[-6.26205,53.34816]],[[-6.26205,53.34816],[-6.26177,53.34819]],[[-6.26177,53.34819],[-6.26159,53.3482]],[[-6.26159,53.3482],[-6.26079,53.34828]],[[-6.26079,53.34828],[-6.26032,53.34833]],[[-6.26032,53.34833],[-6.26007,53.34835]],[[-6.26007,53.34835],[-6.25993,53.34837]],[[-6.25993,53.34837],[-6.25978,53.34838]],[[-6.25978,53.34838],[-6.25972,53.34839]],[[-6.25972,53.34839],[-6.25965,53.3484]],[[-6.25965,53.3484],[-6.25951,53.34841]],[[-6.25951,53.34841],[-6.25942,53.34842]],[[-6.25942,53.34842],[-6.25933,53.34844]],[[-6.25933,53.34844],[-6.25921,53.34845]]]},"properties":{"id":"osm:way/338055464","mode":"luas","name":"Luas"}},{"type":"Feature","geometry":{"type":"MultiLineString","coordinates":[[[-6.26089,53.33966],[-6.26109,53.33941]],[[-6.26109,53.33941],[-6.26117,53.3393]],[[-6.26117,53.3393],[-6.2612,53.33927]],[[-6.2612,53.33927],[-6.26136,53.33907]],[[-6.26136,53.33907],[-6.26149,53.3389]],[[-6.26149,53.3389],[-6.26156,53.33881]],[[-6.26156,53.33881],[-6.26163,53.33872]],[[-6.26163,53.33872],[-6.26196,53.33831]],[[-6.26196,53.33831],[-6.26232,53.33785]],[[-6.26232,53.33785],[-6.26235,53.33782]],[[-6.26235,53.33782],[-6.26237,53.3378]],[[-6.26237,53.3378],[-6.26239,53.33778]],[[-6.26239,53.33778],[-6.26243,53.33774]],[[-6.26243,53.33774],[-6.26246,53.33772]],[[-6.26246,53.33772],[-6.2625,53.33768]],[[-6.2625,53.33768],[-6.26256,53.33764]],[[-6.26256,53.33764],[-6.2626,53.33761]],[[-6.2626,53.33761],[-6.26262,53.33759]],[[-6.26262,53.33759],[-6.26265,53.33757]],[[-6.26265,53.33757],[-6.26267,53.33754]],[[-6.26267,53.33754],[-6.26269,53.33753]],[[-6.26269,53.33753],[-6.2627,53.33751]],[[-6.2627,53.33751],[-6.26273,53.33748]],[[-6.26273,53.33748],[-6.26275,53.33746]],[[-6.26275,53.33746],[-6.26276,53.33744]],[[-6.26276,53.33744],[-6.26277,53.33743]],[[-6.26277,53.33743],[-6.2628,53.33739]],[[-6.2628,53.33739],[-6.26283,53.33736]],[[-6.26283,53.33736],[-6.26286,53.3373]],[[-6.26286,53.3373],[-6.26289,53.33723]],[[-6.26289,53.33723],[-6.26294,53.33714]],[[-6.26294,53.33714],[-6.263,53.33701]],[[-6.263,53.33701],[-6.26306,53.33689]],[[-6.26306,53.33689],[-6.2631,53.33681]],[[-6.2631,53.33681],[-6.26315,53.33671]],[[-6.26315,53.33671],[-6.26317,53.33665]],[[-6.26317,53.33665],[-6.26318,53.33661]],[[-6.26318,53.33661],[-6.26319,53.33657]],[[-6.26319,53.33657],[-6.26323,53.33644]],[[-6.26323,53.33644],[-6.26324,53.33635]],[[-6.26324,53.33635],[-6.26326,53.33626]],[[-6.26326,53.33626],[-6.26327,53.33618]],[[-6.26327,53.33618],[-6.2633,53.33604]],[[-6.2633,53.33604],[-6.26331,53.33597]],[[-6.26331,53.33597],[-6.26331,53.3359]],[[-6.26331,53.3359],[-6.26332,53.33584]],[[-6.26332,53.33584],[-6.26332,53.33575]],[[-6.26332,53.33575],[-6.26331,53.33569]],[[-6.26331,53.33569],[-6.26331,53.33559]],[[-6.26331,53.33559],[-6.26329,53.33547]],[[-6.26329,53.33547],[-6.26328,53.33544]],[[-6.26328,53.33544],[-6.26326,53.3353]],[[-6.26326,53.3353],[-6.26325,53.33517]],[[-6.26325,53.33517],[-6.26321,53.33493]],[[-6.26321,53.33493],[-6.26319,53.3348]],[[-6.26319,53.3348],[-6.26316,53.33467]],[[-6.26316,53.33467],[-6.26314,53.33461]],[[-6.26314,53.33461],[-6.2631,53.33446]],[[-6.2631,53.33446],[-6.26305,53.33434]],[[-6.26305,53.33434],[-6.26298,53.33418]],[[-6.26298,53.33418],[-6.26294,53.33409]],[[-6.26294,53.33409],[-6.26287,53.33385]],[[-6.26287,53.33385],[-6.26284,53.33377]],[[-6.26284,53.33377],[-6.26275,53.33353]],[[-6.26275,53.33353],[-6.26268,53.33336]],[[-6.26268,53.33336],[-6.2626,53.33315]],[[-6.2626,53.33315],[-6.26256,53.33308]],[[-6.26256,53.33308],[-6.26253,53.33301]],[[-6.26253,53.33301],[-6.26251,53.33298]],[[-6.26251,53.33298],[-6.26248,53.33294]],[[-6.26248,53.33294],[-6.26245,53.33292]],[[-6.26245,53.33292],[-6.26242,53.33289]],[[-6.26242,53.33289],[-6.26237,53.33286]],[[-6.26237,53.33286],[-6.26233,53.33284]],[[-6.26233,53.33284],[-6.26226,53.33282]],[[-6.26226,53.33282],[-6.26222,53.3328]],[[-6.26222,53.3328],[-6.26218,53.3328]],[[-6.26218,53.3328],[-6.26211,53.33279]],[[-6.26211,53.33279],[-6.26203,53.33278]],[[-6.26203,53.33278],[-6.26188,53.33278]],[[-6.26188,53.33278],[-6.2618,53.33279]],[[-6.2618,53.33279],[-6.26141,53.3328]],[[-6.26141,53.3328],[-6.26122,53.3328]],[[-6.26122,53.3328],[-6.26107,53.3328]],[[-6.26107,53.3328],[-6.26098,53.33281]],[[-6.26098,53.33281],[-6.2609,53.33281]],[[-6.2609,53.33281],[-6.26083,53.3328]],[[-6.26083,53.3328],[-6.26078,53.3328]],[[-6.26078,53.3328],[-6.26072,53.33278]],[[-6.26072,53.33278],[-6.26064,53.33276]],[[-6.26064,53.33276],[-6.26061,53.33275]],[[-6.26061,53.33275],[-6.26058,53.33273]],[[-6.26058,53.33273],[-6.26055,53.3327]],[[-6.26055,53.3327],[-6.26052,53.33268]],[[-6.26052,53.33268],[-6.2605,53.33265]],[[-6.2605,53.33265],[-6.26049,53.33263]],[[-6.26049,53.33263],[-6.26048,53.33261]],[[-6.26048,53.33261],[-6.26046,53.33256]],[[-6.26046,53.33256],[-6.26044,53.3325]],[[-6.26044,53.3325],[-6.26043,53.33247]],[[-6.26043,53.33247],[-6.26041,53.33236]],[[-6.26041,53.33236],[-6.2604,53.33232]],[[-6.2604,53.33232],[-6.26039,53.33229]],[[-6.26039,53.33229],[-6.26037,53.33224]],[[-6.26037,53.33224],[-6.26036,53.33222]],[[-6.26036,53.33222],[-6.26035,53.3322]],[[-6.26035,53.3322],[-6.26032,53.33216]],[[-6.26032,53.33216],[-6.26031,53.33214]],[[-6.26031,53.33214],[-6.26027,53.33209]],[[-6.26027,53.33209],[-6.26022,53.33204]],[[-6.26022,53.33204],[-6.26017,53.332]],[[-6.26017,53.332],[-6.2601,53.33195]],[[-6.2601,53.33195],[-6.26005,53.33192]],[[-6.26005,53.33192],[-6.25999,53.33189]],[[-6.25999,53.33189],[-6.25993,53.33186]],[[-6.25993,53.33186],[-6.25986,53.33184]],[[-6.25986,53.33184],[-6.25977,53.33181]],[[-6.25977,53.33181],[-6.25967,53.33178]],[[-6.25967,53.33178],[-6.25955,53.33176]],[[-6.25955,53.33176],[-6.25949,53.33174]],[[-6.25949,53.33174],[-6.25944,53.33172]]]},"properties":{"id":"osm:way/338061801","mode":"luas","name":"Luas"}},{"type":"Feature","geometry":{"type":"MultiLineString","coordinates":[[[-6.25944,53.33172],[-6.25939,53.33171]],[[-6.25939,53.33171],[-6.25937,53.3317]],[[-6.25937,53.3317],[-6.25933,53.33168]],[[-6.25933,53.33168],[-6.25929,53.33166]],[[-6.25929,53.33166],[-6.25926,53.33164]],[[-6.25926,53.33164],[-6.25922,53.33162]],[[-6.25922,53.33162],[-6.25919,53.33159]],[[-6.25919,53.33159],[-6.25915,53.33156]],[[-6.25915,53.33156],[-6.25913,53.33153]],[[-6.25913,53.33153],[-6.2591,53.3315]],[[-6.2591,53.3315],[-6.25908,53.33147]],[[-6.25908,53.33147],[-6.25906,53.33142]],[[-6.25906,53.33142],[-6.25903,53.33135]],[[-6.25903,53.33135],[-6.259,53.33127]]]},"properties":{"id":"osm:way/338075321","mode":"luas","name":"Luas"}},{"type":"Feature","geometry":{"type":"MultiLineString","coordinates":[[[-6.25852,53.33046],[-6.25855,53.33049]],[[-6.25855,53.33049],[-6.25859,53.33054]],[[-6.25859,53.33054],[-6.25866,53.33063]],[[-6.25866,53.33063],[-6.25871,53.3307]],[[-6.25871,53.3307],[-6.25882,53.33087]],[[-6.25882,53.33087],[-6.25886,53.33094]],[[-6.25886,53.33094],[-6.2589,53.33102]],[[-6.2589,53.33102],[-6.25892,53.33106]],[[-6.25892,53.33106],[-6.259,53.33127]]]},"properties":{"id":"osm:way/338108671","mode":"luas","name":"Luas"}},{"type":"Feature","geometry":{"type":"MultiLineString","coordinates":[[[-6.25613,53.32608],[-6.25616,53.32621]],[[-6.25616,53.32621],[-6.25618,53.32628]],[[-6.25618,53.32628],[-6.25629,53.32668]]]},"properties":{"id":"osm:way/338108672","mode":"luas","name":"Luas"}},{"type":"Feature","geometry":{"type":"MultiLineString","coordinates":[[[-6.2558,53.32494],[-6.25585,53.32513]],[[-6.25585,53.32513],[-6.25592,53.32535]],[[-6.25592,53.32535],[-6.256,53.32565]],[[-6.256,53.32565],[-6.25608,53.32591]],[[-6.25608,53.32591],[-6.25613,53.32608]]]},"properties":{"id":"osm:way/338108676","mode":"luas","name":"Luas"}},{"type":"Feature","geometry":{"type":"LineString","coordinates":[[-6.25577,53.3248],[-6.2558,53.32494]]},"properties":{"id":"osm:way/338108677","mode":"luas","name":"Luas"}},{"type":"Feature","geometry":{"type":"MultiLineString","coordinates":[[[-6.25159,53.30874],[-6.25163,53.30908]],[[-6.25163,53.30908],[-6.25171,53.30962]],[[-6.25171,53.30962],[-6.25172,53.30968]]]},"properties":{"id":"osm:way/338108678","mode":"luas","name":"Luas"}},{"type":"Feature","geometry":{"type":"MultiLineString","coordinates":[[[-6.25146,53.30762],[-6.2515,53.30793]],[[-6.2515,53.30793],[-6.25154,53.30833]],[[-6.25154,53.30833],[-6.25159,53.30874]]]},"properties":{"id":"osm:way/338109999","mode":"luas","name":"Luas"}},{"type":"Feature","geometry":{"type":"MultiLineString","coordinates":[[[-6.25146,53.30762],[-6.25144,53.30742]],[[-6.25144,53.30742],[-6.25139,53.30703]],[[-6.25139,53.30703],[-6.25137,53.3069]]]},"properties":{"id":"osm:way/338110000","mode":"luas","name":"Luas"}},{"type":"Feature","geometry":{"type":"MultiLineString","coordinates":[[[-6.24537,53.29255],[-6.24543,53.2926]],[[-6.24543,53.2926],[-6.24673,53.29365]],[[-6.24673,53.29365],[-6.24708,53.29395]]]},"properties":{"id":"osm:way/338110001","mode":"luas","name":"Luas"}},{"type":"Feature","geometry":{"type":"MultiLineString","coordinates":[[[-6.23767,53.28672],[-6.23791,53.2869]],[[-6.23791,53.2869],[-6.23814,53.28707]],[[-6.23814,53.28707],[-6.23873,53.28752]],[[-6.23873,53.28752],[-6.23921,53.28788]],[[-6.23921,53.28788],[-6.23941,53.28805]],[[-6.23941,53.28805],[-6.23961,53.2882]],[[-6.23961,53.2882],[-6.24002,53.28851]],[[-6.24002,53.28851],[-6.24025,53.28868]],[[-6.24025,53.28868],[-6.24059,53.28894]],[[-6.24059,53.28894],[-6.24088,53.28916]],[[-6.24088,53.28916],[-6.24119,53.28939]],[[-6.24119,53.28939],[-6.24141,53.28956]],[[-6.24141,53.28956],[-6.24165,53.28974]],[[-6.24165,53.28974],[-6.24193,53.28995]],[[-6.24193,53.28995],[-6.24226,53.29021]],[[-6.24226,53.29021],[-6.24252,53.29041]],[[-6.24252,53.29041],[-6.24265,53.29051]],[[-6.24265,53.29051],[-6.24288,53.2907]]]},"properties":{"id":"osm:way/338111923","mode":"luas","name":"Luas"}},{"type":"Feature","geometry":{"type":"MultiLineString","coordinates":[[[-6.23687,53.28615],[-6.23716,53.28634]],[[-6.23716,53.28634],[-6.2374,53.28651]],[[-6.2374,53.28651],[-6.23767,53.28672]]]},"properties":{"id":"osm:way/338111924","mode":"luas","name":"Luas"}},{"type":"Feature","geometry":{"type":"MultiLineString","coordinates":[[[-6.23649,53.2859],[-6.23656,53.28595]],[[-6.23656,53.28595],[-6.23659,53.28597]],[[-6.23659,53.28597],[-6.23673,53.28605]],[[-6.23673,53.28605],[-6.23687,53.28615]]]},"properties":{"id":"osm:way/338111925","mode":"luas","name":"Luas"}},{"type":"Feature","geometry":{"type":"MultiLineString","coordinates":[[[-6.23587,53.28557],[-6.23616,53.28571]],[[-6.23616,53.28571],[-6.23623,53.28576]],[[-6.23623,53.28576],[-6.23631,53.2858]],[[-6.23631,53.2858],[-6.23649,53.2859]]]},"properties":{"id":"osm:way/338111926","mode":"luas","name":"Luas"}},{"type":"Feature","geometry":{"type":"MultiLineString","coordinates":[[[-6.20593,53.27802],[-6.20605,53.27806]],[[-6.20605,53.27806],[-6.20697,53.27836]],[[-6.20697,53.27836],[-6.20727,53.27846]],[[-6.20727,53.27846],[-6.20755,53.27855]],[[-6.20755,53.27855],[-6.20813,53.27874]],[[-6.20813,53.27874],[-6.20871,53.27893]],[[-6.20871,53.27893],[-6.20959,53.2792]],[[-6.20959,53.2792],[-6.21019,53.27939]],[[-6.21019,53.27939],[-6.21065,53.27953]],[[-6.21065,53.27953],[-6.21076,53.27957]],[[-6.21076,53.27957],[-6.21088,53.2796]],[[-6.21088,53.2796],[-6.211,53.27964]],[[-6.211,53.27964],[-6.21133,53.27975]],[[-6.21133,53.27975],[-6.21161,53.27984]],[[-6.21161,53.27984],[-6.2122,53.28004]],[[-6.2122,53.28004],[-6.21266,53.28019]],[[-6.21266,53.28019],[-6.2133,53.28041]],[[-6.2133,53.28041],[-6.21397,53.28063]],[[-6.21397,53.28063],[-6.21428,53.28073]]]},"properties":{"id":"osm:way/338111927","mode":"luas","name":"Luas"}},{"type":"Feature","geometry":{"type":"MultiLineString","coordinates":[[[-6.20098,53.27214],[-6.20088,53.27224]],[[-6.20088,53.27224],[-6.20082,53.27229]],[[-6.20082,53.27229],[-6.20079,53.27233]],[[-6.20079,53.27233],[-6.20074,53.27239]],[[-6.20074,53.27239],[-6.20072,53.27242]],[[-6.20072,53.27242],[-6.20071,53.27246]],[[-6.20071,53.27246],[-6.20069,53.2725]],[[-6.20069,53.2725],[-6.20069,53.27253]],[[-6.20069,53.27253],[-6.20069,53.27257]],[[-6.20069,53.27257],[-6.20069,53.2726]],[[-6.20069,53.2726],[-6.20069,53.27262]],[[-6.20069,53.27262],[-6.20071,53.27266]],[[-6.20071,53.27266],[-6.20072,53.27269]],[[-6.20072,53.27269],[-6.20075,53.27274]],[[-6.20075,53.27274],[-6.20078,53.27277]],[[-6.20078,53.27277],[-6.2008,53.2728]],[[-6.2008,53.2728],[-6.20083,53.27283]],[[-6.20083,53.27283],[-6.20088,53.27286]],[[-6.20088,53.27286],[-6.20093,53.27289]],[[-6.20093,53.27289],[-6.20098,53.27292]],[[-6.20098,53.27292],[-6.20101,53.27293]],[[-6.20101,53.27293],[-6.20108,53.27295]],[[-6.20108,53.27295],[-6.20113,53.27297]],[[-6.20113,53.27297],[-6.20124,53.273]],[[-6.20124,53.273],[-6.20154,53.27307]],[[-6.20154,53.27307],[-6.20198,53.27317]],[[-6.20198,53.27317],[-6.20225,53.27324]]]},"properties":{"id":"osm:way/338112637","mode":"luas","name":"Luas"}},{"type":"Feature","geometry":{"type":"MultiLineString","coordinates":[[[-6.20492,53.26927],[-6.20485,53.26935]],[[-6.20485,53.26935],[-6.20478,53.26944]],[[-6.20478,53.26944],[-6.2047,53.26952]],[[-6.2047,53.26952],[-6.20463,53.26959]],[[-6.20463,53.26959],[-6.20458,53.26963]],[[-6.20458,53.26963],[-6.20449,53.2697]],[[-6.20449,53.2697],[-6.20439,53.26978]],[[-6.20439,53.26978],[-6.20428,53.26985]],[[-6.20428,53.26985],[-6.2042,53.2699]],[[-6.2042,53.2699],[-6.20415,53.26994]],[[-6.20415,53.26994],[-6.20387,53.27012]],[[-6.20387,53.27012],[-6.20347,53.27038]],[[-6.20347,53.27038],[-6.20328,53.27049]],[[-6.20328,53.27049],[-6.20302,53.27066]],[[-6.20302,53.27066],[-6.20274,53.27084]],[[-6.20274,53.27084],[-6.20243,53.27104]],[[-6.20243,53.27104],[-6.20178,53.27146]],[[-6.20178,53.27146],[-6.2016,53.27159]],[[-6.2016,53.27159],[-6.20157,53.27162]],[[-6.20157,53.27162],[-6.20144,53.2717]],[[-6.20144,53.2717],[-6.20135,53.27179]],[[-6.20135,53.27179],[-6.20116,53.27196]],[[-6.20116,53.27196],[-6.20098,53.27214]]]},"properties":{"id":"osm:way/338118765","mode":"luas","name":"Luas"}},{"type":"Feature","geometry":{"type":"MultiLineString","coordinates":[[[-6.20794,53.26792],[-6.20778,53.26796]],[[-6.20778,53.26796],[-6.20762,53.268]],[[-6.20762,53.268],[-6.20746,53.26803]],[[-6.20746,53.26803],[-6.20726,53.26807]],[[-6.20726,53.26807],[-6.2071,53.2681]],[[-6.2071,53.2681],[-6.20695,53.26813]],[[-6.20695,53.26813],[-6.2068,53.26816]],[[-6.2068,53.26816],[-6.2066,53.26821]],[[-6.2066,53.26821],[-6.20645,53.26825]],[[-6.20645,53.26825],[-6.20632,53.26829]],[[-6.20632,53.26829],[-6.20618,53.26834]],[[-6.20618,53.26834],[-6.20605,53.26839]],[[-6.20605,53.26839],[-6.20595,53.26844]],[[-6.20595,53.26844],[-6.20583,53.2685]],[[-6.20583,53.2685],[-6.2057,53.26857]],[[-6.2057,53.26857],[-6.2056,53.26863]],[[-6.2056,53.26863],[-6.20551,53.26869]],[[-6.20551,53.26869],[-6.20541,53.26876]],[[-6.20541,53.26876],[-6.20536,53.2688]],[[-6.20536,53.2688],[-6.20531,53.26884]],[[-6.20531,53.26884],[-6.20523,53.26891]],[[-6.20523,53.26891],[-6.20516,53.26898]],[[-6.20516,53.26898],[-6.20511,53.26905]],[[-6.20511,53.26905],[-6.20502,53.26915]],[[-6.20502,53.26915],[-6.20492,53.26927]]]},"properties":{"id":"osm:way/338118766","mode":"luas","name":"Luas"}},{"type":"Feature","geometry":{"type":"MultiLineString","coordinates":[[[-6.18162,53.25479],[-6.18173,53.25477]],[[-6.18173,53.25477],[-6.18181,53.25476]],[[-6.18181,53.25476],[-6.1819,53.25475]],[[-6.1819,53.25475],[-6.18205,53.25473]],[[-6.18205,53.25473],[-6.18216,53.25472]],[[-6.18216,53.25472],[-6.18228,53.25472]],[[-6.18228,53.25472],[-6.18239,53.25471]],[[-6.18239,53.25471],[-6.18247,53.25471]],[[-6.18247,53.25471],[-6.18254,53.25471]],[[-6.18254,53.25471],[-6.18283,53.25472]],[[-6.18283,53.25472],[-6.18295,53.25473]],[[-6.18295,53.25473],[-6.18307,53.25474]],[[-6.18307,53.25474],[-6.18318,53.25475]],[[-6.18318,53.25475],[-6.1833,53.25477]],[[-6.1833,53.25477],[-6.18341,53.25478]],[[-6.18341,53.25478],[-6.18354,53.25481]],[[-6.18354,53.25481],[-6.18366,53.25483]],[[-6.18366,53.25483],[-6.18395,53.2549]],[[-6.18395,53.2549],[-6.1841,53.25493]],[[-6.1841,53.25493],[-6.18444,53.25501]],[[-6.18444,53.25501],[-6.18503,53.25515]],[[-6.18503,53.25515],[-6.18519,53.25519]],[[-6.18519,53.25519],[-6.18534,53.25523]],[[-6.18534,53.25523],[-6.18565,53.2553]],[[-6.18565,53.2553],[-6.18598,53.25538]],[[-6.18598,53.25538],[-6.18684,53.25558]],[[-6.18684,53.25558],[-6.18738,53.25571]],[[-6.18738,53.25571],[-6.18788,53.25583]],[[-6.18788,53.25583],[-6.18885,53.25603]],[[-6.18885,53.25603],[-6.18938,53.25615]],[[-6.18938,53.25615],[-6.18978,53.25624]],[[-6.18978,53.25624],[-6.18991,53.25626]],[[-6.18991,53.25626],[-6.19067,53.25643]],[[-6.19067,53.25643],[-6.19142,53.25659]],[[-6.19142,53.25659],[-6.19219,53.25676]],[[-6.19219,53.25676],[-6.19276,53.25689]],[[-6.19276,53.25689],[-6.19354,53.25705]],[[-6.19354,53.25705],[-6.19385,53.25712]],[[-6.19385,53.25712],[-6.19438,53.25724]],[[-6.19438,53.25724],[-6.19491,53.25735]],[[-6.19491,53.25735],[-6.19544,53.25747]],[[-6.19544,53.25747],[-6.1959,53.25757]],[[-6.1959,53.25757],[-6.1963,53.25767]],[[-6.1963,53.25767],[-6.19677,53.25779]],[[-6.19677,53.25779],[-6.19691,53.25783]],[[-6.19691,53.25783],[-6.19716,53.2579]],[[-6.19716,53.2579],[-6.19731,53.25794]],[[-6.19731,53.25794],[-6.19796,53.25813]],[[-6.19796,53.25813],[-6.1984,53.25826]],[[-6.1984,53.25826],[-6.19887,53.2584]],[[-6.19887,53.2584],[-6.19908,53.25846]],[[-6.19908,53.25846],[-6.19924,53.25852]],[[-6.19924,53.25852],[-6.19962,53.25865]],[[-6.19962,53.25865],[-6.20013,53.25885]],[[-6.20013,53.25885],[-6.20069,53.25908]],[[-6.20069,53.25908],[-6.20116,53.25926]],[[-6.20116,53.25926],[-6.20159,53.25943]],[[-6.20159,53.25943],[-6.20195,53.25957]],[[-6.20195,53.25957],[-6.2024,53.25971]],[[-6.2024,53.25971],[-6.2028,53.25984]],[[-6.2028,53.25984],[-6.20326,53.26]],[[-6.20326,53.26],[-6.20362,53.26014]],[[-6.20362,53.26014],[-6.20388,53.26025]],[[-6.20388,53.26025],[-6.20413,53.26036]],[[-6.20413,53.26036],[-6.20436,53.26047]],[[-6.20436,53.26047],[-6.20468,53.26063]],[[-6.20468,53.26063],[-6.20487,53.26071]],[[-6.20487,53.26071],[-6.20506,53.26079]],[[-6.20506,53.26079],[-6.20526,53.26087]],[[-6.20526,53.26087],[-6.20539,53.26092]],[[-6.20539,53.26092],[-6.20553,53.26097]],[[-6.20553,53.26097],[-6.20595,53.26112]],[[-6.20595,53.26112],[-6.20645,53.2613]],[[-6.20645,53.2613],[-6.20692,53.26147]],[[-6.20692,53.26147],[-6.20734,53.26162]],[[-6.20734,53.26162],[-6.20775,53.26176]],[[-6.20775,53.26176],[-6.20819,53.26191]],[[-6.20819,53.26191],[-6.20863,53.26207]],[[-6.20863,53.26207],[-6.20901,53.2622]],[[-6.20901,53.2622],[-6.20933,53.26231]],[[-6.20933,53.26231],[-6.20958,53.2624]],[[-6.20958,53.2624],[-6.20976,53.26247]],[[-6.20976,53.26247],[-6.2099,53.26254]],[[-6.2099,53.26254],[-6.21004,53.26261]],[[-6.21004,53.26261],[-6.21016,53.26268]],[[-6.21016,53.26268],[-6.2103,53.26278]],[[-6.2103,53.26278],[-6.21041,53.26286]],[[-6.21041,53.26286],[-6.21053,53.26298]],[[-6.21053,53.26298],[-6.21058,53.26303]],[[-6.21058,53.26303],[-6.21063,53.26308]],[[-6.21063,53.26308],[-6.21068,53.26315]],[[-6.21068,53.26315],[-6.21077,53.26327]],[[-6.21077,53.26327],[-6.21082,53.26336]],[[-6.21082,53.26336],[-6.21086,53.26344]],[[-6.21086,53.26344],[-6.2109,53.26355]],[[-6.2109,53.26355],[-6.21092,53.26364]],[[-6.21092,53.26364],[-6.21094,53.26372]],[[-6.21094,53.26372],[-6.21095,53.2638]],[[-6.21095,53.2638],[-6.21095,53.26389]],[[-6.21095,53.26389],[-6.21094,53.264]],[[-6.21094,53.264],[-6.21093,53.26413]],[[-6.21093,53.26413],[-6.21091,53.26429]],[[-6.21091,53.26429],[-6.21088,53.26446]],[[-6.21088,53.26446],[-6.21083,53.26481]],[[-6.21083,53.26481],[-6.21082,53.26488]],[[-6.21082,53.26488],[-6.21079,53.26508]],[[-6.21079,53.26508],[-6.21077,53.26521]],[[-6.21077,53.26521],[-6.21073,53.26533]],[[-6.21073,53.26533],[-6.2107,53.26543]],[[-6.2107,53.26543],[-6.21066,53.26551]],[[-6.21066,53.26551],[-6.2106,53.2656]],[[-6.2106,53.2656],[-6.21051,53.26572]],[[-6.21051,53.26572],[-6.21038,53.26587]],[[-6.21038,53.26587],[-6.21025,53.26604]],[[-6.21025,53.26604],[-6.21022,53.26607]],[[-6.21022,53.26607],[-6.21004,53.26629]],[[-6.21004,53.26629],[-6.20983,53.26655]],[[-6.20983,53.26655],[-6.20976,53.26663]],[[-6.20976,53.26663],[-6.2097,53.2667]],[[-6.2097,53.2667],[-6.20954,53.26689]],[[-6.20954,53.26689],[-6.20947,53.26698]],[[-6.20947,53.26698],[-6.2094,53.26706]],[[-6.2094,53.26706],[-6.20932,53.26715]],[[-6.20932,53.26715],[-6.20926,53.26722]],[[-6.20926,53.26722],[-6.20918,53.26729]],[[-6.20918,53.26729],[-6.20908,53.26737]],[[-6.20908,53.26737],[-6.209,53.26744]],[[-6.209,53.26744],[-6.20894,53.26748]],[[-6.20894,53.26748],[-6.20885,53.26754]],[[-6.20885,53.26754],[-6.20877,53.26758]],[[-6.20877,53.26758],[-6.20866,53.26764]],[[-6.20866,53.26764],[-6.20855,53.2677]],[[-6.20855,53.2677],[-6.20841,53.26776]],[[-6.20841,53.26776],[-6.20827,53.26782]],[[-6.20827,53.26782],[-6.20818,53.26785]],[[-6.20818,53.26785],[-6.20806,53.26789]],[[-6.20806,53.26789],[-6.20794,53.26792]]]},"properties":{"id":"osm:way/338118767","mode":"luas","name":"Luas"}},{"type":"Feature","geometry":{"type":"MultiLineString","coordinates":[[[-6.17926,53.25564],[-6.17934,53.25561]],[[-6.17934,53.25561],[-6.17945,53.25558]],[[-6.17945,53.25558],[-6.17958,53.25552]],[[-6.17958,53.25552],[-6.17969,53.25548]],[[-6.17969,53.25548],[-6.17986,53.2554]],[[-6.17986,53.2554],[-6.18004,53.25532]],[[-6.18004,53.25532],[-6.1803,53.25521]],[[-6.1803,53.25521],[-6.18048,53.25513]],[[-6.18048,53.25513],[-6.18057,53.25509]],[[-6.18057,53.25509],[-6.18068,53.25505]],[[-6.18068,53.25505],[-6.18079,53.255]],[[-6.18079,53.255],[-6.18091,53.25496]],[[-6.18091,53.25496],[-6.18098,53.25494]],[[-6.18098,53.25494],[-6.18105,53.25492]],[[-6.18105,53.25492],[-6.18111,53.2549]],[[-6.18111,53.2549],[-6.18118,53.25488]],[[-6.18118,53.25488],[-6.18132,53.25485]],[[-6.18132,53.25485],[-6.18142,53.25483]],[[-6.18142,53.25483],[-6.1815,53.25481]],[[-6.1815,53.25481],[-6.18162,53.25479]]]},"properties":{"id":"osm:way/338118768","mode":"luas","name":"Luas"}},{"type":"Feature","geometry":{"type":"MultiLineString","coordinates":[[[-6.16034,53.25257],[-6.16049,53.25258]],[[-6.16049,53.25258],[-6.16078,53.25259]],[[-6.16078,53.25259],[-6.16115,53.2526]],[[-6.16115,53.2526],[-6.16165,53.25261]],[[-6.16165,53.25261],[-6.1621,53.25263]],[[-6.1621,53.25263],[-6.16213,53.25263]],[[-6.16213,53.25263],[-6.16244,53.25264]],[[-6.16244,53.25264],[-6.16267,53.25265]],[[-6.16267,53.25265],[-6.1632,53.25268]]]},"properties":{"id":"osm:way/338118769","mode":"luas","name":"Luas"}},{"type":"Feature","geometry":{"type":"MultiLineString","coordinates":[[[-6.1583,53.25203],[-6.15847,53.25211]],[[-6.15847,53.25211],[-6.15857,53.25215]],[[-6.15857,53.25215],[-6.1587,53.25221]],[[-6.1587,53.25221],[-6.15885,53.25228]],[[-6.15885,53.25228],[-6.15905,53.25235]],[[-6.15905,53.25235],[-6.15921,53.2524]],[[-6.15921,53.2524],[-6.15935,53.25244]],[[-6.15935,53.25244],[-6.15952,53.25248]],[[-6.15952,53.25248],[-6.15975,53.25252]],[[-6.15975,53.25252],[-6.15986,53.25254]],[[-6.15986,53.25254],[-6.15999,53.25255]],[[-6.15999,53.25255],[-6.16012,53.25256]],[[-6.16012,53.25256],[-6.16034,53.25257]]]},"properties":{"id":"osm:way/338118770","mode":"luas","name":"Luas"}},{"type":"Feature","geometry":{"type":"MultiLineString","coordinates":[[[-6.14267,53.24159],[-6.14272,53.24168]],[[-6.14272,53.24168],[-6.14278,53.2418]],[[-6.14278,53.2418],[-6.14279,53.24183]],[[-6.14279,53.24183],[-6.1429,53.24205]],[[-6.1429,53.24205],[-6.14307,53.24242]],[[-6.14307,53.24242],[-6.1431,53.24249]],[[-6.1431,53.24249],[-6.14319,53.24268]],[[-6.14319,53.24268],[-6.1433,53.24292]],[[-6.1433,53.24292],[-6.14336,53.24302]],[[-6.14336,53.24302],[-6.14347,53.24321]],[[-6.14347,53.24321],[-6.14358,53.24338]],[[-6.14358,53.24338],[-6.14366,53.2435]]]},"properties":{"id":"osm:way/338118771","mode":"luas","name":"Luas"}},{"type":"Feature","geometry":{"type":"MultiLineString","coordinates":[[[-6.14622,53.24552],[-6.14625,53.24554]],[[-6.14625,53.24554],[-6.14636,53.2456]],[[-6.14636,53.2456],[-6.1465,53.24568]],[[-6.1465,53.24568],[-6.14659,53.24573]],[[-6.14659,53.24573],[-6.14679,53.24585]],[[-6.14679,53.24585],[-6.14702,53.24597]],[[-6.14702,53.24597],[-6.14723,53.2461]],[[-6.14723,53.2461],[-6.14737,53.24618]],[[-6.14737,53.24618],[-6.14746,53.24624]],[[-6.14746,53.24624],[-6.14752,53.24629]],[[-6.14752,53.24629],[-6.14755,53.24631]],[[-6.14755,53.24631],[-6.14762,53.24636]],[[-6.14762,53.24636],[-6.14766,53.24641]],[[-6.14766,53.24641],[-6.14768,53.24643]],[[-6.14768,53.24643],[-6.14773,53.24646]],[[-6.14773,53.24646],[-6.14776,53.24649]],[[-6.14776,53.24649],[-6.14779,53.24653]],[[-6.14779,53.24653],[-6.14783,53.24658]],[[-6.14783,53.24658],[-6.14788,53.24663]],[[-6.14788,53.24663],[-6.14791,53.24668]],[[-6.14791,53.24668],[-6.14794,53.24672]],[[-6.14794,53.24672],[-6.14797,53.24675]],[[-6.14797,53.24675],[-6.14801,53.24683]],[[-6.14801,53.24683],[-6.14803,53.24688]],[[-6.14803,53.24688],[-6.14806,53.24693]],[[-6.14806,53.24693],[-6.14808,53.247]],[[-6.14808,53.247],[-6.14811,53.24707]],[[-6.14811,53.24707],[-6.14815,53.24718]],[[-6.14815,53.24718],[-6.14818,53.24727]],[[-6.14818,53.24727],[-6.14821,53.24734]],[[-6.14821,53.24734],[-6.14823,53.2474]],[[-6.14823,53.2474],[-6.14826,53.24746]],[[-6.14826,53.24746],[-6.14829,53.24752]],[[-6.14829,53.24752],[-6.14831,53.24758]],[[-6.14831,53.24758],[-6.14834,53.24763]],[[-6.14834,53.24763],[-6.14838,53.24768]],[[-6.14838,53.24768],[-6.14842,53.24774]],[[-6.14842,53.24774],[-6.14846,53.24778]],[[-6.14846,53.24778],[-6.14849,53.24782]],[[-6.14849,53.24782],[-6.14855,53.24789]],[[-6.14855,53.24789],[-6.14859,53.24793]],[[-6.14859,53.24793],[-6.14864,53.24797]],[[-6.14864,53.24797],[-6.14868,53.24801]],[[-6.14868,53.24801],[-6.14876,53.24807]],[[-6.14876,53.24807],[-6.14884,53.24813]],[[-6.14884,53.24813],[-6.14892,53.24818]],[[-6.14892,53.24818],[-6.14898,53.24822]],[[-6.14898,53.24822],[-6.14904,53.24826]],[[-6.14904,53.24826],[-6.14911,53.2483]],[[-6.14911,53.2483],[-6.14916,53.24833]],[[-6.14916,53.24833],[-6.14924,53.24836]],[[-6.14924,53.24836],[-6.1493,53.24839]],[[-6.1493,53.24839],[-6.14938,53.24843]],[[-6.14938,53.24843],[-6.14957,53.2485]],[[-6.14957,53.2485],[-6.14974,53.24857]],[[-6.14974,53.24857],[-6.1501,53.24871]],[[-6.1501,53.24871],[-6.15025,53.24877]],[[-6.15025,53.24877],[-6.15052,53.24887]],[[-6.15052,53.24887],[-6.15085,53.249]],[[-6.15085,53.249],[-6.15116,53.24912]],[[-6.15116,53.24912],[-6.15153,53.24926]],[[-6.15153,53.24926],[-6.15199,53.24943]],[[-6.15199,53.24943],[-6.15239,53.24959]],[[-6.15239,53.24959],[-6.1529,53.24979]],[[-6.1529,53.24979],[-6.15332,53.24994]],[[-6.15332,53.24994],[-6.15369,53.25008]],[[-6.15369,53.25008],[-6.15388,53.25016]],[[-6.15388,53.25016],[-6.15396,53.25019]],[[-6.15396,53.25019],[-6.15409,53.25024]],[[-6.15409,53.25024],[-6.15459,53.25043]],[[-6.15459,53.25043],[-6.15502,53.2506]],[[-6.15502,53.2506],[-6.15544,53.25076]],[[-6.15544,53.25076],[-6.15581,53.2509]],[[-6.15581,53.2509],[-6.15599,53.25097]],[[-6.15599,53.25097],[-6.15622,53.25105]],[[-6.15622,53.25105],[-6.15632,53.25109]],[[-6.15632,53.25109],[-6.15652,53.25117]],[[-6.15652,53.25117],[-6.15671,53.25124]],[[-6.15671,53.25124],[-6.15691,53.25132]],[[-6.15691,53.25132],[-6.15707,53.25138]],[[-6.15707,53.25138],[-6.1572,53.25144]],[[-6.1572,53.25144],[-6.15734,53.2515]],[[-6.15734,53.2515],[-6.15744,53.25155]],[[-6.15744,53.25155],[-6.15753,53.25159]],[[-6.15753,53.25159],[-6.15762,53.25164]],[[-6.15762,53.25164],[-6.15774,53.2517]],[[-6.15774,53.2517],[-6.1579,53.2518]],[[-6.1579,53.2518],[-6.15804,53.25188]],[[-6.15804,53.25188],[-6.15817,53.25195]],[[-6.15817,53.25195],[-6.1583,53.25203]]]},"properties":{"id":"osm:way/338118772","mode":"luas","name":"Luas"}},{"type":"Feature","geometry":{"type":"MultiLineString","coordinates":[[[-6.26136,53.35227],[-6.26139,53.35238]],[[-6.26139,53.35238],[-6.2614,53.35241]],[[-6.2614,53.35241],[-6.2614,53.35244]],[[-6.2614,53.35244],[-6.2614,53.35247]],[[-6.2614,53.35247],[-6.2614,53.35249]],[[-6.2614,53.35249],[-6.26138,53.35254]],[[-6.26138,53.35254],[-6.26137,53.35256]],[[-6.26137,53.35256],[-6.26135,53.35259]],[[-6.26135,53.35259],[-6.26132,53.35263]],[[-6.26132,53.35263],[-6.26128,53.35268]],[[-6.26128,53.35268],[-6.26123,53.35272]],[[-6.26123,53.35272],[-6.26114,53.35277]],[[-6.26114,53.35277],[-6.2611,53.35279]]]},"properties":{"id":"osm:way/338141228","mode":"luas","name":"Luas"}},{"type":"Feature","geometry":{"type":"MultiLineString","coordinates":[[[-6.2983,53.37239],[-6.29815,53.37236]],[[-6.29815,53.37236],[-6.29808,53.37234]],[[-6.29808,53.37234],[-6.29718,53.37215]],[[-6.29718,53.37215],[-6.29679,53.37207]],[[-6.29679,53.37207],[-6.29569,53.37183]],[[-6.29569,53.37183],[-6.2933,53.37131]],[[-6.2933,53.37131],[-6.29285,53.37123]],[[-6.29285,53.37123],[-6.29234,53.37114]],[[-6.29234,53.37114],[-6.29104,53.37095]],[[-6.29104,53.37095],[-6.29064,53.37088]],[[-6.29064,53.37088],[-6.29024,53.37081]],[[-6.29024,53.37081],[-6.28999,53.37075]],[[-6.28999,53.37075],[-6.28978,53.3707]],[[-6.28978,53.3707],[-6.28961,53.37065]]]},"properties":{"id":"osm:way/338143303","mode":"luas","name":"Luas"}},{"type":"Feature","geometry":{"type":"MultiLineString","coordinates":[[[-6.28374,53.36658],[-6.28334,53.36611]],[[-6.28334,53.36611],[-6.28216,53.36461]],[[-6.28216,53.36461],[-6.28178,53.36413]],[[-6.28178,53.36413],[-6.28173,53.36407]],[[-6.28173,53.36407],[-6.28154,53.36381]]]},"properties":{"id":"osm:way/338146450","mode":"luas","name":"Luas"}},{"type":"Feature","geometry":{"type":"MultiLineString","coordinates":[[[-6.2288,53.34828],[-6.22926,53.34831]],[[-6.22926,53.34831],[-6.22966,53.34834]],[[-6.22966,53.34834],[-6.22976,53.34834]],[[-6.22976,53.34834],[-6.22983,53.34835]],[[-6.22983,53.34835],[-6.23,53.34836]],[[-6.23,53.34836],[-6.23021,53.34837]]]},"properties":{"id":"osm:way/338172037","mode":"luas","name":"Luas"}},{"type":"Feature","geometry":{"type":"LineString","coordinates":[[-6.24,53.34899],[-6.24064,53.34904]]},"properties":{"id":"osm:way/338173978","mode":"luas","name":"Luas"}},{"type":"Feature","geometry":{"type":"MultiLineString","coordinates":[[[-6.24064,53.34904],[-6.24083,53.34905]],[[-6.24083,53.34905],[-6.24097,53.34906]],[[-6.24097,53.34906],[-6.2411,53.34907]],[[-6.2411,53.34907],[-6.24112,53.34907]],[[-6.24112,53.34907],[-6.24137,53.34909]],[[-6.24137,53.34909],[-6.24177,53.34911]],[[-6.24177,53.34911],[-6.24195,53.34913]],[[-6.24195,53.34913],[-6.24197,53.34913]],[[-6.24197,53.34913],[-6.24299,53.34921]],[[-6.24299,53.34921],[-6.24303,53.34921]],[[-6.24303,53.34921],[-6.24339,53.34923]],[[-6.24339,53.34923],[-6.24376,53.34925]],[[-6.24376,53.34925],[-6.24379,53.34925]],[[-6.24379,53.34925],[-6.24444,53.34929]],[[-6.24444,53.34929],[-6.24487,53.34932]],[[-6.24487,53.34932],[-6.24572,53.34938]],[[-6.24572,53.34938],[-6.24584,53.34939]],[[-6.24584,53.34939],[-6.24593,53.3494]],[[-6.24593,53.3494],[-6.24601,53.3494]],[[-6.24601,53.3494],[-6.2467,53.34945]],[[-6.2467,53.34945],[-6.24714,53.34948]],[[-6.24714,53.34948],[-6.24759,53.34951]],[[-6.24759,53.34951],[-6.24795,53.34953]],[[-6.24795,53.34953],[-6.24826,53.34955]],[[-6.24826,53.34955],[-6.2487,53.34958]]]},"properties":{"id":"osm:way/338173979","mode":"luas","name":"Luas"}},{"type":"Feature","geometry":{"type":"MultiLineString","coordinates":[[[-6.37007,53.31744],[-6.36994,53.31708]],[[-6.36994,53.31708],[-6.36985,53.31685]],[[-6.36985,53.31685],[-6.36974,53.31657]],[[-6.36974,53.31657],[-6.3697,53.31647]],[[-6.3697,53.31647],[-6.36967,53.31641]],[[-6.36967,53.31641],[-6.36964,53.31636]],[[-6.36964,53.31636],[-6.3696,53.3163]],[[-6.3696,53.3163],[-6.36954,53.31624]],[[-6.36954,53.31624],[-6.36951,53.31622]],[[-6.36951,53.31622],[-6.36948,53.31619]],[[-6.36948,53.31619],[-6.36942,53.31615]],[[-6.36942,53.31615],[-6.36939,53.31613]],[[-6.36939,53.31613],[-6.3693,53.31609]],[[-6.3693,53.31609],[-6.36923,53.31605]],[[-6.36923,53.31605],[-6.36921,53.31605]],[[-6.36921,53.31605],[-6.36915,53.31603]],[[-6.36915,53.31603],[-6.36907,53.316]],[[-6.36907,53.316],[-6.36846,53.31586]],[[-6.36846,53.31586],[-6.36815,53.31578]],[[-6.36815,53.31578],[-6.36799,53.31574]],[[-6.36799,53.31574],[-6.36753,53.31564]],[[-6.36753,53.31564],[-6.36741,53.31561]],[[-6.36741,53.31561],[-6.36735,53.31559]],[[-6.36735,53.31559],[-6.3673,53.31558]],[[-6.3673,53.31558],[-6.36719,53.31554]],[[-6.36719,53.31554],[-6.36715,53.31552]],[[-6.36715,53.31552],[-6.3671,53.31551]],[[-6.3671,53.31551],[-6.36701,53.31547]],[[-6.36701,53.31547],[-6.36695,53.31544]],[[-6.36695,53.31544],[-6.36691,53.31542]],[[-6.36691,53.31542],[-6.36685,53.31538]],[[-6.36685,53.31538],[-6.36679,53.31535]],[[-6.36679,53.31535],[-6.36674,53.31532]],[[-6.36674,53.31532],[-6.3667,53.31529]],[[-6.3667,53.31529],[-6.36665,53.31525]],[[-6.36665,53.31525],[-6.3666,53.3152]],[[-6.3666,53.3152],[-6.36653,53.31514]],[[-6.36653,53.31514],[-6.36643,53.31504]],[[-6.36643,53.31504],[-6.36633,53.31494]],[[-6.36633,53.31494],[-6.36623,53.31484]],[[-6.36623,53.31484],[-6.36612,53.31474]],[[-6.36612,53.31474],[-6.36574,53.31436]],[[-6.36574,53.31436],[-6.36567,53.3143]],[[-6.36567,53.3143],[-6.36555,53.31418]],[[-6.36555,53.31418],[-6.36546,53.31409]],[[-6.36546,53.31409],[-6.36534,53.31397]],[[-6.36534,53.31397],[-6.36521,53.31385]],[[-6.36521,53.31385],[-6.36502,53.31367]],[[-6.36502,53.31367],[-6.36482,53.31349]],[[-6.36482,53.31349],[-6.36464,53.31333]],[[-6.36464,53.31333],[-6.3644,53.31315]],[[-6.3644,53.31315],[-6.36422,53.31301]],[[-6.36422,53.31301],[-6.36412,53.31294]],[[-6.36412,53.31294],[-6.3638,53.31271]],[[-6.3638,53.31271],[-6.36365,53.3126]],[[-6.36365,53.3126],[-6.36338,53.31241]],[[-6.36338,53.31241],[-6.36325,53.31231]],[[-6.36325,53.31231],[-6.36315,53.31223]],[[-6.36315,53.31223],[-6.36309,53.31219]],[[-6.36309,53.31219],[-6.36297,53.31207]],[[-6.36297,53.31207],[-6.36288,53.31199]],[[-6.36288,53.31199],[-6.36277,53.31188]],[[-6.36277,53.31188],[-6.36268,53.31179]],[[-6.36268,53.31179],[-6.36261,53.31169]],[[-6.36261,53.31169],[-6.36253,53.3116]],[[-6.36253,53.3116],[-6.36245,53.3115]],[[-6.36245,53.3115],[-6.36235,53.31137]],[[-6.36235,53.31137],[-6.36223,53.31121]],[[-6.36223,53.31121],[-6.36209,53.31102]],[[-6.36209,53.31102],[-6.362,53.3109]],[[-6.362,53.3109],[-6.3619,53.31077]],[[-6.3619,53.31077],[-6.3618,53.31065]],[[-6.3618,53.31065],[-6.36165,53.31045]],[[-6.36165,53.31045],[-6.36126,53.30993]],[[-6.36126,53.30993],[-6.3611,53.30972]],[[-6.3611,53.30972],[-6.36102,53.30962]],[[-6.36102,53.30962],[-6.36092,53.30949]],[[-6.36092,53.30949],[-6.36072,53.30927]],[[-6.36072,53.30927],[-6.36054,53.30907]],[[-6.36054,53.30907],[-6.36042,53.30895]],[[-6.36042,53.30895],[-6.36031,53.30884]],[[-6.36031,53.30884],[-6.36022,53.30876]],[[-6.36022,53.30876],[-6.36015,53.30869]],[[-6.36015,53.30869],[-6.36004,53.30859]],[[-6.36004,53.30859],[-6.35988,53.30845]],[[-6.35988,53.30845],[-6.35966,53.30826]],[[-6.35966,53.30826],[-6.35945,53.30809]],[[-6.35945,53.30809],[-6.35934,53.308]],[[-6.35934,53.308],[-6.35926,53.30793]],[[-6.35926,53.30793],[-6.35919,53.30787]],[[-6.35919,53.30787],[-6.35913,53.30782]],[[-6.35913,53.30782],[-6.35906,53.30776]],[[-6.35906,53.30776],[-6.35902,53.30771]],[[-6.35902,53.30771],[-6.35895,53.30763]],[[-6.35895,53.30763],[-6.3589,53.30755]],[[-6.3589,53.30755],[-6.35888,53.30752]],[[-6.35888,53.30752],[-6.35886,53.30748]],[[-6.35886,53.30748],[-6.35884,53.30744]],[[-6.35884,53.30744],[-6.35881,53.30738]],[[-6.35881,53.30738],[-6.3588,53.30735]],[[-6.3588,53.30735],[-6.35879,53.30731]],[[-6.35879,53.30731],[-6.35878,53.30729]],[[-6.35878,53.30729],[-6.35877,53.30724]],[[-6.35877,53.30724],[-6.35877,53.30718]],[[-6.35877,53.30718],[-6.35876,53.30712]],[[-6.35876,53.30712],[-6.35876,53.30708]],[[-6.35876,53.30708],[-6.35876,53.30703]],[[-6.35876,53.30703],[-6.35876,53.307]],[[-6.35876,53.307],[-6.35877,53.30696]],[[-6.35877,53.30696],[-6.35878,53.30692]],[[-6.35878,53.30692],[-6.35879,53.30688]],[[-6.35879,53.30688],[-6.3588,53.30684]],[[-6.3588,53.30684],[-6.35881,53.3068]],[[-6.35881,53.3068],[-6.35882,53.30677]],[[-6.35882,53.30677],[-6.35884,53.30674]],[[-6.35884,53.30674],[-6.35885,53.3067]],[[-6.35885,53.3067],[-6.35887,53.30667]],[[-6.35887,53.30667],[-6.35889,53.30664]],[[-6.35889,53.30664],[-6.35891,53.3066]],[[-6.35891,53.3066],[-6.35896,53.30653]],[[-6.35896,53.30653],[-6.35899,53.30649]],[[-6.35899,53.30649],[-6.35902,53.30645]],[[-6.35902,53.30645],[-6.35907,53.30641]],[[-6.35907,53.30641],[-6.35912,53.30635]],[[-6.35912,53.30635],[-6.35918,53.30631]],[[-6.35918,53.30631],[-6.35927,53.30624]],[[-6.35927,53.30624],[-6.35933,53.30619]],[[-6.35933,53.30619],[-6.35936,53.30617]],[[-6.35936,53.30617],[-6.35941,53.30615]],[[-6.35941,53.30615],[-6.35948,53.3061]],[[-6.35948,53.3061],[-6.35955,53.30607]],[[-6.35955,53.30607],[-6.35964,53.30602]],[[-6.35964,53.30602],[-6.35988,53.30591]],[[-6.35988,53.30591],[-6.36014,53.30579]],[[-6.36014,53.30579],[-6.36036,53.30569]],[[-6.36036,53.30569],[-6.36064,53.30556]],[[-6.36064,53.30556],[-6.36089,53.30544]],[[-6.36089,53.30544],[-6.36116,53.30532]],[[-6.36116,53.30532],[-6.36137,53.30523]],[[-6.36137,53.30523],[-6.36158,53.30513]],[[-6.36158,53.30513],[-6.36177,53.30504]],[[-6.36177,53.30504],[-6.36199,53.30494]],[[-6.36199,53.30494],[-6.36214,53.30487]],[[-6.36214,53.30487],[-6.36234,53.30479]],[[-6.36234,53.30479],[-6.36251,53.30471]],[[-6.36251,53.30471],[-6.36269,53.30463]],[[-6.36269,53.30463],[-6.36285,53.30457]],[[-6.36285,53.30457],[-6.36306,53.30448]],[[-6.36306,53.30448],[-6.36323,53.30441]],[[-6.36323,53.30441],[-6.3635,53.3043]],[[-6.3635,53.3043],[-6.36375,53.30421]],[[-6.36375,53.30421],[-6.36399,53.30412]],[[-6.36399,53.30412],[-6.3642,53.30404]],[[-6.3642,53.30404],[-6.36441,53.30397]],[[-6.36441,53.30397],[-6.36459,53.3039]],[[-6.36459,53.3039],[-6.36477,53.30384]],[[-6.36477,53.30384],[-6.36494,53.30379]],[[-6.36494,53.30379],[-6.36528,53.30368]],[[-6.36528,53.30368],[-6.36559,53.30358]],[[-6.36559,53.30358],[-6.3659,53.30348]],[[-6.3659,53.30348],[-6.36619,53.30338]],[[-6.36619,53.30338],[-6.36687,53.30317]],[[-6.36687,53.30317],[-6.36755,53.30295]],[[-6.36755,53.30295],[-6.3682,53.30274]],[[-6.3682,53.30274],[-6.36881,53.30252]],[[-6.36881,53.30252],[-6.36942,53.3023]],[[-6.36942,53.3023],[-6.36983,53.30214]],[[-6.36983,53.30214],[-6.37031,53.30194]],[[-6.37031,53.30194],[-6.3708,53.30172]],[[-6.3708,53.30172],[-6.37118,53.30155]],[[-6.37118,53.30155],[-6.37168,53.30132]],[[-6.37168,53.30132],[-6.37207,53.30113]],[[-6.37207,53.30113],[-6.37231,53.30102]],[[-6.37231,53.30102],[-6.37289,53.30075]],[[-6.37289,53.30075],[-6.37312,53.30064]],[[-6.37312,53.30064],[-6.37315,53.30062]],[[-6.37315,53.30062],[-6.37318,53.3006]],[[-6.37318,53.3006],[-6.37322,53.30057]],[[-6.37322,53.30057],[-6.37325,53.30055]],[[-6.37325,53.30055],[-6.37328,53.30052]],[[-6.37328,53.30052],[-6.37331,53.30048]],[[-6.37331,53.30048],[-6.37333,53.30045]],[[-6.37333,53.30045],[-6.37334,53.30041]],[[-6.37334,53.30041],[-6.37336,53.30038]],[[-6.37336,53.30038],[-6.37337,53.30035]],[[-6.37337,53.30035],[-6.37338,53.30031]],[[-6.37338,53.30031],[-6.3734,53.30028]],[[-6.3734,53.30028],[-6.37343,53.30024]],[[-6.37343,53.30024],[-6.37346,53.30021]],[[-6.37346,53.30021],[-6.37348,53.30019]],[[-6.37348,53.30019],[-6.3735,53.30018]],[[-6.3735,53.30018],[-6.37352,53.30015]],[[-6.37352,53.30015],[-6.37355,53.30013]],[[-6.37355,53.30013],[-6.37367,53.30005]],[[-6.37367,53.30005],[-6.37378,53.29997]],[[-6.37378,53.29997],[-6.3739,53.29988]],[[-6.3739,53.29988],[-6.37409,53.29975]],[[-6.37409,53.29975],[-6.37427,53.29964]],[[-6.37427,53.29964],[-6.37441,53.29955]],[[-6.37441,53.29955],[-6.3745,53.2995]],[[-6.3745,53.2995],[-6.37459,53.29945]]]},"properties":{"id":"osm:way/338209756","mode":"luas","name":"Luas"}},{"type":"Feature","geometry":{"type":"MultiLineString","coordinates":[[[-6.3682,53.31885],[-6.36825,53.31884]],[[-6.36825,53.31884],[-6.36841,53.31881]],[[-6.36841,53.31881],[-6.36858,53.31877]],[[-6.36858,53.31877],[-6.36872,53.31873]],[[-6.36872,53.31873],[-6.36881,53.3187]],[[-6.36881,53.3187],[-6.36887,53.31868]]]},"properties":{"id":"osm:way/338318477","mode":"luas","name":"Luas"}},{"type":"Feature","geometry":{"type":"MultiLineString","coordinates":[[[-6.36887,53.31868],[-6.36896,53.31865]],[[-6.36896,53.31865],[-6.36908,53.31861]],[[-6.36908,53.31861],[-6.3692,53.31856]],[[-6.3692,53.31856],[-6.36934,53.31849]],[[-6.36934,53.31849],[-6.36943,53.31844]],[[-6.36943,53.31844],[-6.36951,53.3184]],[[-6.36951,53.3184],[-6.36959,53.31834]],[[-6.36959,53.31834],[-6.36966,53.31827]],[[-6.36966,53.31827],[-6.36972,53.3182]],[[-6.36972,53.3182],[-6.36977,53.31814]],[[-6.36977,53.31814],[-6.3699,53.31796]]]},"properties":{"id":"osm:way/338318478","mode":"luas","name":"Luas"}},{"type":"Feature","geometry":{"type":"MultiLineString","coordinates":[[[-6.37007,53.31772],[-6.37008,53.31769]],[[-6.37008,53.31769],[-6.3701,53.31765]],[[-6.3701,53.31765],[-6.3701,53.31762]],[[-6.3701,53.31762],[-6.37011,53.31758]],[[-6.37011,53.31758],[-6.37011,53.31755]],[[-6.37011,53.31755],[-6.3701,53.31752]],[[-6.3701,53.31752],[-6.37009,53.31749]],[[-6.37009,53.31749],[-6.37007,53.31744]]]},"properties":{"id":"osm:way/338318479","mode":"luas","name":"Luas"}},{"type":"Feature","geometry":{"type":"MultiLineString","coordinates":[[[-6.37592,53.28729],[-6.37585,53.28729]],[[-6.37585,53.28729],[-6.37578,53.28729]],[[-6.37578,53.28729],[-6.37572,53.28729]],[[-6.37572,53.28729],[-6.37564,53.2873]],[[-6.37564,53.2873],[-6.37558,53.2873]],[[-6.37558,53.2873],[-6.37551,53.28731]],[[-6.37551,53.28731],[-6.37544,53.28732]],[[-6.37544,53.28732],[-6.37536,53.28733]],[[-6.37536,53.28733],[-6.37526,53.28735]],[[-6.37526,53.28735],[-6.37513,53.28738]],[[-6.37513,53.28738],[-6.37497,53.28742]],[[-6.37497,53.28742],[-6.37468,53.2875]]]},"properties":{"id":"osm:way/338328047","mode":"luas","name":"Luas"}},{"type":"Feature","geometry":{"type":"MultiLineString","coordinates":[[[-6.37621,53.28731],[-6.37614,53.28731]],[[-6.37614,53.28731],[-6.37607,53.2873]],[[-6.37607,53.2873],[-6.376,53.28729]],[[-6.376,53.28729],[-6.37592,53.28729]]]},"properties":{"id":"osm:way/338328049","mode":"luas","name":"Luas"}},{"type":"Feature","geometry":{"type":"MultiLineString","coordinates":[[[-6.37671,53.28742],[-6.37661,53.28739]],[[-6.37661,53.28739],[-6.37649,53.28736]]]},"properties":{"id":"osm:way/338328052","mode":"luas","name":"Luas"}},{"type":"Feature","geometry":{"type":"MultiLineString","coordinates":[[[-6.37649,53.28736],[-6.37643,53.28735]],[[-6.37643,53.28735],[-6.37635,53.28733]],[[-6.37635,53.28733],[-6.37627,53.28732]],[[-6.37627,53.28732],[-6.37621,53.28731]]]},"properties":{"id":"osm:way/338328053","mode":"luas","name":"Luas"}},{"type":"Feature","geometry":{"type":"MultiLineString","coordinates":[[[-6.3771,53.2876],[-6.37705,53.28757]],[[-6.37705,53.28757],[-6.377,53.28755]],[[-6.377,53.28755],[-6.37694,53.28752]],[[-6.37694,53.28752],[-6.3769,53.2875]]]},"properties":{"id":"osm:way/338328056","mode":"luas","name":"Luas"}},{"type":"Feature","geometry":{"type":"MultiLineString","coordinates":[[[-6.3769,53.2875],[-6.37683,53.28747]],[[-6.37683,53.28747],[-6.37676,53.28744]],[[-6.37676,53.28744],[-6.37671,53.28742]]]},"properties":{"id":"osm:way/338328057","mode":"luas","name":"Luas"}},{"type":"Feature","geometry":{"type":"MultiLineString","coordinates":[[[-6.38768,53.29536],[-6.3878,53.29533]],[[-6.3878,53.29533],[-6.38794,53.2953]],[[-6.38794,53.2953],[-6.38867,53.29511]],[[-6.38867,53.29511],[-6.38912,53.295]],[[-6.38912,53.295],[-6.38925,53.29497]],[[-6.38925,53.29497],[-6.3896,53.29488]],[[-6.3896,53.29488],[-6.3903,53.2947]],[[-6.3903,53.2947],[-6.39095,53.29453]],[[-6.39095,53.29453],[-6.39168,53.29436]],[[-6.39168,53.29436],[-6.3922,53.29424]],[[-6.3922,53.29424],[-6.39268,53.29413]],[[-6.39268,53.29413],[-6.39337,53.29398]],[[-6.39337,53.29398],[-6.39412,53.29382]],[[-6.39412,53.29382],[-6.39471,53.29369]],[[-6.39471,53.29369],[-6.39491,53.29365]],[[-6.39491,53.29365],[-6.39515,53.29359]],[[-6.39515,53.29359],[-6.39552,53.29351]],[[-6.39552,53.29351],[-6.39593,53.29342]],[[-6.39593,53.29342],[-6.39689,53.29322]],[[-6.39689,53.29322],[-6.39761,53.29306]],[[-6.39761,53.29306],[-6.39857,53.29285]],[[-6.39857,53.29285],[-6.40018,53.2925]],[[-6.40018,53.2925],[-6.40146,53.29222]],[[-6.40146,53.29222],[-6.40257,53.29197]],[[-6.40257,53.29197],[-6.40287,53.2919]],[[-6.40287,53.2919],[-6.4032,53.29181]],[[-6.4032,53.29181],[-6.40349,53.29174]],[[-6.40349,53.29174],[-6.40381,53.29165]],[[-6.40381,53.29165],[-6.40413,53.29157]],[[-6.40413,53.29157],[-6.40448,53.2915]],[[-6.40448,53.2915],[-6.40479,53.29143]],[[-6.40479,53.29143],[-6.40515,53.29135]],[[-6.40515,53.29135],[-6.40536,53.2913]],[[-6.40536,53.2913],[-6.40558,53.29125]],[[-6.40558,53.29125],[-6.40583,53.2912]],[[-6.40583,53.2912],[-6.40646,53.29106]],[[-6.40646,53.29106],[-6.40683,53.29097]],[[-6.40683,53.29097],[-6.40723,53.29089]],[[-6.40723,53.29089],[-6.40761,53.2908]],[[-6.40761,53.2908],[-6.40802,53.29071]],[[-6.40802,53.29071],[-6.40911,53.29047]],[[-6.40911,53.29047],[-6.40962,53.29036]],[[-6.40962,53.29036],[-6.41014,53.29024]],[[-6.41014,53.29024],[-6.41192,53.28985]],[[-6.41192,53.28985],[-6.41234,53.28976]],[[-6.41234,53.28976],[-6.41277,53.28966]],[[-6.41277,53.28966],[-6.41362,53.28947]],[[-6.41362,53.28947],[-6.41409,53.28937]],[[-6.41409,53.28937],[-6.41456,53.28926]],[[-6.41456,53.28926],[-6.4148,53.28921]],[[-6.4148,53.28921],[-6.41499,53.28917]],[[-6.41499,53.28917],[-6.41532,53.28909]],[[-6.41532,53.28909],[-6.41557,53.28904]],[[-6.41557,53.28904],[-6.41601,53.28894]],[[-6.41601,53.28894],[-6.41639,53.28886]],[[-6.41639,53.28886],[-6.41679,53.28877]],[[-6.41679,53.28877],[-6.41703,53.28871]],[[-6.41703,53.28871],[-6.41731,53.28865]],[[-6.41731,53.28865],[-6.41747,53.28862]],[[-6.41747,53.28862],[-6.41757,53.28859]],[[-6.41757,53.28859],[-6.41763,53.28858]],[[-6.41763,53.28858],[-6.41776,53.28854]],[[-6.41776,53.28854],[-6.41787,53.2885]],[[-6.41787,53.2885],[-6.418,53.28844]],[[-6.418,53.28844],[-6.4181,53.28839]],[[-6.4181,53.28839],[-6.41818,53.28834]],[[-6.41818,53.28834],[-6.41826,53.28829]],[[-6.41826,53.28829],[-6.41837,53.28821]],[[-6.41837,53.28821],[-6.41848,53.28813]],[[-6.41848,53.28813],[-6.41864,53.28801]],[[-6.41864,53.28801],[-6.4189,53.28782]],[[-6.4189,53.28782],[-6.41916,53.28763]],[[-6.41916,53.28763],[-6.41955,53.28734]],[[-6.41955,53.28734],[-6.41959,53.28731]],[[-6.41959,53.28731],[-6.41962,53.28728]],[[-6.41962,53.28728],[-6.4198,53.28716]],[[-6.4198,53.28716],[-6.42031,53.28678]],[[-6.42031,53.28678],[-6.42047,53.28665]],[[-6.42047,53.28665],[-6.42069,53.28649]],[[-6.42069,53.28649],[-6.42088,53.28634]],[[-6.42088,53.28634],[-6.42111,53.28616]],[[-6.42111,53.28616],[-6.4212,53.28608]],[[-6.4212,53.28608],[-6.4213,53.28599]],[[-6.4213,53.28599],[-6.42148,53.28583]],[[-6.42148,53.28583],[-6.42158,53.28574]],[[-6.42158,53.28574],[-6.42168,53.28564]],[[-6.42168,53.28564],[-6.4218,53.28552]],[[-6.4218,53.28552],[-6.4219,53.28542]],[[-6.4219,53.28542],[-6.42215,53.28515]],[[-6.42215,53.28515],[-6.42226,53.28504]],[[-6.42226,53.28504],[-6.42236,53.28493]],[[-6.42236,53.28493],[-6.42246,53.28483]],[[-6.42246,53.28483],[-6.42256,53.28472]],[[-6.42256,53.28472],[-6.42264,53.28464]],[[-6.42264,53.28464],[-6.42271,53.28457]],[[-6.42271,53.28457],[-6.42279,53.2845]],[[-6.42279,53.2845],[-6.42285,53.28447]],[[-6.42285,53.28447],[-6.42293,53.28443]],[[-6.42293,53.28443],[-6.42301,53.2844]],[[-6.42301,53.2844],[-6.42309,53.28437]],[[-6.42309,53.28437],[-6.4232,53.28435]],[[-6.4232,53.28435],[-6.42329,53.28433]],[[-6.42329,53.28433],[-6.42341,53.28432]],[[-6.42341,53.28432],[-6.42358,53.28431]],[[-6.42358,53.28431],[-6.4242,53.28426]],[[-6.4242,53.28426],[-6.42459,53.28424]],[[-6.42459,53.28424],[-6.42502,53.28421]],[[-6.42502,53.28421],[-6.42522,53.28419]],[[-6.42522,53.28419],[-6.4253,53.28419]],[[-6.4253,53.28419],[-6.42539,53.28419]],[[-6.42539,53.28419],[-6.42547,53.28419]],[[-6.42547,53.28419],[-6.42558,53.28419]],[[-6.42558,53.28419],[-6.42572,53.28419]],[[-6.42572,53.28419],[-6.42585,53.28419]],[[-6.42585,53.28419],[-6.42593,53.28419]],[[-6.42593,53.28419],[-6.42612,53.28419]],[[-6.42612,53.28419],[-6.42632,53.28418]],[[-6.42632,53.28418],[-6.42659,53.28417]],[[-6.42659,53.28417],[-6.4268,53.28417]],[[-6.4268,53.28417],[-6.42702,53.28416]],[[-6.42702,53.28416],[-6.42745,53.28416]],[[-6.42745,53.28416],[-6.42785,53.28415]],[[-6.42785,53.28415],[-6.42823,53.28415]],[[-6.42823,53.28415],[-6.42835,53.28415]],[[-6.42835,53.28415],[-6.42848,53.28414]],[[-6.42848,53.28414],[-6.42857,53.28413]],[[-6.42857,53.28413],[-6.42865,53.28413]],[[-6.42865,53.28413],[-6.42873,53.28412]],[[-6.42873,53.28412],[-6.42886,53.2841]],[[-6.42886,53.2841],[-6.42899,53.28408]],[[-6.42899,53.28408],[-6.42921,53.28405]],[[-6.42921,53.28405],[-6.42936,53.28402]],[[-6.42936,53.28402],[-6.42945,53.28401]],[[-6.42945,53.28401],[-6.42954,53.284]],[[-6.42954,53.284],[-6.42968,53.28399]],[[-6.42968,53.28399],[-6.42981,53.28398]],[[-6.42981,53.28398],[-6.42991,53.28398]],[[-6.42991,53.28398],[-6.43001,53.28398]],[[-6.43001,53.28398],[-6.43012,53.28398]],[[-6.43012,53.28398],[-6.43024,53.28398]],[[-6.43024,53.28398],[-6.43034,53.28398]],[[-6.43034,53.28398],[-6.43068,53.28401]],[[-6.43068,53.28401],[-6.43079,53.28402]],[[-6.43079,53.28402],[-6.43089,53.28402]],[[-6.43089,53.28402],[-6.43098,53.28402]],[[-6.43098,53.28402],[-6.43104,53.28403]],[[-6.43104,53.28403],[-6.43114,53.28403]],[[-6.43114,53.28403],[-6.4313,53.28403]],[[-6.4313,53.28403],[-6.43163,53.28403]],[[-6.43163,53.28403],[-6.43188,53.28403]],[[-6.43188,53.28403],[-6.43199,53.28403]],[[-6.43199,53.28403],[-6.43215,53.28404]],[[-6.43215,53.28404],[-6.43225,53.28405]],[[-6.43225,53.28405],[-6.4323,53.28405]],[[-6.4323,53.28405],[-6.43234,53.28406]],[[-6.43234,53.28406],[-6.43238,53.28406]],[[-6.43238,53.28406],[-6.43243,53.28407]],[[-6.43243,53.28407],[-6.43251,53.28409]],[[-6.43251,53.28409],[-6.43254,53.2841]],[[-6.43254,53.2841],[-6.43258,53.28411]],[[-6.43258,53.28411],[-6.43263,53.28414]],[[-6.43263,53.28414],[-6.43269,53.28416]],[[-6.43269,53.28416],[-6.43272,53.28418]],[[-6.43272,53.28418],[-6.43275,53.2842]],[[-6.43275,53.2842],[-6.43278,53.28422]],[[-6.43278,53.28422],[-6.4328,53.28424]],[[-6.4328,53.28424],[-6.43287,53.28429]],[[-6.43287,53.28429],[-6.43293,53.28434]],[[-6.43293,53.28434],[-6.43297,53.28437]],[[-6.43297,53.28437],[-6.43302,53.28441]],[[-6.43302,53.28441],[-6.43307,53.28444]],[[-6.43307,53.28444],[-6.43314,53.28447]],[[-6.43314,53.28447],[-6.43317,53.28448]],[[-6.43317,53.28448],[-6.43324,53.2845]],[[-6.43324,53.2845],[-6.43329,53.28451]],[[-6.43329,53.28451],[-6.43336,53.28453]],[[-6.43336,53.28453],[-6.43343,53.28454]],[[-6.43343,53.28454],[-6.4335,53.28454]],[[-6.4335,53.28454],[-6.43357,53.28454]],[[-6.43357,53.28454],[-6.43365,53.28454]],[[-6.43365,53.28454],[-6.43377,53.28453]],[[-6.43377,53.28453],[-6.43402,53.28451]],[[-6.43402,53.28451],[-6.43415,53.2845]],[[-6.43415,53.2845],[-6.43426,53.28449]],[[-6.43426,53.28449],[-6.43435,53.28448]],[[-6.43435,53.28448],[-6.43445,53.28448]],[[-6.43445,53.28448],[-6.43458,53.28448]],[[-6.43458,53.28448],[-6.4347,53.28448]],[[-6.4347,53.28448],[-6.4349,53.28449]],[[-6.4349,53.28449],[-6.43514,53.2845]],[[-6.43514,53.2845],[-6.43538,53.28451]],[[-6.43538,53.28451],[-6.43554,53.28451]],[[-6.43554,53.28451],[-6.4357,53.28452]],[[-6.4357,53.28452],[-6.43607,53.28452]],[[-6.43607,53.28452],[-6.43621,53.28452]],[[-6.43621,53.28452],[-6.43632,53.28452]],[[-6.43632,53.28452],[-6.43642,53.28453]],[[-6.43642,53.28453],[-6.43651,53.28453]],[[-6.43651,53.28453],[-6.43668,53.28455]],[[-6.43668,53.28455],[-6.43699,53.28459]],[[-6.43699,53.28459],[-6.43734,53.28462]],[[-6.43734,53.28462],[-6.43773,53.28467]]]},"properties":{"id":"osm:way/338329572","mode":"luas","name":"Luas"}},{"type":"Feature","geometry":{"type":"MultiLineString","coordinates":[[[-6.25573,53.32467],[-6.25569,53.32452]],[[-6.25569,53.32452],[-6.25562,53.32428]],[[-6.25562,53.32428],[-6.25557,53.32411]],[[-6.25557,53.32411],[-6.25553,53.32397]],[[-6.25553,53.32397],[-6.25545,53.32368]],[[-6.25545,53.32368],[-6.25542,53.32357]],[[-6.25542,53.32357],[-6.25536,53.32336]],[[-6.25536,53.32336],[-6.25529,53.32308]],[[-6.25529,53.32308],[-6.25525,53.32294]],[[-6.25525,53.32294],[-6.2552,53.32275]],[[-6.2552,53.32275],[-6.25509,53.32239]],[[-6.25509,53.32239],[-6.25498,53.32197]]]},"properties":{"id":"osm:way/338335875","mode":"luas","name":"Luas"}},{"type":"Feature","geometry":{"type":"MultiLineString","coordinates":[[[-6.25493,53.32197],[-6.25484,53.32164]],[[-6.25484,53.32164],[-6.25474,53.32129]],[[-6.25474,53.32129],[-6.25471,53.32119]],[[-6.25471,53.32119],[-6.2547,53.32113]],[[-6.2547,53.32113],[-6.25468,53.32108]],[[-6.25468,53.32108],[-6.25462,53.32085]],[[-6.25462,53.32085],[-6.25452,53.32051]],[[-6.25452,53.32051],[-6.25446,53.32029]],[[-6.25446,53.32029],[-6.25439,53.32002]],[[-6.25439,53.32002],[-6.25419,53.31928]],[[-6.25419,53.31928],[-6.25417,53.31923]],[[-6.25417,53.31923],[-6.254,53.31861]],[[-6.254,53.31861],[-6.25394,53.31838]],[[-6.25394,53.31838],[-6.2539,53.31823]],[[-6.2539,53.31823],[-6.25385,53.31805]],[[-6.25385,53.31805],[-6.25372,53.3176]],[[-6.25372,53.3176],[-6.2537,53.3175]],[[-6.2537,53.3175],[-6.25361,53.3172]],[[-6.25361,53.3172],[-6.25352,53.31688]],[[-6.25352,53.31688],[-6.25348,53.3167]],[[-6.25348,53.3167],[-6.25341,53.31648]],[[-6.25341,53.31648],[-6.25335,53.31624]],[[-6.25335,53.31624],[-6.25318,53.31563]],[[-6.25318,53.31563],[-6.25306,53.31521]],[[-6.25306,53.31521],[-6.25297,53.31488]]]},"properties":{"id":"osm:way/338335876","mode":"luas","name":"Luas"}},{"type":"Feature","geometry":{"type":"MultiLineString","coordinates":[[[-6.13993,53.29627],[-6.13973,53.29625]],[[-6.13973,53.29625],[-6.13965,53.29623]]]},"properties":{"id":"osm:way/338343610","mode":"rail","name":"Irish Rail"}},{"type":"Feature","geometry":{"type":"LineString","coordinates":[[-6.23044,53.33509],[-6.23084,53.33538]]},"properties":{"id":"osm:way/338390211","mode":"rail","name":"Irish Rail"}},{"type":"Feature","geometry":{"type":"LineString","coordinates":[[-6.23078,53.3354],[-6.23039,53.33512]]},"properties":{"id":"osm:way/338390212","mode":"rail","name":"Irish Rail"}},{"type":"Feature","geometry":{"type":"MultiLineString","coordinates":[[[-6.2445,53.35428],[-6.24439,53.35436]],[[-6.24439,53.35436],[-6.24423,53.35448]],[[-6.24423,53.35448],[-6.2442,53.3545]],[[-6.2442,53.3545],[-6.24405,53.35463]],[[-6.24405,53.35463],[-6.24393,53.35476]],[[-6.24393,53.35476],[-6.24383,53.3549]],[[-6.24383,53.3549],[-6.24376,53.35501]]]},"properties":{"id":"osm:way/338414402","mode":"rail","name":"Irish Rail"}},{"type":"Feature","geometry":{"type":"MultiLineString","coordinates":[[[-6.24446,53.35424],[-6.24423,53.35437]],[[-6.24423,53.35437],[-6.2431,53.35496]]]},"properties":{"id":"osm:way/338418584","mode":"rail","name":"Irish Rail"}},{"type":"Feature","geometry":{"type":"LineString","coordinates":[[-6.24493,53.35355],[-6.24471,53.35369]]},"properties":{"id":"osm:way/338418586","mode":"rail","name":"Irish Rail"}},{"type":"Feature","geometry":{"type":"MultiLineString","coordinates":[[[-6.24491,53.35354],[-6.24471,53.35369]],[[-6.24471,53.35369],[-6.24444,53.35387]],[[-6.24444,53.35387],[-6.24411,53.3541]]]},"properties":{"id":"osm:way/338418589","mode":"rail","name":"Irish Rail"}},{"type":"Feature","geometry":{"type":"MultiLineString","coordinates":[[[-6.27484,53.36563],[-6.27464,53.36557]],[[-6.27464,53.36557],[-6.27443,53.36551]],[[-6.27443,53.36551],[-6.27398,53.36539]],[[-6.27398,53.36539],[-6.2737,53.36532]],[[-6.2737,53.36532],[-6.27351,53.36528]],[[-6.27351,53.36528],[-6.27316,53.3652]],[[-6.27316,53.3652],[-6.27277,53.36513]],[[-6.27277,53.36513],[-6.27243,53.36507]],[[-6.27243,53.36507],[-6.27209,53.36501]],[[-6.27209,53.36501],[-6.27183,53.36498]],[[-6.27183,53.36498],[-6.27159,53.36495]],[[-6.27159,53.36495],[-6.27122,53.36492]],[[-6.27122,53.36492],[-6.27093,53.3649]],[[-6.27093,53.3649],[-6.27067,53.36489]],[[-6.27067,53.36489],[-6.26939,53.36487]],[[-6.26939,53.36487],[-6.2685,53.36486]],[[-6.2685,53.36486],[-6.26768,53.36484]]]},"properties":{"id":"osm:way/338419538","mode":"rail","name":"Irish Rail"}},{"type":"Feature","geometry":{"type":"MultiLineString","coordinates":[[[-6.30628,53.33675],[-6.30634,53.33673]],[[-6.30634,53.33673],[-6.30639,53.33672]],[[-6.30639,53.33672],[-6.30651,53.3367]],[[-6.30651,53.3367],[-6.30655,53.33669]],[[-6.30655,53.33669],[-6.30658,53.33669]],[[-6.30658,53.33669],[-6.30665,53.33668]],[[-6.30665,53.33668],[-6.30673,53.33667]],[[-6.30673,53.33667],[-6.30684,53.33666]],[[-6.30684,53.33666],[-6.30728,53.33661]],[[-6.30728,53.33661],[-6.30761,53.33657]],[[-6.30761,53.33657],[-6.30857,53.33647]],[[-6.30857,53.33647],[-6.30882,53.33644]],[[-6.30882,53.33644],[-6.3091,53.33641]],[[-6.3091,53.33641],[-6.3096,53.33635]],[[-6.3096,53.33635],[-6.30995,53.33632]],[[-6.30995,53.33632],[-6.3103,53.33628]],[[-6.3103,53.33628],[-6.31074,53.33623]],[[-6.31074,53.33623],[-6.31117,53.33618]],[[-6.31117,53.33618],[-6.31145,53.33614]],[[-6.31145,53.33614],[-6.31182,53.3361]],[[-6.31182,53.3361],[-6.31219,53.33606]],[[-6.31219,53.33606],[-6.3126,53.33601]],[[-6.3126,53.33601],[-6.31301,53.33596]],[[-6.31301,53.33596],[-6.3132,53.33593]],[[-6.3132,53.33593],[-6.31356,53.33589]],[[-6.31356,53.33589],[-6.31398,53.33584]],[[-6.31398,53.33584],[-6.31514,53.3357]],[[-6.31514,53.3357],[-6.31618,53.33558]],[[-6.31618,53.33558],[-6.31694,53.33549]],[[-6.31694,53.33549],[-6.31777,53.3354]],[[-6.31777,53.3354],[-6.31808,53.33537]],[[-6.31808,53.33537],[-6.31856,53.33532]],[[-6.31856,53.33532],[-6.31889,53.33528]],[[-6.31889,53.33528],[-6.31938,53.33523]],[[-6.31938,53.33523],[-6.32006,53.33515]],[[-6.32006,53.33515],[-6.32073,53.33508]],[[-6.32073,53.33508],[-6.32137,53.33501]],[[-6.32137,53.33501],[-6.32204,53.33493]],[[-6.32204,53.33493],[-6.32271,53.33485]],[[-6.32271,53.33485],[-6.32338,53.33477]],[[-6.32338,53.33477],[-6.32406,53.33469]],[[-6.32406,53.33469],[-6.32471,53.33462]],[[-6.32471,53.33462],[-6.32538,53.33453]],[[-6.32538,53.33453],[-6.32588,53.33446]],[[-6.32588,53.33446],[-6.32625,53.33442]],[[-6.32625,53.33442],[-6.32702,53.33431]],[[-6.32702,53.33431],[-6.32741,53.33425]],[[-6.32741,53.33425],[-6.32778,53.3342]],[[-6.32778,53.3342],[-6.32782,53.33419]],[[-6.32782,53.33419],[-6.32802,53.33416]],[[-6.32802,53.33416],[-6.32806,53.33415]],[[-6.32806,53.33415],[-6.32814,53.33414]],[[-6.32814,53.33414],[-6.32819,53.33412]],[[-6.32819,53.33412],[-6.32826,53.3341]],[[-6.32826,53.3341],[-6.32832,53.33407]],[[-6.32832,53.33407],[-6.32836,53.33406]],[[-6.32836,53.33406],[-6.3284,53.33404]],[[-6.3284,53.33404],[-6.32845,53.334]],[[-6.32845,53.334],[-6.32847,53.33399]],[[-6.32847,53.33399],[-6.32851,53.33397]],[[-6.32851,53.33397],[-6.32855,53.33392]],[[-6.32855,53.33392],[-6.32857,53.3339]],[[-6.32857,53.3339],[-6.32859,53.33388]],[[-6.32859,53.33388],[-6.32863,53.33384]],[[-6.32863,53.33384],[-6.32872,53.33374]],[[-6.32872,53.33374],[-6.32881,53.33362]],[[-6.32881,53.33362],[-6.32902,53.33336]],[[-6.32902,53.33336],[-6.32917,53.33314]],[[-6.32917,53.33314],[-6.32928,53.33297]],[[-6.32928,53.33297],[-6.32933,53.33288]],[[-6.32933,53.33288],[-6.32945,53.33267]],[[-6.32945,53.33267],[-6.3295,53.33259]],[[-6.3295,53.33259],[-6.32955,53.3325]],[[-6.32955,53.3325],[-6.32966,53.33232]],[[-6.32966,53.33232],[-6.32974,53.33219]],[[-6.32974,53.33219],[-6.32985,53.33204]],[[-6.32985,53.33204],[-6.32988,53.332]],[[-6.32988,53.332],[-6.32993,53.33194]],[[-6.32993,53.33194],[-6.33002,53.33182]],[[-6.33002,53.33182],[-6.33014,53.33169]],[[-6.33014,53.33169],[-6.33023,53.33159]],[[-6.33023,53.33159],[-6.33033,53.33149]],[[-6.33033,53.33149],[-6.33046,53.33136]],[[-6.33046,53.33136],[-6.3306,53.33123]],[[-6.3306,53.33123],[-6.33073,53.33112]],[[-6.33073,53.33112],[-6.33098,53.3309]],[[-6.33098,53.3309],[-6.33116,53.33075]],[[-6.33116,53.33075],[-6.33139,53.33056]],[[-6.33139,53.33056],[-6.33153,53.33046]],[[-6.33153,53.33046],[-6.33165,53.33037]],[[-6.33165,53.33037],[-6.33186,53.33023]],[[-6.33186,53.33023],[-6.33204,53.33012]],[[-6.33204,53.33012],[-6.33227,53.33]],[[-6.33227,53.33],[-6.33252,53.32987]],[[-6.33252,53.32987],[-6.33283,53.32973]],[[-6.33283,53.32973],[-6.33298,53.32966]],[[-6.33298,53.32966],[-6.33359,53.32939]],[[-6.33359,53.32939],[-6.33386,53.32927]],[[-6.33386,53.32927],[-6.33407,53.32917]],[[-6.33407,53.32917],[-6.33434,53.32905]],[[-6.33434,53.32905],[-6.33441,53.32901]],[[-6.33441,53.32901],[-6.33457,53.32895]],[[-6.33457,53.32895],[-6.33484,53.32885]],[[-6.33484,53.32885],[-6.33501,53.32879]],[[-6.33501,53.32879],[-6.33517,53.32873]],[[-6.33517,53.32873],[-6.33552,53.32862]],[[-6.33552,53.32862],[-6.33567,53.32857]],[[-6.33567,53.32857],[-6.33587,53.32852]],[[-6.33587,53.32852],[-6.33624,53.32843]],[[-6.33624,53.32843],[-6.33657,53.32834]],[[-6.33657,53.32834],[-6.33678,53.3283]],[[-6.33678,53.3283],[-6.337,53.32824]],[[-6.337,53.32824],[-6.33729,53.32818]],[[-6.33729,53.32818],[-6.33764,53.3281]],[[-6.33764,53.3281],[-6.33782,53.32805]],[[-6.33782,53.32805],[-6.33832,53.32793]],[[-6.33832,53.32793],[-6.33866,53.32785]],[[-6.33866,53.32785],[-6.33899,53.32777]],[[-6.33899,53.32777],[-6.33929,53.3277]],[[-6.33929,53.3277],[-6.33959,53.32763]],[[-6.33959,53.32763],[-6.34006,53.32751]],[[-6.34006,53.32751],[-6.34044,53.32742]],[[-6.34044,53.32742],[-6.34083,53.32732]],[[-6.34083,53.32732],[-6.34124,53.32722]],[[-6.34124,53.32722],[-6.34172,53.3271]],[[-6.34172,53.3271],[-6.34212,53.327]],[[-6.34212,53.327],[-6.34255,53.3269]],[[-6.34255,53.3269],[-6.34277,53.32684]],[[-6.34277,53.32684],[-6.3429,53.3268]],[[-6.3429,53.3268],[-6.3431,53.32674]],[[-6.3431,53.32674],[-6.34355,53.32662]],[[-6.34355,53.32662],[-6.34375,53.32656]],[[-6.34375,53.32656],[-6.34402,53.32649]],[[-6.34402,53.32649],[-6.34452,53.32635]],[[-6.34452,53.32635],[-6.34467,53.3263]],[[-6.34467,53.3263],[-6.34503,53.3262]],[[-6.34503,53.3262],[-6.34548,53.32608]],[[-6.34548,53.32608],[-6.34585,53.32597]],[[-6.34585,53.32597],[-6.3461,53.3259]],[[-6.3461,53.3259],[-6.34642,53.3258]],[[-6.34642,53.3258],[-6.34679,53.32568]],[[-6.34679,53.32568],[-6.34721,53.32555]],[[-6.34721,53.32555],[-6.3478,53.32535]],[[-6.3478,53.32535],[-6.34836,53.32515]],[[-6.34836,53.32515],[-6.34911,53.32488]],[[-6.34911,53.32488],[-6.34954,53.32472]],[[-6.34954,53.32472],[-6.35012,53.32451]],[[-6.35012,53.32451],[-6.35061,53.32434]],[[-6.35061,53.32434],[-6.35094,53.32422]],[[-6.35094,53.32422],[-6.3512,53.32413]],[[-6.3512,53.32413],[-6.35158,53.32399]],[[-6.35158,53.32399],[-6.35169,53.32395]],[[-6.35169,53.32395],[-6.35189,53.32388]],[[-6.35189,53.32388],[-6.352,53.32384]],[[-6.352,53.32384],[-6.35255,53.32363]],[[-6.35255,53.32363],[-6.35285,53.32353]],[[-6.35285,53.32353],[-6.35307,53.32344]],[[-6.35307,53.32344],[-6.35347,53.3233]],[[-6.35347,53.3233],[-6.35391,53.32314]],[[-6.35391,53.32314],[-6.35417,53.32304]],[[-6.35417,53.32304],[-6.3545,53.32293]],[[-6.3545,53.32293],[-6.35468,53.32286]],[[-6.35468,53.32286],[-6.35501,53.32274]],[[-6.35501,53.32274],[-6.35543,53.32259]],[[-6.35543,53.32259],[-6.35594,53.3224]],[[-6.35594,53.3224],[-6.35624,53.32229]],[[-6.35624,53.32229],[-6.35681,53.32209]],[[-6.35681,53.32209],[-6.3574,53.32188]],[[-6.3574,53.32188],[-6.35798,53.32168]],[[-6.35798,53.32168],[-6.35856,53.32146]],[[-6.35856,53.32146],[-6.35914,53.32126]],[[-6.35914,53.32126],[-6.35971,53.32105]],[[-6.35971,53.32105],[-6.36029,53.32084]],[[-6.36029,53.32084],[-6.36087,53.32063]],[[-6.36087,53.32063],[-6.36145,53.32043]],[[-6.36145,53.32043],[-6.36203,53.32022]],[[-6.36203,53.32022],[-6.36261,53.32001]],[[-6.36261,53.32001],[-6.36311,53.31982]],[[-6.36311,53.31982],[-6.36385,53.31955]],[[-6.36385,53.31955],[-6.36423,53.31942]],[[-6.36423,53.31942],[-6.3646,53.31928]],[[-6.3646,53.31928],[-6.36479,53.31922]],[[-6.36479,53.31922],[-6.36497,53.31916]],[[-6.36497,53.31916],[-6.36515,53.31911]],[[-6.36515,53.31911],[-6.36529,53.31908]],[[-6.36529,53.31908],[-6.36546,53.31904]],[[-6.36546,53.31904],[-6.36565,53.31901]],[[-6.36565,53.31901],[-6.36586,53.31899]],[[-6.36586,53.31899],[-6.36602,53.31898]],[[-6.36602,53.31898],[-6.36621,53.31897]],[[-6.36621,53.31897],[-6.36634,53.31897]],[[-6.36634,53.31897],[-6.36648,53.31897]],[[-6.36648,53.31897],[-6.36676,53.31897]],[[-6.36676,53.31897],[-6.36699,53.31897]],[[-6.36699,53.31897],[-6.36726,53.31896]],[[-6.36726,53.31896],[-6.36741,53.31895]],[[-6.36741,53.31895],[-6.36756,53.31894]],[[-6.36756,53.31894],[-6.3678,53.31891]],[[-6.3678,53.31891],[-6.36799,53.31889]],[[-6.36799,53.31889],[-6.36811,53.31887]],[[-6.36811,53.31887],[-6.3682,53.31885]]]},"properties":{"id":"osm:way/338482200","mode":"luas","name":"Luas"}},{"type":"Feature","geometry":{"type":"LineString","coordinates":[[-6.30572,53.3369],[-6.30628,53.33675]]},"properties":{"id":"osm:way/338482201","mode":"luas","name":"Luas"}},{"type":"Feature","geometry":{"type":"MultiLineString","coordinates":[[[-6.14956,53.40959],[-6.14952,53.4094]],[[-6.14952,53.4094],[-6.1494,53.40883]],[[-6.1494,53.40883],[-6.14928,53.40826]],[[-6.14928,53.40826],[-6.14918,53.40779]],[[-6.14918,53.40779],[-6.14907,53.40728]],[[-6.14907,53.40728],[-6.14898,53.40688]]]},"properties":{"id":"osm:way/338488723","mode":"rail","name":"Irish Rail"}},{"type":"Feature","geometry":{"type":"LineString","coordinates":[[-6.1496,53.40978],[-6.14956,53.40959]]},"properties":{"id":"osm:way/338488724","mode":"rail","name":"Irish Rail"}},{"type":"Feature","geometry":{"type":"MultiLineString","coordinates":[[[-6.15185,53.4203],[-6.15183,53.42019]],[[-6.15183,53.42019],[-6.15165,53.41934]],[[-6.15165,53.41934],[-6.15146,53.41847]],[[-6.15146,53.41847],[-6.15141,53.41825]],[[-6.15141,53.41825],[-6.15134,53.41791]],[[-6.15134,53.41791],[-6.1513,53.41768]],[[-6.1513,53.41768],[-6.15111,53.41684]],[[-6.15111,53.41684],[-6.15077,53.41526]],[[-6.15077,53.41526],[-6.15051,53.41404]],[[-6.15051,53.41404],[-6.15029,53.41294]],[[-6.15029,53.41294],[-6.15003,53.41178]],[[-6.15003,53.41178],[-6.14972,53.41034]],[[-6.14972,53.41034],[-6.14964,53.40997]],[[-6.14964,53.40997],[-6.1496,53.40978]]]},"properties":{"id":"osm:way/338488725","mode":"rail","name":"Irish Rail"}},{"type":"Feature","geometry":{"type":"LineString","coordinates":[[-6.1519,53.42051],[-6.15185,53.4203]]},"properties":{"id":"osm:way/338488726","mode":"rail","name":"Irish Rail"}},{"type":"Feature","geometry":{"type":"LineString","coordinates":[[-6.15285,53.42498],[-6.15282,53.42485]]},"properties":{"id":"osm:way/338488727","mode":"rail","name":"Irish Rail"}},{"type":"Feature","geometry":{"type":"MultiLineString","coordinates":[[[-6.15282,53.42485],[-6.15274,53.42445]],[[-6.15274,53.42445],[-6.15253,53.42348]],[[-6.15253,53.42348],[-6.15233,53.42251]],[[-6.15233,53.42251],[-6.1522,53.42191]],[[-6.1522,53.42191],[-6.152,53.42097]],[[-6.152,53.42097],[-6.1519,53.42051]]]},"properties":{"id":"osm:way/338488728","mode":"rail","name":"Irish Rail"}},{"type":"Feature","geometry":{"type":"LineString","coordinates":[[-6.15358,53.42841],[-6.15355,53.42825]]},"properties":{"id":"osm:way/338489376","mode":"rail","name":"Irish Rail"}},{"type":"Feature","geometry":{"type":"MultiLineString","coordinates":[[[-6.15355,53.42825],[-6.15346,53.4278]],[[-6.15346,53.4278],[-6.15317,53.42643]],[[-6.15317,53.42643],[-6.15294,53.42539]],[[-6.15294,53.42539],[-6.15285,53.42498]]]},"properties":{"id":"osm:way/338489377","mode":"rail","name":"Irish Rail"}},{"type":"Feature","geometry":{"type":"LineString","coordinates":[[-6.1541,53.43081],[-6.15407,53.43067]]},"properties":{"id":"osm:way/338489378","mode":"rail","name":"Irish Rail"}},{"type":"Feature","geometry":{"type":"MultiLineString","coordinates":[[[-6.15407,53.43067],[-6.15403,53.43051]],[[-6.15403,53.43051],[-6.15399,53.43032]],[[-6.15399,53.43032],[-6.15383,53.4296]],[[-6.15383,53.4296],[-6.15363,53.42865]],[[-6.15363,53.42865],[-6.15358,53.42841]]]},"properties":{"id":"osm:way/338489379","mode":"rail","name":"Irish Rail"}},{"type":"Feature","geometry":{"type":"MultiLineString","coordinates":[[[-6.15635,53.45217],[-6.15656,53.45069]],[[-6.15656,53.45069],[-6.15663,53.4502]],[[-6.15663,53.4502],[-6.15665,53.45007]]]},"properties":{"id":"osm:way/338491165","mode":"rail","name":"Irish Rail"}},{"type":"Feature","geometry":{"type":"LineString","coordinates":[[-6.15634,53.45225],[-6.15635,53.45217]]},"properties":{"id":"osm:way/338491166","mode":"rail","name":"Irish Rail"}},{"type":"Feature","geometry":{"type":"MultiLineString","coordinates":[[[-6.1553,53.45937],[-6.15535,53.45899]],[[-6.15535,53.45899],[-6.15543,53.45853]],[[-6.15543,53.45853],[-6.15549,53.45815]],[[-6.15549,53.45815],[-6.15552,53.45791]],[[-6.15552,53.45791],[-6.15554,53.45771]]]},"properties":{"id":"osm:way/338491167","mode":"rail","name":"Irish Rail"}},{"type":"Feature","geometry":{"type":"MultiLineString","coordinates":[[[-6.15634,53.45225],[-6.15619,53.45329]],[[-6.15619,53.45329],[-6.15614,53.45363]],[[-6.15614,53.45363],[-6.15609,53.45396]],[[-6.15609,53.45396],[-6.15602,53.45444]],[[-6.15602,53.45444],[-6.15554,53.45771]]]},"properties":{"id":"osm:way/338491168","mode":"rail","name":"Irish Rail"}},{"type":"Feature","geometry":{"type":"MultiLineString","coordinates":[[[-6.14969,53.40003],[-6.14966,53.40021]],[[-6.14966,53.40021],[-6.14964,53.40031]],[[-6.14964,53.40031],[-6.14961,53.40047]],[[-6.14961,53.40047],[-6.14954,53.40084]],[[-6.14954,53.40084],[-6.14949,53.40116]],[[-6.14949,53.40116],[-6.14943,53.40149]],[[-6.14943,53.40149],[-6.14939,53.40175]],[[-6.14939,53.40175],[-6.14935,53.40198]],[[-6.14935,53.40198],[-6.14929,53.40221]],[[-6.14929,53.40221],[-6.14925,53.40236]],[[-6.14925,53.40236],[-6.1492,53.40255]],[[-6.1492,53.40255],[-6.14913,53.40286]],[[-6.14913,53.40286],[-6.14908,53.40312]],[[-6.14908,53.40312],[-6.14902,53.40345]],[[-6.14902,53.40345],[-6.14895,53.4039]],[[-6.14895,53.4039],[-6.14889,53.40439]],[[-6.14889,53.40439],[-6.14885,53.40482]],[[-6.14885,53.40482],[-6.14883,53.40524]],[[-6.14883,53.40524],[-6.14882,53.40547]],[[-6.14882,53.40547],[-6.14883,53.4056]],[[-6.14883,53.4056],[-6.14883,53.40574]]]},"properties":{"id":"osm:way/338492229","mode":"rail","name":"Irish Rail"}},{"type":"Feature","geometry":{"type":"MultiLineString","coordinates":[[[-6.37021,53.38168],[-6.36979,53.38172]],[[-6.36979,53.38172],[-6.36872,53.38185]],[[-6.36872,53.38185],[-6.36749,53.38199]],[[-6.36749,53.38199],[-6.36616,53.38213]],[[-6.36616,53.38213],[-6.36474,53.38228]],[[-6.36474,53.38228],[-6.36412,53.38235]],[[-6.36412,53.38235],[-6.36378,53.38237]]]},"properties":{"id":"osm:way/338675972","mode":"rail","name":"Irish Rail"}},{"type":"Feature","geometry":{"type":"MultiLineString","coordinates":[[[-6.33603,53.33905],[-6.33662,53.33894]],[[-6.33662,53.33894],[-6.33691,53.33891]],[[-6.33691,53.33891],[-6.33707,53.3389]],[[-6.33707,53.3389],[-6.33742,53.3389]]]},"properties":{"id":"osm:way/339201753","mode":"rail","name":"Irish Rail"}},{"type":"Feature","geometry":{"type":"MultiLineString","coordinates":[[[-6.33605,53.33909],[-6.33632,53.33904]],[[-6.33632,53.33904],[-6.33656,53.33901]],[[-6.33656,53.33901],[-6.33709,53.33895]],[[-6.33709,53.33895],[-6.33727,53.33895]],[[-6.33727,53.33895],[-6.3379,53.3389]]]},"properties":{"id":"osm:way/339201756","mode":"rail","name":"Irish Rail"}},{"type":"Feature","geometry":{"type":"MultiLineString","coordinates":[[[-6.33607,53.33914],[-6.33648,53.33907]],[[-6.33648,53.33907],[-6.33688,53.339]],[[-6.33688,53.339],[-6.337,53.33898]],[[-6.337,53.33898],[-6.33727,53.33895]]]},"properties":{"id":"osm:way/339201759","mode":"rail","name":"Irish Rail"}},{"type":"Feature","geometry":{"type":"MultiLineString","coordinates":[[[-6.3361,53.33919],[-6.33651,53.3391]],[[-6.33651,53.3391],[-6.33688,53.339]]]},"properties":{"id":"osm:way/339201762","mode":"rail","name":"Irish Rail"}},{"type":"Feature","geometry":{"type":"MultiLineString","coordinates":[[[-6.14883,53.40574],[-6.14887,53.40605]],[[-6.14887,53.40605],[-6.14892,53.40632]],[[-6.14892,53.40632],[-6.14901,53.40677]]]},"properties":{"id":"osm:way/339548736","mode":"rail","name":"Irish Rail"}},{"type":"Feature","geometry":{"type":"MultiLineString","coordinates":[[[-6.14877,53.40574],[-6.14875,53.4056]],[[-6.14875,53.4056],[-6.14873,53.40528]],[[-6.14873,53.40528],[-6.1487,53.405]],[[-6.1487,53.405],[-6.14869,53.40465]],[[-6.14869,53.40465],[-6.1487,53.40432]],[[-6.1487,53.40432],[-6.14872,53.40393]],[[-6.14872,53.40393],[-6.14875,53.40361]],[[-6.14875,53.40361],[-6.14879,53.40331]],[[-6.14879,53.40331],[-6.14885,53.40302]],[[-6.14885,53.40302],[-6.14898,53.40248]],[[-6.14898,53.40248],[-6.14903,53.40223]],[[-6.14903,53.40223],[-6.14911,53.40194]],[[-6.14911,53.40194],[-6.14919,53.40165]],[[-6.14919,53.40165],[-6.14927,53.40137]],[[-6.14927,53.40137],[-6.14935,53.40109]],[[-6.14935,53.40109],[-6.14948,53.40063]],[[-6.14948,53.40063],[-6.14952,53.40046]],[[-6.14952,53.40046],[-6.14962,53.40013]]]},"properties":{"id":"osm:way/339548737","mode":"rail","name":"Irish Rail"}},{"type":"Feature","geometry":{"type":"MultiLineString","coordinates":[[[-6.14962,53.40013],[-6.14971,53.39979]],[[-6.14971,53.39979],[-6.14981,53.39944]],[[-6.14981,53.39944],[-6.14996,53.39891]],[[-6.14996,53.39891],[-6.15002,53.3987]],[[-6.15002,53.3987],[-6.15013,53.39831]],[[-6.15013,53.39831],[-6.15021,53.39807]],[[-6.15021,53.39807],[-6.1503,53.39781]],[[-6.1503,53.39781],[-6.15036,53.39764]],[[-6.15036,53.39764],[-6.15046,53.3974]],[[-6.15046,53.3974],[-6.15054,53.39722]],[[-6.15054,53.39722],[-6.15065,53.397]],[[-6.15065,53.397],[-6.1508,53.39669]],[[-6.1508,53.39669],[-6.15088,53.39654]],[[-6.15088,53.39654],[-6.15095,53.39641]],[[-6.15095,53.39641],[-6.15106,53.39622]],[[-6.15106,53.39622],[-6.1512,53.396]],[[-6.1512,53.396],[-6.15128,53.39586]],[[-6.15128,53.39586],[-6.15138,53.39571]],[[-6.15138,53.39571],[-6.15159,53.39541]],[[-6.15159,53.39541],[-6.15171,53.39524]],[[-6.15171,53.39524],[-6.15191,53.39498]],[[-6.15191,53.39498],[-6.15214,53.39468]],[[-6.15214,53.39468],[-6.15238,53.3944]],[[-6.15238,53.3944],[-6.15263,53.39413]],[[-6.15263,53.39413],[-6.15288,53.39385]],[[-6.15288,53.39385],[-6.15312,53.3936]],[[-6.15312,53.3936],[-6.15337,53.39336]],[[-6.15337,53.39336],[-6.15365,53.3931]],[[-6.15365,53.3931],[-6.15392,53.39286]],[[-6.15392,53.39286],[-6.15433,53.39253]]]},"properties":{"id":"osm:way/339548738","mode":"rail","name":"Irish Rail"}},{"type":"Feature","geometry":{"type":"MultiLineString","coordinates":[[[-6.14969,53.40003],[-6.14963,53.40025]],[[-6.14963,53.40025],[-6.14955,53.40057]],[[-6.14955,53.40057],[-6.14938,53.40116]],[[-6.14938,53.40116],[-6.14918,53.40189]],[[-6.14918,53.40189],[-6.14906,53.40234]],[[-6.14906,53.40234],[-6.14902,53.40248]],[[-6.14902,53.40248],[-6.14891,53.40297]],[[-6.14891,53.40297],[-6.14887,53.40319]],[[-6.14887,53.40319],[-6.14884,53.40335]],[[-6.14884,53.40335],[-6.14881,53.40359]],[[-6.14881,53.40359],[-6.14879,53.4038]],[[-6.14879,53.4038],[-6.14876,53.40416]],[[-6.14876,53.40416],[-6.14875,53.40465]],[[-6.14875,53.40465],[-6.14877,53.40519]],[[-6.14877,53.40519],[-6.14879,53.40542]],[[-6.14879,53.40542],[-6.14881,53.40557]],[[-6.14881,53.40557],[-6.14883,53.40574]]]},"properties":{"id":"osm:way/339548739","mode":"rail","name":"Irish Rail"}},{"type":"Feature","geometry":{"type":"MultiLineString","coordinates":[[[-6.25786,53.33915],[-6.25868,53.33936]],[[-6.25868,53.33936],[-6.25875,53.33938]],[[-6.25875,53.33938],[-6.2588,53.33939]],[[-6.2588,53.33939],[-6.2589,53.33941]],[[-6.2589,53.33941],[-6.25898,53.33942]],[[-6.25898,53.33942],[-6.25924,53.33949]]]},"properties":{"id":"osm:way/339696021","mode":"luas","name":"Luas"}},{"type":"Feature","geometry":{"type":"MultiLineString","coordinates":[[[-6.25424,53.34945],[-6.25416,53.34954]],[[-6.25416,53.34954],[-6.25395,53.34976]]]},"properties":{"id":"osm:way/340514361","mode":"rail","name":"Irish Rail"}},{"type":"Feature","geometry":{"type":"MultiLineString","coordinates":[[[-6.25414,53.34947],[-6.25424,53.34934]],[[-6.25424,53.34934],[-6.25437,53.34912]]]},"properties":{"id":"osm:way/340514364","mode":"rail","name":"Irish Rail"}},{"type":"Feature","geometry":{"type":"MultiLineString","coordinates":[[[-6.25437,53.34912],[-6.25444,53.349]],[[-6.25444,53.349],[-6.25455,53.34871]],[[-6.25455,53.34871],[-6.25458,53.34863]],[[-6.25458,53.34863],[-6.25462,53.34841]]]},"properties":{"id":"osm:way/340514367","mode":"rail","name":"Irish Rail"}},{"type":"Feature","geometry":{"type":"MultiLineString","coordinates":[[[-6.25448,53.34908],[-6.25441,53.34922]],[[-6.25441,53.34922],[-6.25424,53.34945]]]},"properties":{"id":"osm:way/340514370","mode":"rail","name":"Irish Rail"}},{"type":"Feature","geometry":{"type":"MultiLineString","coordinates":[[[-6.25468,53.34842],[-6.25466,53.34855]],[[-6.25466,53.34855],[-6.25465,53.34864]],[[-6.25465,53.34864],[-6.25462,53.34875]],[[-6.25462,53.34875],[-6.25455,53.34893]],[[-6.25455,53.34893],[-6.25454,53.34894]],[[-6.25454,53.34894],[-6.25448,53.34908]]]},"properties":{"id":"osm:way/340514372","mode":"rail","name":"Irish Rail"}},{"type":"Feature","geometry":{"type":"LineString","coordinates":[[-6.25462,53.34841],[-6.25461,53.34817]]},"properties":{"id":"osm:way/340514375","mode":"rail","name":"Irish Rail"}},{"type":"Feature","geometry":{"type":"MultiLineString","coordinates":[[[-6.25461,53.34817],[-6.25461,53.34811]],[[-6.25461,53.34811],[-6.2546,53.34798]],[[-6.2546,53.34798],[-6.25458,53.34787]],[[-6.25458,53.34787],[-6.25454,53.34774]],[[-6.25454,53.34774],[-6.25452,53.34766]]]},"properties":{"id":"osm:way/340514377","mode":"rail","name":"Irish Rail"}},{"type":"Feature","geometry":{"type":"LineString","coordinates":[[-6.25468,53.34816],[-6.25468,53.34842]]},"properties":{"id":"osm:way/340514380","mode":"rail","name":"Irish Rail"}},{"type":"Feature","geometry":{"type":"MultiLineString","coordinates":[[[-6.3699,53.31796],[-6.36997,53.31788]],[[-6.36997,53.31788],[-6.37002,53.31779]]]},"properties":{"id":"osm:way/340550842","mode":"luas","name":"Luas"}},{"type":"Feature","geometry":{"type":"MultiLineString","coordinates":[[[-6.25629,53.32668],[-6.25638,53.32699]],[[-6.25638,53.32699],[-6.25643,53.32717]],[[-6.25643,53.32717],[-6.25649,53.32736]],[[-6.25649,53.32736],[-6.25653,53.3275]],[[-6.25653,53.3275],[-6.25657,53.32765]],[[-6.25657,53.32765],[-6.25663,53.32781]],[[-6.25663,53.32781],[-6.25669,53.32797]],[[-6.25669,53.32797],[-6.25677,53.32815]],[[-6.25677,53.32815],[-6.25684,53.32831]],[[-6.25684,53.32831],[-6.25687,53.32837]],[[-6.25687,53.32837],[-6.25692,53.32846]],[[-6.25692,53.32846],[-6.25696,53.32853]]]},"properties":{"id":"osm:way/340553001","mode":"luas","name":"Luas"}},{"type":"Feature","geometry":{"type":"MultiLineString","coordinates":[[[-6.25625,53.32669],[-6.25614,53.3263]],[[-6.25614,53.3263],[-6.25611,53.32621]],[[-6.25611,53.32621],[-6.25608,53.32609]]]},"properties":{"id":"osm:way/340553002","mode":"luas","name":"Luas"}},{"type":"Feature","geometry":{"type":"MultiLineString","coordinates":[[[-6.25691,53.32854],[-6.25687,53.32846]],[[-6.25687,53.32846],[-6.25683,53.32838]],[[-6.25683,53.32838],[-6.25681,53.32833]],[[-6.25681,53.32833],[-6.25677,53.32824]],[[-6.25677,53.32824],[-6.25671,53.32811]],[[-6.25671,53.32811],[-6.25666,53.328]],[[-6.25666,53.328],[-6.25662,53.32791]],[[-6.25662,53.32791],[-6.25658,53.3278]],[[-6.25658,53.3278],[-6.25653,53.32767]],[[-6.25653,53.32767],[-6.25649,53.32753]],[[-6.25649,53.32753],[-6.25646,53.32744]],[[-6.25646,53.32744],[-6.25643,53.32734]],[[-6.25643,53.32734],[-6.25641,53.32724]],[[-6.25641,53.32724],[-6.25637,53.32712]],[[-6.25637,53.32712],[-6.25633,53.32698]],[[-6.25633,53.32698],[-6.25625,53.32669]]]},"properties":{"id":"osm:way/340553003","mode":"luas","name":"Luas"}},{"type":"Feature","geometry":{"type":"LineString","coordinates":[[-6.25698,53.32866],[-6.25691,53.32854]]},"properties":{"id":"osm:way/340553004","mode":"luas","name":"Luas"}},{"type":"Feature","geometry":{"type":"MultiLineString","coordinates":[[[-6.25702,53.32865],[-6.25709,53.32877]],[[-6.25709,53.32877],[-6.25716,53.32888]],[[-6.25716,53.32888],[-6.25721,53.32895]],[[-6.25721,53.32895],[-6.25731,53.32911]],[[-6.25731,53.32911],[-6.25745,53.3293]],[[-6.25745,53.3293],[-6.25754,53.32942]]]},"properties":{"id":"osm:way/340553005","mode":"luas","name":"Luas"}},{"type":"Feature","geometry":{"type":"MultiLineString","coordinates":[[[-6.25696,53.32853],[-6.25698,53.32858]],[[-6.25698,53.32858],[-6.25702,53.32865]]]},"properties":{"id":"osm:way/340553006","mode":"luas","name":"Luas"}},{"type":"Feature","geometry":{"type":"MultiLineString","coordinates":[[[-6.2575,53.32943],[-6.25744,53.32936]],[[-6.25744,53.32936],[-6.25737,53.32926]],[[-6.25737,53.32926],[-6.25733,53.3292]],[[-6.25733,53.3292],[-6.25726,53.3291]],[[-6.25726,53.3291],[-6.25721,53.32903]],[[-6.25721,53.32903],[-6.25715,53.32894]],[[-6.25715,53.32894],[-6.25707,53.32882]],[[-6.25707,53.32882],[-6.257,53.32871]],[[-6.257,53.32871],[-6.25698,53.32866]]]},"properties":{"id":"osm:way/340553007","mode":"luas","name":"Luas"}},{"type":"Feature","geometry":{"type":"MultiLineString","coordinates":[[[-6.25754,53.32942],[-6.25757,53.32946]],[[-6.25757,53.32946],[-6.25766,53.32956]]]},"properties":{"id":"osm:way/340553008","mode":"luas","name":"Luas"}},{"type":"Feature","geometry":{"type":"MultiLineString","coordinates":[[[-6.25766,53.32956],[-6.25771,53.32962]],[[-6.25771,53.32962],[-6.25779,53.32971]],[[-6.25779,53.32971],[-6.2579,53.32983]],[[-6.2579,53.32983],[-6.25799,53.32992]],[[-6.25799,53.32992],[-6.2581,53.33003]],[[-6.2581,53.33003],[-6.25815,53.33009]],[[-6.25815,53.33009],[-6.25822,53.33016]],[[-6.25822,53.33016],[-6.25837,53.33031]],[[-6.25837,53.33031],[-6.25844,53.33037]],[[-6.25844,53.33037],[-6.25849,53.33043]],[[-6.25849,53.33043],[-6.25852,53.33046]]]},"properties":{"id":"osm:way/340553009","mode":"luas","name":"Luas"}},{"type":"Feature","geometry":{"type":"LineString","coordinates":[[-6.25762,53.32957],[-6.2575,53.32943]]},"properties":{"id":"osm:way/340553010","mode":"luas","name":"Luas"}},{"type":"Feature","geometry":{"type":"MultiLineString","coordinates":[[[-6.29104,53.37091],[-6.29161,53.371]],[[-6.29161,53.371],[-6.29253,53.37114]],[[-6.29253,53.37114],[-6.29298,53.37122]],[[-6.29298,53.37122],[-6.29327,53.37128]],[[-6.29327,53.37128],[-6.29426,53.37149]],[[-6.29426,53.37149],[-6.29537,53.37173]],[[-6.29537,53.37173],[-6.29609,53.37188]],[[-6.29609,53.37188],[-6.29636,53.37194]]]},"properties":{"id":"osm:way/344362999","mode":"luas","name":"Luas"}},{"type":"Feature","geometry":{"type":"MultiLineString","coordinates":[[[-6.29162,53.34619],[-6.29162,53.34613]],[[-6.29162,53.34613],[-6.29161,53.34606]],[[-6.29161,53.34606],[-6.29158,53.34592]],[[-6.29158,53.34592],[-6.29157,53.34582]],[[-6.29157,53.34582],[-6.29156,53.34578]],[[-6.29156,53.34578],[-6.29151,53.34548]],[[-6.29151,53.34548],[-6.29149,53.34537]],[[-6.29149,53.34537],[-6.29148,53.34529]],[[-6.29148,53.34529],[-6.29143,53.34499]],[[-6.29143,53.34499],[-6.29135,53.34454]],[[-6.29135,53.34454],[-6.29126,53.34395]],[[-6.29126,53.34395],[-6.2912,53.34361]],[[-6.2912,53.34361],[-6.29118,53.34353]]]},"properties":{"id":"osm:way/344548754","mode":"luas","name":"Luas"}},{"type":"Feature","geometry":{"type":"LineString","coordinates":[[-6.14095,53.29634],[-6.14011,53.29628]]},"properties":{"id":"osm:way/344836143","mode":"rail","name":"Irish Rail"}},{"type":"Feature","geometry":{"type":"MultiLineString","coordinates":[[[-6.11727,53.39203],[-6.11717,53.39203]],[[-6.11717,53.39203],[-6.11693,53.39203]],[[-6.11693,53.39203],[-6.11656,53.39202]],[[-6.11656,53.39202],[-6.11608,53.39202]],[[-6.11608,53.39202],[-6.1155,53.39202]],[[-6.1155,53.39202],[-6.11475,53.39199]],[[-6.11475,53.39199],[-6.11415,53.39197]],[[-6.11415,53.39197],[-6.11352,53.39196]],[[-6.11352,53.39196],[-6.1127,53.39193]],[[-6.1127,53.39193],[-6.11203,53.39191]],[[-6.11203,53.39191],[-6.11101,53.39188]],[[-6.11101,53.39188],[-6.1084,53.3918]],[[-6.1084,53.3918],[-6.1068,53.39176]],[[-6.1068,53.39176],[-6.10589,53.39173]],[[-6.10589,53.39173],[-6.10498,53.3917]],[[-6.10498,53.3917],[-6.10444,53.39168]],[[-6.10444,53.39168],[-6.1039,53.39167]],[[-6.1039,53.39167],[-6.10202,53.39161]],[[-6.10202,53.39161],[-6.10118,53.39158]],[[-6.10118,53.39158],[-6.10044,53.39156]],[[-6.10044,53.39156],[-6.09952,53.39153]],[[-6.09952,53.39153],[-6.09782,53.39148]],[[-6.09782,53.39148],[-6.09713,53.39146]],[[-6.09713,53.39146],[-6.09561,53.39141]]]},"properties":{"id":"osm:way/345061297","mode":"rail","name":"Irish Rail"}},{"type":"Feature","geometry":{"type":"MultiLineString","coordinates":[[[-6.34521,53.3376],[-6.34603,53.33744]],[[-6.34603,53.33744],[-6.34719,53.33721]],[[-6.34719,53.33721],[-6.34938,53.33678]]]},"properties":{"id":"osm:way/345684204","mode":"rail","name":"Irish Rail"}},{"type":"Feature","geometry":{"type":"MultiLineString","coordinates":[[[-6.38267,53.33362],[-6.3837,53.33354]],[[-6.3837,53.33354],[-6.3855,53.33341]],[[-6.3855,53.33341],[-6.38746,53.33325]],[[-6.38746,53.33325],[-6.38928,53.33311]],[[-6.38928,53.33311],[-6.39099,53.33298]],[[-6.39099,53.33298],[-6.39182,53.33293]],[[-6.39182,53.33293],[-6.39264,53.33289]],[[-6.39264,53.33289],[-6.39366,53.33287]],[[-6.39366,53.33287],[-6.39415,53.33286]],[[-6.39415,53.33286],[-6.39525,53.33287]],[[-6.39525,53.33287],[-6.39604,53.33289]],[[-6.39604,53.33289],[-6.3972,53.33294]],[[-6.3972,53.33294],[-6.39893,53.33301]],[[-6.39893,53.33301],[-6.40023,53.33306]],[[-6.40023,53.33306],[-6.4019,53.33313]],[[-6.4019,53.33313],[-6.40297,53.33318]],[[-6.40297,53.33318],[-6.40465,53.33325]],[[-6.40465,53.33325],[-6.40602,53.33331]],[[-6.40602,53.33331],[-6.40777,53.33338]],[[-6.40777,53.33338],[-6.40836,53.33341]],[[-6.40836,53.33341],[-6.4088,53.33343]],[[-6.4088,53.33343],[-6.41011,53.33349]],[[-6.41011,53.33349],[-6.41123,53.33354]],[[-6.41123,53.33354],[-6.41252,53.3336]],[[-6.41252,53.3336],[-6.41399,53.33365]],[[-6.41399,53.33365],[-6.41562,53.33372]],[[-6.41562,53.33372],[-6.41705,53.33379]],[[-6.41705,53.33379],[-6.41875,53.33386]],[[-6.41875,53.33386],[-6.42015,53.33391]],[[-6.42015,53.33391],[-6.422,53.33399]],[[-6.422,53.33399],[-6.42377,53.33407]],[[-6.42377,53.33407],[-6.42523,53.33413]],[[-6.42523,53.33413],[-6.42683,53.3342]],[[-6.42683,53.3342],[-6.42732,53.33422]],[[-6.42732,53.33422],[-6.42867,53.33428]],[[-6.42867,53.33428],[-6.4295,53.33432]]]},"properties":{"id":"osm:way/345684205","mode":"rail","name":"Irish Rail"}},{"type":"Feature","geometry":{"type":"MultiLineString","coordinates":[[[-6.37915,53.38042],[-6.37846,53.38057]],[[-6.37846,53.38057],[-6.37787,53.38068]],[[-6.37787,53.38068],[-6.37728,53.38079]],[[-6.37728,53.38079],[-6.37695,53.38084]],[[-6.37695,53.38084],[-6.37671,53.38088]],[[-6.37671,53.38088],[-6.37631,53.38095]],[[-6.37631,53.38095],[-6.37517,53.38112]],[[-6.37517,53.38112],[-6.3741,53.38125]]]},"properties":{"id":"osm:way/345733270","mode":"rail","name":"Irish Rail"}},{"type":"Feature","geometry":{"type":"MultiLineString","coordinates":[[[-6.35896,53.38216],[-6.35855,53.38208]],[[-6.35855,53.38208],[-6.35814,53.382]],[[-6.35814,53.382],[-6.35698,53.38172]]]},"properties":{"id":"osm:way/345742921","mode":"rail","name":"Irish Rail"}},{"type":"Feature","geometry":{"type":"LineString","coordinates":[[-6.34555,53.37763],[-6.34525,53.37749]]},"properties":{"id":"osm:way/346367515","mode":"rail","name":"Irish Rail"}},{"type":"Feature","geometry":{"type":"MultiLineString","coordinates":[[[-6.35698,53.38172],[-6.35648,53.3816]],[[-6.35648,53.3816],[-6.35482,53.38119]],[[-6.35482,53.38119],[-6.35459,53.38113]],[[-6.35459,53.38113],[-6.35329,53.3808]],[[-6.35329,53.3808],[-6.35262,53.38062]],[[-6.35262,53.38062],[-6.35216,53.38047]],[[-6.35216,53.38047],[-6.3517,53.38032]],[[-6.3517,53.38032],[-6.35148,53.38024]],[[-6.35148,53.38024],[-6.35108,53.38009]],[[-6.35108,53.38009],[-6.35035,53.3798]],[[-6.35035,53.3798],[-6.34946,53.37941]],[[-6.34946,53.37941],[-6.34778,53.37865]],[[-6.34778,53.37865],[-6.34736,53.37846]],[[-6.34736,53.37846],[-6.34714,53.37836]]]},"properties":{"id":"osm:way/346367516","mode":"rail","name":"Irish Rail"}},{"type":"Feature","geometry":{"type":"MultiLineString","coordinates":[[[-6.33361,53.3753],[-6.33446,53.37524]],[[-6.33446,53.37524],[-6.33585,53.37517]],[[-6.33585,53.37517],[-6.33644,53.37516]],[[-6.33644,53.37516],[-6.33699,53.37517]],[[-6.33699,53.37517],[-6.33737,53.37519]],[[-6.33737,53.37519],[-6.33792,53.37524]],[[-6.33792,53.37524],[-6.33896,53.37536]],[[-6.33896,53.37536],[-6.33941,53.37544]],[[-6.33941,53.37544],[-6.3399,53.37553]],[[-6.3399,53.37553],[-6.34043,53.37564]],[[-6.34043,53.37564],[-6.34099,53.37577]],[[-6.34099,53.37577],[-6.34166,53.37596]],[[-6.34166,53.37596],[-6.34219,53.37613]],[[-6.34219,53.37613],[-6.34274,53.37633]],[[-6.34274,53.37633],[-6.34333,53.37658]],[[-6.34333,53.37658],[-6.34371,53.37675]],[[-6.34371,53.37675],[-6.34403,53.37689]],[[-6.34403,53.37689],[-6.34442,53.37707]],[[-6.34442,53.37707],[-6.34536,53.3775]]]},"properties":{"id":"osm:way/346368061","mode":"rail","name":"Irish Rail"}},{"type":"Feature","geometry":{"type":"MultiLineString","coordinates":[[[-6.33361,53.37533],[-6.33306,53.37536]],[[-6.33306,53.37536],[-6.33276,53.37538]],[[-6.33276,53.37538],[-6.33271,53.37538]],[[-6.33271,53.37538],[-6.33242,53.3754]]]},"properties":{"id":"osm:way/346368062","mode":"rail","name":"Irish Rail"}},{"type":"Feature","geometry":{"type":"MultiLineString","coordinates":[[[-6.25175,53.35109],[-6.25145,53.35124]],[[-6.25145,53.35124],[-6.25111,53.35142]]]},"properties":{"id":"osm:way/349890618","mode":"rail","name":"Irish Rail"}},{"type":"Feature","geometry":{"type":"MultiLineString","coordinates":[[[-6.24522,53.35376],[-6.24519,53.35377]],[[-6.24519,53.35377],[-6.24507,53.35383]],[[-6.24507,53.35383],[-6.24492,53.35391]],[[-6.24492,53.35391],[-6.24478,53.354]],[[-6.24478,53.354],[-6.24461,53.3541]],[[-6.24461,53.3541],[-6.24446,53.35419]],[[-6.24446,53.35419],[-6.2443,53.35428]]]},"properties":{"id":"osm:way/349890619","mode":"rail","name":"Irish Rail"}},{"type":"Feature","geometry":{"type":"MultiLineString","coordinates":[[[-6.24527,53.3538],[-6.2452,53.35383]],[[-6.2452,53.35383],[-6.24512,53.35386]],[[-6.24512,53.35386],[-6.24482,53.35402]],[[-6.24482,53.35402],[-6.24471,53.35409]],[[-6.24471,53.35409],[-6.24459,53.35417]],[[-6.24459,53.35417],[-6.24452,53.35421]],[[-6.24452,53.35421],[-6.24446,53.35424]]]},"properties":{"id":"osm:way/349890620","mode":"rail","name":"Irish Rail"}},{"type":"Feature","geometry":{"type":"MultiLineString","coordinates":[[[-6.24852,53.35247],[-6.24869,53.35242]],[[-6.24869,53.35242],[-6.24884,53.35238]],[[-6.24884,53.35238],[-6.24896,53.35233]]]},"properties":{"id":"osm:way/349890622","mode":"rail","name":"Irish Rail"}},{"type":"Feature","geometry":{"type":"LineString","coordinates":[[-6.24847,53.34336],[-6.24827,53.34332]]},"properties":{"id":"osm:way/349890623","mode":"rail","name":"Irish Rail"}},{"type":"Feature","geometry":{"type":"LineString","coordinates":[[-6.24829,53.34328],[-6.2485,53.34333]]},"properties":{"id":"osm:way/349890625","mode":"rail","name":"Irish Rail"}},{"type":"Feature","geometry":{"type":"MultiLineString","coordinates":[[[-6.2485,53.34333],[-6.24936,53.34353]],[[-6.24936,53.34353],[-6.24941,53.34354]]]},"properties":{"id":"osm:way/349890626","mode":"rail","name":"Irish Rail"}},{"type":"Feature","geometry":{"type":"MultiLineString","coordinates":[[[-6.25313,53.34597],[-6.25358,53.34633]],[[-6.25358,53.34633],[-6.2539,53.34661]]]},"properties":{"id":"osm:way/349890627","mode":"rail","name":"Irish Rail"}},{"type":"Feature","geometry":{"type":"LineString","coordinates":[[-6.25289,53.34577],[-6.25313,53.34597]]},"properties":{"id":"osm:way/349890628","mode":"rail","name":"Irish Rail"}},{"type":"Feature","geometry":{"type":"MultiLineString","coordinates":[[[-6.24471,53.35385],[-6.24438,53.35401]],[[-6.24438,53.35401],[-6.24363,53.3544]]]},"properties":{"id":"osm:way/349891852","mode":"rail","name":"Irish Rail"}},{"type":"Feature","geometry":{"type":"MultiLineString","coordinates":[[[-6.24581,53.35334],[-6.24579,53.35335]],[[-6.24579,53.35335],[-6.24568,53.3534]],[[-6.24568,53.3534],[-6.24545,53.35353]],[[-6.24545,53.35353],[-6.24534,53.35358]]]},"properties":{"id":"osm:way/349891853","mode":"rail","name":"Irish Rail"}},{"type":"Feature","geometry":{"type":"LineString","coordinates":[[-6.2446,53.35396],[-6.24408,53.35428]]},"properties":{"id":"osm:way/349891854","mode":"rail","name":"Irish Rail"}},{"type":"Feature","geometry":{"type":"MultiLineString","coordinates":[[[-6.2408,53.35671],[-6.24077,53.35684]],[[-6.24077,53.35684],[-6.24074,53.35697]],[[-6.24074,53.35697],[-6.24071,53.35712]]]},"properties":{"id":"osm:way/349891856","mode":"rail","name":"Irish Rail"}},{"type":"Feature","geometry":{"type":"MultiLineString","coordinates":[[[-6.15679,53.44322],[-6.15699,53.44414]],[[-6.15699,53.44414],[-6.15707,53.44456]]]},"properties":{"id":"osm:way/349909077","mode":"rail","name":"Irish Rail"}},{"type":"Feature","geometry":{"type":"MultiLineString","coordinates":[[[-6.15707,53.44456],[-6.15712,53.44478]],[[-6.15712,53.44478],[-6.15718,53.44518]],[[-6.15718,53.44518],[-6.15721,53.44549]],[[-6.15721,53.44549],[-6.15723,53.44584]],[[-6.15723,53.44584],[-6.15723,53.44618]],[[-6.15723,53.44618],[-6.15721,53.44654]],[[-6.15721,53.44654],[-6.15718,53.44683]],[[-6.15718,53.44683],[-6.15717,53.44701]]]},"properties":{"id":"osm:way/349909078","mode":"rail","name":"Irish Rail"}},{"type":"Feature","geometry":{"type":"MultiLineString","coordinates":[[[-6.15684,53.44924],[-6.15681,53.44943]],[[-6.15681,53.44943],[-6.15669,53.45018]]]},"properties":{"id":"osm:way/349909079","mode":"rail","name":"Irish Rail"}},{"type":"Feature","geometry":{"type":"MultiLineString","coordinates":[[[-6.24521,53.35729],[-6.24504,53.35719]],[[-6.24504,53.35719],[-6.24469,53.35698]],[[-6.24469,53.35698],[-6.24451,53.35687]]]},"properties":{"id":"osm:way/350218104","mode":"rail","name":"Irish Rail"}},{"type":"Feature","geometry":{"type":"MultiLineString","coordinates":[[[-6.20588,53.27804],[-6.20555,53.27793]],[[-6.20555,53.27793],[-6.20522,53.27781]],[[-6.20522,53.27781],[-6.20508,53.27777]]]},"properties":{"id":"osm:way/350445469","mode":"luas","name":"Luas"}},{"type":"Feature","geometry":{"type":"LineString","coordinates":[[-6.2286,53.36246],[-6.22813,53.3627]]},"properties":{"id":"osm:way/351002779","mode":"rail","name":"Irish Rail"}},{"type":"Feature","geometry":{"type":"MultiLineString","coordinates":[[[-6.2286,53.36246],[-6.22836,53.36255]],[[-6.22836,53.36255],[-6.22807,53.36267]],[[-6.22807,53.36267],[-6.22793,53.36274]]]},"properties":{"id":"osm:way/351002780","mode":"rail","name":"Irish Rail"}},{"type":"Feature","geometry":{"type":"MultiLineString","coordinates":[[[-6.22813,53.3627],[-6.22836,53.36255]],[[-6.22836,53.36255],[-6.2285,53.36245]],[[-6.2285,53.36245],[-6.22862,53.36238]]]},"properties":{"id":"osm:way/351002781","mode":"rail","name":"Irish Rail"}},{"type":"Feature","geometry":{"type":"MultiLineString","coordinates":[[[-6.33735,53.3371],[-6.33745,53.33711]],[[-6.33745,53.33711],[-6.33755,53.33712]],[[-6.33755,53.33712],[-6.33768,53.33712]],[[-6.33768,53.33712],[-6.33786,53.33713]],[[-6.33786,53.33713],[-6.33801,53.33715]],[[-6.33801,53.33715],[-6.3382,53.33719]],[[-6.3382,53.33719],[-6.33844,53.33724]]]},"properties":{"id":"osm:way/351008454","mode":"rail","name":"Irish Rail"}},{"type":"Feature","geometry":{"type":"MultiLineString","coordinates":[[[-6.33815,53.33696],[-6.33943,53.33743]],[[-6.33943,53.33743],[-6.33955,53.33748]],[[-6.33955,53.33748],[-6.33966,53.33753]]]},"properties":{"id":"osm:way/351008455","mode":"rail","name":"Irish Rail"}},{"type":"Feature","geometry":{"type":"MultiLineString","coordinates":[[[-6.335,53.33758],[-6.3354,53.33768]],[[-6.3354,53.33768],[-6.33597,53.33777]]]},"properties":{"id":"osm:way/351008458","mode":"rail","name":"Irish Rail"}},{"type":"Feature","geometry":{"type":"LineString","coordinates":[[-6.33584,53.33702],[-6.33629,53.33709]]},"properties":{"id":"osm:way/351272754","mode":"rail","name":"Irish Rail"}},{"type":"Feature","geometry":{"type":"LineString","coordinates":[[-6.33631,53.33705],[-6.33586,53.33697]]},"properties":{"id":"osm:way/351272755","mode":"rail","name":"Irish Rail"}},{"type":"Feature","geometry":{"type":"LineString","coordinates":[[-6.33587,53.33693],[-6.33633,53.33701]]},"properties":{"id":"osm:way/351272756","mode":"rail","name":"Irish Rail"}},{"type":"Feature","geometry":{"type":"LineString","coordinates":[[-6.33634,53.33697],[-6.33589,53.33689]]},"properties":{"id":"osm:way/351272757","mode":"rail","name":"Irish Rail"}},{"type":"Feature","geometry":{"type":"MultiLineString","coordinates":[[[-6.33493,53.33696],[-6.335,53.33697]],[[-6.335,53.33697],[-6.33511,53.33699]]]},"properties":{"id":"osm:way/351272758","mode":"rail","name":"Irish Rail"}},{"type":"Feature","geometry":{"type":"MultiLineString","coordinates":[[[-6.3349,53.33702],[-6.33497,53.33703]],[[-6.33497,53.33703],[-6.33508,53.33705]]]},"properties":{"id":"osm:way/351272759","mode":"rail","name":"Irish Rail"}},{"type":"Feature","geometry":{"type":"LineString","coordinates":[[-6.33609,53.33751],[-6.33599,53.33749]]},"properties":{"id":"osm:way/351272760","mode":"rail","name":"Irish Rail"}},{"type":"Feature","geometry":{"type":"LineString","coordinates":[[-6.33612,53.33745],[-6.33601,53.33743]]},"properties":{"id":"osm:way/351272761","mode":"rail","name":"Irish Rail"}},{"type":"Feature","geometry":{"type":"MultiLineString","coordinates":[[[-6.3348,53.33738],[-6.33482,53.33738]],[[-6.33482,53.33738],[-6.33492,53.33739]]]},"properties":{"id":"osm:way/351272762","mode":"rail","name":"Irish Rail"}},{"type":"Feature","geometry":{"type":"LineString","coordinates":[[-6.33605,53.33762],[-6.33594,53.3376]]},"properties":{"id":"osm:way/351272763","mode":"rail","name":"Irish Rail"}},{"type":"Feature","geometry":{"type":"MultiLineString","coordinates":[[[-6.33485,53.33713],[-6.33493,53.33714]],[[-6.33493,53.33714],[-6.33503,53.33716]]]},"properties":{"id":"osm:way/351272764","mode":"rail","name":"Irish Rail"}},{"type":"Feature","geometry":{"type":"MultiLineString","coordinates":[[[-6.33201,53.3376],[-6.33213,53.33758]],[[-6.33213,53.33758],[-6.33222,53.33758]],[[-6.33222,53.33758],[-6.33232,53.33758]],[[-6.33232,53.33758],[-6.33267,53.33759]],[[-6.33267,53.33759],[-6.33281,53.33759]],[[-6.33281,53.33759],[-6.33294,53.3376]],[[-6.33294,53.3376],[-6.33317,53.3376]]]},"properties":{"id":"osm:way/351273185","mode":"rail","name":"Irish Rail"}},{"type":"Feature","geometry":{"type":"MultiLineString","coordinates":[[[-6.33401,53.33767],[-6.33411,53.33771]],[[-6.33411,53.33771],[-6.33434,53.3378]]]},"properties":{"id":"osm:way/351273188","mode":"rail","name":"Irish Rail"}},{"type":"Feature","geometry":{"type":"MultiLineString","coordinates":[[[-6.33683,53.33785],[-6.33736,53.33794]],[[-6.33736,53.33794],[-6.33784,53.33808]]]},"properties":{"id":"osm:way/351274162","mode":"rail","name":"Irish Rail"}},{"type":"Feature","geometry":{"type":"MultiLineString","coordinates":[[[-6.33608,53.33833],[-6.33636,53.33839]],[[-6.33636,53.33839],[-6.33655,53.33843]],[[-6.33655,53.33843],[-6.33685,53.33848]],[[-6.33685,53.33848],[-6.33714,53.33852]],[[-6.33714,53.33852],[-6.33745,53.33854]]]},"properties":{"id":"osm:way/351274163","mode":"rail","name":"Irish Rail"}},{"type":"Feature","geometry":{"type":"MultiLineString","coordinates":[[[-6.29173,53.34627],[-6.29176,53.34637]],[[-6.29176,53.34637],[-6.29177,53.34641]],[[-6.29177,53.34641],[-6.29181,53.34665]],[[-6.29181,53.34665],[-6.29183,53.34688]],[[-6.29183,53.34688],[-6.29184,53.34692]],[[-6.29184,53.34692],[-6.29184,53.34697]],[[-6.29184,53.34697],[-6.29184,53.34702]],[[-6.29184,53.34702],[-6.29183,53.34706]],[[-6.29183,53.34706],[-6.29182,53.34712]],[[-6.29182,53.34712],[-6.29182,53.34716]]]},"properties":{"id":"osm:way/351689336","mode":"luas","name":"Luas"}},{"type":"Feature","geometry":{"type":"MultiLineString","coordinates":[[[-6.25108,53.34996],[-6.2511,53.34997]],[[-6.2511,53.34997],[-6.25184,53.35015]]]},"properties":{"id":"osm:way/351689337","mode":"luas","name":"Luas"}},{"type":"Feature","geometry":{"type":"MultiLineString","coordinates":[[[-6.25303,53.34956],[-6.25297,53.34957]],[[-6.25297,53.34957],[-6.25294,53.34957]],[[-6.25294,53.34957],[-6.25292,53.34958]],[[-6.25292,53.34958],[-6.25289,53.34959]],[[-6.25289,53.34959],[-6.25285,53.3496]],[[-6.25285,53.3496],[-6.25283,53.3496]],[[-6.25283,53.3496],[-6.2528,53.34962]],[[-6.2528,53.34962],[-6.25278,53.34963]],[[-6.25278,53.34963],[-6.25276,53.34964]],[[-6.25276,53.34964],[-6.25274,53.34966]],[[-6.25274,53.34966],[-6.25272,53.34967]],[[-6.25272,53.34967],[-6.25267,53.34973]],[[-6.25267,53.34973],[-6.25262,53.34982]],[[-6.25262,53.34982],[-6.2525,53.35001]],[[-6.2525,53.35001],[-6.25247,53.35006]],[[-6.25247,53.35006],[-6.25244,53.3501]],[[-6.25244,53.3501],[-6.2524,53.35013]],[[-6.2524,53.35013],[-6.2524,53.35014]],[[-6.2524,53.35014],[-6.25238,53.35015]]]},"properties":{"id":"osm:way/351689338","mode":"luas","name":"Luas"}},{"type":"Feature","geometry":{"type":"MultiLineString","coordinates":[[[-6.25238,53.35015],[-6.25235,53.35017]],[[-6.25235,53.35017],[-6.25232,53.35019]],[[-6.25232,53.35019],[-6.2523,53.3502]],[[-6.2523,53.3502],[-6.25228,53.3502]],[[-6.25228,53.3502],[-6.25224,53.35022]],[[-6.25224,53.35022],[-6.25221,53.35022]],[[-6.25221,53.35022],[-6.25219,53.35023]],[[-6.25219,53.35023],[-6.25217,53.35023]],[[-6.25217,53.35023],[-6.25214,53.35024]],[[-6.25214,53.35024],[-6.2521,53.35024]],[[-6.2521,53.35024],[-6.25206,53.35024]],[[-6.25206,53.35024],[-6.25203,53.35024]],[[-6.25203,53.35024],[-6.25199,53.35024]],[[-6.25199,53.35024],[-6.25196,53.35024]],[[-6.25196,53.35024],[-6.25191,53.35023]],[[-6.25191,53.35023],[-6.25186,53.35022]],[[-6.25186,53.35022],[-6.25179,53.3502]],[[-6.25179,53.3502],[-6.25119,53.35005]],[[-6.25119,53.35005],[-6.25106,53.35002]]]},"properties":{"id":"osm:way/351689339","mode":"luas","name":"Luas"}},{"type":"Feature","geometry":{"type":"MultiLineString","coordinates":[[[-6.29132,53.343],[-6.29124,53.34302]],[[-6.29124,53.34302],[-6.29121,53.34303]],[[-6.29121,53.34303],[-6.29116,53.34305]],[[-6.29116,53.34305],[-6.29111,53.34307]],[[-6.29111,53.34307],[-6.2911,53.34308]],[[-6.2911,53.34308],[-6.29107,53.34311]],[[-6.29107,53.34311],[-6.29106,53.34313]],[[-6.29106,53.34313],[-6.29104,53.34316]],[[-6.29104,53.34316],[-6.29103,53.34319]],[[-6.29103,53.34319],[-6.29103,53.34321]],[[-6.29103,53.34321],[-6.29103,53.34323]],[[-6.29103,53.34323],[-6.29103,53.34326]],[[-6.29103,53.34326],[-6.29104,53.34328]],[[-6.29104,53.34328],[-6.29106,53.34331]],[[-6.29106,53.34331],[-6.29107,53.34332]],[[-6.29107,53.34332],[-6.29108,53.34334]],[[-6.29108,53.34334],[-6.2911,53.34336]],[[-6.2911,53.34336],[-6.29113,53.34338]],[[-6.29113,53.34338],[-6.29117,53.34342]],[[-6.29117,53.34342],[-6.29119,53.34344]],[[-6.29119,53.34344],[-6.29121,53.34346]],[[-6.29121,53.34346],[-6.29122,53.34348]],[[-6.29122,53.34348],[-6.29124,53.34352]],[[-6.29124,53.34352],[-6.29125,53.34356]],[[-6.29125,53.34356],[-6.29125,53.34364]]]},"properties":{"id":"osm:way/351689340","mode":"luas","name":"Luas"}},{"type":"Feature","geometry":{"type":"MultiLineString","coordinates":[[[-6.29641,53.338],[-6.29685,53.33795]],[[-6.29685,53.33795],[-6.29723,53.33791]],[[-6.29723,53.33791],[-6.29763,53.33787]],[[-6.29763,53.33787],[-6.29779,53.33785]]]},"properties":{"id":"osm:way/351689341","mode":"luas","name":"Luas"}},{"type":"Feature","geometry":{"type":"MultiLineString","coordinates":[[[-6.29201,53.33852],[-6.29185,53.33854]],[[-6.29185,53.33854],[-6.29173,53.33856]],[[-6.29173,53.33856],[-6.29164,53.33858]],[[-6.29164,53.33858],[-6.29156,53.3386]],[[-6.29156,53.3386],[-6.29148,53.33863]],[[-6.29148,53.33863],[-6.29143,53.33864]],[[-6.29143,53.33864],[-6.29138,53.33866]],[[-6.29138,53.33866],[-6.29131,53.3387]],[[-6.29131,53.3387],[-6.29124,53.33873]],[[-6.29124,53.33873],[-6.29116,53.33877]],[[-6.29116,53.33877],[-6.29109,53.33881]],[[-6.29109,53.33881],[-6.29104,53.33885]],[[-6.29104,53.33885],[-6.291,53.33889]],[[-6.291,53.33889],[-6.29096,53.33892]],[[-6.29096,53.33892],[-6.29091,53.33897]],[[-6.29091,53.33897],[-6.29087,53.33902]],[[-6.29087,53.33902],[-6.29083,53.33907]],[[-6.29083,53.33907],[-6.2908,53.33912]],[[-6.2908,53.33912],[-6.29078,53.33916]],[[-6.29078,53.33916],[-6.29076,53.33921]],[[-6.29076,53.33921],[-6.29075,53.33926]],[[-6.29075,53.33926],[-6.29074,53.33931]],[[-6.29074,53.33931],[-6.29073,53.33937]],[[-6.29073,53.33937],[-6.29073,53.33944]],[[-6.29073,53.33944],[-6.29073,53.33948]],[[-6.29073,53.33948],[-6.29074,53.33952]],[[-6.29074,53.33952],[-6.29075,53.33957]],[[-6.29075,53.33957],[-6.29078,53.33962]],[[-6.29078,53.33962],[-6.29081,53.33968]]]},"properties":{"id":"osm:way/351689342","mode":"luas","name":"Luas"}},{"type":"Feature","geometry":{"type":"MultiLineString","coordinates":[[[-6.29189,53.34136],[-6.29192,53.3414]],[[-6.29192,53.3414],[-6.29195,53.34144]],[[-6.29195,53.34144],[-6.29198,53.34147]],[[-6.29198,53.34147],[-6.29202,53.3415]],[[-6.29202,53.3415],[-6.29207,53.34152]],[[-6.29207,53.34152],[-6.29212,53.34154]],[[-6.29212,53.34154],[-6.29216,53.34155]],[[-6.29216,53.34155],[-6.29219,53.34155]],[[-6.29219,53.34155],[-6.29223,53.34156]],[[-6.29223,53.34156],[-6.29228,53.34156]],[[-6.29228,53.34156],[-6.29231,53.34156]],[[-6.29231,53.34156],[-6.29234,53.34156]],[[-6.29234,53.34156],[-6.29241,53.34155]],[[-6.29241,53.34155],[-6.29254,53.34153]],[[-6.29254,53.34153],[-6.29266,53.3415]],[[-6.29266,53.3415],[-6.29273,53.3415]],[[-6.29273,53.3415],[-6.29277,53.34149]],[[-6.29277,53.34149],[-6.29285,53.34149]],[[-6.29285,53.34149],[-6.2929,53.3415]],[[-6.2929,53.3415],[-6.29296,53.34151]],[[-6.29296,53.34151],[-6.29302,53.34153]],[[-6.29302,53.34153],[-6.29307,53.34155]],[[-6.29307,53.34155],[-6.29312,53.34157]],[[-6.29312,53.34157],[-6.29314,53.34158]],[[-6.29314,53.34158],[-6.29317,53.3416]],[[-6.29317,53.3416],[-6.29318,53.34161]],[[-6.29318,53.34161],[-6.29319,53.34163]],[[-6.29319,53.34163],[-6.29322,53.34166]],[[-6.29322,53.34166],[-6.29325,53.34171]],[[-6.29325,53.34171],[-6.29335,53.34189]],[[-6.29335,53.34189],[-6.29353,53.34217]],[[-6.29353,53.34217],[-6.29355,53.34221]],[[-6.29355,53.34221],[-6.29358,53.34226]],[[-6.29358,53.34226],[-6.29359,53.34228]],[[-6.29359,53.34228],[-6.29359,53.34229]],[[-6.29359,53.34229],[-6.29359,53.34232]],[[-6.29359,53.34232],[-6.29359,53.34234]],[[-6.29359,53.34234],[-6.29359,53.34235]],[[-6.29359,53.34235],[-6.29358,53.34237]],[[-6.29358,53.34237],[-6.29358,53.34238]],[[-6.29358,53.34238],[-6.29356,53.34241]],[[-6.29356,53.34241],[-6.29354,53.34244]],[[-6.29354,53.34244],[-6.29352,53.34246]],[[-6.29352,53.34246],[-6.2935,53.34248]],[[-6.2935,53.34248],[-6.29348,53.34249]],[[-6.29348,53.34249],[-6.29346,53.34251]],[[-6.29346,53.34251],[-6.29344,53.34252]],[[-6.29344,53.34252],[-6.29339,53.34254]],[[-6.29339,53.34254],[-6.29335,53.34255]],[[-6.29335,53.34255],[-6.29331,53.34256]],[[-6.29331,53.34256],[-6.2928,53.34267]],[[-6.2928,53.34267],[-6.29239,53.34276]],[[-6.29239,53.34276],[-6.29169,53.34292]],[[-6.29169,53.34292],[-6.29145,53.34297]],[[-6.29145,53.34297],[-6.29132,53.343]]]},"properties":{"id":"osm:way/351689343","mode":"luas","name":"Luas"}},{"type":"Feature","geometry":{"type":"MultiLineString","coordinates":[[[-6.29295,53.33838],[-6.29344,53.33833]],[[-6.29344,53.33833],[-6.29393,53.33828]],[[-6.29393,53.33828],[-6.29437,53.33822]],[[-6.29437,53.33822],[-6.29516,53.33814]],[[-6.29516,53.33814],[-6.2957,53.33807]],[[-6.2957,53.33807],[-6.29641,53.338]]]},"properties":{"id":"osm:way/351689344","mode":"luas","name":"Luas"}},{"type":"Feature","geometry":{"type":"MultiLineString","coordinates":[[[-6.29081,53.33968],[-6.29084,53.33973]],[[-6.29084,53.33973],[-6.2912,53.3403]],[[-6.2912,53.3403],[-6.29139,53.34058]],[[-6.29139,53.34058],[-6.29156,53.34085]],[[-6.29156,53.34085],[-6.29174,53.34112]],[[-6.29174,53.34112],[-6.29189,53.34136]]]},"properties":{"id":"osm:way/351689345","mode":"luas","name":"Luas"}},{"type":"Feature","geometry":{"type":"MultiLineString","coordinates":[[[-6.29125,53.34364],[-6.29128,53.3438]],[[-6.29128,53.3438],[-6.29144,53.34481]],[[-6.29144,53.34481],[-6.29152,53.34526]],[[-6.29152,53.34526],[-6.29152,53.34529]],[[-6.29152,53.34529],[-6.29154,53.34535]],[[-6.29154,53.34535],[-6.29158,53.34562]],[[-6.29158,53.34562],[-6.29161,53.34578]],[[-6.29161,53.34578],[-6.29164,53.34596]]]},"properties":{"id":"osm:way/351689346","mode":"luas","name":"Luas"}},{"type":"Feature","geometry":{"type":"MultiLineString","coordinates":[[[-6.29332,53.34253],[-6.29338,53.3425]],[[-6.29338,53.3425],[-6.29342,53.34248]],[[-6.29342,53.34248],[-6.29345,53.34246]],[[-6.29345,53.34246],[-6.29347,53.34245]],[[-6.29347,53.34245],[-6.29349,53.34242]],[[-6.29349,53.34242],[-6.2935,53.34241]],[[-6.2935,53.34241],[-6.29351,53.34239]],[[-6.29351,53.34239],[-6.29352,53.34238]],[[-6.29352,53.34238],[-6.29353,53.34236]],[[-6.29353,53.34236],[-6.29353,53.34233]],[[-6.29353,53.34233],[-6.29353,53.34231]],[[-6.29353,53.34231],[-6.29353,53.34229]],[[-6.29353,53.34229],[-6.29352,53.34227]],[[-6.29352,53.34227],[-6.29352,53.34225]],[[-6.29352,53.34225],[-6.2935,53.34222]],[[-6.2935,53.34222],[-6.29347,53.34218]],[[-6.29347,53.34218],[-6.29345,53.34213]],[[-6.29345,53.34213],[-6.2933,53.34189]],[[-6.2933,53.34189],[-6.29319,53.34172]]]},"properties":{"id":"osm:way/351940824","mode":"luas","name":"Luas"}},{"type":"Feature","geometry":{"type":"MultiLineString","coordinates":[[[-6.29118,53.34353],[-6.29117,53.3435]],[[-6.29117,53.3435],[-6.29116,53.34348]],[[-6.29116,53.34348],[-6.29114,53.34346]],[[-6.29114,53.34346],[-6.29112,53.34343]],[[-6.29112,53.34343],[-6.29107,53.34338]],[[-6.29107,53.34338],[-6.29104,53.34336]],[[-6.29104,53.34336],[-6.29102,53.34334]],[[-6.29102,53.34334],[-6.291,53.34332]],[[-6.291,53.34332],[-6.29099,53.34329]],[[-6.29099,53.34329],[-6.29098,53.34326]],[[-6.29098,53.34326],[-6.29097,53.34324]],[[-6.29097,53.34324],[-6.29097,53.34321]],[[-6.29097,53.34321],[-6.29098,53.34318]],[[-6.29098,53.34318],[-6.29099,53.34314]],[[-6.29099,53.34314],[-6.29101,53.34312]],[[-6.29101,53.34312],[-6.29103,53.34309]],[[-6.29103,53.34309],[-6.29106,53.34306]],[[-6.29106,53.34306],[-6.29112,53.34303]],[[-6.29112,53.34303],[-6.29116,53.34301]],[[-6.29116,53.34301],[-6.29123,53.34298]],[[-6.29123,53.34298],[-6.29167,53.34289]],[[-6.29167,53.34289],[-6.29188,53.34284]]]},"properties":{"id":"osm:way/351940826","mode":"luas","name":"Luas"}},{"type":"Feature","geometry":{"type":"MultiLineString","coordinates":[[[-6.29188,53.34284],[-6.29253,53.3427]],[[-6.29253,53.3427],[-6.29303,53.34259]],[[-6.29303,53.34259],[-6.29317,53.34256]],[[-6.29317,53.34256],[-6.29321,53.34255]],[[-6.29321,53.34255],[-6.29332,53.34253]]]},"properties":{"id":"osm:way/351940827","mode":"luas","name":"Luas"}},{"type":"Feature","geometry":{"type":"MultiLineString","coordinates":[[[-6.29319,53.34172],[-6.29316,53.34166]],[[-6.29316,53.34166],[-6.29313,53.34163]],[[-6.29313,53.34163],[-6.2931,53.34161]],[[-6.2931,53.34161],[-6.29307,53.34159]],[[-6.29307,53.34159],[-6.29301,53.34156]],[[-6.29301,53.34156],[-6.29296,53.34155]],[[-6.29296,53.34155],[-6.29292,53.34154]],[[-6.29292,53.34154],[-6.29289,53.34153]],[[-6.29289,53.34153],[-6.29287,53.34153]],[[-6.29287,53.34153],[-6.29281,53.34153]],[[-6.29281,53.34153],[-6.29276,53.34153]],[[-6.29276,53.34153],[-6.29271,53.34153]],[[-6.29271,53.34153],[-6.29262,53.34155]],[[-6.29262,53.34155],[-6.29246,53.34158]],[[-6.29246,53.34158],[-6.29241,53.34159]],[[-6.29241,53.34159],[-6.29237,53.34159]],[[-6.29237,53.34159],[-6.29234,53.34159]],[[-6.29234,53.34159],[-6.29229,53.3416]],[[-6.29229,53.3416],[-6.29225,53.34159]],[[-6.29225,53.34159],[-6.29221,53.34159]],[[-6.29221,53.34159],[-6.29217,53.34158]],[[-6.29217,53.34158],[-6.29212,53.34158]],[[-6.29212,53.34158],[-6.29209,53.34157]],[[-6.29209,53.34157],[-6.29204,53.34155]],[[-6.29204,53.34155],[-6.292,53.34153]],[[-6.292,53.34153],[-6.29197,53.34151]],[[-6.29197,53.34151],[-6.29195,53.3415]],[[-6.29195,53.3415],[-6.29194,53.34148]],[[-6.29194,53.34148],[-6.29191,53.34146]],[[-6.29191,53.34146],[-6.29188,53.34143]],[[-6.29188,53.34143],[-6.29185,53.34137]],[[-6.29185,53.34137],[-6.29179,53.34128]],[[-6.29179,53.34128],[-6.29166,53.34107]]]},"properties":{"id":"osm:way/351940831","mode":"luas","name":"Luas"}},{"type":"Feature","geometry":{"type":"MultiLineString","coordinates":[[[-6.29075,53.33966],[-6.29073,53.33963]],[[-6.29073,53.33963],[-6.29072,53.33959]],[[-6.29072,53.33959],[-6.29071,53.33956]],[[-6.29071,53.33956],[-6.2907,53.33954]],[[-6.2907,53.33954],[-6.29069,53.3395]],[[-6.29069,53.3395],[-6.29069,53.33947]],[[-6.29069,53.33947],[-6.29068,53.33943]],[[-6.29068,53.33943],[-6.29068,53.33939]],[[-6.29068,53.33939],[-6.29068,53.33935]],[[-6.29068,53.33935],[-6.29069,53.33931]],[[-6.29069,53.33931],[-6.2907,53.33927]],[[-6.2907,53.33927],[-6.2907,53.33923]],[[-6.2907,53.33923],[-6.29071,53.3392]],[[-6.29071,53.3392],[-6.29073,53.33916]],[[-6.29073,53.33916],[-6.29075,53.33912]],[[-6.29075,53.33912],[-6.29077,53.33908]],[[-6.29077,53.33908],[-6.29079,53.33905]],[[-6.29079,53.33905],[-6.29081,53.33902]],[[-6.29081,53.33902],[-6.29083,53.33899]],[[-6.29083,53.33899],[-6.29086,53.33896]],[[-6.29086,53.33896],[-6.29088,53.33893]],[[-6.29088,53.33893],[-6.29091,53.33891]],[[-6.29091,53.33891],[-6.29094,53.33888]],[[-6.29094,53.33888],[-6.29097,53.33886]],[[-6.29097,53.33886],[-6.291,53.33883]],[[-6.291,53.33883],[-6.29105,53.33879]],[[-6.29105,53.33879],[-6.29109,53.33877]],[[-6.29109,53.33877],[-6.29113,53.33874]],[[-6.29113,53.33874],[-6.2912,53.33871]],[[-6.2912,53.33871],[-6.29128,53.33867]],[[-6.29128,53.33867],[-6.29135,53.33864]],[[-6.29135,53.33864],[-6.29141,53.33862]],[[-6.29141,53.33862],[-6.29152,53.33858]],[[-6.29152,53.33858],[-6.29161,53.33856]],[[-6.29161,53.33856],[-6.29168,53.33854]],[[-6.29168,53.33854],[-6.29175,53.33853]],[[-6.29175,53.33853],[-6.29183,53.33851]],[[-6.29183,53.33851],[-6.2919,53.3385]],[[-6.2919,53.3385],[-6.29197,53.33849]],[[-6.29197,53.33849],[-6.29217,53.33847]],[[-6.29217,53.33847],[-6.29251,53.33843]],[[-6.29251,53.33843],[-6.29295,53.33838]]]},"properties":{"id":"osm:way/351940835","mode":"luas","name":"Luas"}},{"type":"Feature","geometry":{"type":"MultiLineString","coordinates":[[[-6.29166,53.34107],[-6.29157,53.34094]],[[-6.29157,53.34094],[-6.29151,53.34085]],[[-6.29151,53.34085],[-6.29149,53.34082]],[[-6.29149,53.34082],[-6.29136,53.34061]],[[-6.29136,53.34061],[-6.29128,53.34049]],[[-6.29128,53.34049],[-6.2912,53.34037]],[[-6.2912,53.34037],[-6.29117,53.34033]],[[-6.29117,53.34033],[-6.29114,53.34028]],[[-6.29114,53.34028],[-6.29109,53.3402]],[[-6.29109,53.3402],[-6.29099,53.34005]],[[-6.29099,53.34005],[-6.29089,53.33988]],[[-6.29089,53.33988],[-6.2908,53.33975]],[[-6.2908,53.33975],[-6.29075,53.33966]]]},"properties":{"id":"osm:way/351940839","mode":"luas","name":"Luas"}},{"type":"Feature","geometry":{"type":"MultiLineString","coordinates":[[[-6.42883,53.38418],[-6.42759,53.38393]],[[-6.42759,53.38393],[-6.42733,53.38388]],[[-6.42733,53.38388],[-6.42613,53.38364]],[[-6.42613,53.38364],[-6.42594,53.38361]],[[-6.42594,53.38361],[-6.42575,53.38357]]]},"properties":{"id":"osm:way/352306687","mode":"rail","name":"Irish Rail"}},{"type":"Feature","geometry":{"type":"LineString","coordinates":[[-6.46799,53.43062],[-6.46809,53.43123]]},"properties":{"id":"osm:way/352367156","mode":"rail","name":"Irish Rail"}},{"type":"Feature","geometry":{"type":"LineString","coordinates":[[-6.46838,53.43224],[-6.46819,53.43168]]},"properties":{"id":"osm:way/352369228","mode":"rail","name":"Irish Rail"}},{"type":"Feature","geometry":{"type":"MultiLineString","coordinates":[[[-6.25967,53.34837],[-6.25971,53.34837]],[[-6.25971,53.34837],[-6.25977,53.34836]],[[-6.25977,53.34836],[-6.25993,53.34834]],[[-6.25993,53.34834],[-6.25999,53.34834]],[[-6.25999,53.34834],[-6.26006,53.34833]],[[-6.26006,53.34833],[-6.26034,53.3483]],[[-6.26034,53.3483],[-6.26068,53.34826]],[[-6.26068,53.34826],[-6.26115,53.34821]],[[-6.26115,53.34821],[-6.26176,53.34816]],[[-6.26176,53.34816],[-6.26191,53.34814]],[[-6.26191,53.34814],[-6.26204,53.34813]],[[-6.26204,53.34813],[-6.26221,53.34811]],[[-6.26221,53.34811],[-6.26258,53.34806]],[[-6.26258,53.34806],[-6.26304,53.34801]],[[-6.26304,53.34801],[-6.26325,53.34798]],[[-6.26325,53.34798],[-6.26348,53.34796]],[[-6.26348,53.34796],[-6.26362,53.34794]],[[-6.26362,53.34794],[-6.26383,53.34792]],[[-6.26383,53.34792],[-6.26418,53.34786]],[[-6.26418,53.34786],[-6.26435,53.34783]],[[-6.26435,53.34783],[-6.26462,53.34779]],[[-6.26462,53.34779],[-6.26484,53.34776]],[[-6.26484,53.34776],[-6.2649,53.34775]],[[-6.2649,53.34775],[-6.26523,53.3477]],[[-6.26523,53.3477],[-6.26548,53.34766]],[[-6.26548,53.34766],[-6.26553,53.34765]],[[-6.26553,53.34765],[-6.26573,53.34762]],[[-6.26573,53.34762],[-6.26594,53.34759]],[[-6.26594,53.34759],[-6.2661,53.34757]],[[-6.2661,53.34757],[-6.26619,53.34756]],[[-6.26619,53.34756],[-6.26646,53.34752]],[[-6.26646,53.34752],[-6.26696,53.34744]],[[-6.26696,53.34744],[-6.26751,53.34737]],[[-6.26751,53.34737],[-6.2676,53.34736]],[[-6.2676,53.34736],[-6.26771,53.34735]],[[-6.26771,53.34735],[-6.2678,53.34734]],[[-6.2678,53.34734],[-6.26812,53.34732]],[[-6.26812,53.34732],[-6.26819,53.34731]],[[-6.26819,53.34731],[-6.26827,53.3473]],[[-6.26827,53.3473],[-6.26836,53.34729]],[[-6.26836,53.34729],[-6.26842,53.34728]],[[-6.26842,53.34728],[-6.26867,53.34725]],[[-6.26867,53.34725],[-6.26908,53.34719]],[[-6.26908,53.34719],[-6.26959,53.34711]],[[-6.26959,53.34711],[-6.26982,53.34708]],[[-6.26982,53.34708],[-6.27,53.34706]],[[-6.27,53.34706],[-6.27027,53.34703]],[[-6.27027,53.34703],[-6.27035,53.34702]],[[-6.27035,53.34702],[-6.27061,53.34699]],[[-6.27061,53.34699],[-6.27087,53.34696]],[[-6.27087,53.34696],[-6.27113,53.34693]],[[-6.27113,53.34693],[-6.27141,53.3469]],[[-6.27141,53.3469],[-6.27155,53.34689]],[[-6.27155,53.34689],[-6.27179,53.34686]],[[-6.27179,53.34686],[-6.27203,53.34683]],[[-6.27203,53.34683],[-6.27234,53.3468]],[[-6.27234,53.3468],[-6.27246,53.34679]],[[-6.27246,53.34679],[-6.27255,53.34678]],[[-6.27255,53.34678],[-6.27261,53.34678]],[[-6.27261,53.34678],[-6.2727,53.34678]],[[-6.2727,53.34678],[-6.27278,53.34678]],[[-6.27278,53.34678],[-6.27282,53.34678]],[[-6.27282,53.34678],[-6.2729,53.34679]],[[-6.2729,53.34679],[-6.27305,53.34681]],[[-6.27305,53.34681],[-6.27318,53.34682]],[[-6.27318,53.34682],[-6.27368,53.34687]],[[-6.27368,53.34687],[-6.27384,53.34689]],[[-6.27384,53.34689],[-6.27414,53.34693]],[[-6.27414,53.34693],[-6.27438,53.34696]],[[-6.27438,53.34696],[-6.27461,53.34699]],[[-6.27461,53.34699],[-6.27478,53.34702]],[[-6.27478,53.34702],[-6.27486,53.34703]],[[-6.27486,53.34703],[-6.27491,53.34704]],[[-6.27491,53.34704],[-6.27504,53.34705]],[[-6.27504,53.34705],[-6.27514,53.34707]],[[-6.27514,53.34707],[-6.27517,53.34707]],[[-6.27517,53.34707],[-6.27522,53.34707]],[[-6.27522,53.34707],[-6.27531,53.34708]],[[-6.27531,53.34708],[-6.27543,53.34708]],[[-6.27543,53.34708],[-6.27574,53.34708]],[[-6.27574,53.34708],[-6.27628,53.34708]],[[-6.27628,53.34708],[-6.27673,53.34708]],[[-6.27673,53.34708],[-6.27689,53.34708]],[[-6.27689,53.34708],[-6.27693,53.34708]],[[-6.27693,53.34708],[-6.27698,53.34708]],[[-6.27698,53.34708],[-6.2771,53.34709]],[[-6.2771,53.34709],[-6.27727,53.3471]],[[-6.27727,53.3471],[-6.27734,53.3471]],[[-6.27734,53.3471],[-6.27736,53.3471]],[[-6.27736,53.3471],[-6.27764,53.34712]],[[-6.27764,53.34712],[-6.27779,53.34713]],[[-6.27779,53.34713],[-6.27803,53.34714]],[[-6.27803,53.34714],[-6.27812,53.34715]],[[-6.27812,53.34715],[-6.27823,53.34715]],[[-6.27823,53.34715],[-6.27825,53.34715]],[[-6.27825,53.34715],[-6.27833,53.34715]],[[-6.27833,53.34715],[-6.27848,53.34715]],[[-6.27848,53.34715],[-6.27858,53.34715]],[[-6.27858,53.34715],[-6.27865,53.34714]],[[-6.27865,53.34714],[-6.27872,53.34714]],[[-6.27872,53.34714],[-6.27883,53.34713]],[[-6.27883,53.34713],[-6.27892,53.34712]],[[-6.27892,53.34712],[-6.27903,53.34712]],[[-6.27903,53.34712],[-6.27913,53.34712]],[[-6.27913,53.34712],[-6.27921,53.34712]],[[-6.27921,53.34712],[-6.27928,53.34712]],[[-6.27928,53.34712],[-6.27942,53.34713]],[[-6.27942,53.34713],[-6.27962,53.34714]],[[-6.27962,53.34714],[-6.27982,53.34715]],[[-6.27982,53.34715],[-6.28003,53.34716]],[[-6.28003,53.34716],[-6.28007,53.34717]],[[-6.28007,53.34717],[-6.28016,53.34717]],[[-6.28016,53.34717],[-6.28023,53.34718]],[[-6.28023,53.34718],[-6.28084,53.34725]],[[-6.28084,53.34725],[-6.28173,53.34734]],[[-6.28173,53.34734],[-6.28233,53.3474]],[[-6.28233,53.3474],[-6.28288,53.34746]],[[-6.28288,53.34746],[-6.28295,53.34747]],[[-6.28295,53.34747],[-6.28302,53.34748]],[[-6.28302,53.34748],[-6.28313,53.34749]],[[-6.28313,53.34749],[-6.28349,53.34755]],[[-6.28349,53.34755],[-6.2841,53.34766]],[[-6.2841,53.34766],[-6.28438,53.3477]],[[-6.28438,53.3477],[-6.28483,53.34776]],[[-6.28483,53.34776],[-6.28495,53.34778]],[[-6.28495,53.34778],[-6.28511,53.3478]],[[-6.28511,53.3478],[-6.2852,53.3478]],[[-6.2852,53.3478],[-6.28534,53.34781]],[[-6.28534,53.34781],[-6.28633,53.34784]],[[-6.28633,53.34784],[-6.28673,53.34786]],[[-6.28673,53.34786],[-6.28712,53.34787]],[[-6.28712,53.34787],[-6.28924,53.34795]],[[-6.28924,53.34795],[-6.28954,53.34796]],[[-6.28954,53.34796],[-6.28984,53.34796]],[[-6.28984,53.34796],[-6.28993,53.34796]],[[-6.28993,53.34796],[-6.29035,53.34794]],[[-6.29035,53.34794],[-6.29052,53.34793]],[[-6.29052,53.34793],[-6.29074,53.34793]],[[-6.29074,53.34793],[-6.29103,53.34793]],[[-6.29103,53.34793],[-6.29125,53.34793]],[[-6.29125,53.34793],[-6.29137,53.34793]],[[-6.29137,53.34793],[-6.29146,53.34793]]]},"properties":{"id":"osm:way/352511043","mode":"luas","name":"Luas"}},{"type":"Feature","geometry":{"type":"MultiLineString","coordinates":[[[-6.25294,53.34954],[-6.253,53.34953]],[[-6.253,53.34953],[-6.25305,53.34953]],[[-6.25305,53.34953],[-6.25326,53.34952]],[[-6.25326,53.34952],[-6.25341,53.3495]],[[-6.25341,53.3495],[-6.25347,53.3495]],[[-6.25347,53.3495],[-6.2536,53.34948]],[[-6.2536,53.34948],[-6.25373,53.34946]],[[-6.25373,53.34946],[-6.25388,53.34942]],[[-6.25388,53.34942],[-6.254,53.34939]],[[-6.254,53.34939],[-6.25453,53.34923]],[[-6.25453,53.34923],[-6.25463,53.3492]],[[-6.25463,53.3492],[-6.25466,53.3492]],[[-6.25466,53.3492],[-6.25476,53.34917]],[[-6.25476,53.34917],[-6.25499,53.34911]],[[-6.25499,53.34911],[-6.25503,53.3491]],[[-6.25503,53.3491],[-6.25526,53.34906]],[[-6.25526,53.34906],[-6.25636,53.34887]],[[-6.25636,53.34887],[-6.25729,53.34872]],[[-6.25729,53.34872],[-6.25746,53.3487]],[[-6.25746,53.3487],[-6.25759,53.34868]],[[-6.25759,53.34868],[-6.25759,53.34867]],[[-6.25759,53.34867],[-6.25764,53.34867]],[[-6.25764,53.34867],[-6.25777,53.34865]],[[-6.25777,53.34865],[-6.25792,53.34863]],[[-6.25792,53.34863],[-6.25817,53.34859]],[[-6.25817,53.34859],[-6.25843,53.34855]],[[-6.25843,53.34855],[-6.25855,53.34853]],[[-6.25855,53.34853],[-6.25898,53.34846]],[[-6.25898,53.34846],[-6.25932,53.34841]],[[-6.25932,53.34841],[-6.25942,53.34839]],[[-6.25942,53.34839],[-6.2595,53.34839]],[[-6.2595,53.34839],[-6.25964,53.34837]],[[-6.25964,53.34837],[-6.25967,53.34837]]]},"properties":{"id":"osm:way/352511044","mode":"luas","name":"Luas"}},{"type":"Feature","geometry":{"type":"MultiLineString","coordinates":[[[-6.25202,53.35018],[-6.25206,53.35018]],[[-6.25206,53.35018],[-6.25209,53.35018]],[[-6.25209,53.35018],[-6.25213,53.35018]],[[-6.25213,53.35018],[-6.25217,53.35018]],[[-6.25217,53.35018],[-6.2522,53.35017]],[[-6.2522,53.35017],[-6.25224,53.35016]],[[-6.25224,53.35016],[-6.25228,53.35015]],[[-6.25228,53.35015],[-6.25232,53.35013]],[[-6.25232,53.35013],[-6.25234,53.35011]],[[-6.25234,53.35011],[-6.25237,53.3501]],[[-6.25237,53.3501],[-6.25239,53.35008]],[[-6.25239,53.35008],[-6.25241,53.35006]],[[-6.25241,53.35006],[-6.25251,53.34989]],[[-6.25251,53.34989],[-6.25262,53.34971]],[[-6.25262,53.34971],[-6.25266,53.34966]],[[-6.25266,53.34966],[-6.25268,53.34965]],[[-6.25268,53.34965],[-6.2527,53.34963]],[[-6.2527,53.34963],[-6.25272,53.34962]],[[-6.25272,53.34962],[-6.25275,53.3496]],[[-6.25275,53.3496],[-6.25278,53.34958]],[[-6.25278,53.34958],[-6.25282,53.34956]],[[-6.25282,53.34956],[-6.25286,53.34955]],[[-6.25286,53.34955],[-6.2529,53.34954]],[[-6.2529,53.34954],[-6.25294,53.34954]]]},"properties":{"id":"osm:way/352511045","mode":"luas","name":"Luas"}},{"type":"Feature","geometry":{"type":"MultiLineString","coordinates":[[[-6.29177,53.34697],[-6.29177,53.34706]],[[-6.29177,53.34706],[-6.29177,53.34708]],[[-6.29177,53.34708],[-6.29178,53.34716]]]},"properties":{"id":"osm:way/352511215","mode":"luas","name":"Luas"}},{"type":"Feature","geometry":{"type":"MultiLineString","coordinates":[[[-6.29146,53.34793],[-6.29154,53.34792]],[[-6.29154,53.34792],[-6.29162,53.34791]],[[-6.29162,53.34791],[-6.29168,53.34789]],[[-6.29168,53.34789],[-6.29173,53.34786]],[[-6.29173,53.34786],[-6.29174,53.34786]],[[-6.29174,53.34786],[-6.29177,53.34783]],[[-6.29177,53.34783],[-6.29181,53.3478]],[[-6.29181,53.3478],[-6.29181,53.34779]],[[-6.29181,53.34779],[-6.29183,53.34777]],[[-6.29183,53.34777],[-6.29184,53.34774]],[[-6.29184,53.34774],[-6.29184,53.34773]],[[-6.29184,53.34773],[-6.29184,53.34771]],[[-6.29184,53.34771],[-6.29184,53.34769]],[[-6.29184,53.34769],[-6.29184,53.34765]]]},"properties":{"id":"osm:way/352511216","mode":"luas","name":"Luas"}},{"type":"Feature","geometry":{"type":"MultiLineString","coordinates":[[[-6.24449,53.35407],[-6.24461,53.35401]],[[-6.24461,53.35401],[-6.24472,53.35396]],[[-6.24472,53.35396],[-6.24485,53.3539]],[[-6.24485,53.3539],[-6.24513,53.35378]],[[-6.24513,53.35378],[-6.24521,53.35375]]]},"properties":{"id":"osm:way/352857740","mode":"rail","name":"Irish Rail"}},{"type":"Feature","geometry":{"type":"MultiLineString","coordinates":[[[-6.13442,53.29483],[-6.13437,53.2948]],[[-6.13437,53.2948],[-6.13399,53.29462]]]},"properties":{"id":"osm:way/352859880","mode":"rail","name":"Irish Rail"}},{"type":"Feature","geometry":{"type":"LineString","coordinates":[[-6.13465,53.29494],[-6.13442,53.29483]]},"properties":{"id":"osm:way/352859881","mode":"rail","name":"Irish Rail"}},{"type":"Feature","geometry":{"type":"MultiLineString","coordinates":[[[-6.39779,53.37778],[-6.39815,53.37784]],[[-6.39815,53.37784],[-6.39899,53.378]],[[-6.39899,53.378],[-6.3996,53.37812]],[[-6.3996,53.37812],[-6.40051,53.37833]],[[-6.40051,53.37833],[-6.4018,53.37862]],[[-6.4018,53.37862],[-6.40243,53.37877]],[[-6.40243,53.37877],[-6.40262,53.37881]],[[-6.40262,53.37881],[-6.40311,53.37893]],[[-6.40311,53.37893],[-6.40375,53.37907]],[[-6.40375,53.37907],[-6.40432,53.37919]],[[-6.40432,53.37919],[-6.4047,53.37927]],[[-6.4047,53.37927],[-6.40514,53.37936]],[[-6.40514,53.37936],[-6.40556,53.37943]],[[-6.40556,53.37943],[-6.40658,53.37961]],[[-6.40658,53.37961],[-6.4077,53.37979]],[[-6.4077,53.37979],[-6.40915,53.38003]],[[-6.40915,53.38003],[-6.40955,53.3801]],[[-6.40955,53.3801],[-6.41095,53.38032]],[[-6.41095,53.38032],[-6.41257,53.38059]],[[-6.41257,53.38059],[-6.414,53.38083]],[[-6.414,53.38083],[-6.4151,53.38101]],[[-6.4151,53.38101],[-6.4161,53.38119]],[[-6.4161,53.38119],[-6.41671,53.3813]],[[-6.41671,53.3813],[-6.41752,53.38145]],[[-6.41752,53.38145],[-6.41838,53.38165]],[[-6.41838,53.38165],[-6.41961,53.38198]]]},"properties":{"id":"osm:way/352867911","mode":"rail","name":"Irish Rail"}},{"type":"Feature","geometry":{"type":"MultiLineString","coordinates":[[[-6.41961,53.38198],[-6.42073,53.38227]],[[-6.42073,53.38227],[-6.42118,53.38239]],[[-6.42118,53.38239],[-6.42185,53.38256]],[[-6.42185,53.38256],[-6.42205,53.38261]],[[-6.42205,53.38261],[-6.42242,53.38272]],[[-6.42242,53.38272],[-6.42278,53.38282]],[[-6.42278,53.38282],[-6.42294,53.38286]],[[-6.42294,53.38286],[-6.42324,53.38294]],[[-6.42324,53.38294],[-6.42353,53.38302]],[[-6.42353,53.38302],[-6.42394,53.38312]],[[-6.42394,53.38312],[-6.42433,53.3832]],[[-6.42433,53.3832],[-6.42478,53.38329]],[[-6.42478,53.38329],[-6.4251,53.38336]],[[-6.4251,53.38336],[-6.42563,53.38346]],[[-6.42563,53.38346],[-6.42718,53.38376]],[[-6.42718,53.38376],[-6.42763,53.38386]],[[-6.42763,53.38386],[-6.42788,53.38391]]]},"properties":{"id":"osm:way/352867912","mode":"rail","name":"Irish Rail"}},{"type":"Feature","geometry":{"type":"MultiLineString","coordinates":[[[-6.30057,53.34594],[-6.30044,53.34595]],[[-6.30044,53.34595],[-6.30026,53.34595]],[[-6.30026,53.34595],[-6.3001,53.34596]],[[-6.3001,53.34596],[-6.29996,53.34597]],[[-6.29996,53.34597],[-6.29984,53.34598]],[[-6.29984,53.34598],[-6.2996,53.346]]]},"properties":{"id":"osm:way/353368638","mode":"rail","name":"Irish Rail"}},{"type":"Feature","geometry":{"type":"MultiLineString","coordinates":[[[-6.30302,53.34558],[-6.30267,53.34566]],[[-6.30267,53.34566],[-6.30233,53.34573]],[[-6.30233,53.34573],[-6.30199,53.34579]],[[-6.30199,53.34579],[-6.30165,53.34584]],[[-6.30165,53.34584],[-6.30129,53.34589]],[[-6.30129,53.34589],[-6.30094,53.34592]],[[-6.30094,53.34592],[-6.30057,53.34594]]]},"properties":{"id":"osm:way/353368643","mode":"rail","name":"Irish Rail"}},{"type":"Feature","geometry":{"type":"MultiLineString","coordinates":[[[-6.30299,53.34554],[-6.30265,53.34562]],[[-6.30265,53.34562],[-6.30231,53.34568]],[[-6.30231,53.34568],[-6.30197,53.34574]],[[-6.30197,53.34574],[-6.30163,53.34579]],[[-6.30163,53.34579],[-6.30128,53.34584]],[[-6.30128,53.34584],[-6.30093,53.34588]],[[-6.30093,53.34588],[-6.30057,53.3459]]]},"properties":{"id":"osm:way/353368644","mode":"rail","name":"Irish Rail"}},{"type":"Feature","geometry":{"type":"MultiLineString","coordinates":[[[-6.30057,53.3459],[-6.30035,53.34591]],[[-6.30035,53.34591],[-6.30013,53.34592]],[[-6.30013,53.34592],[-6.29987,53.34594]],[[-6.29987,53.34594],[-6.29968,53.34596]],[[-6.29968,53.34596],[-6.29939,53.34599]],[[-6.29939,53.34599],[-6.2991,53.34602]]]},"properties":{"id":"osm:way/353368645","mode":"rail","name":"Irish Rail"}},{"type":"Feature","geometry":{"type":"MultiLineString","coordinates":[[[-6.41968,53.38194],[-6.42044,53.38215]],[[-6.42044,53.38215],[-6.42127,53.38237]],[[-6.42127,53.38237],[-6.42185,53.38256]]]},"properties":{"id":"osm:way/353531917","mode":"rail","name":"Irish Rail"}},{"type":"Feature","geometry":{"type":"LineString","coordinates":[[-6.25395,53.34976],[-6.25371,53.34998]]},"properties":{"id":"osm:way/353638516","mode":"rail","name":"Irish Rail"}},{"type":"Feature","geometry":{"type":"LineString","coordinates":[[-6.25391,53.34973],[-6.25414,53.34947]]},"properties":{"id":"osm:way/353638517","mode":"rail","name":"Irish Rail"}},{"type":"Feature","geometry":{"type":"MultiLineString","coordinates":[[[-6.25369,53.34994],[-6.25384,53.3498]],[[-6.25384,53.3498],[-6.25391,53.34973]]]},"properties":{"id":"osm:way/353638518","mode":"rail","name":"Irish Rail"}},{"type":"Feature","geometry":{"type":"LineString","coordinates":[[-6.25371,53.34998],[-6.25355,53.3501]]},"properties":{"id":"osm:way/353638519","mode":"rail","name":"Irish Rail"}},{"type":"Feature","geometry":{"type":"LineString","coordinates":[[-6.25344,53.35012],[-6.25369,53.34994]]},"properties":{"id":"osm:way/353638520","mode":"rail","name":"Irish Rail"}},{"type":"Feature","geometry":{"type":"MultiLineString","coordinates":[[[-6.25355,53.3501],[-6.25345,53.35016]],[[-6.25345,53.35016],[-6.25332,53.35024]]]},"properties":{"id":"osm:way/353638521","mode":"rail","name":"Irish Rail"}},{"type":"Feature","geometry":{"type":"LineString","coordinates":[[-6.25323,53.35029],[-6.25289,53.35049]]},"properties":{"id":"osm:way/353638522","mode":"rail","name":"Irish Rail"}},{"type":"Feature","geometry":{"type":"LineString","coordinates":[[-6.2532,53.35026],[-6.25329,53.35021]]},"properties":{"id":"osm:way/353638523","mode":"rail","name":"Irish Rail"}},{"type":"Feature","geometry":{"type":"LineString","coordinates":[[-6.25332,53.35024],[-6.25323,53.35029]]},"properties":{"id":"osm:way/353638524","mode":"rail","name":"Irish Rail"}},{"type":"Feature","geometry":{"type":"LineString","coordinates":[[-6.25329,53.35021],[-6.25344,53.35012]]},"properties":{"id":"osm:way/353638525","mode":"rail","name":"Irish Rail"}},{"type":"Feature","geometry":{"type":"LineString","coordinates":[[-6.25289,53.35049],[-6.25275,53.35057]]},"properties":{"id":"osm:way/354357187","mode":"rail","name":"Irish Rail"}},{"type":"Feature","geometry":{"type":"LineString","coordinates":[[-6.25286,53.35045],[-6.2532,53.35026]]},"properties":{"id":"osm:way/354357188","mode":"rail","name":"Irish Rail"}},{"type":"Feature","geometry":{"type":"MultiLineString","coordinates":[[[-6.25275,53.35057],[-6.25217,53.35087]],[[-6.25217,53.35087],[-6.25175,53.35109]]]},"properties":{"id":"osm:way/354357189","mode":"rail","name":"Irish Rail"}},{"type":"Feature","geometry":{"type":"LineString","coordinates":[[-6.25272,53.35053],[-6.25286,53.35045]]},"properties":{"id":"osm:way/354357190","mode":"rail","name":"Irish Rail"}},{"type":"Feature","geometry":{"type":"LineString","coordinates":[[-6.2516,53.35112],[-6.25272,53.35053]]},"properties":{"id":"osm:way/354357192","mode":"rail","name":"Irish Rail"}},{"type":"Feature","geometry":{"type":"MultiLineString","coordinates":[[[-6.25091,53.35152],[-6.25037,53.35181]],[[-6.25037,53.35181],[-6.25012,53.35193]],[[-6.25012,53.35193],[-6.25,53.35199]]]},"properties":{"id":"osm:way/354357193","mode":"rail","name":"Irish Rail"}},{"type":"Feature","geometry":{"type":"LineString","coordinates":[[-6.25106,53.3514],[-6.2516,53.35112]]},"properties":{"id":"osm:way/354357195","mode":"rail","name":"Irish Rail"}},{"type":"Feature","geometry":{"type":"MultiLineString","coordinates":[[[-6.25036,53.35177],[-6.25082,53.35153]],[[-6.25082,53.35153],[-6.25084,53.35152]],[[-6.25084,53.35152],[-6.25106,53.3514]]]},"properties":{"id":"osm:way/354358285","mode":"rail","name":"Irish Rail"}},{"type":"Feature","geometry":{"type":"MultiLineString","coordinates":[[[-6.25,53.35199],[-6.24984,53.35205]],[[-6.24984,53.35205],[-6.24949,53.35219]],[[-6.24949,53.35219],[-6.24909,53.35233]]]},"properties":{"id":"osm:way/354358287","mode":"rail","name":"Irish Rail"}},{"type":"Feature","geometry":{"type":"MultiLineString","coordinates":[[[-6.2607,53.36362],[-6.26118,53.36375]],[[-6.26118,53.36375],[-6.26201,53.36398]],[[-6.26201,53.36398],[-6.26256,53.36414]],[[-6.26256,53.36414],[-6.26284,53.36421]],[[-6.26284,53.36421],[-6.26323,53.36431]],[[-6.26323,53.36431],[-6.26354,53.36439]],[[-6.26354,53.36439],[-6.26391,53.36447]],[[-6.26391,53.36447],[-6.26419,53.36453]],[[-6.26419,53.36453],[-6.26441,53.36456]],[[-6.26441,53.36456],[-6.26472,53.3646]],[[-6.26472,53.3646],[-6.265,53.36464]],[[-6.265,53.36464],[-6.26521,53.36467]],[[-6.26521,53.36467],[-6.26547,53.3647]],[[-6.26547,53.3647],[-6.26566,53.36472]],[[-6.26566,53.36472],[-6.26594,53.36474]],[[-6.26594,53.36474],[-6.26628,53.36477]],[[-6.26628,53.36477],[-6.26657,53.36478]],[[-6.26657,53.36478],[-6.26679,53.36479]],[[-6.26679,53.36479],[-6.26725,53.3648]],[[-6.26725,53.3648],[-6.26768,53.36481]]]},"properties":{"id":"osm:way/355266615","mode":"rail","name":"Irish Rail"}},{"type":"Feature","geometry":{"type":"LineString","coordinates":[[-6.23644,53.35824],[-6.23571,53.35862]]},"properties":{"id":"osm:way/358049200","mode":"rail","name":"Irish Rail"}},{"type":"Feature","geometry":{"type":"MultiLineString","coordinates":[[[-6.24013,53.35634],[-6.24017,53.35632]],[[-6.24017,53.35632],[-6.24019,53.3563]]]},"properties":{"id":"osm:way/358049202","mode":"rail","name":"Irish Rail"}},{"type":"Feature","geometry":{"type":"MultiLineString","coordinates":[[[-6.33544,53.33899],[-6.33603,53.33888]],[[-6.33603,53.33888],[-6.33635,53.33884]]]},"properties":{"id":"osm:way/358998895","mode":"rail","name":"Irish Rail"}},{"type":"Feature","geometry":{"type":"MultiLineString","coordinates":[[[-6.33547,53.33905],[-6.33596,53.33896]],[[-6.33596,53.33896],[-6.33619,53.33894]],[[-6.33619,53.33894],[-6.33648,53.33893]],[[-6.33648,53.33893],[-6.33691,53.33891]]]},"properties":{"id":"osm:way/358998896","mode":"rail","name":"Irish Rail"}},{"type":"Feature","geometry":{"type":"LineString","coordinates":[[-6.24334,53.35405],[-6.24279,53.35419]]},"properties":{"id":"osm:way/358999772","mode":"rail","name":"Irish Rail"}},{"type":"Feature","geometry":{"type":"LineString","coordinates":[[-6.33918,53.33814],[-6.33974,53.33824]]},"properties":{"id":"osm:way/359480727","mode":"rail","name":"Irish Rail"}},{"type":"Feature","geometry":{"type":"MultiLineString","coordinates":[[[-6.33974,53.33824],[-6.33987,53.33824]],[[-6.33987,53.33824],[-6.34004,53.33825]],[[-6.34004,53.33825],[-6.34045,53.33826]]]},"properties":{"id":"osm:way/359480728","mode":"rail","name":"Irish Rail"}},{"type":"Feature","geometry":{"type":"LineString","coordinates":[[-6.3392,53.33808],[-6.33977,53.33817]]},"properties":{"id":"osm:way/359480729","mode":"rail","name":"Irish Rail"}},{"type":"Feature","geometry":{"type":"MultiLineString","coordinates":[[[-6.33977,53.33817],[-6.33985,53.33818]],[[-6.33985,53.33818],[-6.33993,53.33819]],[[-6.33993,53.33819],[-6.34013,53.3382]],[[-6.34013,53.3382],[-6.34033,53.33821]],[[-6.34033,53.33821],[-6.34049,53.33822]]]},"properties":{"id":"osm:way/359480730","mode":"rail","name":"Irish Rail"}},{"type":"Feature","geometry":{"type":"LineString","coordinates":[[-6.33729,53.33755],[-6.33656,53.33742]]},"properties":{"id":"osm:way/359485358","mode":"rail","name":"Irish Rail"}},{"type":"Feature","geometry":{"type":"LineString","coordinates":[[-6.33656,53.33742],[-6.33645,53.33741]]},"properties":{"id":"osm:way/359485359","mode":"rail","name":"Irish Rail"}},{"type":"Feature","geometry":{"type":"LineString","coordinates":[[-6.33658,53.33737],[-6.33648,53.33735]]},"properties":{"id":"osm:way/359485360","mode":"rail","name":"Irish Rail"}},{"type":"Feature","geometry":{"type":"LineString","coordinates":[[-6.33742,53.3375],[-6.33658,53.33737]]},"properties":{"id":"osm:way/359485361","mode":"rail","name":"Irish Rail"}},{"type":"Feature","geometry":{"type":"LineString","coordinates":[[-6.33665,53.33723],[-6.33748,53.33736]]},"properties":{"id":"osm:way/359485362","mode":"rail","name":"Irish Rail"}},{"type":"Feature","geometry":{"type":"MultiLineString","coordinates":[[[-6.33748,53.33736],[-6.33947,53.33769]],[[-6.33947,53.33769],[-6.33974,53.33774]],[[-6.33974,53.33774],[-6.3398,53.33776]],[[-6.3398,53.33776],[-6.33991,53.33779]]]},"properties":{"id":"osm:way/359485363","mode":"rail","name":"Irish Rail"}},{"type":"Feature","geometry":{"type":"LineString","coordinates":[[-6.33649,53.33756],[-6.33792,53.3378]]},"properties":{"id":"osm:way/359485364","mode":"rail","name":"Irish Rail"}},{"type":"Feature","geometry":{"type":"LineString","coordinates":[[-6.33644,53.33768],[-6.33787,53.33792]]},"properties":{"id":"osm:way/359485365","mode":"rail","name":"Irish Rail"}},{"type":"Feature","geometry":{"type":"MultiLineString","coordinates":[[[-6.33792,53.3378],[-6.34001,53.33814]],[[-6.34001,53.33814],[-6.34031,53.33819]],[[-6.34031,53.33819],[-6.34049,53.33822]],[[-6.34049,53.33822],[-6.34065,53.33823]],[[-6.34065,53.33823],[-6.34082,53.33824]],[[-6.34082,53.33824],[-6.34102,53.33823]],[[-6.34102,53.33823],[-6.34129,53.33821]]]},"properties":{"id":"osm:way/359485366","mode":"rail","name":"Irish Rail"}},{"type":"Feature","geometry":{"type":"MultiLineString","coordinates":[[[-6.33787,53.33792],[-6.3382,53.33797]],[[-6.3382,53.33797],[-6.33846,53.33803]],[[-6.33846,53.33803],[-6.33862,53.33806]],[[-6.33862,53.33806],[-6.33879,53.33809]],[[-6.33879,53.33809],[-6.33918,53.33814]]]},"properties":{"id":"osm:way/359485367","mode":"rail","name":"Irish Rail"}},{"type":"Feature","geometry":{"type":"MultiLineString","coordinates":[[[-6.33146,53.33943],[-6.33186,53.33935]],[[-6.33186,53.33935],[-6.33211,53.3393]],[[-6.33211,53.3393],[-6.33272,53.33916]],[[-6.33272,53.33916],[-6.33299,53.33909]]]},"properties":{"id":"osm:way/359486853","mode":"rail","name":"Irish Rail"}},{"type":"Feature","geometry":{"type":"MultiLineString","coordinates":[[[-6.3315,53.33951],[-6.33187,53.33944]],[[-6.33187,53.33944],[-6.33202,53.3394]],[[-6.33202,53.3394],[-6.33213,53.33937]],[[-6.33213,53.33937],[-6.33236,53.33927]],[[-6.33236,53.33927],[-6.33272,53.33916]]]},"properties":{"id":"osm:way/359486854","mode":"rail","name":"Irish Rail"}},{"type":"Feature","geometry":{"type":"MultiLineString","coordinates":[[[-6.2956,53.34617],[-6.29622,53.34612]],[[-6.29622,53.34612],[-6.29655,53.3461]],[[-6.29655,53.3461],[-6.29687,53.34608]],[[-6.29687,53.34608],[-6.29769,53.34603]],[[-6.29769,53.34603],[-6.29847,53.34599]],[[-6.29847,53.34599],[-6.29878,53.34597]],[[-6.29878,53.34597],[-6.29908,53.34594]],[[-6.29908,53.34594],[-6.29941,53.34591]]]},"properties":{"id":"osm:way/359947280","mode":"rail","name":"Irish Rail"}},{"type":"Feature","geometry":{"type":"MultiLineString","coordinates":[[[-6.29559,53.34613],[-6.29709,53.34601]],[[-6.29709,53.34601],[-6.29738,53.34598]],[[-6.29738,53.34598],[-6.29768,53.34597]],[[-6.29768,53.34597],[-6.29779,53.34596]]]},"properties":{"id":"osm:way/359947281","mode":"rail","name":"Irish Rail"}},{"type":"Feature","geometry":{"type":"MultiLineString","coordinates":[[[-6.29562,53.34627],[-6.29639,53.34622]],[[-6.29639,53.34622],[-6.29687,53.34619]],[[-6.29687,53.34619],[-6.29714,53.34617]],[[-6.29714,53.34617],[-6.29742,53.34616]],[[-6.29742,53.34616],[-6.29795,53.34613]],[[-6.29795,53.34613],[-6.29874,53.34608]]]},"properties":{"id":"osm:way/359947282","mode":"rail","name":"Irish Rail"}},{"type":"Feature","geometry":{"type":"MultiLineString","coordinates":[[[-6.29874,53.34608],[-6.29914,53.34605]],[[-6.29914,53.34605],[-6.29933,53.34603]],[[-6.29933,53.34603],[-6.29948,53.34602]],[[-6.29948,53.34602],[-6.29971,53.34602]]]},"properties":{"id":"osm:way/359947283","mode":"rail","name":"Irish Rail"}},{"type":"Feature","geometry":{"type":"MultiLineString","coordinates":[[[-6.18172,53.38068],[-6.18059,53.38087]],[[-6.18059,53.38087],[-6.17899,53.38114]]]},"properties":{"id":"osm:way/360460529","mode":"rail","name":"Irish Rail"}},{"type":"Feature","geometry":{"type":"MultiLineString","coordinates":[[[-6.18836,53.37951],[-6.18743,53.37971]],[[-6.18743,53.37971],[-6.18636,53.3799]],[[-6.18636,53.3799],[-6.18574,53.38001]],[[-6.18574,53.38001],[-6.18512,53.38011]],[[-6.18512,53.38011],[-6.18221,53.38059]],[[-6.18221,53.38059],[-6.18172,53.38068]]]},"properties":{"id":"osm:way/360460530","mode":"rail","name":"Irish Rail"}},{"type":"Feature","geometry":{"type":"MultiLineString","coordinates":[[[-6.24743,53.35254],[-6.24586,53.35336]],[[-6.24586,53.35336],[-6.24583,53.35338]],[[-6.24583,53.35338],[-6.24562,53.35349]],[[-6.24562,53.35349],[-6.24538,53.35361]]]},"properties":{"id":"osm:way/361136260","mode":"rail","name":"Irish Rail"}},{"type":"Feature","geometry":{"type":"MultiLineString","coordinates":[[[-6.24739,53.35252],[-6.24663,53.35292]],[[-6.24663,53.35292],[-6.24625,53.35311]],[[-6.24625,53.35311],[-6.24581,53.35334]]]},"properties":{"id":"osm:way/361136261","mode":"rail","name":"Irish Rail"}},{"type":"Feature","geometry":{"type":"MultiLineString","coordinates":[[[-6.24731,53.35246],[-6.2467,53.35279]],[[-6.2467,53.35279],[-6.24639,53.35299]],[[-6.24639,53.35299],[-6.24618,53.35312]],[[-6.24618,53.35312],[-6.246,53.35323]],[[-6.246,53.35323],[-6.24581,53.35334]]]},"properties":{"id":"osm:way/361136262","mode":"rail","name":"Irish Rail"}},{"type":"Feature","geometry":{"type":"MultiLineString","coordinates":[[[-6.24719,53.35238],[-6.24687,53.35255]],[[-6.24687,53.35255],[-6.24658,53.35272]],[[-6.24658,53.35272],[-6.24607,53.35307]],[[-6.24607,53.35307],[-6.2458,53.35326]],[[-6.2458,53.35326],[-6.2455,53.35345]],[[-6.2455,53.35345],[-6.24542,53.35349]],[[-6.24542,53.35349],[-6.24538,53.35352]]]},"properties":{"id":"osm:way/361136263","mode":"rail","name":"Irish Rail"}},{"type":"Feature","geometry":{"type":"MultiLineString","coordinates":[[[-6.29971,53.34602],[-6.29991,53.34603]],[[-6.29991,53.34603],[-6.30007,53.34604]],[[-6.30007,53.34604],[-6.30042,53.34607]],[[-6.30042,53.34607],[-6.30056,53.34608]],[[-6.30056,53.34608],[-6.30071,53.34608]],[[-6.30071,53.34608],[-6.30094,53.34609]]]},"properties":{"id":"osm:way/361405927","mode":"rail","name":"Irish Rail"}},{"type":"Feature","geometry":{"type":"MultiLineString","coordinates":[[[-6.29491,53.37181],[-6.29441,53.3717]],[[-6.29441,53.3717],[-6.29403,53.37161]],[[-6.29403,53.37161],[-6.2936,53.37151]],[[-6.2936,53.37151],[-6.29318,53.37142]]]},"properties":{"id":"osm:way/361462318","mode":"rail","name":"Irish Rail"}},{"type":"Feature","geometry":{"type":"MultiLineString","coordinates":[[[-6.33202,53.33951],[-6.33221,53.33941]],[[-6.33221,53.33941],[-6.33232,53.33935]],[[-6.33232,53.33935],[-6.33268,53.3392]],[[-6.33268,53.3392],[-6.33299,53.33909]],[[-6.33299,53.33909],[-6.33416,53.33884]],[[-6.33416,53.33884],[-6.33441,53.3388]],[[-6.33441,53.3388],[-6.33488,53.33875]],[[-6.33488,53.33875],[-6.33536,53.33872]],[[-6.33536,53.33872],[-6.33554,53.33871]],[[-6.33554,53.33871],[-6.33572,53.33871]],[[-6.33572,53.33871],[-6.3361,53.33876]],[[-6.3361,53.33876],[-6.33641,53.3388]],[[-6.33641,53.3388],[-6.33692,53.33886]],[[-6.33692,53.33886],[-6.3372,53.33889]],[[-6.3372,53.33889],[-6.33742,53.3389]],[[-6.33742,53.3389],[-6.3379,53.3389]],[[-6.3379,53.3389],[-6.3383,53.33888]],[[-6.3383,53.33888],[-6.33865,53.33884]]]},"properties":{"id":"osm:way/361965461","mode":"rail","name":"Irish Rail"}},{"type":"Feature","geometry":{"type":"MultiLineString","coordinates":[[[-6.24058,53.35605],[-6.24179,53.35542]],[[-6.24179,53.35542],[-6.24187,53.35538]]]},"properties":{"id":"osm:way/362292818","mode":"rail","name":"Irish Rail"}},{"type":"Feature","geometry":{"type":"LineString","coordinates":[[-6.24337,53.3606],[-6.24373,53.36075]]},"properties":{"id":"osm:way/363394750","mode":"rail","name":"Irish Rail"}},{"type":"Feature","geometry":{"type":"LineString","coordinates":[[-6.24152,53.35942],[-6.24166,53.35956]]},"properties":{"id":"osm:way/363434607","mode":"rail","name":"Irish Rail"}},{"type":"Feature","geometry":{"type":"MultiLineString","coordinates":[[[-6.24146,53.35942],[-6.24134,53.35929]],[[-6.24134,53.35929],[-6.24122,53.35912]],[[-6.24122,53.35912],[-6.24111,53.35897]]]},"properties":{"id":"osm:way/363434608","mode":"rail","name":"Irish Rail"}},{"type":"Feature","geometry":{"type":"LineString","coordinates":[[-6.24166,53.35956],[-6.24184,53.35973]]},"properties":{"id":"osm:way/363434609","mode":"rail","name":"Irish Rail"}},{"type":"Feature","geometry":{"type":"LineString","coordinates":[[-6.2416,53.35956],[-6.24146,53.35942]]},"properties":{"id":"osm:way/363434610","mode":"rail","name":"Irish Rail"}},{"type":"Feature","geometry":{"type":"LineString","coordinates":[[-6.24184,53.35973],[-6.24195,53.35981]]},"properties":{"id":"osm:way/363434611","mode":"rail","name":"Irish Rail"}},{"type":"Feature","geometry":{"type":"LineString","coordinates":[[-6.24193,53.35986],[-6.24181,53.35976]]},"properties":{"id":"osm:way/363434613","mode":"rail","name":"Irish Rail"}},{"type":"Feature","geometry":{"type":"LineString","coordinates":[[-6.24181,53.35976],[-6.2416,53.35956]]},"properties":{"id":"osm:way/363434614","mode":"rail","name":"Irish Rail"}},{"type":"Feature","geometry":{"type":"MultiLineString","coordinates":[[[-6.24068,53.35751],[-6.24068,53.35754]],[[-6.24068,53.35754],[-6.24069,53.35768]],[[-6.24069,53.35768],[-6.2407,53.35779]],[[-6.2407,53.35779],[-6.24072,53.35792]],[[-6.24072,53.35792],[-6.24074,53.35803]],[[-6.24074,53.35803],[-6.24077,53.35814]],[[-6.24077,53.35814],[-6.2408,53.35824]],[[-6.2408,53.35824],[-6.24083,53.35833]],[[-6.24083,53.35833],[-6.24087,53.35843]]]},"properties":{"id":"osm:way/363523981","mode":"rail","name":"Irish Rail"}},{"type":"Feature","geometry":{"type":"LineString","coordinates":[[-6.24071,53.35712],[-6.2407,53.35724]]},"properties":{"id":"osm:way/363528790","mode":"rail","name":"Irish Rail"}},{"type":"Feature","geometry":{"type":"MultiLineString","coordinates":[[[-6.2453,53.35382],[-6.24504,53.35396]],[[-6.24504,53.35396],[-6.24481,53.35409]],[[-6.24481,53.35409],[-6.2445,53.35428]]]},"properties":{"id":"osm:way/363538652","mode":"rail","name":"Irish Rail"}},{"type":"Feature","geometry":{"type":"LineString","coordinates":[[-6.24891,53.35176],[-6.24877,53.35184]]},"properties":{"id":"osm:way/363539871","mode":"rail","name":"Irish Rail"}},{"type":"Feature","geometry":{"type":"LineString","coordinates":[[-6.24877,53.35184],[-6.24743,53.35254]]},"properties":{"id":"osm:way/363539872","mode":"rail","name":"Irish Rail"}},{"type":"Feature","geometry":{"type":"MultiLineString","coordinates":[[[-6.15669,53.45018],[-6.15669,53.4502]],[[-6.15669,53.4502],[-6.15667,53.45034]],[[-6.15667,53.45034],[-6.15662,53.45069]]]},"properties":{"id":"osm:way/365372529","mode":"rail","name":"Irish Rail"}},{"type":"Feature","geometry":{"type":"MultiLineString","coordinates":[[[-6.15717,53.44701],[-6.1571,53.44742]],[[-6.1571,53.44742],[-6.15696,53.44841]],[[-6.15696,53.44841],[-6.15692,53.44863]],[[-6.15692,53.44863],[-6.15685,53.44914]],[[-6.15685,53.44914],[-6.15684,53.44924]]]},"properties":{"id":"osm:way/365372530","mode":"rail","name":"Irish Rail"}},{"type":"Feature","geometry":{"type":"MultiLineString","coordinates":[[[-6.25235,53.34531],[-6.25259,53.34552]],[[-6.25259,53.34552],[-6.25289,53.34577]]]},"properties":{"id":"osm:way/367383609","mode":"rail","name":"Irish Rail"}},{"type":"Feature","geometry":{"type":"LineString","coordinates":[[-6.25212,53.34509],[-6.25235,53.34531]]},"properties":{"id":"osm:way/367383610","mode":"rail","name":"Irish Rail"}},{"type":"Feature","geometry":{"type":"MultiLineString","coordinates":[[[-6.29636,53.37194],[-6.29641,53.37195]],[[-6.29641,53.37195],[-6.2972,53.37212]],[[-6.2972,53.37212],[-6.29809,53.37232]],[[-6.29809,53.37232],[-6.29817,53.37233]],[[-6.29817,53.37233],[-6.29832,53.37236]]]},"properties":{"id":"osm:way/367695254","mode":"luas","name":"Luas"}},{"type":"Feature","geometry":{"type":"LineString","coordinates":[[-6.15635,53.45261],[-6.15639,53.45226]]},"properties":{"id":"osm:way/368141940","mode":"rail","name":"Irish Rail"}},{"type":"Feature","geometry":{"type":"MultiLineString","coordinates":[[[-6.15479,53.43383],[-6.15541,53.43677]],[[-6.15541,53.43677],[-6.15613,53.44014]],[[-6.15613,53.44014],[-6.15668,53.44273]]]},"properties":{"id":"osm:way/368141941","mode":"rail","name":"Irish Rail"}},{"type":"Feature","geometry":{"type":"MultiLineString","coordinates":[[[-6.14903,53.40687],[-6.14924,53.40783]],[[-6.14924,53.40783],[-6.14962,53.40959]]]},"properties":{"id":"osm:way/368145625","mode":"rail","name":"Irish Rail"}},{"type":"Feature","geometry":{"type":"MultiLineString","coordinates":[[[-6.1515,53.41831],[-6.15157,53.41866]],[[-6.15157,53.41866],[-6.15187,53.42005]],[[-6.15187,53.42005],[-6.15192,53.42034]]]},"properties":{"id":"osm:way/368286520","mode":"rail","name":"Irish Rail"}},{"type":"Feature","geometry":{"type":"MultiLineString","coordinates":[[[-6.15668,53.44273],[-6.1567,53.4428]],[[-6.1567,53.4428],[-6.15679,53.44322]]]},"properties":{"id":"osm:way/368293253","mode":"rail","name":"Irish Rail"}},{"type":"Feature","geometry":{"type":"MultiLineString","coordinates":[[[-6.21464,53.32307],[-6.21415,53.32271]],[[-6.21415,53.32271],[-6.21353,53.32224]],[[-6.21353,53.32224],[-6.213,53.32186]],[[-6.213,53.32186],[-6.21222,53.3213]],[[-6.21222,53.3213],[-6.21174,53.32095]]]},"properties":{"id":"osm:way/368505014","mode":"rail","name":"Irish Rail"}},{"type":"Feature","geometry":{"type":"LineString","coordinates":[[-6.24087,53.35843],[-6.24105,53.35878]]},"properties":{"id":"osm:way/370043292","mode":"rail","name":"Irish Rail"}},{"type":"Feature","geometry":{"type":"MultiLineString","coordinates":[[[-6.22781,53.33307],[-6.22784,53.33309]],[[-6.22784,53.33309],[-6.22793,53.33316]]]},"properties":{"id":"osm:way/370154362","mode":"rail","name":"Irish Rail"}},{"type":"Feature","geometry":{"type":"MultiLineString","coordinates":[[[-6.24309,53.35491],[-6.2441,53.35439]],[[-6.2441,53.35439],[-6.2443,53.35428]]]},"properties":{"id":"osm:way/370180280","mode":"rail","name":"Irish Rail"}},{"type":"Feature","geometry":{"type":"MultiLineString","coordinates":[[[-6.24408,53.35428],[-6.24427,53.35419]],[[-6.24427,53.35419],[-6.24449,53.35407]],[[-6.24449,53.35407],[-6.24472,53.35395]],[[-6.24472,53.35395],[-6.24493,53.35384]]]},"properties":{"id":"osm:way/370180281","mode":"rail","name":"Irish Rail"}},{"type":"Feature","geometry":{"type":"MultiLineString","coordinates":[[[-6.43192,53.38478],[-6.4314,53.38467]],[[-6.4314,53.38467],[-6.43075,53.38454]],[[-6.43075,53.38454],[-6.43016,53.38443]],[[-6.43016,53.38443],[-6.42952,53.38431]],[[-6.42952,53.38431],[-6.42883,53.38418]]]},"properties":{"id":"osm:way/370184533","mode":"rail","name":"Irish Rail"}},{"type":"Feature","geometry":{"type":"MultiLineString","coordinates":[[[-6.46799,53.43062],[-6.46808,53.43099]],[[-6.46808,53.43099],[-6.46819,53.43143]],[[-6.46819,53.43143],[-6.46831,53.43197]],[[-6.46831,53.43197],[-6.46838,53.43224]],[[-6.46838,53.43224],[-6.46844,53.43253]]]},"properties":{"id":"osm:way/370184534","mode":"rail","name":"Irish Rail"}},{"type":"Feature","geometry":{"type":"MultiLineString","coordinates":[[[-6.46911,53.43558],[-6.46898,53.43501]],[[-6.46898,53.43501],[-6.46887,53.43454]],[[-6.46887,53.43454],[-6.46883,53.43437]],[[-6.46883,53.43437],[-6.46875,53.43404]]]},"properties":{"id":"osm:way/370184535","mode":"rail","name":"Irish Rail"}},{"type":"Feature","geometry":{"type":"LineString","coordinates":[[-6.46917,53.43557],[-6.46926,53.43594]]},"properties":{"id":"osm:way/370184539","mode":"rail","name":"Irish Rail"}},{"type":"Feature","geometry":{"type":"LineString","coordinates":[[-6.46819,53.43168],[-6.46809,53.43123]]},"properties":{"id":"osm:way/370184542","mode":"rail","name":"Irish Rail"}},{"type":"Feature","geometry":{"type":"MultiLineString","coordinates":[[[-6.46505,53.41828],[-6.46512,53.41858]],[[-6.46512,53.41858],[-6.46521,53.41897]],[[-6.46521,53.41897],[-6.4653,53.41934]],[[-6.4653,53.41934],[-6.46538,53.41969]],[[-6.46538,53.41969],[-6.46546,53.42005]],[[-6.46546,53.42005],[-6.46554,53.4204]],[[-6.46554,53.4204],[-6.46563,53.42075]],[[-6.46563,53.42075],[-6.46572,53.42115]],[[-6.46572,53.42115],[-6.46579,53.42152]],[[-6.46579,53.42152],[-6.46588,53.42189]],[[-6.46588,53.42189],[-6.46597,53.42232]],[[-6.46597,53.42232],[-6.46605,53.42269]],[[-6.46605,53.42269],[-6.46613,53.42304]],[[-6.46613,53.42304],[-6.46621,53.42336]],[[-6.46621,53.42336],[-6.4663,53.42372]],[[-6.4663,53.42372],[-6.46641,53.42414]],[[-6.46641,53.42414],[-6.46648,53.42443]],[[-6.46648,53.42443],[-6.46655,53.42471]],[[-6.46655,53.42471],[-6.46664,53.42504]],[[-6.46664,53.42504],[-6.46675,53.42546]]]},"properties":{"id":"osm:way/370184545","mode":"rail","name":"Irish Rail"}},{"type":"Feature","geometry":{"type":"MultiLineString","coordinates":[[[-6.46461,53.41662],[-6.46457,53.41643]],[[-6.46457,53.41643],[-6.46443,53.41583]],[[-6.46443,53.41583],[-6.46435,53.4155]],[[-6.46435,53.4155],[-6.46387,53.41349]]]},"properties":{"id":"osm:way/370184549","mode":"rail","name":"Irish Rail"}},{"type":"Feature","geometry":{"type":"MultiLineString","coordinates":[[[-6.44295,53.3873],[-6.44269,53.38722]],[[-6.44269,53.38722],[-6.4411,53.38674]],[[-6.4411,53.38674],[-6.44036,53.38654]]]},"properties":{"id":"osm:way/370184550","mode":"rail","name":"Irish Rail"}},{"type":"Feature","geometry":{"type":"MultiLineString","coordinates":[[[-6.44036,53.38654],[-6.44014,53.38648]],[[-6.44014,53.38648],[-6.43966,53.38636]],[[-6.43966,53.38636],[-6.43911,53.38623]],[[-6.43911,53.38623],[-6.43844,53.38607]],[[-6.43844,53.38607],[-6.43755,53.38588]],[[-6.43755,53.38588],[-6.43685,53.38575]],[[-6.43685,53.38575],[-6.4363,53.38564]],[[-6.4363,53.38564],[-6.4351,53.3854]]]},"properties":{"id":"osm:way/370184551","mode":"rail","name":"Irish Rail"}},{"type":"Feature","geometry":{"type":"MultiLineString","coordinates":[[[-6.44296,53.38727],[-6.44355,53.38747]],[[-6.44355,53.38747],[-6.44469,53.38786]],[[-6.44469,53.38786],[-6.44525,53.38808]],[[-6.44525,53.38808],[-6.44599,53.38836]],[[-6.44599,53.38836],[-6.44646,53.38856]],[[-6.44646,53.38856],[-6.44725,53.3889]],[[-6.44725,53.3889],[-6.44792,53.3892]],[[-6.44792,53.3892],[-6.44858,53.38951]],[[-6.44858,53.38951],[-6.44924,53.38984]],[[-6.44924,53.38984],[-6.44999,53.39024]],[[-6.44999,53.39024],[-6.45072,53.39064]],[[-6.45072,53.39064],[-6.45159,53.39115]],[[-6.45159,53.39115],[-6.45206,53.39144]],[[-6.45206,53.39144],[-6.45271,53.39187]],[[-6.45271,53.39187],[-6.45333,53.39229]],[[-6.45333,53.39229],[-6.45385,53.39266]],[[-6.45385,53.39266],[-6.45436,53.39305]],[[-6.45436,53.39305],[-6.4548,53.3934]],[[-6.4548,53.3934],[-6.45525,53.39376]],[[-6.45525,53.39376],[-6.45566,53.39411]],[[-6.45566,53.39411],[-6.45612,53.39452]],[[-6.45612,53.39452],[-6.45639,53.39478]],[[-6.45639,53.39478],[-6.45667,53.39504]],[[-6.45667,53.39504],[-6.4573,53.39569]],[[-6.4573,53.39569],[-6.45775,53.39619]],[[-6.45775,53.39619],[-6.45818,53.39668]],[[-6.45818,53.39668],[-6.45862,53.39724]],[[-6.45862,53.39724],[-6.45908,53.39785]],[[-6.45908,53.39785],[-6.45946,53.3984]],[[-6.45946,53.3984],[-6.45973,53.39883]],[[-6.45973,53.39883],[-6.45995,53.39919]],[[-6.45995,53.39919],[-6.46016,53.39957]],[[-6.46016,53.39957],[-6.46037,53.39995]],[[-6.46037,53.39995],[-6.46054,53.40029]],[[-6.46054,53.40029],[-6.46073,53.40071]],[[-6.46073,53.40071],[-6.4609,53.40114]],[[-6.4609,53.40114],[-6.46106,53.40157]],[[-6.46106,53.40157],[-6.46119,53.40201]],[[-6.46119,53.40201],[-6.4613,53.40239]],[[-6.4613,53.40239],[-6.46165,53.40388]],[[-6.46165,53.40388],[-6.46183,53.40467]],[[-6.46183,53.40467],[-6.46198,53.40531]],[[-6.46198,53.40531],[-6.4622,53.40624]],[[-6.4622,53.40624],[-6.46237,53.40694]],[[-6.46237,53.40694],[-6.46251,53.40754]],[[-6.46251,53.40754],[-6.46267,53.40821]],[[-6.46267,53.40821],[-6.46279,53.40873]],[[-6.46279,53.40873],[-6.46291,53.40922]],[[-6.46291,53.40922],[-6.46303,53.40975]],[[-6.46303,53.40975],[-6.46317,53.41027]],[[-6.46317,53.41027],[-6.46328,53.41077]],[[-6.46328,53.41077],[-6.46341,53.41133]],[[-6.46341,53.41133],[-6.46358,53.41202]],[[-6.46358,53.41202],[-6.4637,53.41252]],[[-6.4637,53.41252],[-6.4638,53.41297]],[[-6.4638,53.41297],[-6.46388,53.41333]]]},"properties":{"id":"osm:way/370184552","mode":"rail","name":"Irish Rail"}},{"type":"Feature","geometry":{"type":"MultiLineString","coordinates":[[[-6.44052,53.38655],[-6.44113,53.38671]],[[-6.44113,53.38671],[-6.44207,53.38699]],[[-6.44207,53.38699],[-6.44258,53.38714]],[[-6.44258,53.38714],[-6.44271,53.38719]],[[-6.44271,53.38719],[-6.44296,53.38727]]]},"properties":{"id":"osm:way/370184553","mode":"rail","name":"Irish Rail"}},{"type":"Feature","geometry":{"type":"LineString","coordinates":[[-6.28657,53.36875],[-6.28603,53.36885]]},"properties":{"id":"osm:way/370185666","mode":"rail","name":"Irish Rail"}},{"type":"Feature","geometry":{"type":"MultiLineString","coordinates":[[[-6.24521,53.35729],[-6.24437,53.35685]],[[-6.24437,53.35685],[-6.24415,53.35673]]]},"properties":{"id":"osm:way/370188974","mode":"rail","name":"Irish Rail"}},{"type":"Feature","geometry":{"type":"MultiLineString","coordinates":[[[-6.24726,53.3583],[-6.24755,53.35845]],[[-6.24755,53.35845],[-6.24796,53.35865]],[[-6.24796,53.35865],[-6.24827,53.3588]],[[-6.24827,53.3588],[-6.24856,53.35894]],[[-6.24856,53.35894],[-6.24879,53.35903]],[[-6.24879,53.35903],[-6.2491,53.35915]],[[-6.2491,53.35915],[-6.24939,53.35925]],[[-6.24939,53.35925],[-6.24973,53.35935]],[[-6.24973,53.35935],[-6.25009,53.35945]],[[-6.25009,53.35945],[-6.25044,53.35954]]]},"properties":{"id":"osm:way/370188979","mode":"rail","name":"Irish Rail"}},{"type":"Feature","geometry":{"type":"MultiLineString","coordinates":[[[-6.24305,53.35596],[-6.24241,53.35547]],[[-6.24241,53.35547],[-6.24202,53.35519]],[[-6.24202,53.35519],[-6.24155,53.35487]],[[-6.24155,53.35487],[-6.2412,53.35462]],[[-6.2412,53.35462],[-6.24101,53.35448]],[[-6.24101,53.35448],[-6.24088,53.35437]],[[-6.24088,53.35437],[-6.24076,53.35427]],[[-6.24076,53.35427],[-6.24066,53.35416]],[[-6.24066,53.35416],[-6.24014,53.3536]]]},"properties":{"id":"osm:way/370188983","mode":"rail","name":"Irish Rail"}},{"type":"Feature","geometry":{"type":"LineString","coordinates":[[-6.27734,53.3662],[-6.27709,53.36614]]},"properties":{"id":"osm:way/370188987","mode":"rail","name":"Irish Rail"}},{"type":"Feature","geometry":{"type":"MultiLineString","coordinates":[[[-6.27734,53.3662],[-6.27787,53.36633]],[[-6.27787,53.36633],[-6.27826,53.36643]],[[-6.27826,53.36643],[-6.27858,53.36653]]]},"properties":{"id":"osm:way/370188989","mode":"rail","name":"Irish Rail"}},{"type":"Feature","geometry":{"type":"MultiLineString","coordinates":[[[-6.27709,53.36614],[-6.27684,53.36607]],[[-6.27684,53.36607],[-6.2766,53.366]],[[-6.2766,53.366],[-6.27632,53.36591]],[[-6.27632,53.36591],[-6.27605,53.36582]],[[-6.27605,53.36582],[-6.27572,53.36571]],[[-6.27572,53.36571],[-6.27557,53.36566]],[[-6.27557,53.36566],[-6.27541,53.36561]],[[-6.27541,53.36561],[-6.27527,53.36557]]]},"properties":{"id":"osm:way/370188992","mode":"rail","name":"Irish Rail"}},{"type":"Feature","geometry":{"type":"LineString","coordinates":[[-6.24237,53.35549],[-6.24305,53.35596]]},"properties":{"id":"osm:way/370188996","mode":"rail","name":"Irish Rail"}},{"type":"Feature","geometry":{"type":"MultiLineString","coordinates":[[[-6.23968,53.35309],[-6.23975,53.35319]],[[-6.23975,53.35319],[-6.2398,53.35327]],[[-6.2398,53.35327],[-6.23989,53.35338]],[[-6.23989,53.35338],[-6.23999,53.3535]],[[-6.23999,53.3535],[-6.24009,53.35361]],[[-6.24009,53.35361],[-6.24039,53.35394]],[[-6.24039,53.35394],[-6.24061,53.35417]]]},"properties":{"id":"osm:way/370188999","mode":"rail","name":"Irish Rail"}},{"type":"Feature","geometry":{"type":"MultiLineString","coordinates":[[[-6.23942,53.35077],[-6.23944,53.35094]],[[-6.23944,53.35094],[-6.23945,53.35101]],[[-6.23945,53.35101],[-6.23966,53.35261]]]},"properties":{"id":"osm:way/370189003","mode":"rail","name":"Irish Rail"}},{"type":"Feature","geometry":{"type":"MultiLineString","coordinates":[[[-6.24474,53.35389],[-6.24467,53.35393]],[[-6.24467,53.35393],[-6.24465,53.35394]],[[-6.24465,53.35394],[-6.2446,53.35396]]]},"properties":{"id":"osm:way/370195934","mode":"rail","name":"Irish Rail"}},{"type":"Feature","geometry":{"type":"MultiLineString","coordinates":[[[-6.2446,53.35396],[-6.24437,53.35408]],[[-6.24437,53.35408],[-6.2441,53.35423]],[[-6.2441,53.35423],[-6.24391,53.35432]],[[-6.24391,53.35432],[-6.24333,53.35462]],[[-6.24333,53.35462],[-6.2433,53.35464]]]},"properties":{"id":"osm:way/370195935","mode":"rail","name":"Irish Rail"}},{"type":"Feature","geometry":{"type":"MultiLineString","coordinates":[[[-6.24408,53.35428],[-6.24388,53.35441]],[[-6.24388,53.35441],[-6.24368,53.35454]],[[-6.24368,53.35454],[-6.24334,53.35476]],[[-6.24334,53.35476],[-6.24322,53.35484]],[[-6.24322,53.35484],[-6.24309,53.35491]]]},"properties":{"id":"osm:way/370195936","mode":"rail","name":"Irish Rail"}},{"type":"Feature","geometry":{"type":"MultiLineString","coordinates":[[[-6.2383,53.35257],[-6.23844,53.35274]],[[-6.23844,53.35274],[-6.23854,53.35287]]]},"properties":{"id":"osm:way/370195937","mode":"rail","name":"Irish Rail"}},{"type":"Feature","geometry":{"type":"MultiLineString","coordinates":[[[-6.23854,53.35287],[-6.23867,53.35306]],[[-6.23867,53.35306],[-6.23879,53.35327]],[[-6.23879,53.35327],[-6.23888,53.35345]],[[-6.23888,53.35345],[-6.23894,53.35361]],[[-6.23894,53.35361],[-6.239,53.35379]],[[-6.239,53.35379],[-6.23905,53.35399]],[[-6.23905,53.35399],[-6.23909,53.35416]],[[-6.23909,53.35416],[-6.23912,53.35437]],[[-6.23912,53.35437],[-6.23913,53.35459]],[[-6.23913,53.35459],[-6.23913,53.35478]],[[-6.23913,53.35478],[-6.23912,53.35497]],[[-6.23912,53.35497],[-6.2391,53.35514]],[[-6.2391,53.35514],[-6.23907,53.3553]],[[-6.23907,53.3553],[-6.23904,53.35544]],[[-6.23904,53.35544],[-6.23899,53.3556]],[[-6.23899,53.3556],[-6.23894,53.35576]],[[-6.23894,53.35576],[-6.23886,53.35596]],[[-6.23886,53.35596],[-6.23878,53.35612]]]},"properties":{"id":"osm:way/370195938","mode":"rail","name":"Irish Rail"}},{"type":"Feature","geometry":{"type":"MultiLineString","coordinates":[[[-6.23849,53.35288],[-6.23839,53.35275]],[[-6.23839,53.35275],[-6.23825,53.35259]]]},"properties":{"id":"osm:way/370195939","mode":"rail","name":"Irish Rail"}},{"type":"Feature","geometry":{"type":"MultiLineString","coordinates":[[[-6.23264,53.35141],[-6.23328,53.35152]],[[-6.23328,53.35152],[-6.23345,53.35155]],[[-6.23345,53.35155],[-6.2336,53.35156]],[[-6.2336,53.35156],[-6.23375,53.35157]],[[-6.23375,53.35157],[-6.23388,53.35158]],[[-6.23388,53.35158],[-6.23401,53.35158]],[[-6.23401,53.35158],[-6.23423,53.35159]],[[-6.23423,53.35159],[-6.2344,53.3516]],[[-6.2344,53.3516],[-6.23457,53.35161]],[[-6.23457,53.35161],[-6.23472,53.35163]],[[-6.23472,53.35163],[-6.23611,53.35176]],[[-6.23611,53.35176],[-6.23632,53.35178]],[[-6.23632,53.35178],[-6.23653,53.35181]],[[-6.23653,53.35181],[-6.23673,53.35184]],[[-6.23673,53.35184],[-6.23692,53.35188]],[[-6.23692,53.35188],[-6.23709,53.35193]],[[-6.23709,53.35193],[-6.23727,53.35198]],[[-6.23727,53.35198],[-6.23744,53.35204]],[[-6.23744,53.35204],[-6.23758,53.35209]],[[-6.23758,53.35209],[-6.23772,53.35216]],[[-6.23772,53.35216],[-6.23784,53.35223]],[[-6.23784,53.35223],[-6.23798,53.35232]],[[-6.23798,53.35232],[-6.23808,53.35239]],[[-6.23808,53.35239],[-6.23818,53.35247]],[[-6.23818,53.35247],[-6.2383,53.35257]]]},"properties":{"id":"osm:way/370195940","mode":"rail","name":"Irish Rail"}},{"type":"Feature","geometry":{"type":"MultiLineString","coordinates":[[[-6.2386,53.35285],[-6.2388,53.35311]],[[-6.2388,53.35311],[-6.23894,53.35329]],[[-6.23894,53.35329],[-6.23904,53.35343]],[[-6.23904,53.35343],[-6.23911,53.35353]],[[-6.23911,53.35353],[-6.23917,53.35363]]]},"properties":{"id":"osm:way/370195941","mode":"rail","name":"Irish Rail"}},{"type":"Feature","geometry":{"type":"MultiLineString","coordinates":[[[-6.2386,53.35285],[-6.23868,53.35295]],[[-6.23868,53.35295],[-6.23874,53.35301]],[[-6.23874,53.35301],[-6.23887,53.35313]],[[-6.23887,53.35313],[-6.23895,53.35321]],[[-6.23895,53.35321],[-6.23903,53.35331]],[[-6.23903,53.35331],[-6.23911,53.35343]],[[-6.23911,53.35343],[-6.2392,53.35356]],[[-6.2392,53.35356],[-6.23923,53.35362]]]},"properties":{"id":"osm:way/370195942","mode":"rail","name":"Irish Rail"}},{"type":"Feature","geometry":{"type":"MultiLineString","coordinates":[[[-6.24061,53.35417],[-6.24037,53.35389]],[[-6.24037,53.35389],[-6.24014,53.3536]]]},"properties":{"id":"osm:way/370195943","mode":"rail","name":"Irish Rail"}},{"type":"Feature","geometry":{"type":"MultiLineString","coordinates":[[[-6.23923,53.35362],[-6.23929,53.35375]],[[-6.23929,53.35375],[-6.23934,53.35387]],[[-6.23934,53.35387],[-6.23938,53.35398]],[[-6.23938,53.35398],[-6.23941,53.35409]],[[-6.23941,53.35409],[-6.23984,53.35553]],[[-6.23984,53.35553],[-6.24025,53.35692]],[[-6.24025,53.35692],[-6.24025,53.35694]]]},"properties":{"id":"osm:way/370195944","mode":"rail","name":"Irish Rail"}},{"type":"Feature","geometry":{"type":"MultiLineString","coordinates":[[[-6.23917,53.35363],[-6.23923,53.35376]],[[-6.23923,53.35376],[-6.23928,53.35388]],[[-6.23928,53.35388],[-6.23932,53.35398]],[[-6.23932,53.35398],[-6.23936,53.3541]],[[-6.23936,53.3541],[-6.23939,53.35422]],[[-6.23939,53.35422],[-6.23945,53.35444]],[[-6.23945,53.35444],[-6.2395,53.35465]],[[-6.2395,53.35465],[-6.23968,53.35527]],[[-6.23968,53.35527],[-6.23973,53.35543]],[[-6.23973,53.35543],[-6.23977,53.35559]],[[-6.23977,53.35559],[-6.23998,53.35622]],[[-6.23998,53.35622],[-6.24019,53.35692]]]},"properties":{"id":"osm:way/370195945","mode":"rail","name":"Irish Rail"}},{"type":"Feature","geometry":{"type":"MultiLineString","coordinates":[[[-6.22618,53.3513],[-6.22611,53.3513]],[[-6.22611,53.3513],[-6.22608,53.35129]],[[-6.22608,53.35129],[-6.22596,53.35129]],[[-6.22596,53.35129],[-6.22571,53.35128]],[[-6.22571,53.35128],[-6.22561,53.35127]],[[-6.22561,53.35127],[-6.22528,53.35126]],[[-6.22528,53.35126],[-6.22476,53.35123]],[[-6.22476,53.35123],[-6.22425,53.35121]],[[-6.22425,53.35121],[-6.22311,53.35116]]]},"properties":{"id":"osm:way/370195950","mode":"rail","name":"Irish Rail"}},{"type":"Feature","geometry":{"type":"MultiLineString","coordinates":[[[-6.22136,53.35105],[-6.22168,53.35107]],[[-6.22168,53.35107],[-6.22203,53.35108]],[[-6.22203,53.35108],[-6.2221,53.35108]],[[-6.2221,53.35108],[-6.2225,53.3511]],[[-6.2225,53.3511],[-6.22298,53.35112]],[[-6.22298,53.35112],[-6.22311,53.35113]],[[-6.22311,53.35113],[-6.22377,53.35116]],[[-6.22377,53.35116],[-6.22477,53.3512]],[[-6.22477,53.3512],[-6.22524,53.35122]]]},"properties":{"id":"osm:way/370195955","mode":"rail","name":"Irish Rail"}},{"type":"Feature","geometry":{"type":"MultiLineString","coordinates":[[[-6.22311,53.35116],[-6.22298,53.35115]],[[-6.22298,53.35115],[-6.22273,53.35112]],[[-6.22273,53.35112],[-6.22263,53.35111]],[[-6.22263,53.35111],[-6.2225,53.3511]]]},"properties":{"id":"osm:way/370195956","mode":"rail","name":"Irish Rail"}},{"type":"Feature","geometry":{"type":"MultiLineString","coordinates":[[[-6.20971,53.34883],[-6.20989,53.34883]],[[-6.20989,53.34883],[-6.21002,53.34883]],[[-6.21002,53.34883],[-6.21024,53.34883]],[[-6.21024,53.34883],[-6.21039,53.34883]],[[-6.21039,53.34883],[-6.21054,53.34883]],[[-6.21054,53.34883],[-6.21279,53.34892]],[[-6.21279,53.34892],[-6.21323,53.34894]],[[-6.21323,53.34894],[-6.21402,53.34897]],[[-6.21402,53.34897],[-6.21412,53.34897]],[[-6.21412,53.34897],[-6.21447,53.34899]],[[-6.21447,53.34899],[-6.21507,53.34899]],[[-6.21507,53.34899],[-6.21534,53.34899]],[[-6.21534,53.34899],[-6.21648,53.34897]],[[-6.21648,53.34897],[-6.21676,53.34896]],[[-6.21676,53.34896],[-6.21705,53.34896]],[[-6.21705,53.34896],[-6.21772,53.34898]],[[-6.21772,53.34898],[-6.21866,53.349]]]},"properties":{"id":"osm:way/370195957","mode":"rail","name":"Irish Rail"}},{"type":"Feature","geometry":{"type":"MultiLineString","coordinates":[[[-6.24575,53.35353],[-6.24631,53.35331]],[[-6.24631,53.35331],[-6.24654,53.35322]],[[-6.24654,53.35322],[-6.24669,53.35315]],[[-6.24669,53.35315],[-6.24702,53.35299]],[[-6.24702,53.35299],[-6.24733,53.35284]],[[-6.24733,53.35284],[-6.24752,53.35276]],[[-6.24752,53.35276],[-6.24769,53.3527]],[[-6.24769,53.3527],[-6.24794,53.35262]],[[-6.24794,53.35262],[-6.24811,53.35257]],[[-6.24811,53.35257],[-6.24829,53.35252]],[[-6.24829,53.35252],[-6.24852,53.35247]]]},"properties":{"id":"osm:way/370197357","mode":"rail","name":"Irish Rail"}},{"type":"Feature","geometry":{"type":"MultiLineString","coordinates":[[[-6.25393,53.34669],[-6.25382,53.34659]],[[-6.25382,53.34659],[-6.25367,53.34646]],[[-6.25367,53.34646],[-6.25354,53.34635]],[[-6.25354,53.34635],[-6.25323,53.3461]],[[-6.25323,53.3461],[-6.25309,53.34599]]]},"properties":{"id":"osm:way/370197358","mode":"rail","name":"Irish Rail"}},{"type":"Feature","geometry":{"type":"LineString","coordinates":[[-6.24978,53.34368],[-6.24939,53.34357]]},"properties":{"id":"osm:way/370197360","mode":"rail","name":"Irish Rail"}},{"type":"Feature","geometry":{"type":"MultiLineString","coordinates":[[[-6.24981,53.34365],[-6.24998,53.34371]],[[-6.24998,53.34371],[-6.25016,53.34376]],[[-6.25016,53.34376],[-6.25033,53.34383]],[[-6.25033,53.34383],[-6.25052,53.34391]],[[-6.25052,53.34391],[-6.25069,53.34399]],[[-6.25069,53.34399],[-6.25078,53.34404]],[[-6.25078,53.34404],[-6.25094,53.34413]],[[-6.25094,53.34413],[-6.2511,53.34423]],[[-6.2511,53.34423],[-6.25122,53.34431]],[[-6.25122,53.34431],[-6.25128,53.34436]],[[-6.25128,53.34436],[-6.25137,53.34443]]]},"properties":{"id":"osm:way/370197362","mode":"rail","name":"Irish Rail"}},{"type":"Feature","geometry":{"type":"MultiLineString","coordinates":[[[-6.25124,53.34439],[-6.25119,53.34435]],[[-6.25119,53.34435],[-6.25114,53.34431]],[[-6.25114,53.34431],[-6.25105,53.34425]],[[-6.25105,53.34425],[-6.25092,53.34417]],[[-6.25092,53.34417],[-6.25074,53.34406]],[[-6.25074,53.34406],[-6.25061,53.34399]],[[-6.25061,53.34399],[-6.25049,53.34394]],[[-6.25049,53.34394],[-6.2503,53.34385]],[[-6.2503,53.34385],[-6.25011,53.34378]],[[-6.25011,53.34378],[-6.24997,53.34374]],[[-6.24997,53.34374],[-6.24978,53.34368]]]},"properties":{"id":"osm:way/370197363","mode":"rail","name":"Irish Rail"}},{"type":"Feature","geometry":{"type":"LineString","coordinates":[[-6.25161,53.3447],[-6.25124,53.34439]]},"properties":{"id":"osm:way/370197364","mode":"rail","name":"Irish Rail"}},{"type":"Feature","geometry":{"type":"MultiLineString","coordinates":[[[-6.25171,53.34473],[-6.25198,53.34497]],[[-6.25198,53.34497],[-6.25212,53.34509]]]},"properties":{"id":"osm:way/370197365","mode":"rail","name":"Irish Rail"}},{"type":"Feature","geometry":{"type":"MultiLineString","coordinates":[[[-6.25137,53.34443],[-6.25154,53.34458]],[[-6.25154,53.34458],[-6.25171,53.34473]]]},"properties":{"id":"osm:way/370197366","mode":"rail","name":"Irish Rail"}},{"type":"Feature","geometry":{"type":"LineString","coordinates":[[-6.24539,53.34266],[-6.24496,53.34254]]},"properties":{"id":"osm:way/370197368","mode":"rail","name":"Irish Rail"}},{"type":"Feature","geometry":{"type":"MultiLineString","coordinates":[[[-6.24135,53.34129],[-6.24065,53.341]],[[-6.24065,53.341],[-6.24008,53.34075]],[[-6.24008,53.34075],[-6.23947,53.34044]]]},"properties":{"id":"osm:way/370197373","mode":"rail","name":"Irish Rail"}},{"type":"Feature","geometry":{"type":"MultiLineString","coordinates":[[[-6.24017,53.34071],[-6.24073,53.34095]],[[-6.24073,53.34095],[-6.24109,53.3411]]]},"properties":{"id":"osm:way/370200872","mode":"rail","name":"Irish Rail"}},{"type":"Feature","geometry":{"type":"LineString","coordinates":[[-6.24662,53.34294],[-6.24645,53.3429]]},"properties":{"id":"osm:way/370200875","mode":"rail","name":"Irish Rail"}},{"type":"Feature","geometry":{"type":"MultiLineString","coordinates":[[[-6.24665,53.34292],[-6.24717,53.34304]],[[-6.24717,53.34304],[-6.24829,53.34328]]]},"properties":{"id":"osm:way/370200876","mode":"rail","name":"Irish Rail"}},{"type":"Feature","geometry":{"type":"MultiLineString","coordinates":[[[-6.2546,53.34767],[-6.25462,53.34777]],[[-6.25462,53.34777],[-6.25464,53.34784]],[[-6.25464,53.34784],[-6.25466,53.34795]],[[-6.25466,53.34795],[-6.25467,53.34803]],[[-6.25467,53.34803],[-6.25468,53.34816]]]},"properties":{"id":"osm:way/370200878","mode":"rail","name":"Irish Rail"}},{"type":"Feature","geometry":{"type":"MultiLineString","coordinates":[[[-6.25413,53.34684],[-6.25425,53.34699]],[[-6.25425,53.34699],[-6.25434,53.34712]],[[-6.25434,53.34712],[-6.25446,53.34736]]]},"properties":{"id":"osm:way/370273352","mode":"rail","name":"Irish Rail"}},{"type":"Feature","geometry":{"type":"MultiLineString","coordinates":[[[-6.2539,53.34661],[-6.25407,53.34677]],[[-6.25407,53.34677],[-6.25413,53.34684]]]},"properties":{"id":"osm:way/370273353","mode":"rail","name":"Irish Rail"}},{"type":"Feature","geometry":{"type":"MultiLineString","coordinates":[[[-6.28646,53.36884],[-6.28674,53.36902]],[[-6.28674,53.36902],[-6.28689,53.36912]],[[-6.28689,53.36912],[-6.28697,53.36917]],[[-6.28697,53.36917],[-6.2883,53.37]],[[-6.2883,53.37],[-6.2885,53.37013]],[[-6.2885,53.37013],[-6.28868,53.37022]],[[-6.28868,53.37022],[-6.28889,53.37033]],[[-6.28889,53.37033],[-6.28913,53.37044]],[[-6.28913,53.37044],[-6.28934,53.37052]],[[-6.28934,53.37052],[-6.28962,53.37062]]]},"properties":{"id":"osm:way/370960885","mode":"luas","name":"Luas"}},{"type":"Feature","geometry":{"type":"MultiLineString","coordinates":[[[-6.29019,53.36621],[-6.28995,53.36665]],[[-6.28995,53.36665],[-6.2898,53.36693]],[[-6.2898,53.36693],[-6.2897,53.36708]],[[-6.2897,53.36708],[-6.28959,53.36724]],[[-6.28959,53.36724],[-6.28945,53.3674]],[[-6.28945,53.3674],[-6.28931,53.36755]],[[-6.28931,53.36755],[-6.28918,53.36767]],[[-6.28918,53.36767],[-6.28895,53.36785]],[[-6.28895,53.36785],[-6.28882,53.36794]],[[-6.28882,53.36794],[-6.28867,53.36803]],[[-6.28867,53.36803],[-6.28848,53.36814]],[[-6.28848,53.36814],[-6.2883,53.36823]],[[-6.2883,53.36823],[-6.2881,53.36832]],[[-6.2881,53.36832],[-6.28792,53.36839]],[[-6.28792,53.36839],[-6.28773,53.36846]],[[-6.28773,53.36846],[-6.28754,53.36852]],[[-6.28754,53.36852],[-6.2873,53.36859]],[[-6.2873,53.36859],[-6.28711,53.36864]],[[-6.28711,53.36864],[-6.28687,53.3687]],[[-6.28687,53.3687],[-6.28657,53.36875]]]},"properties":{"id":"osm:way/370960888","mode":"rail","name":"Irish Rail"}},{"type":"Feature","geometry":{"type":"MultiLineString","coordinates":[[[-6.2937,53.35983],[-6.29346,53.36027]],[[-6.29346,53.36027],[-6.2931,53.36092]],[[-6.2931,53.36092],[-6.29285,53.36137]]]},"properties":{"id":"osm:way/370960889","mode":"rail","name":"Irish Rail"}},{"type":"Feature","geometry":{"type":"MultiLineString","coordinates":[[[-6.29285,53.36137],[-6.2928,53.36148]],[[-6.2928,53.36148],[-6.29267,53.3617]],[[-6.29267,53.3617],[-6.2921,53.36271]],[[-6.2921,53.36271],[-6.29126,53.36426]],[[-6.29126,53.36426],[-6.2904,53.36582]],[[-6.2904,53.36582],[-6.29031,53.36598]],[[-6.29031,53.36598],[-6.29019,53.36621]]]},"properties":{"id":"osm:way/370960891","mode":"rail","name":"Irish Rail"}},{"type":"Feature","geometry":{"type":"MultiLineString","coordinates":[[[-6.2425,53.35526],[-6.24223,53.3554]],[[-6.24223,53.3554],[-6.24207,53.35549]]]},"properties":{"id":"osm:way/371449963","mode":"rail","name":"Irish Rail"}},{"type":"Feature","geometry":{"type":"MultiLineString","coordinates":[[[-6.24019,53.3563],[-6.24076,53.35601]],[[-6.24076,53.35601],[-6.24148,53.35564]]]},"properties":{"id":"osm:way/371449964","mode":"rail","name":"Irish Rail"}},{"type":"Feature","geometry":{"type":"LineString","coordinates":[[-6.25244,53.34544],[-6.25289,53.34577]]},"properties":{"id":"osm:way/371896413","mode":"rail","name":"Irish Rail"}},{"type":"Feature","geometry":{"type":"LineString","coordinates":[[-6.25194,53.345],[-6.25154,53.34458]]},"properties":{"id":"osm:way/371896414","mode":"rail","name":"Irish Rail"}},{"type":"Feature","geometry":{"type":"MultiLineString","coordinates":[[[-6.24512,53.35386],[-6.24481,53.35402]],[[-6.24481,53.35402],[-6.2443,53.35428]]]},"properties":{"id":"osm:way/371896415","mode":"rail","name":"Irish Rail"}},{"type":"Feature","geometry":{"type":"MultiLineString","coordinates":[[[-6.15438,53.39254],[-6.15408,53.39279]],[[-6.15408,53.39279],[-6.15383,53.393]],[[-6.15383,53.393],[-6.15359,53.39322]],[[-6.15359,53.39322],[-6.15326,53.39353]],[[-6.15326,53.39353],[-6.1527,53.39411]],[[-6.1527,53.39411],[-6.15235,53.3945]],[[-6.15235,53.3945],[-6.15201,53.39492]],[[-6.15201,53.39492],[-6.15176,53.39525]]]},"properties":{"id":"osm:way/371901696","mode":"rail","name":"Irish Rail"}},{"type":"Feature","geometry":{"type":"MultiLineString","coordinates":[[[-6.15433,53.39253],[-6.15461,53.3923]],[[-6.15461,53.3923],[-6.15495,53.39204]],[[-6.15495,53.39204],[-6.15533,53.39176]],[[-6.15533,53.39176],[-6.15595,53.39131]],[[-6.15595,53.39131],[-6.15598,53.39129]],[[-6.15598,53.39129],[-6.15628,53.39107]],[[-6.15628,53.39107],[-6.15668,53.39078]],[[-6.15668,53.39078],[-6.15725,53.39037]]]},"properties":{"id":"osm:way/371901697","mode":"rail","name":"Irish Rail"}},{"type":"Feature","geometry":{"type":"MultiLineString","coordinates":[[[-6.15674,53.44323],[-6.15664,53.44282]],[[-6.15664,53.44282],[-6.15645,53.44197]],[[-6.15645,53.44197],[-6.15621,53.4408]],[[-6.15621,53.4408],[-6.15584,53.43904]],[[-6.15584,53.43904],[-6.15565,53.43812]],[[-6.15565,53.43812],[-6.15546,53.43724]],[[-6.15546,53.43724],[-6.15523,53.43618]],[[-6.15523,53.43618],[-6.15511,53.43557]],[[-6.15511,53.43557],[-6.15492,53.4347]],[[-6.15492,53.4347],[-6.15477,53.43398]],[[-6.15477,53.43398],[-6.15461,53.43325]],[[-6.15461,53.43325],[-6.1544,53.43226]],[[-6.1544,53.43226],[-6.15419,53.43123]],[[-6.15419,53.43123],[-6.1541,53.43081]]]},"properties":{"id":"osm:way/371909347","mode":"rail","name":"Irish Rail"}},{"type":"Feature","geometry":{"type":"MultiLineString","coordinates":[[[-6.15723,53.44443],[-6.15725,53.44454]],[[-6.15725,53.44454],[-6.15726,53.44471]],[[-6.15726,53.44471],[-6.15729,53.44527]],[[-6.15729,53.44527],[-6.15731,53.44563]],[[-6.15731,53.44563],[-6.15731,53.4462]],[[-6.15731,53.4462],[-6.15731,53.44636]],[[-6.15731,53.44636],[-6.15725,53.44683]],[[-6.15725,53.44683],[-6.15722,53.44708]],[[-6.15722,53.44708],[-6.15719,53.44731]],[[-6.15719,53.44731],[-6.157,53.44857]],[[-6.157,53.44857],[-6.15696,53.44877]],[[-6.15696,53.44877],[-6.15685,53.44914]]]},"properties":{"id":"osm:way/371909348","mode":"rail","name":"Irish Rail"}},{"type":"Feature","geometry":{"type":"MultiLineString","coordinates":[[[-6.15711,53.447],[-6.15713,53.44681]],[[-6.15713,53.44681],[-6.15716,53.44644]],[[-6.15716,53.44644],[-6.15717,53.44614]],[[-6.15717,53.44614],[-6.15717,53.44578]],[[-6.15717,53.44578],[-6.15715,53.44552]],[[-6.15715,53.44552],[-6.15712,53.44515]],[[-6.15712,53.44515],[-6.15705,53.44476]],[[-6.15705,53.44476],[-6.15687,53.44386]],[[-6.15687,53.44386],[-6.15674,53.44323]]]},"properties":{"id":"osm:way/371909349","mode":"rail","name":"Irish Rail"}},{"type":"Feature","geometry":{"type":"LineString","coordinates":[[-6.15668,53.44992],[-6.15681,53.44943]]},"properties":{"id":"osm:way/371909350","mode":"rail","name":"Irish Rail"}},{"type":"Feature","geometry":{"type":"LineString","coordinates":[[-6.15698,53.4479],[-6.15696,53.44841]]},"properties":{"id":"osm:way/371909351","mode":"rail","name":"Irish Rail"}},{"type":"Feature","geometry":{"type":"MultiLineString","coordinates":[[[-6.15665,53.45007],[-6.15668,53.44992]],[[-6.15668,53.44992],[-6.15675,53.44947]],[[-6.15675,53.44947],[-6.15684,53.44884]],[[-6.15684,53.44884],[-6.15692,53.44826]],[[-6.15692,53.44826],[-6.15698,53.4479]],[[-6.15698,53.4479],[-6.15703,53.44756]],[[-6.15703,53.44756],[-6.15711,53.447]]]},"properties":{"id":"osm:way/371909352","mode":"rail","name":"Irish Rail"}},{"type":"Feature","geometry":{"type":"LineString","coordinates":[[-6.15614,53.45363],[-6.15631,53.45286]]},"properties":{"id":"osm:way/371909353","mode":"rail","name":"Irish Rail"}},{"type":"Feature","geometry":{"type":"MultiLineString","coordinates":[[[-6.15393,53.46863],[-6.15374,53.46987]],[[-6.15374,53.46987],[-6.1535,53.47145]],[[-6.1535,53.47145],[-6.15342,53.47205]],[[-6.15342,53.47205],[-6.1533,53.47284]],[[-6.1533,53.47284],[-6.15307,53.47442]],[[-6.15307,53.47442],[-6.15282,53.47614]]]},"properties":{"id":"osm:way/371909354","mode":"rail","name":"Irish Rail"}},{"type":"Feature","geometry":{"type":"MultiLineString","coordinates":[[[-6.17228,53.25456],[-6.17214,53.25452]],[[-6.17214,53.25452],[-6.17175,53.25444]],[[-6.17175,53.25444],[-6.17158,53.2544]],[[-6.17158,53.2544],[-6.17114,53.25431]],[[-6.17114,53.25431],[-6.17084,53.25425]],[[-6.17084,53.25425],[-6.17045,53.25416]],[[-6.17045,53.25416],[-6.17037,53.25415]],[[-6.17037,53.25415],[-6.16995,53.25405]],[[-6.16995,53.25405],[-6.1695,53.25394]],[[-6.1695,53.25394],[-6.16945,53.25393]],[[-6.16945,53.25393],[-6.16902,53.25383]],[[-6.16902,53.25383],[-6.16877,53.25378]],[[-6.16877,53.25378],[-6.16828,53.25367]],[[-6.16828,53.25367],[-6.16788,53.25358]],[[-6.16788,53.25358],[-6.16706,53.25338]],[[-6.16706,53.25338],[-6.16665,53.25328]],[[-6.16665,53.25328],[-6.16645,53.25323]],[[-6.16645,53.25323],[-6.16624,53.25318]],[[-6.16624,53.25318],[-6.16596,53.25312]],[[-6.16596,53.25312],[-6.16562,53.25305]],[[-6.16562,53.25305],[-6.1654,53.25301]],[[-6.1654,53.25301],[-6.16517,53.25297]],[[-6.16517,53.25297],[-6.16493,53.25293]],[[-6.16493,53.25293],[-6.16459,53.25288]],[[-6.16459,53.25288],[-6.16424,53.25283]],[[-6.16424,53.25283],[-6.16387,53.25278]],[[-6.16387,53.25278],[-6.16361,53.25275]]]},"properties":{"id":"osm:way/372175027","mode":"luas","name":"Luas"}},{"type":"Feature","geometry":{"type":"MultiLineString","coordinates":[[[-6.11295,53.2563],[-6.11297,53.25589]],[[-6.11297,53.25589],[-6.113,53.25565]],[[-6.113,53.25565],[-6.11302,53.25539]],[[-6.11302,53.25539],[-6.11309,53.25477]],[[-6.11309,53.25477],[-6.11311,53.25456]],[[-6.11311,53.25456],[-6.11314,53.2544]],[[-6.11314,53.2544],[-6.11318,53.25412]],[[-6.11318,53.25412],[-6.11322,53.25389]],[[-6.11322,53.25389],[-6.11327,53.25359]],[[-6.11327,53.25359],[-6.11329,53.25346]],[[-6.11329,53.25346],[-6.11331,53.25327]],[[-6.11331,53.25327],[-6.11333,53.25311]],[[-6.11333,53.25311],[-6.11339,53.25234]],[[-6.11339,53.25234],[-6.11345,53.25161]]]},"properties":{"id":"osm:way/372189751","mode":"rail","name":"Irish Rail"}},{"type":"Feature","geometry":{"type":"MultiLineString","coordinates":[[[-6.10104,53.27512],[-6.1008,53.27505]],[[-6.1008,53.27505],[-6.10056,53.27498]],[[-6.10056,53.27498],[-6.10018,53.27485]],[[-6.10018,53.27485],[-6.09974,53.27468]],[[-6.09974,53.27468],[-6.09962,53.27463]],[[-6.09962,53.27463],[-6.09936,53.27451]],[[-6.09936,53.27451],[-6.09898,53.27433]],[[-6.09898,53.27433],[-6.09867,53.27416]],[[-6.09867,53.27416],[-6.09841,53.27402]],[[-6.09841,53.27402],[-6.09812,53.27383]],[[-6.09812,53.27383],[-6.09781,53.27361]],[[-6.09781,53.27361],[-6.09756,53.2734]],[[-6.09756,53.2734],[-6.09734,53.27322]],[[-6.09734,53.27322],[-6.09715,53.27304]],[[-6.09715,53.27304],[-6.09698,53.27286]],[[-6.09698,53.27286],[-6.09682,53.27267]],[[-6.09682,53.27267],[-6.09672,53.27252]],[[-6.09672,53.27252],[-6.09661,53.27233]],[[-6.09661,53.27233],[-6.09653,53.27215]],[[-6.09653,53.27215],[-6.09649,53.27203]],[[-6.09649,53.27203],[-6.09644,53.27182]]]},"properties":{"id":"osm:way/372189763","mode":"rail","name":"Irish Rail"}},{"type":"Feature","geometry":{"type":"MultiLineString","coordinates":[[[-6.10105,53.27509],[-6.1018,53.27526]],[[-6.1018,53.27526],[-6.10319,53.27561]],[[-6.10319,53.27561],[-6.10458,53.27595]],[[-6.10458,53.27595],[-6.10578,53.27624]],[[-6.10578,53.27624],[-6.10606,53.27631]],[[-6.10606,53.27631],[-6.1095,53.27715]],[[-6.1095,53.27715],[-6.11079,53.2775]],[[-6.11079,53.2775],[-6.11111,53.2776]]]},"properties":{"id":"osm:way/372189764","mode":"rail","name":"Irish Rail"}},{"type":"Feature","geometry":{"type":"LineString","coordinates":[[-6.10475,53.27602],[-6.10578,53.27624]]},"properties":{"id":"osm:way/372189765","mode":"rail","name":"Irish Rail"}},{"type":"Feature","geometry":{"type":"LineString","coordinates":[[-6.10606,53.27631],[-6.10703,53.27658]]},"properties":{"id":"osm:way/372189766","mode":"rail","name":"Irish Rail"}},{"type":"Feature","geometry":{"type":"MultiLineString","coordinates":[[[-6.15675,53.39061],[-6.15667,53.39068]],[[-6.15667,53.39068],[-6.15658,53.39076]],[[-6.15658,53.39076],[-6.1565,53.39083]],[[-6.1565,53.39083],[-6.15632,53.39094]]]},"properties":{"id":"osm:way/372222733","mode":"rail","name":"Irish Rail"}},{"type":"Feature","geometry":{"type":"MultiLineString","coordinates":[[[-6.12765,53.28541],[-6.12765,53.28522]],[[-6.12765,53.28522],[-6.12765,53.28483]],[[-6.12765,53.28483],[-6.12759,53.28432]],[[-6.12759,53.28432],[-6.12748,53.28394]],[[-6.12748,53.28394],[-6.12733,53.28364]],[[-6.12733,53.28364],[-6.12709,53.28329]],[[-6.12709,53.28329],[-6.12684,53.28301]],[[-6.12684,53.28301],[-6.12654,53.28274]],[[-6.12654,53.28274],[-6.12619,53.28248]],[[-6.12619,53.28248],[-6.12582,53.28225]],[[-6.12582,53.28225],[-6.12549,53.28207]],[[-6.12549,53.28207],[-6.12516,53.28193]],[[-6.12516,53.28193],[-6.1247,53.28175]],[[-6.1247,53.28175],[-6.12419,53.28158]],[[-6.12419,53.28158],[-6.1231,53.28125]],[[-6.1231,53.28125],[-6.11623,53.27915]],[[-6.11623,53.27915],[-6.11454,53.27864]],[[-6.11454,53.27864],[-6.11253,53.27805]],[[-6.11253,53.27805],[-6.11137,53.27771]]]},"properties":{"id":"osm:way/372345762","mode":"rail","name":"Irish Rail"}},{"type":"Feature","geometry":{"type":"MultiLineString","coordinates":[[[-6.0994,53.26899],[-6.09971,53.26888]],[[-6.09971,53.26888],[-6.10039,53.26863]],[[-6.10039,53.26863],[-6.10124,53.26834]],[[-6.10124,53.26834],[-6.10204,53.26809]],[[-6.10204,53.26809],[-6.10236,53.26798]],[[-6.10236,53.26798],[-6.10289,53.2678]],[[-6.10289,53.2678],[-6.10333,53.26765]],[[-6.10333,53.26765],[-6.10366,53.26753]],[[-6.10366,53.26753],[-6.10471,53.26711]],[[-6.10471,53.26711],[-6.10527,53.2669]],[[-6.10527,53.2669],[-6.10565,53.26676]],[[-6.10565,53.26676],[-6.10603,53.2666]],[[-6.10603,53.2666],[-6.10621,53.26652]],[[-6.10621,53.26652],[-6.10639,53.26643]],[[-6.10639,53.26643],[-6.10655,53.26634]],[[-6.10655,53.26634],[-6.10682,53.26616]],[[-6.10682,53.26616],[-6.10697,53.26605]],[[-6.10697,53.26605],[-6.1071,53.26594]]]},"properties":{"id":"osm:way/372345763","mode":"rail","name":"Irish Rail"}},{"type":"Feature","geometry":{"type":"MultiLineString","coordinates":[[[-6.09943,53.26902],[-6.09879,53.26927]],[[-6.09879,53.26927],[-6.0983,53.26948]],[[-6.0983,53.26948],[-6.09798,53.26963]],[[-6.09798,53.26963],[-6.09782,53.26972]],[[-6.09782,53.26972],[-6.09758,53.26986]],[[-6.09758,53.26986],[-6.09746,53.26994]],[[-6.09746,53.26994],[-6.09724,53.27011]],[[-6.09724,53.27011],[-6.09711,53.27023]],[[-6.09711,53.27023],[-6.09704,53.2703]],[[-6.09704,53.2703],[-6.09692,53.27043]],[[-6.09692,53.27043],[-6.09682,53.27057]]]},"properties":{"id":"osm:way/372345764","mode":"rail","name":"Irish Rail"}},{"type":"Feature","geometry":{"type":"MultiLineString","coordinates":[[[-6.1277,53.28541],[-6.1277,53.28576]],[[-6.1277,53.28576],[-6.12769,53.28628]],[[-6.12769,53.28628],[-6.12767,53.28669]],[[-6.12767,53.28669],[-6.12765,53.28689]],[[-6.12765,53.28689],[-6.12761,53.28708]],[[-6.12761,53.28708],[-6.12753,53.2873]],[[-6.12753,53.2873],[-6.12742,53.28753]],[[-6.12742,53.28753],[-6.12707,53.28822]]]},"properties":{"id":"osm:way/372345765","mode":"rail","name":"Irish Rail"}},{"type":"Feature","geometry":{"type":"LineString","coordinates":[[-6.14243,53.29625],[-6.14155,53.29633]]},"properties":{"id":"osm:way/372345770","mode":"rail","name":"Irish Rail"}},{"type":"Feature","geometry":{"type":"MultiLineString","coordinates":[[[-6.22082,53.32778],[-6.22031,53.3274]],[[-6.22031,53.3274],[-6.2198,53.32701]],[[-6.2198,53.32701],[-6.21931,53.32663]],[[-6.21931,53.32663],[-6.21881,53.32625]],[[-6.21881,53.32625],[-6.21855,53.32606]],[[-6.21855,53.32606],[-6.21802,53.32565]],[[-6.21802,53.32565],[-6.2177,53.32541]],[[-6.2177,53.32541],[-6.21717,53.325]],[[-6.21717,53.325],[-6.21681,53.32473]],[[-6.21681,53.32473],[-6.21608,53.32418]],[[-6.21608,53.32418],[-6.21573,53.32391]],[[-6.21573,53.32391],[-6.21505,53.32339]],[[-6.21505,53.32339],[-6.21464,53.32307]]]},"properties":{"id":"osm:way/372701526","mode":"rail","name":"Irish Rail"}},{"type":"Feature","geometry":{"type":"MultiLineString","coordinates":[[[-6.23447,53.33792],[-6.23493,53.33819]],[[-6.23493,53.33819],[-6.23549,53.33849]],[[-6.23549,53.33849],[-6.236,53.33875]],[[-6.236,53.33875],[-6.23647,53.33899]],[[-6.23647,53.33899],[-6.23661,53.33905]]]},"properties":{"id":"osm:way/372701529","mode":"rail","name":"Irish Rail"}},{"type":"Feature","geometry":{"type":"LineString","coordinates":[[-6.24497,53.34249],[-6.24512,53.34255]]},"properties":{"id":"osm:way/372701533","mode":"rail","name":"Irish Rail"}},{"type":"Feature","geometry":{"type":"MultiLineString","coordinates":[[[-6.23112,53.36095],[-6.23142,53.36079]],[[-6.23142,53.36079],[-6.23383,53.35955]],[[-6.23383,53.35955],[-6.23388,53.35952]],[[-6.23388,53.35952],[-6.23484,53.35902]],[[-6.23484,53.35902],[-6.2351,53.35889]]]},"properties":{"id":"osm:way/372703337","mode":"rail","name":"Irish Rail"}},{"type":"Feature","geometry":{"type":"MultiLineString","coordinates":[[[-6.08443,53.39069],[-6.08409,53.39064]],[[-6.08409,53.39064],[-6.08338,53.39054]],[[-6.08338,53.39054],[-6.08217,53.39035]],[[-6.08217,53.39035],[-6.08152,53.39025]],[[-6.08152,53.39025],[-6.08093,53.39015]],[[-6.08093,53.39015],[-6.08007,53.39002]]]},"properties":{"id":"osm:way/372736082","mode":"rail","name":"Irish Rail"}},{"type":"Feature","geometry":{"type":"MultiLineString","coordinates":[[[-6.08007,53.39002],[-6.07919,53.38988]],[[-6.07919,53.38988],[-6.07879,53.38981]],[[-6.07879,53.38981],[-6.07801,53.38969]],[[-6.07801,53.38969],[-6.07704,53.38953]],[[-6.07704,53.38953],[-6.07537,53.38927]],[[-6.07537,53.38927],[-6.07486,53.3892]],[[-6.07486,53.3892],[-6.07436,53.38912]]]},"properties":{"id":"osm:way/372736083","mode":"rail","name":"Irish Rail"}},{"type":"Feature","geometry":{"type":"MultiLineString","coordinates":[[[-6.14974,53.39211],[-6.14648,53.39196]],[[-6.14648,53.39196],[-6.14559,53.39193]],[[-6.14559,53.39193],[-6.1448,53.3919]],[[-6.1448,53.3919],[-6.14389,53.39186]],[[-6.14389,53.39186],[-6.14316,53.39183]],[[-6.14316,53.39183],[-6.142,53.39178]],[[-6.142,53.39178],[-6.14035,53.39171]],[[-6.14035,53.39171],[-6.1383,53.39164]],[[-6.1383,53.39164],[-6.13731,53.39161]],[[-6.13731,53.39161],[-6.13689,53.3916]],[[-6.13689,53.3916],[-6.13573,53.39155]],[[-6.13573,53.39155],[-6.13506,53.39152]],[[-6.13506,53.39152],[-6.13438,53.3915]],[[-6.13438,53.3915],[-6.13401,53.3915]],[[-6.13401,53.3915],[-6.13363,53.39148]],[[-6.13363,53.39148],[-6.13313,53.39148]],[[-6.13313,53.39148],[-6.13264,53.3915]],[[-6.13264,53.3915],[-6.13173,53.39153]],[[-6.13173,53.39153],[-6.12844,53.39164]],[[-6.12844,53.39164],[-6.12691,53.39169]]]},"properties":{"id":"osm:way/372736084","mode":"rail","name":"Irish Rail"}},{"type":"Feature","geometry":{"type":"LineString","coordinates":[[-6.23442,53.33794],[-6.2339,53.33763]]},"properties":{"id":"osm:way/372832736","mode":"rail","name":"Irish Rail"}},{"type":"Feature","geometry":{"type":"MultiLineString","coordinates":[[[-6.30668,53.34399],[-6.30704,53.34383]],[[-6.30704,53.34383],[-6.30735,53.34369]],[[-6.30735,53.34369],[-6.30751,53.34362]],[[-6.30751,53.34362],[-6.30764,53.34358]]]},"properties":{"id":"osm:way/372973626","mode":"rail","name":"Irish Rail"}},{"type":"Feature","geometry":{"type":"MultiLineString","coordinates":[[[-6.15699,53.39058],[-6.15668,53.39078]],[[-6.15668,53.39078],[-6.15647,53.39091]],[[-6.15647,53.39091],[-6.1563,53.39101]],[[-6.1563,53.39101],[-6.15609,53.3911]],[[-6.15609,53.3911],[-6.15587,53.3912]],[[-6.15587,53.3912],[-6.15567,53.39128]],[[-6.15567,53.39128],[-6.15521,53.39147]],[[-6.15521,53.39147],[-6.15469,53.39165]],[[-6.15469,53.39165],[-6.1544,53.39173]],[[-6.1544,53.39173],[-6.15421,53.39177]],[[-6.15421,53.39177],[-6.15402,53.39181]],[[-6.15402,53.39181],[-6.15367,53.39189]],[[-6.15367,53.39189],[-6.15335,53.39196]],[[-6.15335,53.39196],[-6.15306,53.392]],[[-6.15306,53.392],[-6.15257,53.39206]],[[-6.15257,53.39206],[-6.15223,53.39209]],[[-6.15223,53.39209],[-6.15177,53.39213]],[[-6.15177,53.39213],[-6.15131,53.39214]],[[-6.15131,53.39214],[-6.15098,53.39215]],[[-6.15098,53.39215],[-6.1507,53.39214]],[[-6.1507,53.39214],[-6.15041,53.39214]],[[-6.15041,53.39214],[-6.14974,53.39211]]]},"properties":{"id":"osm:way/373031412","mode":"rail","name":"Irish Rail"}},{"type":"Feature","geometry":{"type":"LineString","coordinates":[[-6.23,53.35111],[-6.22955,53.35108]]},"properties":{"id":"osm:way/375469731","mode":"rail","name":"Irish Rail"}},{"type":"Feature","geometry":{"type":"MultiLineString","coordinates":[[[-6.22955,53.35108],[-6.22938,53.35108]],[[-6.22938,53.35108],[-6.22912,53.35107]],[[-6.22912,53.35107],[-6.22797,53.35105]]]},"properties":{"id":"osm:way/375469732","mode":"rail","name":"Irish Rail"}},{"type":"Feature","geometry":{"type":"MultiLineString","coordinates":[[[-6.22955,53.35105],[-6.22934,53.35104]],[[-6.22934,53.35104],[-6.22912,53.35103]],[[-6.22912,53.35103],[-6.22797,53.35101]]]},"properties":{"id":"osm:way/375469733","mode":"rail","name":"Irish Rail"}},{"type":"Feature","geometry":{"type":"LineString","coordinates":[[-6.23001,53.35107],[-6.22955,53.35105]]},"properties":{"id":"osm:way/375469734","mode":"rail","name":"Irish Rail"}},{"type":"Feature","geometry":{"type":"LineString","coordinates":[[-6.26176,53.3385],[-6.26196,53.33831]]},"properties":{"id":"osm:way/375744793","mode":"luas","name":"Luas"}},{"type":"Feature","geometry":{"type":"MultiLineString","coordinates":[[[-6.3362,53.33853],[-6.33613,53.33852]],[[-6.33613,53.33852],[-6.33584,53.33848]],[[-6.33584,53.33848],[-6.33571,53.33848]],[[-6.33571,53.33848],[-6.3355,53.33848]],[[-6.3355,53.33848],[-6.33482,53.33852]],[[-6.33482,53.33852],[-6.3342,53.33857]],[[-6.3342,53.33857],[-6.3339,53.3386]],[[-6.3339,53.3386],[-6.33367,53.33862]],[[-6.33367,53.33862],[-6.33347,53.33864]]]},"properties":{"id":"osm:way/375951502","mode":"rail","name":"Irish Rail"}},{"type":"Feature","geometry":{"type":"MultiLineString","coordinates":[[[-6.33335,53.33859],[-6.33445,53.33838]],[[-6.33445,53.33838],[-6.33472,53.33834]],[[-6.33472,53.33834],[-6.33492,53.33831]],[[-6.33492,53.33831],[-6.33516,53.3383]],[[-6.33516,53.3383],[-6.3353,53.33831]],[[-6.3353,53.33831],[-6.33547,53.33832]],[[-6.33547,53.33832],[-6.33569,53.33836]],[[-6.33569,53.33836],[-6.33596,53.33842]],[[-6.33596,53.33842],[-6.3361,53.33846]],[[-6.3361,53.33846],[-6.33616,53.33848]],[[-6.33616,53.33848],[-6.33625,53.3385]]]},"properties":{"id":"osm:way/375951503","mode":"rail","name":"Irish Rail"}},{"type":"Feature","geometry":{"type":"MultiLineString","coordinates":[[[-6.33304,53.33869],[-6.33439,53.33844]],[[-6.33439,53.33844],[-6.33479,53.33836]],[[-6.33479,53.33836],[-6.33497,53.33835]],[[-6.33497,53.33835],[-6.33516,53.33834]],[[-6.33516,53.33834],[-6.33527,53.33834]],[[-6.33527,53.33834],[-6.33538,53.33835]],[[-6.33538,53.33835],[-6.33561,53.33839]],[[-6.33561,53.33839],[-6.33577,53.33842]],[[-6.33577,53.33842],[-6.33592,53.33846]]]},"properties":{"id":"osm:way/375951508","mode":"rail","name":"Irish Rail"}},{"type":"Feature","geometry":{"type":"MultiLineString","coordinates":[[[-6.33292,53.33876],[-6.33258,53.33883]],[[-6.33258,53.33883],[-6.33205,53.33894]],[[-6.33205,53.33894],[-6.33128,53.3391]]]},"properties":{"id":"osm:way/375951512","mode":"rail","name":"Irish Rail"}},{"type":"Feature","geometry":{"type":"MultiLineString","coordinates":[[[-6.3445,53.3377],[-6.3443,53.33773]],[[-6.3443,53.33773],[-6.34285,53.33802]],[[-6.34285,53.33802],[-6.34231,53.33812]],[[-6.34231,53.33812],[-6.34188,53.33821]],[[-6.34188,53.33821],[-6.3415,53.33828]],[[-6.3415,53.33828],[-6.34063,53.33845]],[[-6.34063,53.33845],[-6.34012,53.33855]],[[-6.34012,53.33855],[-6.33936,53.3387]],[[-6.33936,53.3387],[-6.33865,53.33884]],[[-6.33865,53.33884],[-6.3381,53.33894]],[[-6.3381,53.33894],[-6.33775,53.33901]],[[-6.33775,53.33901],[-6.33719,53.33912]],[[-6.33719,53.33912],[-6.33548,53.33945]],[[-6.33548,53.33945],[-6.33305,53.33993]],[[-6.33305,53.33993],[-6.33271,53.33999]],[[-6.33271,53.33999],[-6.33231,53.34007]],[[-6.33231,53.34007],[-6.3315,53.34024]],[[-6.3315,53.34024],[-6.33135,53.34027]],[[-6.33135,53.34027],[-6.33092,53.34036]]]},"properties":{"id":"osm:way/375951516","mode":"rail","name":"Irish Rail"}},{"type":"Feature","geometry":{"type":"LineString","coordinates":[[-6.3445,53.3377],[-6.345,53.3376]]},"properties":{"id":"osm:way/375951523","mode":"rail","name":"Irish Rail"}},{"type":"Feature","geometry":{"type":"MultiLineString","coordinates":[[[-6.33092,53.34036],[-6.33069,53.34041]],[[-6.33069,53.34041],[-6.3301,53.34057]],[[-6.3301,53.34057],[-6.32985,53.34063]]]},"properties":{"id":"osm:way/375951524","mode":"rail","name":"Irish Rail"}},{"type":"Feature","geometry":{"type":"LineString","coordinates":[[-6.33439,53.33844],[-6.3337,53.33859]]},"properties":{"id":"osm:way/375951527","mode":"rail","name":"Irish Rail"}},{"type":"Feature","geometry":{"type":"MultiLineString","coordinates":[[[-6.32985,53.34063],[-6.33031,53.34053]],[[-6.33031,53.34053],[-6.33105,53.34037]],[[-6.33105,53.34037],[-6.3316,53.34025]],[[-6.3316,53.34025],[-6.33311,53.33995]],[[-6.33311,53.33995],[-6.33434,53.33971]],[[-6.33434,53.33971],[-6.33639,53.33931]],[[-6.33639,53.33931],[-6.33769,53.33906]],[[-6.33769,53.33906],[-6.33877,53.33885]],[[-6.33877,53.33885],[-6.34036,53.33854]],[[-6.34036,53.33854],[-6.34131,53.33835]],[[-6.34131,53.33835],[-6.34201,53.33822]],[[-6.34201,53.33822],[-6.34381,53.33787]],[[-6.34381,53.33787],[-6.34521,53.3376]]]},"properties":{"id":"osm:way/375954344","mode":"rail","name":"Irish Rail"}},{"type":"Feature","geometry":{"type":"LineString","coordinates":[[-6.34701,53.33728],[-6.34603,53.33744]]},"properties":{"id":"osm:way/375954345","mode":"rail","name":"Irish Rail"}},{"type":"Feature","geometry":{"type":"MultiLineString","coordinates":[[[-6.3619,53.33538],[-6.36129,53.33542]],[[-6.36129,53.33542],[-6.36009,53.3355]],[[-6.36009,53.3355],[-6.35856,53.33559]],[[-6.35856,53.33559],[-6.3582,53.33561]],[[-6.3582,53.33561],[-6.35709,53.33568]],[[-6.35709,53.33568],[-6.356,53.33577]],[[-6.356,53.33577],[-6.35533,53.33583]],[[-6.35533,53.33583],[-6.35453,53.33592]],[[-6.35453,53.33592],[-6.35417,53.33596]]]},"properties":{"id":"osm:way/375954346","mode":"rail","name":"Irish Rail"}},{"type":"Feature","geometry":{"type":"MultiLineString","coordinates":[[[-6.32845,53.3409],[-6.32813,53.34097]],[[-6.32813,53.34097],[-6.32735,53.34114]],[[-6.32735,53.34114],[-6.32699,53.34122]]]},"properties":{"id":"osm:way/376086940","mode":"rail","name":"Irish Rail"}},{"type":"Feature","geometry":{"type":"MultiLineString","coordinates":[[[-6.32794,53.34096],[-6.32828,53.34089]],[[-6.32828,53.34089],[-6.32916,53.34075]],[[-6.32916,53.34075],[-6.3297,53.34066]]]},"properties":{"id":"osm:way/376086941","mode":"rail","name":"Irish Rail"}},{"type":"Feature","geometry":{"type":"MultiLineString","coordinates":[[[-6.3113,53.34306],[-6.31061,53.34312]],[[-6.31061,53.34312],[-6.31013,53.34317]],[[-6.31013,53.34317],[-6.30955,53.34323]],[[-6.30955,53.34323],[-6.30909,53.34329]],[[-6.30909,53.34329],[-6.30851,53.34338]],[[-6.30851,53.34338],[-6.30829,53.34341]]]},"properties":{"id":"osm:way/376086942","mode":"rail","name":"Irish Rail"}},{"type":"Feature","geometry":{"type":"MultiLineString","coordinates":[[[-6.30693,53.34381],[-6.30733,53.34365]],[[-6.30733,53.34365],[-6.3076,53.34355]]]},"properties":{"id":"osm:way/376086943","mode":"rail","name":"Irish Rail"}},{"type":"Feature","geometry":{"type":"MultiLineString","coordinates":[[[-6.3076,53.34355],[-6.30776,53.3435]],[[-6.30776,53.3435],[-6.30793,53.34345]]]},"properties":{"id":"osm:way/376086944","mode":"rail","name":"Irish Rail"}},{"type":"Feature","geometry":{"type":"LineString","coordinates":[[-6.30764,53.34358],[-6.3077,53.34356]]},"properties":{"id":"osm:way/376086945","mode":"rail","name":"Irish Rail"}},{"type":"Feature","geometry":{"type":"LineString","coordinates":[[-6.3056,53.34434],[-6.30613,53.34414]]},"properties":{"id":"osm:way/376086946","mode":"rail","name":"Irish Rail"}},{"type":"Feature","geometry":{"type":"LineString","coordinates":[[-6.30641,53.34396],[-6.30667,53.34384]]},"properties":{"id":"osm:way/376086947","mode":"rail","name":"Irish Rail"}},{"type":"Feature","geometry":{"type":"LineString","coordinates":[[-6.24013,53.35634],[-6.23999,53.35641]]},"properties":{"id":"osm:way/376089273","mode":"rail","name":"Irish Rail"}},{"type":"Feature","geometry":{"type":"LineString","coordinates":[[-6.26163,53.33872],[-6.2617,53.33857]]},"properties":{"id":"osm:way/376687650","mode":"luas","name":"Luas"}},{"type":"Feature","geometry":{"type":"LineString","coordinates":[[-6.33128,53.3391],[-6.33085,53.33918]]},"properties":{"id":"osm:way/378015783","mode":"rail","name":"Irish Rail"}},{"type":"Feature","geometry":{"type":"LineString","coordinates":[[-6.33125,53.33904],[-6.33082,53.33912]]},"properties":{"id":"osm:way/378015784","mode":"rail","name":"Irish Rail"}},{"type":"Feature","geometry":{"type":"MultiLineString","coordinates":[[[-6.33122,53.33899],[-6.33162,53.33892]],[[-6.33162,53.33892],[-6.33204,53.33888]],[[-6.33204,53.33888],[-6.33232,53.33883]],[[-6.33232,53.33883],[-6.33292,53.33876]]]},"properties":{"id":"osm:way/378015785","mode":"rail","name":"Irish Rail"}},{"type":"Feature","geometry":{"type":"MultiLineString","coordinates":[[[-6.3313,53.33915],[-6.33178,53.33905]],[[-6.33178,53.33905],[-6.33199,53.339]],[[-6.33199,53.339],[-6.33236,53.3389]],[[-6.33236,53.3389],[-6.33258,53.33883]]]},"properties":{"id":"osm:way/378015786","mode":"rail","name":"Irish Rail"}},{"type":"Feature","geometry":{"type":"MultiLineString","coordinates":[[[-6.1958,53.37687],[-6.19611,53.37672]],[[-6.19611,53.37672],[-6.19659,53.3765]],[[-6.19659,53.3765],[-6.19695,53.37632]],[[-6.19695,53.37632],[-6.19755,53.37604]],[[-6.19755,53.37604],[-6.198,53.37583]],[[-6.198,53.37583],[-6.19858,53.37556]],[[-6.19858,53.37556],[-6.199,53.37537]],[[-6.199,53.37537],[-6.1994,53.37517]],[[-6.1994,53.37517],[-6.19969,53.37504]]]},"properties":{"id":"osm:way/378323465","mode":"rail","name":"Irish Rail"}},{"type":"Feature","geometry":{"type":"MultiLineString","coordinates":[[[-6.17589,53.38163],[-6.17617,53.38158]],[[-6.17617,53.38158],[-6.17687,53.38146]],[[-6.17687,53.38146],[-6.1788,53.38115]]]},"properties":{"id":"osm:way/378323466","mode":"rail","name":"Irish Rail"}},{"type":"Feature","geometry":{"type":"MultiLineString","coordinates":[[[-6.29886,53.3528],[-6.29866,53.35288]],[[-6.29866,53.35288],[-6.29836,53.353]]]},"properties":{"id":"osm:way/378470539","mode":"rail","name":"Irish Rail"}},{"type":"Feature","geometry":{"type":"LineString","coordinates":[[-6.28603,53.36885],[-6.28578,53.36891]]},"properties":{"id":"osm:way/378470540","mode":"rail","name":"Irish Rail"}},{"type":"Feature","geometry":{"type":"MultiLineString","coordinates":[[[-6.27856,53.36655],[-6.27813,53.36644]],[[-6.27813,53.36644],[-6.27777,53.36634]],[[-6.27777,53.36634],[-6.27745,53.36627]],[[-6.27745,53.36627],[-6.27716,53.3662]],[[-6.27716,53.3662],[-6.27688,53.36614]],[[-6.27688,53.36614],[-6.27651,53.36606]],[[-6.27651,53.36606],[-6.27627,53.36601]],[[-6.27627,53.36601],[-6.27599,53.36595]],[[-6.27599,53.36595],[-6.27567,53.36588]],[[-6.27567,53.36588],[-6.27541,53.3658]],[[-6.27541,53.3658],[-6.27513,53.36572]],[[-6.27513,53.36572],[-6.27484,53.36563]]]},"properties":{"id":"osm:way/378494669","mode":"rail","name":"Irish Rail"}},{"type":"Feature","geometry":{"type":"LineString","coordinates":[[-6.30012,53.3729],[-6.29987,53.37285]]},"properties":{"id":"osm:way/378494670","mode":"rail","name":"Irish Rail"}},{"type":"Feature","geometry":{"type":"MultiLineString","coordinates":[[[-6.30058,53.37295],[-6.30137,53.37311]],[[-6.30137,53.37311],[-6.30232,53.37332]],[[-6.30232,53.37332],[-6.30319,53.37351]],[[-6.30319,53.37351],[-6.3039,53.37367]],[[-6.3039,53.37367],[-6.30457,53.37381]],[[-6.30457,53.37381],[-6.30505,53.37391]],[[-6.30505,53.37391],[-6.30545,53.37399]],[[-6.30545,53.37399],[-6.30593,53.37407]],[[-6.30593,53.37407],[-6.30635,53.37414]],[[-6.30635,53.37414],[-6.30719,53.37427]],[[-6.30719,53.37427],[-6.30799,53.37438]],[[-6.30799,53.37438],[-6.30852,53.37445]],[[-6.30852,53.37445],[-6.30903,53.37451]],[[-6.30903,53.37451],[-6.30979,53.37461]],[[-6.30979,53.37461],[-6.31054,53.37472]],[[-6.31054,53.37472],[-6.31116,53.3748]],[[-6.31116,53.3748],[-6.31143,53.37483]],[[-6.31143,53.37483],[-6.31203,53.37492]],[[-6.31203,53.37492],[-6.31255,53.37498]],[[-6.31255,53.37498],[-6.3129,53.37503]],[[-6.3129,53.37503],[-6.31328,53.37508]],[[-6.31328,53.37508],[-6.31372,53.37513]],[[-6.31372,53.37513],[-6.31419,53.37518]],[[-6.31419,53.37518],[-6.31441,53.3752]],[[-6.31441,53.3752],[-6.31478,53.37523]],[[-6.31478,53.37523],[-6.31537,53.37528]],[[-6.31537,53.37528],[-6.31586,53.37531]],[[-6.31586,53.37531],[-6.31621,53.37533]],[[-6.31621,53.37533],[-6.31688,53.37537]],[[-6.31688,53.37537],[-6.31731,53.37538]],[[-6.31731,53.37538],[-6.3177,53.37539]],[[-6.3177,53.37539],[-6.31878,53.3754]],[[-6.31878,53.3754],[-6.32032,53.37541]],[[-6.32032,53.37541],[-6.32207,53.37541]],[[-6.32207,53.37541],[-6.32364,53.37542]],[[-6.32364,53.37542],[-6.32491,53.37542]],[[-6.32491,53.37542],[-6.32579,53.37543]],[[-6.32579,53.37543],[-6.32646,53.37543]],[[-6.32646,53.37543],[-6.3282,53.37544]],[[-6.3282,53.37544],[-6.32917,53.37544]],[[-6.32917,53.37544],[-6.32977,53.37544]],[[-6.32977,53.37544],[-6.32991,53.37544]],[[-6.32991,53.37544],[-6.33037,53.37544]],[[-6.33037,53.37544],[-6.33093,53.37543]],[[-6.33093,53.37543],[-6.33138,53.37542]],[[-6.33138,53.37542],[-6.33173,53.3754]],[[-6.33173,53.3754],[-6.33191,53.3754]],[[-6.33191,53.3754],[-6.33233,53.37537]]]},"properties":{"id":"osm:way/378494672","mode":"rail","name":"Irish Rail"}},{"type":"Feature","geometry":{"type":"MultiLineString","coordinates":[[[-6.34715,53.37832],[-6.34954,53.37941]],[[-6.34954,53.37941],[-6.35038,53.37977]],[[-6.35038,53.37977],[-6.3511,53.38006]],[[-6.3511,53.38006],[-6.35151,53.38022]],[[-6.35151,53.38022],[-6.35173,53.38029]],[[-6.35173,53.38029],[-6.35218,53.38044]],[[-6.35218,53.38044],[-6.35264,53.38059]],[[-6.35264,53.38059],[-6.35334,53.38078]],[[-6.35334,53.38078],[-6.35484,53.38116]],[[-6.35484,53.38116],[-6.357,53.38169]]]},"properties":{"id":"osm:way/378494673","mode":"rail","name":"Irish Rail"}},{"type":"Feature","geometry":{"type":"MultiLineString","coordinates":[[[-6.34714,53.37836],[-6.34672,53.37817]],[[-6.34672,53.37817],[-6.34555,53.37763]]]},"properties":{"id":"osm:way/378494674","mode":"rail","name":"Irish Rail"}},{"type":"Feature","geometry":{"type":"MultiLineString","coordinates":[[[-6.37409,53.38121],[-6.37516,53.38109]],[[-6.37516,53.38109],[-6.37619,53.38094]],[[-6.37619,53.38094],[-6.37786,53.38065]],[[-6.37786,53.38065],[-6.3792,53.38038]],[[-6.3792,53.38038],[-6.38063,53.38005]],[[-6.38063,53.38005],[-6.38103,53.37996]]]},"properties":{"id":"osm:way/378494676","mode":"rail","name":"Irish Rail"}},{"type":"Feature","geometry":{"type":"MultiLineString","coordinates":[[[-6.38606,53.3787],[-6.38531,53.37889]],[[-6.38531,53.37889],[-6.38448,53.3791]],[[-6.38448,53.3791],[-6.3835,53.37936]],[[-6.3835,53.37936],[-6.38299,53.37949]],[[-6.38299,53.37949],[-6.38237,53.37965]],[[-6.38237,53.37965],[-6.38146,53.37989]]]},"properties":{"id":"osm:way/378494678","mode":"rail","name":"Irish Rail"}},{"type":"Feature","geometry":{"type":"MultiLineString","coordinates":[[[-6.39227,53.37756],[-6.39221,53.37757]],[[-6.39221,53.37757],[-6.39176,53.3776]],[[-6.39176,53.3776],[-6.3915,53.37762]],[[-6.3915,53.37762],[-6.39111,53.37766]],[[-6.39111,53.37766],[-6.39057,53.37772]],[[-6.39057,53.37772],[-6.39025,53.37776]],[[-6.39025,53.37776],[-6.38963,53.37785]],[[-6.38963,53.37785],[-6.38904,53.37796]],[[-6.38904,53.37796],[-6.38847,53.37808]],[[-6.38847,53.37808],[-6.38795,53.37821]],[[-6.38795,53.37821],[-6.38754,53.37831]],[[-6.38754,53.37831],[-6.38606,53.3787]]]},"properties":{"id":"osm:way/378494679","mode":"rail","name":"Irish Rail"}},{"type":"Feature","geometry":{"type":"MultiLineString","coordinates":[[[-6.41982,53.38206],[-6.41961,53.38201]],[[-6.41961,53.38201],[-6.41861,53.38174]],[[-6.41861,53.38174],[-6.41748,53.38149]],[[-6.41748,53.38149],[-6.41678,53.38135]],[[-6.41678,53.38135],[-6.41604,53.38121]],[[-6.41604,53.38121],[-6.41509,53.38105]],[[-6.41509,53.38105],[-6.41456,53.38095]],[[-6.41456,53.38095],[-6.41376,53.38083]],[[-6.41376,53.38083],[-6.41254,53.38062]],[[-6.41254,53.38062],[-6.41153,53.38045]],[[-6.41153,53.38045],[-6.41054,53.38029]],[[-6.41054,53.38029],[-6.40953,53.38013]],[[-6.40953,53.38013],[-6.40859,53.37997]],[[-6.40859,53.37997],[-6.40694,53.3797]],[[-6.40694,53.3797],[-6.40555,53.37946]]]},"properties":{"id":"osm:way/378494680","mode":"rail","name":"Irish Rail"}},{"type":"Feature","geometry":{"type":"LineString","coordinates":[[-6.41982,53.38206],[-6.42118,53.38239]]},"properties":{"id":"osm:way/378494681","mode":"rail","name":"Irish Rail"}},{"type":"Feature","geometry":{"type":"MultiLineString","coordinates":[[[-6.42788,53.38391],[-6.4283,53.38398]],[[-6.4283,53.38398],[-6.42916,53.38416]],[[-6.42916,53.38416],[-6.4307,53.38445]],[[-6.4307,53.38445],[-6.43099,53.3845]],[[-6.43099,53.3845],[-6.43134,53.38455]],[[-6.43134,53.38455],[-6.43176,53.3846]],[[-6.43176,53.3846],[-6.43196,53.38462]],[[-6.43196,53.38462],[-6.4322,53.38464]]]},"properties":{"id":"osm:way/378494682","mode":"rail","name":"Irish Rail"}},{"type":"Feature","geometry":{"type":"LineString","coordinates":[[-6.43014,53.38438],[-6.42909,53.38418]]},"properties":{"id":"osm:way/378494684","mode":"rail","name":"Irish Rail"}},{"type":"Feature","geometry":{"type":"MultiLineString","coordinates":[[[-6.42722,53.38381],[-6.4256,53.38349]],[[-6.4256,53.38349],[-6.42476,53.38333]],[[-6.42476,53.38333],[-6.42431,53.38323]],[[-6.42431,53.38323],[-6.42392,53.38315]],[[-6.42392,53.38315],[-6.42353,53.38305]],[[-6.42353,53.38305],[-6.42322,53.38297]],[[-6.42322,53.38297],[-6.42292,53.38289]],[[-6.42292,53.38289],[-6.42279,53.38286]]]},"properties":{"id":"osm:way/378494685","mode":"rail","name":"Irish Rail"}},{"type":"Feature","geometry":{"type":"LineString","coordinates":[[-6.24869,53.35183],[-6.24739,53.35252]]},"properties":{"id":"osm:way/378496930","mode":"rail","name":"Irish Rail"}},{"type":"Feature","geometry":{"type":"MultiLineString","coordinates":[[[-6.24896,53.35168],[-6.24893,53.3517]],[[-6.24893,53.3517],[-6.24869,53.35183]]]},"properties":{"id":"osm:way/378496931","mode":"rail","name":"Irish Rail"}},{"type":"Feature","geometry":{"type":"LineString","coordinates":[[-6.24857,53.35182],[-6.24731,53.35246]]},"properties":{"id":"osm:way/378496932","mode":"rail","name":"Irish Rail"}},{"type":"Feature","geometry":{"type":"LineString","coordinates":[[-6.24886,53.35168],[-6.24857,53.35182]]},"properties":{"id":"osm:way/378496933","mode":"rail","name":"Irish Rail"}},{"type":"Feature","geometry":{"type":"MultiLineString","coordinates":[[[-6.19969,53.37504],[-6.20006,53.37486]],[[-6.20006,53.37486],[-6.20039,53.37471]],[[-6.20039,53.37471],[-6.20089,53.37447]]]},"properties":{"id":"osm:way/379071738","mode":"rail","name":"Irish Rail"}},{"type":"Feature","geometry":{"type":"MultiLineString","coordinates":[[[-6.25725,53.3471],[-6.2572,53.3469]],[[-6.2572,53.3469],[-6.25718,53.34678]],[[-6.25718,53.34678],[-6.25716,53.34667]],[[-6.25716,53.34667],[-6.25704,53.34615]],[[-6.25704,53.34615],[-6.25701,53.34603]],[[-6.25701,53.34603],[-6.25699,53.34597]],[[-6.25699,53.34597],[-6.25699,53.34591]],[[-6.25699,53.34591],[-6.25699,53.34588]],[[-6.25699,53.34588],[-6.25699,53.34585]],[[-6.25699,53.34585],[-6.257,53.34583]],[[-6.257,53.34583],[-6.25701,53.3458]],[[-6.25701,53.3458],[-6.25703,53.34577]],[[-6.25703,53.34577],[-6.25704,53.34576]],[[-6.25704,53.34576],[-6.25707,53.34572]],[[-6.25707,53.34572],[-6.25709,53.34571]],[[-6.25709,53.34571],[-6.25711,53.34569]],[[-6.25711,53.34569],[-6.25715,53.34566]],[[-6.25715,53.34566],[-6.2572,53.34564]],[[-6.2572,53.34564],[-6.25726,53.34561]],[[-6.25726,53.34561],[-6.25729,53.3456]],[[-6.25729,53.3456],[-6.25732,53.34559]],[[-6.25732,53.34559],[-6.25736,53.34558]],[[-6.25736,53.34558],[-6.25749,53.34556]],[[-6.25749,53.34556],[-6.2577,53.34552]],[[-6.2577,53.34552],[-6.25787,53.34547]],[[-6.25787,53.34547],[-6.25798,53.34544]],[[-6.25798,53.34544],[-6.25811,53.34539]],[[-6.25811,53.34539],[-6.25827,53.34533]],[[-6.25827,53.34533],[-6.25841,53.34527]],[[-6.25841,53.34527],[-6.25852,53.34523]],[[-6.25852,53.34523],[-6.25863,53.34518]],[[-6.25863,53.34518],[-6.25877,53.34512]],[[-6.25877,53.34512],[-6.25887,53.34506]]]},"properties":{"id":"osm:way/379473949","mode":"luas","name":"Luas"}},{"type":"Feature","geometry":{"type":"LineString","coordinates":[[-6.25091,53.35152],[-6.25036,53.35177]]},"properties":{"id":"osm:way/380481524","mode":"rail","name":"Irish Rail"}},{"type":"Feature","geometry":{"type":"MultiLineString","coordinates":[[[-6.25002,53.35194],[-6.24978,53.35206]],[[-6.24978,53.35206],[-6.24949,53.35219]]]},"properties":{"id":"osm:way/380481525","mode":"rail","name":"Irish Rail"}},{"type":"Feature","geometry":{"type":"MultiLineString","coordinates":[[[-6.24086,53.34104],[-6.24052,53.3409]],[[-6.24052,53.3409],[-6.24036,53.34083]],[[-6.24036,53.34083],[-6.23947,53.34044]],[[-6.23947,53.34044],[-6.23939,53.3404]]]},"properties":{"id":"osm:way/384851980","mode":"rail","name":"Irish Rail"}},{"type":"Feature","geometry":{"type":"LineString","coordinates":[[-6.36986,53.3153],[-6.36959,53.31575]]},"properties":{"id":"osm:way/388106753","mode":"luas","name":"Luas"}},{"type":"Feature","geometry":{"type":"LineString","coordinates":[[-6.36996,53.31532],[-6.36965,53.31581]]},"properties":{"id":"osm:way/388106754","mode":"luas","name":"Luas"}},{"type":"Feature","geometry":{"type":"LineString","coordinates":[[-6.37006,53.31534],[-6.36981,53.31576]]},"properties":{"id":"osm:way/388106755","mode":"luas","name":"Luas"}},{"type":"Feature","geometry":{"type":"LineString","coordinates":[[-6.37016,53.31537],[-6.36989,53.31578]]},"properties":{"id":"osm:way/388106756","mode":"luas","name":"Luas"}},{"type":"Feature","geometry":{"type":"LineString","coordinates":[[-6.3703,53.31532],[-6.36992,53.3159]]},"properties":{"id":"osm:way/388106757","mode":"luas","name":"Luas"}},{"type":"Feature","geometry":{"type":"LineString","coordinates":[[-6.3704,53.31535],[-6.37003,53.3159]]},"properties":{"id":"osm:way/388106758","mode":"luas","name":"Luas"}},{"type":"Feature","geometry":{"type":"MultiLineString","coordinates":[[[-6.23021,53.34837],[-6.23042,53.3484]],[[-6.23042,53.3484],[-6.23066,53.34843]]]},"properties":{"id":"osm:way/388108407","mode":"luas","name":"Luas"}},{"type":"Feature","geometry":{"type":"MultiLineString","coordinates":[[[-6.23021,53.3484],[-6.23042,53.3484]],[[-6.23042,53.3484],[-6.23066,53.3484]]]},"properties":{"id":"osm:way/388108408","mode":"luas","name":"Luas"}},{"type":"Feature","geometry":{"type":"LineString","coordinates":[[-6.25704,53.34879],[-6.25729,53.34872]]},"properties":{"id":"osm:way/388112058","mode":"luas","name":"Luas"}},{"type":"Feature","geometry":{"type":"MultiLineString","coordinates":[[[-6.25981,53.33967],[-6.25977,53.33965]],[[-6.25977,53.33965],[-6.25967,53.33961]],[[-6.25967,53.33961],[-6.25964,53.3396]],[[-6.25964,53.3396],[-6.2596,53.33958]]]},"properties":{"id":"osm:way/388113606","mode":"luas","name":"Luas"}},{"type":"Feature","geometry":{"type":"MultiLineString","coordinates":[[[-6.23011,53.34839],[-6.22999,53.34839]],[[-6.22999,53.34839],[-6.22983,53.34838]],[[-6.22983,53.34838],[-6.22965,53.34837]],[[-6.22965,53.34837],[-6.22925,53.34834]],[[-6.22925,53.34834],[-6.22879,53.34831]]]},"properties":{"id":"osm:way/388113942","mode":"luas","name":"Luas"}},{"type":"Feature","geometry":{"type":"MultiLineString","coordinates":[[[-6.23071,53.34841],[-6.23108,53.34843]],[[-6.23108,53.34843],[-6.23142,53.34845]],[[-6.23142,53.34845],[-6.23182,53.34848]],[[-6.23182,53.34848],[-6.23201,53.34849]],[[-6.23201,53.34849],[-6.23216,53.3485]],[[-6.23216,53.3485],[-6.23328,53.34857]],[[-6.23328,53.34857],[-6.23514,53.34869]],[[-6.23514,53.34869],[-6.23529,53.3487]],[[-6.23529,53.3487],[-6.23542,53.34871]],[[-6.23542,53.34871],[-6.23639,53.34876]],[[-6.23639,53.34876],[-6.23652,53.34877]],[[-6.23652,53.34877],[-6.23673,53.34878]],[[-6.23673,53.34878],[-6.23716,53.3488]],[[-6.23716,53.3488],[-6.23752,53.34882]],[[-6.23752,53.34882],[-6.23778,53.34883]]]},"properties":{"id":"osm:way/388113943","mode":"luas","name":"Luas"}},{"type":"Feature","geometry":{"type":"MultiLineString","coordinates":[[[-6.25758,53.34852],[-6.25757,53.34856]],[[-6.25757,53.34856],[-6.25757,53.34857]],[[-6.25757,53.34857],[-6.25756,53.34859]],[[-6.25756,53.34859],[-6.25755,53.3486]],[[-6.25755,53.3486],[-6.25754,53.34863]],[[-6.25754,53.34863],[-6.25752,53.34865]],[[-6.25752,53.34865],[-6.2575,53.34867]],[[-6.2575,53.34867],[-6.25746,53.3487]],[[-6.25746,53.3487],[-6.25743,53.34871]],[[-6.25743,53.34871],[-6.25739,53.34873]],[[-6.25739,53.34873],[-6.25734,53.34874]]]},"properties":{"id":"osm:way/388115500","mode":"luas","name":"Luas"}},{"type":"Feature","geometry":{"type":"LineString","coordinates":[[-6.26665,53.35195],[-6.26639,53.35184]]},"properties":{"id":"osm:way/388116758","mode":"luas","name":"Luas"}},{"type":"Feature","geometry":{"type":"MultiLineString","coordinates":[[[-6.28697,53.36917],[-6.28709,53.36922]],[[-6.28709,53.36922],[-6.28729,53.36929]],[[-6.28729,53.36929],[-6.28811,53.3697]],[[-6.28811,53.3697],[-6.28856,53.36994]],[[-6.28856,53.36994],[-6.2888,53.37007]],[[-6.2888,53.37007],[-6.28899,53.37016]],[[-6.28899,53.37016],[-6.28918,53.37024]],[[-6.28918,53.37024],[-6.28939,53.37033]],[[-6.28939,53.37033],[-6.28957,53.3704]],[[-6.28957,53.3704],[-6.28981,53.37048]],[[-6.28981,53.37048],[-6.28995,53.37052]],[[-6.28995,53.37052],[-6.29014,53.37058]],[[-6.29014,53.37058],[-6.29033,53.37063]],[[-6.29033,53.37063],[-6.29074,53.37072]],[[-6.29074,53.37072],[-6.29086,53.37075]],[[-6.29086,53.37075],[-6.29095,53.37076]],[[-6.29095,53.37076],[-6.29125,53.3708]],[[-6.29125,53.3708],[-6.29157,53.37083]],[[-6.29157,53.37083],[-6.29225,53.37091]],[[-6.29225,53.37091],[-6.29233,53.37092]],[[-6.29233,53.37092],[-6.2924,53.37094]],[[-6.2924,53.37094],[-6.29258,53.37098]],[[-6.29258,53.37098],[-6.29356,53.37119]],[[-6.29356,53.37119],[-6.29431,53.37135]],[[-6.29431,53.37135],[-6.29553,53.37162]],[[-6.29553,53.37162],[-6.29697,53.37193]]]},"properties":{"id":"osm:way/388118333","mode":"luas","name":"Luas"}},{"type":"Feature","geometry":{"type":"LineString","coordinates":[[-6.29679,53.37207],[-6.29641,53.37195]]},"properties":{"id":"osm:way/388119747","mode":"luas","name":"Luas"}},{"type":"Feature","geometry":{"type":"LineString","coordinates":[[-6.29569,53.37183],[-6.29609,53.37188]]},"properties":{"id":"osm:way/388119751","mode":"luas","name":"Luas"}},{"type":"Feature","geometry":{"type":"MultiLineString","coordinates":[[[-6.1431,53.24249],[-6.14313,53.24259]],[[-6.14313,53.24259],[-6.14314,53.24269]]]},"properties":{"id":"osm:way/388123162","mode":"luas","name":"Luas"}},{"type":"Feature","geometry":{"type":"MultiLineString","coordinates":[[[-6.14305,53.2425],[-6.14313,53.24259]],[[-6.14313,53.24259],[-6.14319,53.24268]]]},"properties":{"id":"osm:way/388125435","mode":"luas","name":"Luas"}},{"type":"Feature","geometry":{"type":"MultiLineString","coordinates":[[[-6.36295,53.38242],[-6.36276,53.38243]],[[-6.36276,53.38243],[-6.36248,53.38243]],[[-6.36248,53.38243],[-6.36228,53.38243]]]},"properties":{"id":"osm:way/396277692","mode":"rail","name":"Irish Rail"}},{"type":"Feature","geometry":{"type":"MultiLineString","coordinates":[[[-6.26639,53.35184],[-6.26627,53.35178]],[[-6.26627,53.35178],[-6.26607,53.35168]],[[-6.26607,53.35168],[-6.26596,53.35163]],[[-6.26596,53.35163],[-6.26589,53.35159]],[[-6.26589,53.35159],[-6.26553,53.35139]],[[-6.26553,53.35139],[-6.2651,53.35114]],[[-6.2651,53.35114],[-6.26504,53.35111]],[[-6.26504,53.35111],[-6.265,53.35109]]]},"properties":{"id":"osm:way/397464858","mode":"luas","name":"Luas"}},{"type":"Feature","geometry":{"type":"MultiLineString","coordinates":[[[-6.25137,53.3069],[-6.25134,53.30666]],[[-6.25134,53.30666],[-6.2513,53.30626]],[[-6.2513,53.30626],[-6.25125,53.30584]],[[-6.25125,53.30584],[-6.2512,53.30544]],[[-6.2512,53.30544],[-6.25115,53.30501]],[[-6.25115,53.30501],[-6.2511,53.30462]],[[-6.2511,53.30462],[-6.25105,53.30423]],[[-6.25105,53.30423],[-6.25101,53.30381]],[[-6.25101,53.30381],[-6.25096,53.30339]],[[-6.25096,53.30339],[-6.25091,53.30301]],[[-6.25091,53.30301],[-6.25086,53.3026]],[[-6.25086,53.3026],[-6.25082,53.30228]],[[-6.25082,53.30228],[-6.25077,53.30179]],[[-6.25077,53.30179],[-6.25074,53.30159]],[[-6.25074,53.30159],[-6.25063,53.30066]],[[-6.25063,53.30066],[-6.25058,53.30025]],[[-6.25058,53.30025],[-6.25053,53.29996]],[[-6.25053,53.29996],[-6.25048,53.29965]],[[-6.25048,53.29965],[-6.25042,53.29939]],[[-6.25042,53.29939],[-6.25032,53.29902]],[[-6.25032,53.29902],[-6.25026,53.29881]],[[-6.25026,53.29881],[-6.25018,53.29859]],[[-6.25018,53.29859],[-6.25006,53.29824]],[[-6.25006,53.29824],[-6.24992,53.29792]],[[-6.24992,53.29792],[-6.24983,53.29773]],[[-6.24983,53.29773],[-6.24974,53.29753]],[[-6.24974,53.29753],[-6.24964,53.29733]],[[-6.24964,53.29733],[-6.24954,53.29714]],[[-6.24954,53.29714],[-6.24938,53.29685]],[[-6.24938,53.29685],[-6.2492,53.29657]],[[-6.2492,53.29657],[-6.24889,53.2961]],[[-6.24889,53.2961],[-6.24871,53.29585]],[[-6.24871,53.29585],[-6.24858,53.29568]],[[-6.24858,53.29568],[-6.24836,53.29537]],[[-6.24836,53.29537],[-6.24813,53.29508]],[[-6.24813,53.29508],[-6.2478,53.29467]],[[-6.2478,53.29467],[-6.24759,53.29443]],[[-6.24759,53.29443],[-6.24747,53.29431]],[[-6.24747,53.29431],[-6.24729,53.29413]],[[-6.24729,53.29413],[-6.24708,53.29395]]]},"properties":{"id":"osm:way/398242185","mode":"luas","name":"Luas"}},{"type":"Feature","geometry":{"type":"MultiLineString","coordinates":[[[-6.25133,53.3069],[-6.25128,53.30656]],[[-6.25128,53.30656],[-6.25124,53.30622]],[[-6.25124,53.30622],[-6.2512,53.30584]]]},"properties":{"id":"osm:way/398242186","mode":"luas","name":"Luas"}},{"type":"Feature","geometry":{"type":"MultiLineString","coordinates":[[[-6.2429,53.29077],[-6.24261,53.29053]],[[-6.24261,53.29053],[-6.24221,53.29022]],[[-6.24221,53.29022],[-6.24159,53.28974]]]},"properties":{"id":"osm:way/398248248","mode":"luas","name":"Luas"}},{"type":"Feature","geometry":{"type":"MultiLineString","coordinates":[[[-6.24288,53.2907],[-6.24307,53.29084]],[[-6.24307,53.29084],[-6.24332,53.29103]],[[-6.24332,53.29103],[-6.2435,53.29116]],[[-6.2435,53.29116],[-6.24372,53.29132]],[[-6.24372,53.29132],[-6.24397,53.2915]],[[-6.24397,53.2915],[-6.24422,53.29168]],[[-6.24422,53.29168],[-6.24436,53.29178]],[[-6.24436,53.29178],[-6.24461,53.29197]],[[-6.24461,53.29197],[-6.24477,53.29208]],[[-6.24477,53.29208],[-6.24516,53.29238]],[[-6.24516,53.29238],[-6.24537,53.29255]]]},"properties":{"id":"osm:way/398248253","mode":"luas","name":"Luas"}},{"type":"Feature","geometry":{"type":"MultiLineString","coordinates":[[[-6.21428,53.28073],[-6.21516,53.28102]],[[-6.21516,53.28102],[-6.21576,53.28122]],[[-6.21576,53.28122],[-6.21601,53.2813]],[[-6.21601,53.2813],[-6.21635,53.28141]],[[-6.21635,53.28141],[-6.21667,53.28151]],[[-6.21667,53.28151],[-6.21734,53.28173]],[[-6.21734,53.28173],[-6.21756,53.2818]],[[-6.21756,53.2818],[-6.21812,53.28198]],[[-6.21812,53.28198],[-6.2184,53.28206]],[[-6.2184,53.28206],[-6.21867,53.28213]],[[-6.21867,53.28213],[-6.21918,53.28227]],[[-6.21918,53.28227],[-6.21934,53.28231]],[[-6.21934,53.28231],[-6.21967,53.28238]],[[-6.21967,53.28238],[-6.21982,53.28242]],[[-6.21982,53.28242],[-6.22004,53.28247]],[[-6.22004,53.28247],[-6.22055,53.28257]],[[-6.22055,53.28257],[-6.22105,53.28266]],[[-6.22105,53.28266],[-6.22149,53.28273]],[[-6.22149,53.28273],[-6.22186,53.28278]],[[-6.22186,53.28278],[-6.22232,53.28284]],[[-6.22232,53.28284],[-6.22276,53.28289]],[[-6.22276,53.28289],[-6.22295,53.28291]],[[-6.22295,53.28291],[-6.22315,53.28293]],[[-6.22315,53.28293],[-6.2233,53.28295]],[[-6.2233,53.28295],[-6.22391,53.28299]],[[-6.22391,53.28299],[-6.22429,53.28302]],[[-6.22429,53.28302],[-6.22475,53.28305]],[[-6.22475,53.28305],[-6.22518,53.28308]],[[-6.22518,53.28308],[-6.22553,53.28311]],[[-6.22553,53.28311],[-6.22577,53.28313]],[[-6.22577,53.28313],[-6.22669,53.28323]],[[-6.22669,53.28323],[-6.22706,53.28328]],[[-6.22706,53.28328],[-6.22736,53.28332]],[[-6.22736,53.28332],[-6.228,53.2834]],[[-6.228,53.2834],[-6.22822,53.28343]],[[-6.22822,53.28343],[-6.22854,53.28348]],[[-6.22854,53.28348],[-6.22866,53.2835]],[[-6.22866,53.2835],[-6.22932,53.2836]],[[-6.22932,53.2836],[-6.2296,53.28366]],[[-6.2296,53.28366],[-6.22997,53.28372]],[[-6.22997,53.28372],[-6.2306,53.28385]],[[-6.2306,53.28385],[-6.23083,53.28391]],[[-6.23083,53.28391],[-6.23139,53.28403]],[[-6.23139,53.28403],[-6.23188,53.28415]],[[-6.23188,53.28415],[-6.23247,53.2843]],[[-6.23247,53.2843],[-6.23275,53.28438]],[[-6.23275,53.28438],[-6.23309,53.28448]],[[-6.23309,53.28448],[-6.23359,53.28463]],[[-6.23359,53.28463],[-6.23381,53.2847]],[[-6.23381,53.2847],[-6.23402,53.28477]],[[-6.23402,53.28477],[-6.23418,53.28483]],[[-6.23418,53.28483],[-6.23433,53.28488]],[[-6.23433,53.28488],[-6.23452,53.28495]],[[-6.23452,53.28495],[-6.23469,53.28503]],[[-6.23469,53.28503],[-6.23486,53.2851]],[[-6.23486,53.2851],[-6.23506,53.28519]],[[-6.23506,53.28519],[-6.23545,53.28537]],[[-6.23545,53.28537],[-6.23558,53.28543]],[[-6.23558,53.28543],[-6.23587,53.28557]]]},"properties":{"id":"osm:way/398251066","mode":"luas","name":"Luas"}},{"type":"Feature","geometry":{"type":"MultiLineString","coordinates":[[[-6.22613,53.35127],[-6.22663,53.35129]],[[-6.22663,53.35129],[-6.22678,53.35129]],[[-6.22678,53.35129],[-6.22692,53.35129]],[[-6.22692,53.35129],[-6.22705,53.35128]],[[-6.22705,53.35128],[-6.22718,53.35128]],[[-6.22718,53.35128],[-6.22731,53.35128]],[[-6.22731,53.35128],[-6.22742,53.35128]],[[-6.22742,53.35128],[-6.22851,53.35133]],[[-6.22851,53.35133],[-6.22882,53.35134]],[[-6.22882,53.35134],[-6.22913,53.35135]],[[-6.22913,53.35135],[-6.22944,53.35135]],[[-6.22944,53.35135],[-6.22972,53.35135]],[[-6.22972,53.35135],[-6.22992,53.35135]],[[-6.22992,53.35135],[-6.23039,53.35134]],[[-6.23039,53.35134],[-6.23057,53.35134]],[[-6.23057,53.35134],[-6.23072,53.35134]],[[-6.23072,53.35134],[-6.2309,53.35134]],[[-6.2309,53.35134],[-6.23109,53.35134]],[[-6.23109,53.35134],[-6.23157,53.35135]],[[-6.23157,53.35135],[-6.23175,53.35135]],[[-6.23175,53.35135],[-6.23191,53.35136]],[[-6.23191,53.35136],[-6.23206,53.35137]],[[-6.23206,53.35137],[-6.23264,53.35141]],[[-6.23264,53.35141],[-6.23302,53.35144]],[[-6.23302,53.35144],[-6.23311,53.35144]],[[-6.23311,53.35144],[-6.23319,53.35145]],[[-6.23319,53.35145],[-6.2333,53.35146]],[[-6.2333,53.35146],[-6.23357,53.3515]],[[-6.23357,53.3515],[-6.23375,53.35152]]]},"properties":{"id":"osm:way/398489697","mode":"rail","name":"Irish Rail"}},{"type":"Feature","geometry":{"type":"LineString","coordinates":[[-6.20697,53.26152],[-6.20734,53.26162]]},"properties":{"id":"osm:way/399052102","mode":"luas","name":"Luas"}},{"type":"Feature","geometry":{"type":"LineString","coordinates":[[-6.16941,53.25389],[-6.16902,53.25383]]},"properties":{"id":"osm:way/399054845","mode":"luas","name":"Luas"}},{"type":"Feature","geometry":{"type":"MultiLineString","coordinates":[[[-6.20552,53.27788],[-6.20565,53.27793]],[[-6.20565,53.27793],[-6.20572,53.27797]],[[-6.20572,53.27797],[-6.20588,53.27804]]]},"properties":{"id":"osm:way/399058132","mode":"luas","name":"Luas"}},{"type":"Feature","geometry":{"type":"MultiLineString","coordinates":[[[-6.16361,53.25272],[-6.1639,53.25276]],[[-6.1639,53.25276],[-6.16437,53.25282]],[[-6.16437,53.25282],[-6.1647,53.25286]],[[-6.1647,53.25286],[-6.16491,53.2529]],[[-6.16491,53.2529],[-6.16518,53.25294]],[[-6.16518,53.25294],[-6.16543,53.25299]],[[-6.16543,53.25299],[-6.16563,53.25302]],[[-6.16563,53.25302],[-6.16597,53.25309]],[[-6.16597,53.25309],[-6.16612,53.25312]],[[-6.16612,53.25312],[-6.16639,53.25318]],[[-6.16639,53.25318],[-6.16667,53.25325]],[[-6.16667,53.25325],[-6.16723,53.25339]],[[-6.16723,53.25339],[-6.16788,53.25354]],[[-6.16788,53.25354],[-6.16839,53.25366]],[[-6.16839,53.25366],[-6.16876,53.25374]],[[-6.16876,53.25374],[-6.16941,53.25389]],[[-6.16941,53.25389],[-6.16952,53.25392]],[[-6.16952,53.25392],[-6.16996,53.25402]],[[-6.16996,53.25402],[-6.17047,53.25414]],[[-6.17047,53.25414],[-6.17059,53.25416]],[[-6.17059,53.25416],[-6.17082,53.25422]],[[-6.17082,53.25422],[-6.17114,53.25428]],[[-6.17114,53.25428],[-6.17135,53.25432]],[[-6.17135,53.25432],[-6.1716,53.25437]],[[-6.1716,53.25437],[-6.17178,53.25441]],[[-6.17178,53.25441],[-6.17195,53.25445]],[[-6.17195,53.25445],[-6.17207,53.25448]],[[-6.17207,53.25448],[-6.17253,53.25458]],[[-6.17253,53.25458],[-6.17271,53.25463]],[[-6.17271,53.25463],[-6.1729,53.25467]],[[-6.1729,53.25467],[-6.1731,53.25472]],[[-6.1731,53.25472],[-6.17334,53.25478]],[[-6.17334,53.25478],[-6.17353,53.25483]],[[-6.17353,53.25483],[-6.1737,53.25488]],[[-6.1737,53.25488],[-6.17389,53.25493]],[[-6.17389,53.25493],[-6.17409,53.25499]],[[-6.17409,53.25499],[-6.17432,53.25507]],[[-6.17432,53.25507],[-6.17455,53.25514]],[[-6.17455,53.25514],[-6.17478,53.25522]],[[-6.17478,53.25522],[-6.1752,53.25536]],[[-6.1752,53.25536],[-6.17566,53.25551]],[[-6.17566,53.25551],[-6.17575,53.25554]],[[-6.17575,53.25554],[-6.17594,53.25561]],[[-6.17594,53.25561],[-6.17613,53.25566]],[[-6.17613,53.25566],[-6.17631,53.25572]],[[-6.17631,53.25572],[-6.17644,53.25575]],[[-6.17644,53.25575],[-6.17656,53.25577]],[[-6.17656,53.25577],[-6.17668,53.2558]],[[-6.17668,53.2558],[-6.17678,53.25582]],[[-6.17678,53.25582],[-6.17686,53.25583]],[[-6.17686,53.25583],[-6.17698,53.25585]],[[-6.17698,53.25585],[-6.17707,53.25586]],[[-6.17707,53.25586],[-6.17721,53.25587]],[[-6.17721,53.25587],[-6.17732,53.25588]],[[-6.17732,53.25588],[-6.17743,53.25588]],[[-6.17743,53.25588],[-6.1776,53.25589]],[[-6.1776,53.25589],[-6.17772,53.25589]],[[-6.17772,53.25589],[-6.17785,53.25589]],[[-6.17785,53.25589],[-6.17794,53.25588]],[[-6.17794,53.25588],[-6.17802,53.25588]],[[-6.17802,53.25588],[-6.17815,53.25587]],[[-6.17815,53.25587],[-6.17829,53.25585]],[[-6.17829,53.25585],[-6.17845,53.25583]],[[-6.17845,53.25583],[-6.1786,53.25581]],[[-6.1786,53.25581],[-6.17873,53.25578]],[[-6.17873,53.25578],[-6.17885,53.25576]],[[-6.17885,53.25576],[-6.17898,53.25572]],[[-6.17898,53.25572],[-6.17908,53.2557]],[[-6.17908,53.2557],[-6.17919,53.25566]],[[-6.17919,53.25566],[-6.17926,53.25564]]]},"properties":{"id":"osm:way/399064004","mode":"luas","name":"Luas"}},{"type":"Feature","geometry":{"type":"LineString","coordinates":[[-6.1632,53.25268],[-6.16361,53.25272]]},"properties":{"id":"osm:way/399064005","mode":"luas","name":"Luas"}},{"type":"Feature","geometry":{"type":"MultiLineString","coordinates":[[[-6.23076,53.35137],[-6.23013,53.35141]],[[-6.23013,53.35141],[-6.2298,53.35143]],[[-6.2298,53.35143],[-6.22936,53.35142]],[[-6.22936,53.35142],[-6.22903,53.35142]],[[-6.22903,53.35142],[-6.22855,53.3514]],[[-6.22855,53.3514],[-6.2281,53.35139]],[[-6.2281,53.35139],[-6.22733,53.35136]],[[-6.22733,53.35136],[-6.22701,53.35134]],[[-6.22701,53.35134],[-6.2268,53.35132]],[[-6.2268,53.35132],[-6.22658,53.35132]]]},"properties":{"id":"osm:way/399334528","mode":"rail","name":"Irish Rail"}},{"type":"Feature","geometry":{"type":"MultiLineString","coordinates":[[[-6.30345,53.34606],[-6.30323,53.34624]],[[-6.30323,53.34624],[-6.30308,53.34637]],[[-6.30308,53.34637],[-6.30297,53.34646]],[[-6.30297,53.34646],[-6.30286,53.34654]],[[-6.30286,53.34654],[-6.30275,53.34662]],[[-6.30275,53.34662],[-6.30264,53.34669]],[[-6.30264,53.34669],[-6.3025,53.34678]],[[-6.3025,53.34678],[-6.30235,53.34687]],[[-6.30235,53.34687],[-6.30216,53.34698]],[[-6.30216,53.34698],[-6.30182,53.34714]]]},"properties":{"id":"osm:way/399523472","mode":"rail","name":"Irish Rail"}},{"type":"Feature","geometry":{"type":"MultiLineString","coordinates":[[[-6.46963,53.43745],[-6.4697,53.43771]],[[-6.4697,53.43771],[-6.46974,53.4379]],[[-6.46974,53.4379],[-6.46975,53.4381]],[[-6.46975,53.4381],[-6.46976,53.43827]],[[-6.46976,53.43827],[-6.46978,53.43846]],[[-6.46978,53.43846],[-6.46981,53.43864]],[[-6.46981,53.43864],[-6.46988,53.43888]],[[-6.46988,53.43888],[-6.47004,53.43933]],[[-6.47004,53.43933],[-6.47007,53.43941]]]},"properties":{"id":"osm:way/401007795","mode":"rail","name":"Irish Rail"}},{"type":"Feature","geometry":{"type":"MultiLineString","coordinates":[[[-6.36997,53.31412],[-6.37038,53.3139]],[[-6.37038,53.3139],[-6.3708,53.31367]],[[-6.3708,53.31367],[-6.37101,53.31355]],[[-6.37101,53.31355],[-6.37109,53.31352]]]},"properties":{"id":"osm:way/401896742","mode":"luas","name":"Luas"}},{"type":"Feature","geometry":{"type":"LineString","coordinates":[[-6.36944,53.31442],[-6.36997,53.31412]]},"properties":{"id":"osm:way/401896743","mode":"luas","name":"Luas"}},{"type":"Feature","geometry":{"type":"LineString","coordinates":[[-6.32625,53.33442],[-6.326,53.33448]]},"properties":{"id":"osm:way/401903049","mode":"luas","name":"Luas"}},{"type":"Feature","geometry":{"type":"MultiLineString","coordinates":[[[-6.276,53.34711],[-6.27612,53.3471]],[[-6.27612,53.3471],[-6.27628,53.34708]]]},"properties":{"id":"osm:way/401912437","mode":"luas","name":"Luas"}},{"type":"Feature","geometry":{"type":"MultiLineString","coordinates":[[[-6.23673,53.3391],[-6.2372,53.33929]],[[-6.2372,53.33929],[-6.23757,53.33944]],[[-6.23757,53.33944],[-6.23804,53.33964]],[[-6.23804,53.33964],[-6.23898,53.34008]]]},"properties":{"id":"osm:way/402180469","mode":"rail","name":"Irish Rail"}},{"type":"Feature","geometry":{"type":"MultiLineString","coordinates":[[[-6.30764,53.34358],[-6.30717,53.34372]],[[-6.30717,53.34372],[-6.30693,53.34381]]]},"properties":{"id":"osm:way/405767423","mode":"rail","name":"Irish Rail"}},{"type":"Feature","geometry":{"type":"MultiLineString","coordinates":[[[-6.30077,53.34613],[-6.30059,53.34614]],[[-6.30059,53.34614],[-6.30039,53.34616]],[[-6.30039,53.34616],[-6.30021,53.34618]],[[-6.30021,53.34618],[-6.30002,53.34621]],[[-6.30002,53.34621],[-6.2998,53.34624]],[[-6.2998,53.34624],[-6.2996,53.34625]],[[-6.2996,53.34625],[-6.29879,53.34632]],[[-6.29879,53.34632],[-6.29776,53.3464]]]},"properties":{"id":"osm:way/405767877","mode":"rail","name":"Irish Rail"}},{"type":"Feature","geometry":{"type":"MultiLineString","coordinates":[[[-6.29941,53.34591],[-6.29976,53.34587]],[[-6.29976,53.34587],[-6.29999,53.34584]],[[-6.29999,53.34584],[-6.30036,53.3458]],[[-6.30036,53.3458],[-6.30064,53.34576]],[[-6.30064,53.34576],[-6.30131,53.34567]],[[-6.30131,53.34567],[-6.30164,53.34563]],[[-6.30164,53.34563],[-6.30189,53.34559]],[[-6.30189,53.34559],[-6.30217,53.34553]],[[-6.30217,53.34553],[-6.30225,53.34552]],[[-6.30225,53.34552],[-6.30249,53.34546]],[[-6.30249,53.34546],[-6.30265,53.34543]],[[-6.30265,53.34543],[-6.30285,53.34538]],[[-6.30285,53.34538],[-6.30306,53.34532]],[[-6.30306,53.34532],[-6.30322,53.34527]],[[-6.30322,53.34527],[-6.30344,53.34521]],[[-6.30344,53.34521],[-6.3037,53.34512]],[[-6.3037,53.34512],[-6.30392,53.34504]],[[-6.30392,53.34504],[-6.30415,53.34495]],[[-6.30415,53.34495],[-6.30438,53.34486]],[[-6.30438,53.34486],[-6.30462,53.34475]],[[-6.30462,53.34475],[-6.30479,53.34467]],[[-6.30479,53.34467],[-6.30495,53.34459]],[[-6.30495,53.34459],[-6.30518,53.34447]],[[-6.30518,53.34447],[-6.30541,53.34436]],[[-6.30541,53.34436],[-6.30564,53.34425]],[[-6.30564,53.34425],[-6.3058,53.34418]],[[-6.3058,53.34418],[-6.30592,53.34413]],[[-6.30592,53.34413],[-6.30627,53.34399]],[[-6.30627,53.34399],[-6.30638,53.34395]]]},"properties":{"id":"osm:way/405767878","mode":"rail","name":"Irish Rail"}},{"type":"Feature","geometry":{"type":"MultiLineString","coordinates":[[[-6.29989,53.3458],[-6.30007,53.34578]],[[-6.30007,53.34578],[-6.30042,53.34574]],[[-6.30042,53.34574],[-6.30137,53.34561]],[[-6.30137,53.34561],[-6.30173,53.34556]],[[-6.30173,53.34556],[-6.30194,53.34552]],[[-6.30194,53.34552],[-6.30213,53.34549]],[[-6.30213,53.34549],[-6.30242,53.34543]],[[-6.30242,53.34543],[-6.30262,53.34538]],[[-6.30262,53.34538],[-6.30279,53.34534]],[[-6.30279,53.34534],[-6.30304,53.34528]],[[-6.30304,53.34528],[-6.3034,53.34518]],[[-6.3034,53.34518],[-6.3037,53.34508]],[[-6.3037,53.34508],[-6.30395,53.34499]],[[-6.30395,53.34499],[-6.30422,53.34488]],[[-6.30422,53.34488],[-6.30435,53.34483]],[[-6.30435,53.34483],[-6.30445,53.34478]],[[-6.30445,53.34478],[-6.30466,53.34468]],[[-6.30466,53.34468],[-6.30485,53.34459]],[[-6.30485,53.34459],[-6.30503,53.3445]],[[-6.30503,53.3445],[-6.30537,53.34433]],[[-6.30537,53.34433],[-6.30558,53.34424]],[[-6.30558,53.34424],[-6.30577,53.34416]],[[-6.30577,53.34416],[-6.3061,53.344]],[[-6.3061,53.344],[-6.30617,53.34398]]]},"properties":{"id":"osm:way/405767879","mode":"rail","name":"Irish Rail"}},{"type":"Feature","geometry":{"type":"MultiLineString","coordinates":[[[-6.37411,53.28764],[-6.37381,53.28772]],[[-6.37381,53.28772],[-6.37308,53.2879]]]},"properties":{"id":"osm:way/407507198","mode":"luas","name":"Luas"}},{"type":"Feature","geometry":{"type":"MultiLineString","coordinates":[[[-6.37465,53.28747],[-6.37495,53.2874]],[[-6.37495,53.2874],[-6.37512,53.28735]],[[-6.37512,53.28735],[-6.37524,53.28733]],[[-6.37524,53.28733],[-6.37529,53.28732]],[[-6.37529,53.28732],[-6.37535,53.2873]],[[-6.37535,53.2873],[-6.37541,53.2873]],[[-6.37541,53.2873],[-6.37553,53.28728]],[[-6.37553,53.28728],[-6.3756,53.28727]],[[-6.3756,53.28727],[-6.37569,53.28727]],[[-6.37569,53.28727],[-6.37575,53.28726]],[[-6.37575,53.28726],[-6.37582,53.28726]],[[-6.37582,53.28726],[-6.37591,53.28726]]]},"properties":{"id":"osm:way/407507242","mode":"luas","name":"Luas"}},{"type":"Feature","geometry":{"type":"MultiLineString","coordinates":[[[-6.26768,53.36481],[-6.26851,53.36482]],[[-6.26851,53.36482],[-6.27072,53.36486]],[[-6.27072,53.36486],[-6.27097,53.36487]],[[-6.27097,53.36487],[-6.27123,53.36489]],[[-6.27123,53.36489],[-6.27145,53.36491]],[[-6.27145,53.36491],[-6.2716,53.36492]],[[-6.2716,53.36492],[-6.27184,53.36495]],[[-6.27184,53.36495],[-6.27206,53.36498]],[[-6.27206,53.36498],[-6.27251,53.36505]],[[-6.27251,53.36505],[-6.27282,53.3651]],[[-6.27282,53.3651],[-6.27317,53.36517]],[[-6.27317,53.36517],[-6.27351,53.36524]],[[-6.27351,53.36524],[-6.27372,53.36529]],[[-6.27372,53.36529],[-6.27399,53.36536]],[[-6.27399,53.36536],[-6.27427,53.36543]],[[-6.27427,53.36543],[-6.27445,53.36548]],[[-6.27445,53.36548],[-6.27467,53.36554]],[[-6.27467,53.36554],[-6.27487,53.36561]]]},"properties":{"id":"osm:way/408165291","mode":"rail","name":"Irish Rail"}},{"type":"Feature","geometry":{"type":"MultiLineString","coordinates":[[[-6.26768,53.36484],[-6.26726,53.36483]],[[-6.26726,53.36483],[-6.26699,53.36483]],[[-6.26699,53.36483],[-6.26679,53.36482]],[[-6.26679,53.36482],[-6.26657,53.36481]],[[-6.26657,53.36481],[-6.26635,53.3648]],[[-6.26635,53.3648],[-6.26618,53.36479]],[[-6.26618,53.36479],[-6.26584,53.36477]],[[-6.26584,53.36477],[-6.26559,53.36474]],[[-6.26559,53.36474],[-6.26538,53.36472]],[[-6.26538,53.36472],[-6.2652,53.3647]],[[-6.2652,53.3647],[-6.26499,53.36467]],[[-6.26499,53.36467],[-6.26469,53.36463]],[[-6.26469,53.36463],[-6.2644,53.36459]],[[-6.2644,53.36459],[-6.26415,53.36455]],[[-6.26415,53.36455],[-6.26388,53.3645]],[[-6.26388,53.3645],[-6.26366,53.36445]],[[-6.26366,53.36445],[-6.26342,53.3644]],[[-6.26342,53.3644],[-6.26311,53.36432]],[[-6.26311,53.36432],[-6.26282,53.36425]],[[-6.26282,53.36425],[-6.26257,53.36418]],[[-6.26257,53.36418],[-6.26198,53.36401]],[[-6.26198,53.36401],[-6.26117,53.36378]],[[-6.26117,53.36378],[-6.26067,53.36364]]]},"properties":{"id":"osm:way/408165292","mode":"rail","name":"Irish Rail"}},{"type":"Feature","geometry":{"type":"LineString","coordinates":[[-6.23674,53.35809],[-6.23644,53.35824]]},"properties":{"id":"osm:way/410332327","mode":"rail","name":"Irish Rail"}},{"type":"Feature","geometry":{"type":"LineString","coordinates":[[-6.24375,53.35406],[-6.24304,53.35441]]},"properties":{"id":"osm:way/410335900","mode":"rail","name":"Irish Rail"}},{"type":"Feature","geometry":{"type":"LineString","coordinates":[[-6.2438,53.35409],[-6.24311,53.35445]]},"properties":{"id":"osm:way/410335901","mode":"rail","name":"Irish Rail"}},{"type":"Feature","geometry":{"type":"LineString","coordinates":[[-6.24385,53.35413],[-6.24317,53.35448]]},"properties":{"id":"osm:way/410335902","mode":"rail","name":"Irish Rail"}},{"type":"Feature","geometry":{"type":"MultiLineString","coordinates":[[[-6.20392,53.27727],[-6.20384,53.27725]],[[-6.20384,53.27725],[-6.20379,53.27723]],[[-6.20379,53.27723],[-6.20372,53.27719]],[[-6.20372,53.27719],[-6.20367,53.27717]],[[-6.20367,53.27717],[-6.20362,53.27713]],[[-6.20362,53.27713],[-6.20358,53.2771]],[[-6.20358,53.2771],[-6.20355,53.27707]],[[-6.20355,53.27707],[-6.20352,53.27703]],[[-6.20352,53.27703],[-6.20349,53.27699]],[[-6.20349,53.27699],[-6.20348,53.27696]],[[-6.20348,53.27696],[-6.20347,53.27692]],[[-6.20347,53.27692],[-6.20346,53.27688]],[[-6.20346,53.27688],[-6.20345,53.27667]],[[-6.20345,53.27667],[-6.20344,53.27648]],[[-6.20344,53.27648],[-6.20343,53.27644]],[[-6.20343,53.27644],[-6.20343,53.27639]],[[-6.20343,53.27639],[-6.2034,53.27622]],[[-6.2034,53.27622],[-6.20336,53.27594]],[[-6.20336,53.27594],[-6.20334,53.27579]],[[-6.20334,53.27579],[-6.20333,53.27567]],[[-6.20333,53.27567],[-6.20333,53.27554]],[[-6.20333,53.27554],[-6.20333,53.27542]],[[-6.20333,53.27542],[-6.20334,53.27533]],[[-6.20334,53.27533],[-6.20337,53.27522]],[[-6.20337,53.27522],[-6.2034,53.27509]],[[-6.2034,53.27509],[-6.20347,53.27493]],[[-6.20347,53.27493],[-6.20352,53.27483]],[[-6.20352,53.27483],[-6.2036,53.27468]],[[-6.2036,53.27468],[-6.20367,53.27457]],[[-6.20367,53.27457],[-6.20378,53.27442]],[[-6.20378,53.27442],[-6.20393,53.27422]],[[-6.20393,53.27422],[-6.20395,53.27419]],[[-6.20395,53.27419],[-6.20397,53.27416]],[[-6.20397,53.27416],[-6.204,53.27412]],[[-6.204,53.27412],[-6.20402,53.27407]],[[-6.20402,53.27407],[-6.20402,53.27403]],[[-6.20402,53.27403],[-6.20403,53.27399]],[[-6.20403,53.27399],[-6.20402,53.27395]],[[-6.20402,53.27395],[-6.20401,53.2739]],[[-6.20401,53.2739],[-6.204,53.27388]],[[-6.204,53.27388],[-6.204,53.27387]],[[-6.204,53.27387],[-6.20399,53.27385]],[[-6.20399,53.27385],[-6.20396,53.2738]],[[-6.20396,53.2738],[-6.20393,53.27375]],[[-6.20393,53.27375],[-6.20389,53.27372]]]},"properties":{"id":"osm:way/410436408","mode":"luas","name":"Luas"}},{"type":"Feature","geometry":{"type":"MultiLineString","coordinates":[[[-6.20377,53.27729],[-6.20392,53.27734]],[[-6.20392,53.27734],[-6.20427,53.27746]],[[-6.20427,53.27746],[-6.20436,53.27749]],[[-6.20436,53.27749],[-6.20492,53.27768]],[[-6.20492,53.27768],[-6.20525,53.27779]],[[-6.20525,53.27779],[-6.20552,53.27788]]]},"properties":{"id":"osm:way/410436409","mode":"luas","name":"Luas"}},{"type":"Feature","geometry":{"type":"MultiLineString","coordinates":[[[-6.38288,53.29638],[-6.38304,53.29635]],[[-6.38304,53.29635],[-6.38322,53.29631]],[[-6.38322,53.29631],[-6.38356,53.29625]],[[-6.38356,53.29625],[-6.38369,53.29622]],[[-6.38369,53.29622],[-6.38384,53.29617]],[[-6.38384,53.29617],[-6.38392,53.29615]],[[-6.38392,53.29615],[-6.38399,53.29612]],[[-6.38399,53.29612],[-6.38404,53.2961]],[[-6.38404,53.2961],[-6.38408,53.29608]],[[-6.38408,53.29608],[-6.38421,53.29602]],[[-6.38421,53.29602],[-6.38429,53.29597]],[[-6.38429,53.29597],[-6.38436,53.29592]],[[-6.38436,53.29592],[-6.38442,53.29587]],[[-6.38442,53.29587],[-6.38446,53.29583]],[[-6.38446,53.29583],[-6.3845,53.2958]],[[-6.3845,53.2958],[-6.38453,53.29576]],[[-6.38453,53.29576],[-6.38456,53.29573]],[[-6.38456,53.29573],[-6.38461,53.29566]],[[-6.38461,53.29566],[-6.38466,53.29558]],[[-6.38466,53.29558],[-6.38475,53.29539]],[[-6.38475,53.29539],[-6.3849,53.2951]],[[-6.3849,53.2951],[-6.38504,53.29482]],[[-6.38504,53.29482],[-6.38507,53.29476]],[[-6.38507,53.29476],[-6.38509,53.2947]],[[-6.38509,53.2947],[-6.3851,53.29467]],[[-6.3851,53.29467],[-6.38512,53.29461]],[[-6.38512,53.29461],[-6.38514,53.29454]],[[-6.38514,53.29454],[-6.38514,53.29449]],[[-6.38514,53.29449],[-6.38514,53.29446]],[[-6.38514,53.29446],[-6.38514,53.29443]],[[-6.38514,53.29443],[-6.38513,53.29437]],[[-6.38513,53.29437],[-6.38512,53.29431]],[[-6.38512,53.29431],[-6.38511,53.29425]],[[-6.38511,53.29425],[-6.3851,53.29422]],[[-6.3851,53.29422],[-6.38509,53.29419]],[[-6.38509,53.29419],[-6.38505,53.29413]],[[-6.38505,53.29413],[-6.38505,53.29411]],[[-6.38505,53.29411],[-6.38501,53.29406]],[[-6.38501,53.29406],[-6.38499,53.29403]],[[-6.38499,53.29403],[-6.38496,53.29399]],[[-6.38496,53.29399],[-6.38487,53.2939]],[[-6.38487,53.2939],[-6.3848,53.29383]],[[-6.3848,53.29383],[-6.38463,53.2937]],[[-6.38463,53.2937],[-6.38436,53.29352]],[[-6.38436,53.29352],[-6.38412,53.29333]],[[-6.38412,53.29333],[-6.38402,53.29326]],[[-6.38402,53.29326],[-6.38383,53.29312]],[[-6.38383,53.29312],[-6.38368,53.29301]],[[-6.38368,53.29301],[-6.38319,53.29266]],[[-6.38319,53.29266],[-6.38296,53.29249]],[[-6.38296,53.29249],[-6.38255,53.2922]],[[-6.38255,53.2922],[-6.38243,53.29211]],[[-6.38243,53.29211],[-6.38212,53.29189]],[[-6.38212,53.29189],[-6.38196,53.29178]],[[-6.38196,53.29178],[-6.3817,53.2916]],[[-6.3817,53.2916],[-6.38127,53.29131]],[[-6.38127,53.29131],[-6.3809,53.29104]],[[-6.3809,53.29104],[-6.3806,53.29082]],[[-6.3806,53.29082],[-6.38033,53.29062]],[[-6.38033,53.29062],[-6.38013,53.29046]],[[-6.38013,53.29046],[-6.37998,53.29034]],[[-6.37998,53.29034],[-6.37971,53.29013]],[[-6.37971,53.29013],[-6.37938,53.28985]],[[-6.37938,53.28985],[-6.37906,53.28959]],[[-6.37906,53.28959],[-6.37884,53.2894]],[[-6.37884,53.2894],[-6.3786,53.2892]],[[-6.3786,53.2892],[-6.37847,53.28909]],[[-6.37847,53.28909],[-6.37832,53.28894]],[[-6.37832,53.28894],[-6.3782,53.28881]],[[-6.3782,53.28881],[-6.37811,53.28871]],[[-6.37811,53.28871],[-6.37782,53.28836]],[[-6.37782,53.28836],[-6.37764,53.28814]],[[-6.37764,53.28814],[-6.37753,53.28801]],[[-6.37753,53.28801],[-6.37748,53.28794]],[[-6.37748,53.28794],[-6.37741,53.28786]],[[-6.37741,53.28786],[-6.37738,53.28782]],[[-6.37738,53.28782],[-6.37734,53.28779]],[[-6.37734,53.28779],[-6.37731,53.28776]],[[-6.37731,53.28776],[-6.37725,53.28771]],[[-6.37725,53.28771],[-6.37721,53.28767]],[[-6.37721,53.28767],[-6.37718,53.28765]],[[-6.37718,53.28765],[-6.37714,53.28763]],[[-6.37714,53.28763],[-6.3771,53.2876]]]},"properties":{"id":"osm:way/412075500","mode":"luas","name":"Luas"}},{"type":"Feature","geometry":{"type":"MultiLineString","coordinates":[[[-6.37571,53.2988],[-6.37543,53.29897]],[[-6.37543,53.29897],[-6.37515,53.29914]]]},"properties":{"id":"osm:way/412075501","mode":"luas","name":"Luas"}},{"type":"Feature","geometry":{"type":"MultiLineString","coordinates":[[[-6.37501,53.29906],[-6.37531,53.29889]],[[-6.37531,53.29889],[-6.37557,53.29872]]]},"properties":{"id":"osm:way/412075502","mode":"luas","name":"Luas"}},{"type":"Feature","geometry":{"type":"MultiLineString","coordinates":[[[-6.37463,53.29946],[-6.37454,53.29952]],[[-6.37454,53.29952],[-6.37445,53.29958]],[[-6.37445,53.29958],[-6.3743,53.29967]],[[-6.3743,53.29967],[-6.37425,53.2997]],[[-6.37425,53.2997],[-6.37415,53.29976]],[[-6.37415,53.29976],[-6.37402,53.29985]],[[-6.37402,53.29985],[-6.37396,53.29989]],[[-6.37396,53.29989],[-6.37389,53.29994]],[[-6.37389,53.29994],[-6.37381,53.3]],[[-6.37381,53.3],[-6.37367,53.3001]],[[-6.37367,53.3001],[-6.37354,53.30019]],[[-6.37354,53.30019],[-6.37353,53.3002]],[[-6.37353,53.3002],[-6.3735,53.30023]],[[-6.3735,53.30023],[-6.37348,53.30026]],[[-6.37348,53.30026],[-6.37346,53.30029]],[[-6.37346,53.30029],[-6.37344,53.30032]],[[-6.37344,53.30032],[-6.37341,53.30037]],[[-6.37341,53.30037],[-6.37341,53.30039]],[[-6.37341,53.30039],[-6.3734,53.30042]],[[-6.3734,53.30042],[-6.37338,53.30045]],[[-6.37338,53.30045],[-6.37336,53.30048]],[[-6.37336,53.30048],[-6.37335,53.3005]],[[-6.37335,53.3005],[-6.37332,53.30054]],[[-6.37332,53.30054],[-6.37329,53.30056]],[[-6.37329,53.30056],[-6.37328,53.30058]],[[-6.37328,53.30058],[-6.37325,53.3006]],[[-6.37325,53.3006],[-6.37322,53.30063]],[[-6.37322,53.30063],[-6.37318,53.30065]],[[-6.37318,53.30065],[-6.37316,53.30066]],[[-6.37316,53.30066],[-6.37305,53.30071]],[[-6.37305,53.30071],[-6.37289,53.30079]],[[-6.37289,53.30079],[-6.37235,53.30104]],[[-6.37235,53.30104],[-6.37198,53.30121]],[[-6.37198,53.30121],[-6.37165,53.30136]],[[-6.37165,53.30136],[-6.37123,53.30156]],[[-6.37123,53.30156],[-6.37093,53.3017]],[[-6.37093,53.3017],[-6.37063,53.30183]],[[-6.37063,53.30183],[-6.37036,53.30195]],[[-6.37036,53.30195],[-6.36999,53.30211]],[[-6.36999,53.30211],[-6.36961,53.30226]],[[-6.36961,53.30226],[-6.36929,53.30239]],[[-6.36929,53.30239],[-6.36896,53.30251]],[[-6.36896,53.30251],[-6.3686,53.30263]],[[-6.3686,53.30263],[-6.36821,53.30277]],[[-6.36821,53.30277],[-6.36769,53.30294]],[[-6.36769,53.30294],[-6.36723,53.30308]],[[-6.36723,53.30308],[-6.36622,53.30341]],[[-6.36622,53.30341],[-6.36592,53.3035]],[[-6.36592,53.3035],[-6.36561,53.3036]],[[-6.36561,53.3036],[-6.36531,53.3037]],[[-6.36531,53.3037],[-6.365,53.3038]],[[-6.365,53.3038],[-6.3647,53.3039]],[[-6.3647,53.3039],[-6.36436,53.30402]],[[-6.36436,53.30402],[-6.36422,53.30407]],[[-6.36422,53.30407],[-6.36389,53.30419]],[[-6.36389,53.30419],[-6.36365,53.30428]],[[-6.36365,53.30428],[-6.36341,53.30437]],[[-6.36341,53.30437],[-6.36309,53.30451]],[[-6.36309,53.30451],[-6.36288,53.30459]],[[-6.36288,53.30459],[-6.36267,53.30468]],[[-6.36267,53.30468],[-6.36244,53.30478]],[[-6.36244,53.30478],[-6.36229,53.30485]],[[-6.36229,53.30485],[-6.362,53.30498]],[[-6.362,53.30498],[-6.3617,53.30511]],[[-6.3617,53.30511],[-6.36146,53.30523]]]},"properties":{"id":"osm:way/412075503","mode":"luas","name":"Luas"}},{"type":"Feature","geometry":{"type":"MultiLineString","coordinates":[[[-6.37002,53.31779],[-6.37005,53.31774]],[[-6.37005,53.31774],[-6.37007,53.31772]]]},"properties":{"id":"osm:way/413008861","mode":"luas","name":"Luas"}},{"type":"Feature","geometry":{"type":"MultiLineString","coordinates":[[[-6.37006,53.31782],[-6.37002,53.31788]],[[-6.37002,53.31788],[-6.36998,53.31793]],[[-6.36998,53.31793],[-6.3699,53.31804]]]},"properties":{"id":"osm:way/413008863","mode":"luas","name":"Luas"}},{"type":"Feature","geometry":{"type":"MultiLineString","coordinates":[[[-6.24451,53.35687],[-6.24525,53.35726]],[[-6.24525,53.35726],[-6.24714,53.35824]],[[-6.24714,53.35824],[-6.24726,53.3583]]]},"properties":{"id":"osm:way/416906952","mode":"rail","name":"Irish Rail"}},{"type":"Feature","geometry":{"type":"MultiLineString","coordinates":[[[-6.20971,53.34883],[-6.21049,53.34886]],[[-6.21049,53.34886],[-6.21278,53.34896]],[[-6.21278,53.34896],[-6.21283,53.34896]],[[-6.21283,53.34896],[-6.21323,53.34897]],[[-6.21323,53.34897],[-6.21403,53.34901]],[[-6.21403,53.34901],[-6.21446,53.34902]],[[-6.21446,53.34902],[-6.21486,53.34903]],[[-6.21486,53.34903],[-6.21516,53.34903]],[[-6.21516,53.34903],[-6.21551,53.34902]],[[-6.21551,53.34902],[-6.21586,53.34902]],[[-6.21586,53.34902],[-6.21622,53.34901]],[[-6.21622,53.34901],[-6.21647,53.349]],[[-6.21647,53.349],[-6.21679,53.349]],[[-6.21679,53.349],[-6.21743,53.34901]],[[-6.21743,53.34901],[-6.21752,53.34901]],[[-6.21752,53.34901],[-6.21776,53.34901]],[[-6.21776,53.34901],[-6.21796,53.34901]],[[-6.21796,53.34901],[-6.21815,53.34901]],[[-6.21815,53.34901],[-6.21847,53.349]],[[-6.21847,53.349],[-6.21866,53.349]]]},"properties":{"id":"osm:way/425981363","mode":"rail","name":"Irish Rail"}},{"type":"Feature","geometry":{"type":"MultiLineString","coordinates":[[[-6.14369,53.24362],[-6.14362,53.24351]],[[-6.14362,53.24351],[-6.14351,53.24337]],[[-6.14351,53.24337],[-6.14342,53.24322]],[[-6.14342,53.24322],[-6.14336,53.24311]],[[-6.14336,53.24311],[-6.14325,53.24292]],[[-6.14325,53.24292],[-6.14314,53.24269]],[[-6.14314,53.24269],[-6.1431,53.24259]],[[-6.1431,53.24259],[-6.14305,53.2425]],[[-6.14305,53.2425],[-6.14302,53.24242]],[[-6.14302,53.24242],[-6.14291,53.24219]],[[-6.14291,53.24219],[-6.14285,53.24206]],[[-6.14285,53.24206],[-6.14274,53.24184]],[[-6.14274,53.24184],[-6.14268,53.24169]],[[-6.14268,53.24169],[-6.14263,53.2416]]]},"properties":{"id":"osm:way/427125942","mode":"luas","name":"Luas"}},{"type":"Feature","geometry":{"type":"MultiLineString","coordinates":[[[-6.14366,53.2435],[-6.14373,53.2436]],[[-6.14373,53.2436],[-6.14379,53.24367]],[[-6.14379,53.24367],[-6.14385,53.24374]],[[-6.14385,53.24374],[-6.14408,53.244]],[[-6.14408,53.244],[-6.14419,53.24411]],[[-6.14419,53.24411],[-6.14423,53.24416]],[[-6.14423,53.24416],[-6.14443,53.24434]],[[-6.14443,53.24434],[-6.14456,53.24445]],[[-6.14456,53.24445],[-6.14468,53.24454]],[[-6.14468,53.24454],[-6.14484,53.24466]],[[-6.14484,53.24466],[-6.14496,53.24476]],[[-6.14496,53.24476],[-6.14516,53.24489]],[[-6.14516,53.24489],[-6.14531,53.245]],[[-6.14531,53.245],[-6.14548,53.2451]],[[-6.14548,53.2451],[-6.14551,53.24512]],[[-6.14551,53.24512],[-6.14589,53.24534]],[[-6.14589,53.24534],[-6.14622,53.24552]]]},"properties":{"id":"osm:way/427125943","mode":"luas","name":"Luas"}},{"type":"Feature","geometry":{"type":"MultiLineString","coordinates":[[[-6.2627,53.33746],[-6.26273,53.33742]],[[-6.26273,53.33742],[-6.26275,53.33739]],[[-6.26275,53.33739],[-6.26278,53.33734]],[[-6.26278,53.33734],[-6.26282,53.33728]],[[-6.26282,53.33728],[-6.26285,53.33722]],[[-6.26285,53.33722],[-6.26289,53.33713]],[[-6.26289,53.33713],[-6.26306,53.3368]],[[-6.26306,53.3368],[-6.26308,53.33676]],[[-6.26308,53.33676],[-6.2631,53.33672]],[[-6.2631,53.33672],[-6.26313,53.33664]],[[-6.26313,53.33664],[-6.26314,53.3366]],[[-6.26314,53.3366],[-6.26315,53.33656]],[[-6.26315,53.33656],[-6.26318,53.33643]],[[-6.26318,53.33643],[-6.26322,53.33624]],[[-6.26322,53.33624],[-6.26325,53.33604]],[[-6.26325,53.33604],[-6.26326,53.33598]],[[-6.26326,53.33598],[-6.26327,53.33591]],[[-6.26327,53.33591],[-6.26327,53.33581]],[[-6.26327,53.33581],[-6.26327,53.33574]],[[-6.26327,53.33574],[-6.26327,53.33568]],[[-6.26327,53.33568],[-6.26326,53.33561]],[[-6.26326,53.33561],[-6.26324,53.33544]],[[-6.26324,53.33544],[-6.26322,53.33533]],[[-6.26322,53.33533],[-6.2632,53.33517]],[[-6.2632,53.33517],[-6.26317,53.33493]],[[-6.26317,53.33493],[-6.26314,53.33481]],[[-6.26314,53.33481],[-6.26312,53.33468]],[[-6.26312,53.33468],[-6.2631,53.3346]],[[-6.2631,53.3346],[-6.26307,53.33452]],[[-6.26307,53.33452],[-6.26301,53.33437]],[[-6.26301,53.33437],[-6.26289,53.33409]],[[-6.26289,53.33409],[-6.26281,53.33386]],[[-6.26281,53.33386],[-6.26269,53.3336]],[[-6.26269,53.3336],[-6.26259,53.33337]]]},"properties":{"id":"osm:way/427356336","mode":"luas","name":"Luas"}},{"type":"Feature","geometry":{"type":"MultiLineString","coordinates":[[[-6.2543,53.31949],[-6.25427,53.31942]],[[-6.25427,53.31942],[-6.25424,53.31938]],[[-6.25424,53.31938],[-6.25422,53.31934]],[[-6.25422,53.31934],[-6.25419,53.31928]]]},"properties":{"id":"osm:way/429220761","mode":"luas","name":"Luas"}},{"type":"Feature","geometry":{"type":"MultiLineString","coordinates":[[[-6.20289,53.27699],[-6.20059,53.27621]],[[-6.20059,53.27621],[-6.20035,53.27613]],[[-6.20035,53.27613],[-6.20024,53.27608]],[[-6.20024,53.27608],[-6.2002,53.27606]],[[-6.2002,53.27606],[-6.20017,53.27604]],[[-6.20017,53.27604],[-6.20015,53.27603]],[[-6.20015,53.27603],[-6.20008,53.27599]],[[-6.20008,53.27599],[-6.19989,53.27593]],[[-6.19989,53.27593],[-6.19973,53.27587]],[[-6.19973,53.27587],[-6.19957,53.27582]],[[-6.19957,53.27582],[-6.19953,53.2758]],[[-6.19953,53.2758],[-6.19947,53.27578]],[[-6.19947,53.27578],[-6.19943,53.27576]],[[-6.19943,53.27576],[-6.1994,53.27573]],[[-6.1994,53.27573],[-6.19937,53.2757]],[[-6.19937,53.2757],[-6.19935,53.27566]],[[-6.19935,53.27566],[-6.19934,53.27562]],[[-6.19934,53.27562],[-6.19935,53.27557]],[[-6.19935,53.27557],[-6.19937,53.27552]],[[-6.19937,53.27552],[-6.19939,53.2755]],[[-6.19939,53.2755],[-6.19942,53.27547]],[[-6.19942,53.27547],[-6.19944,53.27546]],[[-6.19944,53.27546],[-6.19947,53.27544]],[[-6.19947,53.27544],[-6.19954,53.27541]],[[-6.19954,53.27541],[-6.19958,53.2754]],[[-6.19958,53.2754],[-6.19962,53.27539]],[[-6.19962,53.27539],[-6.19969,53.27539]],[[-6.19969,53.27539],[-6.19976,53.27539]],[[-6.19976,53.27539],[-6.19982,53.27539]],[[-6.19982,53.27539],[-6.19995,53.2754]],[[-6.19995,53.2754],[-6.20004,53.27541]],[[-6.20004,53.27541],[-6.2001,53.27543]],[[-6.2001,53.27543],[-6.20041,53.27549]],[[-6.20041,53.27549],[-6.20053,53.27552]],[[-6.20053,53.27552],[-6.20063,53.27556]]]},"properties":{"id":"osm:way/429221405","mode":"luas","name":"Luas"}},{"type":"Feature","geometry":{"type":"MultiLineString","coordinates":[[[-6.2369,53.33921],[-6.23719,53.33935]],[[-6.23719,53.33935],[-6.23737,53.33944]],[[-6.23737,53.33944],[-6.23795,53.33971]]]},"properties":{"id":"osm:way/433855397","mode":"rail","name":"Irish Rail"}},{"type":"Feature","geometry":{"type":"MultiLineString","coordinates":[[[-6.23944,53.34029],[-6.23983,53.34047]],[[-6.23983,53.34047],[-6.23995,53.34053]],[[-6.23995,53.34053],[-6.2401,53.3406]],[[-6.2401,53.3406],[-6.24023,53.34067]],[[-6.24023,53.34067],[-6.24069,53.3409]],[[-6.24069,53.3409],[-6.24109,53.3411]]]},"properties":{"id":"osm:way/433855399","mode":"rail","name":"Irish Rail"}},{"type":"Feature","geometry":{"type":"MultiLineString","coordinates":[[[-6.43825,53.28472],[-6.43844,53.28476]],[[-6.43844,53.28476],[-6.43858,53.28479]]]},"properties":{"id":"osm:way/434942310","mode":"luas","name":"Luas"}},{"type":"Feature","geometry":{"type":"MultiLineString","coordinates":[[[-6.4386,53.28476],[-6.43844,53.28476]],[[-6.43844,53.28476],[-6.43825,53.28475]]]},"properties":{"id":"osm:way/434942311","mode":"luas","name":"Luas"}},{"type":"Feature","geometry":{"type":"MultiLineString","coordinates":[[[-6.43825,53.28472],[-6.4386,53.28476]],[[-6.4386,53.28476],[-6.43894,53.28479]],[[-6.43894,53.28479],[-6.43938,53.28485]],[[-6.43938,53.28485],[-6.43965,53.28489]],[[-6.43965,53.28489],[-6.43989,53.28492]]]},"properties":{"id":"osm:way/434942383","mode":"luas","name":"Luas"}},{"type":"Feature","geometry":{"type":"MultiLineString","coordinates":[[[-6.43773,53.2847],[-6.43733,53.28465]],[[-6.43733,53.28465],[-6.43715,53.28463]],[[-6.43715,53.28463],[-6.43695,53.28461]],[[-6.43695,53.28461],[-6.43657,53.28457]],[[-6.43657,53.28457],[-6.43645,53.28456]],[[-6.43645,53.28456],[-6.43633,53.28455]],[[-6.43633,53.28455],[-6.43622,53.28455]],[[-6.43622,53.28455],[-6.43607,53.28455]],[[-6.43607,53.28455],[-6.43577,53.28455]],[[-6.43577,53.28455],[-6.43559,53.28455]],[[-6.43559,53.28455],[-6.43541,53.28454]],[[-6.43541,53.28454],[-6.43526,53.28454]],[[-6.43526,53.28454],[-6.43506,53.28453]],[[-6.43506,53.28453],[-6.43486,53.28452]],[[-6.43486,53.28452],[-6.43476,53.28452]],[[-6.43476,53.28452],[-6.43466,53.28451]],[[-6.43466,53.28451],[-6.43454,53.28451]],[[-6.43454,53.28451],[-6.43447,53.28451]],[[-6.43447,53.28451],[-6.43437,53.28451]],[[-6.43437,53.28451],[-6.43426,53.28452]],[[-6.43426,53.28452],[-6.43412,53.28453]],[[-6.43412,53.28453],[-6.43393,53.28455]],[[-6.43393,53.28455],[-6.43376,53.28456]],[[-6.43376,53.28456],[-6.43367,53.28457]],[[-6.43367,53.28457],[-6.43359,53.28457]],[[-6.43359,53.28457],[-6.4335,53.28457]],[[-6.4335,53.28457],[-6.43348,53.28457]],[[-6.43348,53.28457],[-6.43342,53.28457]],[[-6.43342,53.28457],[-6.43337,53.28456]],[[-6.43337,53.28456],[-6.43333,53.28456]],[[-6.43333,53.28456],[-6.43329,53.28455]],[[-6.43329,53.28455],[-6.43323,53.28454]],[[-6.43323,53.28454],[-6.43316,53.28451]],[[-6.43316,53.28451],[-6.4331,53.28449]],[[-6.4331,53.28449],[-6.43302,53.28446]],[[-6.43302,53.28446],[-6.43296,53.28441]],[[-6.43296,53.28441],[-6.43288,53.28436]],[[-6.43288,53.28436],[-6.43277,53.28427]],[[-6.43277,53.28427],[-6.43265,53.28419]],[[-6.43265,53.28419],[-6.43258,53.28415]],[[-6.43258,53.28415],[-6.43251,53.28413]],[[-6.43251,53.28413],[-6.43245,53.28411]],[[-6.43245,53.28411],[-6.43237,53.28409]],[[-6.43237,53.28409],[-6.4323,53.28408]],[[-6.4323,53.28408],[-6.43222,53.28407]],[[-6.43222,53.28407],[-6.43211,53.28407]],[[-6.43211,53.28407],[-6.43182,53.28406]],[[-6.43182,53.28406],[-6.43159,53.28406]],[[-6.43159,53.28406],[-6.43139,53.28406]],[[-6.43139,53.28406],[-6.43117,53.28406]],[[-6.43117,53.28406],[-6.43098,53.28406]],[[-6.43098,53.28406],[-6.43082,53.28405]],[[-6.43082,53.28405],[-6.43067,53.28404]],[[-6.43067,53.28404],[-6.43033,53.28402]],[[-6.43033,53.28402],[-6.43024,53.28401]],[[-6.43024,53.28401],[-6.43012,53.28401]],[[-6.43012,53.28401],[-6.43006,53.28401]],[[-6.43006,53.28401],[-6.43001,53.28401]],[[-6.43001,53.28401],[-6.42993,53.28401]],[[-6.42993,53.28401],[-6.42987,53.28401]],[[-6.42987,53.28401],[-6.4298,53.28401]],[[-6.4298,53.28401],[-6.42974,53.28402]],[[-6.42974,53.28402],[-6.42966,53.28402]],[[-6.42966,53.28402],[-6.42958,53.28403]],[[-6.42958,53.28403],[-6.42944,53.28405]],[[-6.42944,53.28405],[-6.4293,53.28407]],[[-6.4293,53.28407],[-6.4291,53.2841]],[[-6.4291,53.2841],[-6.42894,53.28412]],[[-6.42894,53.28412],[-6.42878,53.28414]],[[-6.42878,53.28414],[-6.42868,53.28416]],[[-6.42868,53.28416],[-6.42859,53.28416]],[[-6.42859,53.28416],[-6.42848,53.28417]],[[-6.42848,53.28417],[-6.4284,53.28417]],[[-6.4284,53.28417],[-6.42828,53.28418]],[[-6.42828,53.28418],[-6.42794,53.28418]],[[-6.42794,53.28418],[-6.42776,53.28419]],[[-6.42776,53.28419],[-6.42753,53.28419]],[[-6.42753,53.28419],[-6.42694,53.28419]],[[-6.42694,53.28419],[-6.42661,53.2842]],[[-6.42661,53.2842],[-6.42632,53.28421]],[[-6.42632,53.28421],[-6.42614,53.28422]],[[-6.42614,53.28422],[-6.42608,53.28422]],[[-6.42608,53.28422],[-6.42591,53.28422]],[[-6.42591,53.28422],[-6.42574,53.28422]],[[-6.42574,53.28422],[-6.42561,53.28422]],[[-6.42561,53.28422],[-6.42547,53.28422]],[[-6.42547,53.28422],[-6.42531,53.28422]],[[-6.42531,53.28422],[-6.42516,53.28423]],[[-6.42516,53.28423],[-6.42502,53.28424]],[[-6.42502,53.28424],[-6.42458,53.28427]],[[-6.42458,53.28427],[-6.42421,53.2843]],[[-6.42421,53.2843],[-6.42379,53.28432]],[[-6.42379,53.28432],[-6.42359,53.28434]],[[-6.42359,53.28434],[-6.42347,53.28435]],[[-6.42347,53.28435],[-6.42335,53.28436]],[[-6.42335,53.28436],[-6.42327,53.28437]],[[-6.42327,53.28437],[-6.42321,53.28438]],[[-6.42321,53.28438],[-6.42314,53.28439]],[[-6.42314,53.28439],[-6.42309,53.28441]],[[-6.42309,53.28441],[-6.42302,53.28443]],[[-6.42302,53.28443],[-6.42297,53.28445]],[[-6.42297,53.28445],[-6.42293,53.28447]],[[-6.42293,53.28447],[-6.42288,53.2845]],[[-6.42288,53.2845],[-6.42284,53.28452]],[[-6.42284,53.28452],[-6.4228,53.28455]],[[-6.4228,53.28455],[-6.42276,53.28458]],[[-6.42276,53.28458],[-6.42269,53.28465]],[[-6.42269,53.28465],[-6.42262,53.28472]],[[-6.42262,53.28472],[-6.42251,53.28484]],[[-6.42251,53.28484],[-6.4224,53.28496]],[[-6.4224,53.28496],[-6.42219,53.28518]],[[-6.42219,53.28518],[-6.42202,53.28535]],[[-6.42202,53.28535],[-6.42193,53.28545]],[[-6.42193,53.28545],[-6.42192,53.28546]],[[-6.42192,53.28546],[-6.42187,53.28552]],[[-6.42187,53.28552],[-6.42181,53.28558]],[[-6.42181,53.28558],[-6.42175,53.28564]],[[-6.42175,53.28564],[-6.4217,53.28568]],[[-6.4217,53.28568],[-6.42165,53.28572]],[[-6.42165,53.28572],[-6.42153,53.28584]],[[-6.42153,53.28584],[-6.42123,53.28611]],[[-6.42123,53.28611],[-6.42115,53.28617]],[[-6.42115,53.28617],[-6.42085,53.28642]],[[-6.42085,53.28642],[-6.42066,53.28656]],[[-6.42066,53.28656],[-6.42051,53.28667]],[[-6.42051,53.28667],[-6.42038,53.28677]],[[-6.42038,53.28677],[-6.41981,53.28719]],[[-6.41981,53.28719],[-6.41966,53.2873]],[[-6.41966,53.2873],[-6.41963,53.28733]],[[-6.41963,53.28733],[-6.41959,53.28736]],[[-6.41959,53.28736],[-6.4192,53.28764]],[[-6.4192,53.28764],[-6.41895,53.28784]],[[-6.41895,53.28784],[-6.41868,53.28803]],[[-6.41868,53.28803],[-6.41843,53.28821]],[[-6.41843,53.28821],[-6.4183,53.28831]],[[-6.4183,53.28831],[-6.41824,53.28835]],[[-6.41824,53.28835],[-6.41818,53.28839]],[[-6.41818,53.28839],[-6.41812,53.28842]],[[-6.41812,53.28842],[-6.41806,53.28846]],[[-6.41806,53.28846],[-6.41792,53.28852]],[[-6.41792,53.28852],[-6.4178,53.28856]],[[-6.4178,53.28856],[-6.41768,53.2886]],[[-6.41768,53.2886],[-6.41765,53.28861]],[[-6.41765,53.28861],[-6.41759,53.28862]],[[-6.41759,53.28862],[-6.4174,53.28867]],[[-6.4174,53.28867],[-6.41709,53.28874]],[[-6.41709,53.28874],[-6.41678,53.2888]],[[-6.41678,53.2888],[-6.41618,53.28893]],[[-6.41618,53.28893],[-6.41511,53.28917]],[[-6.41511,53.28917],[-6.4146,53.28929]],[[-6.4146,53.28929],[-6.41407,53.2894]],[[-6.41407,53.2894],[-6.4136,53.28951]],[[-6.4136,53.28951],[-6.41314,53.28961]],[[-6.41314,53.28961],[-6.41232,53.28979]],[[-6.41232,53.28979],[-6.41179,53.28991]],[[-6.41179,53.28991],[-6.41121,53.29004]],[[-6.41121,53.29004],[-6.41071,53.29015]],[[-6.41071,53.29015],[-6.41044,53.29021]],[[-6.41044,53.29021],[-6.4098,53.29035]],[[-6.4098,53.29035],[-6.40945,53.29043]],[[-6.40945,53.29043],[-6.40913,53.2905]],[[-6.40913,53.2905],[-6.40868,53.2906]],[[-6.40868,53.2906],[-6.40814,53.29072]],[[-6.40814,53.29072],[-6.40725,53.29092]],[[-6.40725,53.29092],[-6.40685,53.291]],[[-6.40685,53.291],[-6.40647,53.29108]],[[-6.40647,53.29108],[-6.40619,53.29115]],[[-6.40619,53.29115],[-6.40593,53.2912]],[[-6.40593,53.2912],[-6.40559,53.29128]],[[-6.40559,53.29128],[-6.40542,53.29132]],[[-6.40542,53.29132],[-6.4052,53.29137]],[[-6.4052,53.29137],[-6.4048,53.29146]],[[-6.4048,53.29146],[-6.40468,53.29148]],[[-6.40468,53.29148],[-6.40402,53.29163]],[[-6.40402,53.29163],[-6.40384,53.29168]],[[-6.40384,53.29168],[-6.40351,53.29176]],[[-6.40351,53.29176],[-6.40324,53.29184]],[[-6.40324,53.29184],[-6.40296,53.29191]],[[-6.40296,53.29191],[-6.40259,53.292]],[[-6.40259,53.292],[-6.40212,53.29211]],[[-6.40212,53.29211],[-6.40147,53.29225]],[[-6.40147,53.29225],[-6.40086,53.29238]],[[-6.40086,53.29238],[-6.4002,53.29252]],[[-6.4002,53.29252],[-6.39967,53.29264]],[[-6.39967,53.29264],[-6.39915,53.29275]],[[-6.39915,53.29275],[-6.39807,53.29299]],[[-6.39807,53.29299],[-6.39763,53.29309]],[[-6.39763,53.29309],[-6.39737,53.29314]],[[-6.39737,53.29314],[-6.39595,53.29345]],[[-6.39595,53.29345],[-6.39553,53.29355]],[[-6.39553,53.29355],[-6.39517,53.29362]],[[-6.39517,53.29362],[-6.39493,53.29367]],[[-6.39493,53.29367],[-6.39473,53.29372]],[[-6.39473,53.29372],[-6.39412,53.29385]],[[-6.39412,53.29385],[-6.39323,53.29405]],[[-6.39323,53.29405],[-6.39262,53.29418]],[[-6.39262,53.29418],[-6.39201,53.29432]],[[-6.39201,53.29432],[-6.39147,53.29444]],[[-6.39147,53.29444],[-6.3906,53.29465]],[[-6.3906,53.29465],[-6.38988,53.29484]],[[-6.38988,53.29484],[-6.38928,53.29499]],[[-6.38928,53.29499],[-6.38914,53.29503]],[[-6.38914,53.29503],[-6.38894,53.29508]],[[-6.38894,53.29508],[-6.38855,53.29518]],[[-6.38855,53.29518],[-6.388,53.29532]],[[-6.388,53.29532],[-6.38782,53.29536]],[[-6.38782,53.29536],[-6.38774,53.29538]],[[-6.38774,53.29538],[-6.38759,53.29541]],[[-6.38759,53.29541],[-6.38742,53.29545]],[[-6.38742,53.29545],[-6.38734,53.29547]],[[-6.38734,53.29547],[-6.38726,53.29549]],[[-6.38726,53.29549],[-6.38688,53.29558]],[[-6.38688,53.29558],[-6.3862,53.29573]],[[-6.3862,53.29573],[-6.38565,53.29585]],[[-6.38565,53.29585],[-6.38511,53.29597]],[[-6.38511,53.29597],[-6.38483,53.29603]],[[-6.38483,53.29603],[-6.38467,53.29607]],[[-6.38467,53.29607],[-6.38451,53.29611]],[[-6.38451,53.29611],[-6.38428,53.29617]],[[-6.38428,53.29617],[-6.3841,53.29622]],[[-6.3841,53.29622],[-6.3839,53.29627]],[[-6.3839,53.29627],[-6.38378,53.2963]],[[-6.38378,53.2963],[-6.38366,53.29633]],[[-6.38366,53.29633],[-6.38359,53.29634]],[[-6.38359,53.29634],[-6.38351,53.29635]],[[-6.38351,53.29635],[-6.38331,53.29637]],[[-6.38331,53.29637],[-6.38317,53.29638]],[[-6.38317,53.29638],[-6.38305,53.29639]],[[-6.38305,53.29639],[-6.38296,53.2964]],[[-6.38296,53.2964],[-6.3829,53.29641]]]},"properties":{"id":"osm:way/434942385","mode":"luas","name":"Luas"}},{"type":"Feature","geometry":{"type":"LineString","coordinates":[[-6.24109,53.3411],[-6.24138,53.34122]]},"properties":{"id":"osm:way/436336366","mode":"rail","name":"Irish Rail"}},{"type":"Feature","geometry":{"type":"LineString","coordinates":[[-6.1071,53.26594],[-6.10728,53.26579]]},"properties":{"id":"osm:way/437384828","mode":"rail","name":"Irish Rail"}},{"type":"Feature","geometry":{"type":"MultiLineString","coordinates":[[[-6.10728,53.26579],[-6.10752,53.26556]],[[-6.10752,53.26556],[-6.10769,53.26534]],[[-6.10769,53.26534],[-6.10787,53.2651]],[[-6.10787,53.2651],[-6.108,53.26487]],[[-6.108,53.26487],[-6.10832,53.26437]],[[-6.10832,53.26437],[-6.10863,53.26393]]]},"properties":{"id":"osm:way/437384829","mode":"rail","name":"Irish Rail"}},{"type":"Feature","geometry":{"type":"MultiLineString","coordinates":[[[-6.10715,53.26596],[-6.10701,53.26607]],[[-6.10701,53.26607],[-6.10685,53.26619]],[[-6.10685,53.26619],[-6.10662,53.26634]],[[-6.10662,53.26634],[-6.10645,53.26644]],[[-6.10645,53.26644],[-6.10624,53.26655]],[[-6.10624,53.26655],[-6.10598,53.26666]],[[-6.10598,53.26666],[-6.10561,53.26681]],[[-6.10561,53.26681],[-6.10497,53.26705]],[[-6.10497,53.26705],[-6.10445,53.26725]],[[-6.10445,53.26725],[-6.10388,53.26748]],[[-6.10388,53.26748],[-6.10346,53.26764]],[[-6.10346,53.26764],[-6.10313,53.26776]],[[-6.10313,53.26776],[-6.10285,53.26786]],[[-6.10285,53.26786],[-6.10207,53.26812]],[[-6.10207,53.26812],[-6.10129,53.26837]],[[-6.10129,53.26837],[-6.10068,53.26857]],[[-6.10068,53.26857],[-6.10017,53.26875]],[[-6.10017,53.26875],[-6.09943,53.26902]]]},"properties":{"id":"osm:way/437384830","mode":"rail","name":"Irish Rail"}},{"type":"Feature","geometry":{"type":"LineString","coordinates":[[-6.10732,53.26581],[-6.10715,53.26596]]},"properties":{"id":"osm:way/437384831","mode":"rail","name":"Irish Rail"}},{"type":"Feature","geometry":{"type":"LineString","coordinates":[[-6.36368,53.33525],[-6.3619,53.33538]]},"properties":{"id":"osm:way/439418711","mode":"rail","name":"Irish Rail"}},{"type":"Feature","geometry":{"type":"MultiLineString","coordinates":[[[-6.29779,53.33785],[-6.29798,53.33783]],[[-6.29798,53.33783],[-6.29821,53.33781]],[[-6.29821,53.33781],[-6.29849,53.33779]],[[-6.29849,53.33779],[-6.29878,53.33776]],[[-6.29878,53.33776],[-6.29897,53.33775]],[[-6.29897,53.33775],[-6.29912,53.33773]],[[-6.29912,53.33773],[-6.29972,53.33766]],[[-6.29972,53.33766],[-6.30018,53.33761]],[[-6.30018,53.33761],[-6.30063,53.33756]],[[-6.30063,53.33756],[-6.30131,53.33748]],[[-6.30131,53.33748],[-6.30181,53.33742]],[[-6.30181,53.33742],[-6.30246,53.33735]],[[-6.30246,53.33735],[-6.3032,53.33726]],[[-6.3032,53.33726],[-6.30366,53.33721]],[[-6.30366,53.33721],[-6.3047,53.33709]],[[-6.3047,53.33709],[-6.30488,53.33706]],[[-6.30488,53.33706],[-6.30503,53.33704]],[[-6.30503,53.33704],[-6.3052,53.33701]],[[-6.3052,53.33701],[-6.30533,53.33699]],[[-6.30533,53.33699],[-6.30546,53.33696]],[[-6.30546,53.33696],[-6.30558,53.33693]],[[-6.30558,53.33693],[-6.30572,53.3369]]]},"properties":{"id":"osm:way/440538711","mode":"luas","name":"Luas"}},{"type":"Feature","geometry":{"type":"MultiLineString","coordinates":[[[-6.24011,53.35629],[-6.24012,53.35629]],[[-6.24012,53.35629],[-6.24058,53.35605]]]},"properties":{"id":"osm:way/440713614","mode":"rail","name":"Irish Rail"}},{"type":"Feature","geometry":{"type":"MultiLineString","coordinates":[[[-6.27786,53.36732],[-6.27774,53.3672]],[[-6.27774,53.3672],[-6.27754,53.36702]],[[-6.27754,53.36702],[-6.27732,53.36684]],[[-6.27732,53.36684],[-6.27712,53.3667]],[[-6.27712,53.3667],[-6.27692,53.36657]],[[-6.27692,53.36657],[-6.27666,53.36641]],[[-6.27666,53.36641],[-6.27635,53.36625]],[[-6.27635,53.36625],[-6.27611,53.36614]],[[-6.27611,53.36614],[-6.27582,53.36601]]]},"properties":{"id":"osm:way/441478969","mode":"rail","name":"Irish Rail"}},{"type":"Feature","geometry":{"type":"MultiLineString","coordinates":[[[-6.27582,53.36601],[-6.27572,53.36596]],[[-6.27572,53.36596],[-6.27553,53.36588]],[[-6.27553,53.36588],[-6.27534,53.36581]],[[-6.27534,53.36581],[-6.27511,53.36572]],[[-6.27511,53.36572],[-6.27484,53.36563]]]},"properties":{"id":"osm:way/441478970","mode":"rail","name":"Irish Rail"}},{"type":"Feature","geometry":{"type":"LineString","coordinates":[[-6.33614,53.33716],[-6.33625,53.33718]]},"properties":{"id":"osm:way/442350482","mode":"rail","name":"Irish Rail"}},{"type":"Feature","geometry":{"type":"LineString","coordinates":[[-6.33611,53.33722],[-6.33622,53.33723]]},"properties":{"id":"osm:way/442350483","mode":"rail","name":"Irish Rail"}},{"type":"Feature","geometry":{"type":"LineString","coordinates":[[-6.33606,53.33733],[-6.33617,53.33734]]},"properties":{"id":"osm:way/442350484","mode":"rail","name":"Irish Rail"}},{"type":"Feature","geometry":{"type":"LineString","coordinates":[[-6.33601,53.33743],[-6.33498,53.33727]]},"properties":{"id":"osm:way/442350485","mode":"rail","name":"Irish Rail"}},{"type":"Feature","geometry":{"type":"LineString","coordinates":[[-6.33599,53.33749],[-6.33495,53.33732]]},"properties":{"id":"osm:way/442350486","mode":"rail","name":"Irish Rail"}},{"type":"Feature","geometry":{"type":"LineString","coordinates":[[-6.33595,53.33756],[-6.33606,53.33758]]},"properties":{"id":"osm:way/442350487","mode":"rail","name":"Irish Rail"}},{"type":"Feature","geometry":{"type":"LineString","coordinates":[[-6.33594,53.3376],[-6.33489,53.33745]]},"properties":{"id":"osm:way/442350488","mode":"rail","name":"Irish Rail"}},{"type":"Feature","geometry":{"type":"MultiLineString","coordinates":[[[-6.33489,53.33745],[-6.3348,53.33743]],[[-6.3348,53.33743],[-6.33472,53.33742]]]},"properties":{"id":"osm:way/442350489","mode":"rail","name":"Irish Rail"}},{"type":"Feature","geometry":{"type":"LineString","coordinates":[[-6.33492,53.33739],[-6.33595,53.33756]]},"properties":{"id":"osm:way/442350490","mode":"rail","name":"Irish Rail"}},{"type":"Feature","geometry":{"type":"MultiLineString","coordinates":[[[-6.33495,53.33732],[-6.33485,53.33731]],[[-6.33485,53.33731],[-6.33483,53.3373]]]},"properties":{"id":"osm:way/442350491","mode":"rail","name":"Irish Rail"}},{"type":"Feature","geometry":{"type":"MultiLineString","coordinates":[[[-6.33498,53.33727],[-6.33488,53.33725]],[[-6.33488,53.33725],[-6.33486,53.33725]]]},"properties":{"id":"osm:way/442350492","mode":"rail","name":"Irish Rail"}},{"type":"Feature","geometry":{"type":"LineString","coordinates":[[-6.33503,53.33716],[-6.33606,53.33733]]},"properties":{"id":"osm:way/442350493","mode":"rail","name":"Irish Rail"}},{"type":"Feature","geometry":{"type":"LineString","coordinates":[[-6.33508,53.33705],[-6.33611,53.33722]]},"properties":{"id":"osm:way/442350495","mode":"rail","name":"Irish Rail"}},{"type":"Feature","geometry":{"type":"LineString","coordinates":[[-6.33511,53.33699],[-6.33614,53.33716]]},"properties":{"id":"osm:way/442350496","mode":"rail","name":"Irish Rail"}},{"type":"Feature","geometry":{"type":"MultiLineString","coordinates":[[[-6.2367,53.35806],[-6.23727,53.35777]],[[-6.23727,53.35777],[-6.23766,53.35756]],[[-6.23766,53.35756],[-6.23839,53.35718]],[[-6.23839,53.35718],[-6.23992,53.35639]],[[-6.23992,53.35639],[-6.23998,53.35636]]]},"properties":{"id":"osm:way/442421427","mode":"rail","name":"Irish Rail"}},{"type":"Feature","geometry":{"type":"MultiLineString","coordinates":[[[-6.23778,53.34883],[-6.23791,53.34884]],[[-6.23791,53.34884],[-6.23849,53.34887]],[[-6.23849,53.34887],[-6.23865,53.34888]],[[-6.23865,53.34888],[-6.23874,53.34889]],[[-6.23874,53.34889],[-6.23948,53.34894]],[[-6.23948,53.34894],[-6.23993,53.34898]],[[-6.23993,53.34898],[-6.24,53.34899]]]},"properties":{"id":"osm:way/445591797","mode":"luas","name":"Luas"}},{"type":"Feature","geometry":{"type":"MultiLineString","coordinates":[[[-6.23777,53.34886],[-6.23752,53.34885]],[[-6.23752,53.34885],[-6.23715,53.34883]],[[-6.23715,53.34883],[-6.23673,53.34881]],[[-6.23673,53.34881],[-6.23651,53.3488]],[[-6.23651,53.3488],[-6.23601,53.34877]],[[-6.23601,53.34877],[-6.23542,53.34874]],[[-6.23542,53.34874],[-6.23528,53.34873]],[[-6.23528,53.34873],[-6.23514,53.34872]],[[-6.23514,53.34872],[-6.23494,53.34871]],[[-6.23494,53.34871],[-6.23407,53.34865]],[[-6.23407,53.34865],[-6.23216,53.34853]],[[-6.23216,53.34853],[-6.23201,53.34852]],[[-6.23201,53.34852],[-6.2312,53.34847]],[[-6.2312,53.34847],[-6.23087,53.34845]]]},"properties":{"id":"osm:way/445591799","mode":"luas","name":"Luas"}},{"type":"Feature","geometry":{"type":"LineString","coordinates":[[-6.23577,53.35865],[-6.23548,53.3588]]},"properties":{"id":"osm:way/445600523","mode":"rail","name":"Irish Rail"}},{"type":"Feature","geometry":{"type":"MultiLineString","coordinates":[[[-6.25166,53.30968],[-6.25158,53.30909]],[[-6.25158,53.30909],[-6.25154,53.30874]]]},"properties":{"id":"osm:way/468910920","mode":"luas","name":"Luas"}},{"type":"Feature","geometry":{"type":"MultiLineString","coordinates":[[[-6.25172,53.30968],[-6.25176,53.30991]],[[-6.25176,53.30991],[-6.25181,53.31028]],[[-6.25181,53.31028],[-6.25183,53.31043]],[[-6.25183,53.31043],[-6.25184,53.31052]],[[-6.25184,53.31052],[-6.25185,53.31059]],[[-6.25185,53.31059],[-6.2519,53.31082]],[[-6.2519,53.31082],[-6.252,53.31121]],[[-6.252,53.31121],[-6.25209,53.31152]],[[-6.25209,53.31152],[-6.25213,53.31168]],[[-6.25213,53.31168],[-6.25225,53.3121]],[[-6.25225,53.3121],[-6.25232,53.31237]],[[-6.25232,53.31237],[-6.25244,53.31278]],[[-6.25244,53.31278],[-6.25251,53.31303]],[[-6.25251,53.31303],[-6.25258,53.3133]],[[-6.25258,53.3133],[-6.25264,53.31353]],[[-6.25264,53.31353],[-6.2527,53.31374]],[[-6.2527,53.31374],[-6.25279,53.31405]],[[-6.25279,53.31405],[-6.25289,53.3144]],[[-6.25289,53.3144],[-6.25295,53.31462]],[[-6.25295,53.31462],[-6.253,53.3148]],[[-6.253,53.3148],[-6.25311,53.3152]],[[-6.25311,53.3152],[-6.25322,53.3156]],[[-6.25322,53.3156],[-6.25331,53.31591]],[[-6.25331,53.31591],[-6.2534,53.31624]],[[-6.2534,53.31624],[-6.25347,53.31648]],[[-6.25347,53.31648],[-6.25353,53.3167]],[[-6.25353,53.3167],[-6.25355,53.31676]],[[-6.25355,53.31676],[-6.25358,53.31688]],[[-6.25358,53.31688],[-6.25366,53.3172]],[[-6.25366,53.3172],[-6.25374,53.31748]],[[-6.25374,53.31748],[-6.25378,53.31762]]]},"properties":{"id":"osm:way/468910921","mode":"luas","name":"Luas"}},{"type":"Feature","geometry":{"type":"MultiLineString","coordinates":[[[-6.28225,53.36467],[-6.28335,53.36607]],[[-6.28335,53.36607],[-6.28349,53.36624]],[[-6.28349,53.36624],[-6.28378,53.36657]]]},"properties":{"id":"osm:way/472736914","mode":"luas","name":"Luas"}},{"type":"Feature","geometry":{"type":"MultiLineString","coordinates":[[[-6.25184,53.35015],[-6.25193,53.35017]],[[-6.25193,53.35017],[-6.25198,53.35018]],[[-6.25198,53.35018],[-6.25202,53.35018]]]},"properties":{"id":"osm:way/474364958","mode":"luas","name":"Luas"}},{"type":"Feature","geometry":{"type":"MultiLineString","coordinates":[[[-6.3762,53.29842],[-6.37628,53.2984]],[[-6.37628,53.2984],[-6.37635,53.29837]],[[-6.37635,53.29837],[-6.37641,53.29833]],[[-6.37641,53.29833],[-6.37659,53.29822]],[[-6.37659,53.29822],[-6.37684,53.29806]],[[-6.37684,53.29806],[-6.37722,53.29783]],[[-6.37722,53.29783],[-6.37737,53.29775]],[[-6.37737,53.29775],[-6.37748,53.29769]],[[-6.37748,53.29769],[-6.37759,53.29764]],[[-6.37759,53.29764],[-6.37764,53.29761]],[[-6.37764,53.29761],[-6.3777,53.29758]],[[-6.3777,53.29758],[-6.37781,53.29754]],[[-6.37781,53.29754],[-6.37795,53.29749]],[[-6.37795,53.29749],[-6.37804,53.29746]],[[-6.37804,53.29746],[-6.37813,53.29743]],[[-6.37813,53.29743],[-6.37826,53.29739]],[[-6.37826,53.29739],[-6.37843,53.29735]],[[-6.37843,53.29735],[-6.37869,53.29729]],[[-6.37869,53.29729],[-6.37956,53.2971]],[[-6.37956,53.2971],[-6.38013,53.29698]],[[-6.38013,53.29698],[-6.38119,53.29675]],[[-6.38119,53.29675],[-6.38221,53.29652]],[[-6.38221,53.29652],[-6.38288,53.29638]]]},"properties":{"id":"osm:way/474404346","mode":"luas","name":"Luas"}},{"type":"Feature","geometry":{"type":"MultiLineString","coordinates":[[[-6.20552,53.27788],[-6.20575,53.27796]],[[-6.20575,53.27796],[-6.20593,53.27802]]]},"properties":{"id":"osm:way/474404347","mode":"luas","name":"Luas"}},{"type":"Feature","geometry":{"type":"MultiLineString","coordinates":[[[-6.12691,53.39169],[-6.12596,53.39172]],[[-6.12596,53.39172],[-6.12494,53.39176]],[[-6.12494,53.39176],[-6.12474,53.39177]],[[-6.12474,53.39177],[-6.12422,53.39179]],[[-6.12422,53.39179],[-6.12371,53.3918]],[[-6.12371,53.3918],[-6.12221,53.39186]],[[-6.12221,53.39186],[-6.12116,53.39189]],[[-6.12116,53.39189],[-6.1204,53.39192]],[[-6.1204,53.39192],[-6.11945,53.39195]],[[-6.11945,53.39195],[-6.11877,53.39198]],[[-6.11877,53.39198],[-6.11797,53.39201]],[[-6.11797,53.39201],[-6.11727,53.39203]]]},"properties":{"id":"osm:way/547428045","mode":"rail","name":"Irish Rail"}},{"type":"Feature","geometry":{"type":"MultiLineString","coordinates":[[[-6.49013,53.33572],[-6.49171,53.33549]],[[-6.49171,53.33549],[-6.49295,53.33529]],[[-6.49295,53.33529],[-6.49436,53.33504]],[[-6.49436,53.33504],[-6.49559,53.33479]],[[-6.49559,53.33479],[-6.49713,53.33445]],[[-6.49713,53.33445],[-6.49833,53.33416]],[[-6.49833,53.33416],[-6.49963,53.33382]],[[-6.49963,53.33382],[-6.50108,53.3334]],[[-6.50108,53.3334],[-6.50211,53.33308]],[[-6.50211,53.33308],[-6.50288,53.33284]],[[-6.50288,53.33284],[-6.50384,53.33251]],[[-6.50384,53.33251],[-6.50482,53.33216]],[[-6.50482,53.33216],[-6.5062,53.33163]],[[-6.5062,53.33163],[-6.50733,53.33117]],[[-6.50733,53.33117],[-6.50792,53.33092]],[[-6.50792,53.33092],[-6.50852,53.33065]],[[-6.50852,53.33065],[-6.50911,53.33038]],[[-6.50911,53.33038],[-6.50972,53.3301]],[[-6.50972,53.3301],[-6.51068,53.32961]],[[-6.51068,53.32961],[-6.51167,53.3291]],[[-6.51167,53.3291],[-6.51259,53.32861]],[[-6.51259,53.32861],[-6.51415,53.32777]],[[-6.51415,53.32777],[-6.51534,53.32712]],[[-6.51534,53.32712],[-6.51663,53.3264]],[[-6.51663,53.3264],[-6.51757,53.32586]],[[-6.51757,53.32586],[-6.51869,53.32522]],[[-6.51869,53.32522],[-6.51899,53.32504]],[[-6.51899,53.32504],[-6.51972,53.32461]],[[-6.51972,53.32461],[-6.51982,53.32455]],[[-6.51982,53.32455],[-6.52088,53.32392]],[[-6.52088,53.32392],[-6.52217,53.32313]],[[-6.52217,53.32313],[-6.52379,53.32213]],[[-6.52379,53.32213],[-6.52449,53.3217]],[[-6.52449,53.3217],[-6.52466,53.32159]],[[-6.52466,53.32159],[-6.52526,53.32123]],[[-6.52526,53.32123],[-6.52654,53.32043]],[[-6.52654,53.32043],[-6.5271,53.32009]],[[-6.5271,53.32009],[-6.5278,53.31966]],[[-6.5278,53.31966],[-6.52876,53.31907]]]},"properties":{"id":"osm:way/547572919","mode":"rail","name":"Irish Rail"}},{"type":"Feature","geometry":{"type":"MultiLineString","coordinates":[[[-6.4718,53.33608],[-6.473,53.33613]],[[-6.473,53.33613],[-6.47476,53.3362]],[[-6.47476,53.3362],[-6.47602,53.33626]],[[-6.47602,53.33626],[-6.47682,53.33629]],[[-6.47682,53.33629],[-6.47848,53.33635]],[[-6.47848,53.33635],[-6.48004,53.33637]],[[-6.48004,53.33637],[-6.48143,53.33636]],[[-6.48143,53.33636],[-6.48315,53.3363]],[[-6.48315,53.3363],[-6.4847,53.33623]],[[-6.4847,53.33623],[-6.48525,53.33619]],[[-6.48525,53.33619],[-6.48599,53.33614]],[[-6.48599,53.33614],[-6.48732,53.33603]],[[-6.48732,53.33603],[-6.48866,53.33589]],[[-6.48866,53.33589],[-6.48943,53.33581]],[[-6.48943,53.33581],[-6.49013,53.33572]]]},"properties":{"id":"osm:way/547572925","mode":"rail","name":"Irish Rail"}},{"type":"Feature","geometry":{"type":"MultiLineString","coordinates":[[[-6.16707,53.38423],[-6.16603,53.38469]],[[-6.16603,53.38469],[-6.1659,53.38476]]]},"properties":{"id":"osm:way/547994116","mode":"rail","name":"Irish Rail"}},{"type":"Feature","geometry":{"type":"MultiLineString","coordinates":[[[-6.29484,53.37152],[-6.2952,53.37164]],[[-6.2952,53.37164],[-6.29525,53.37166]],[[-6.29525,53.37166],[-6.29536,53.37169]],[[-6.29536,53.37169],[-6.29601,53.37183]],[[-6.29601,53.37183],[-6.29613,53.37187]],[[-6.29613,53.37187],[-6.29619,53.37189]],[[-6.29619,53.37189],[-6.29636,53.37194]]]},"properties":{"id":"osm:way/548475954","mode":"luas","name":"Luas"}},{"type":"Feature","geometry":{"type":"MultiLineString","coordinates":[[[-6.28825,53.36981],[-6.28834,53.36987]],[[-6.28834,53.36987],[-6.28841,53.36992]],[[-6.28841,53.36992],[-6.2887,53.37007]],[[-6.2887,53.37007],[-6.28889,53.37016]],[[-6.28889,53.37016],[-6.28905,53.37023]],[[-6.28905,53.37023],[-6.28922,53.37031]],[[-6.28922,53.37031],[-6.28943,53.37039]],[[-6.28943,53.37039],[-6.28966,53.37047]],[[-6.28966,53.37047],[-6.28986,53.37054]],[[-6.28986,53.37054],[-6.29007,53.3706]],[[-6.29007,53.3706],[-6.29025,53.37065]],[[-6.29025,53.37065],[-6.29046,53.3707]],[[-6.29046,53.3707],[-6.29077,53.37076]],[[-6.29077,53.37076],[-6.29101,53.37082]],[[-6.29101,53.37082],[-6.29121,53.37086]],[[-6.29121,53.37086],[-6.29184,53.37095]],[[-6.29184,53.37095],[-6.29245,53.37104]],[[-6.29245,53.37104],[-6.29284,53.3711]],[[-6.29284,53.3711],[-6.29305,53.37114]],[[-6.29305,53.37114],[-6.29344,53.37123]],[[-6.29344,53.37123],[-6.29415,53.37138]],[[-6.29415,53.37138],[-6.29425,53.37139]],[[-6.29425,53.37139],[-6.29435,53.37141]],[[-6.29435,53.37141],[-6.29446,53.37142]],[[-6.29446,53.37142],[-6.29458,53.37145]],[[-6.29458,53.37145],[-6.29472,53.37148]],[[-6.29472,53.37148],[-6.29484,53.37152]],[[-6.29484,53.37152],[-6.2955,53.37167]],[[-6.2955,53.37167],[-6.29694,53.37197]]]},"properties":{"id":"osm:way/548475955","mode":"luas","name":"Luas"}},{"type":"Feature","geometry":{"type":"MultiLineString","coordinates":[[[-6.265,53.35109],[-6.26495,53.35108]],[[-6.26495,53.35108],[-6.26492,53.35108]],[[-6.26492,53.35108],[-6.26489,53.35107]],[[-6.26489,53.35107],[-6.26485,53.35107]],[[-6.26485,53.35107],[-6.2648,53.35107]],[[-6.2648,53.35107],[-6.26475,53.35107]],[[-6.26475,53.35107],[-6.26469,53.35108]],[[-6.26469,53.35108],[-6.26464,53.3511]],[[-6.26464,53.3511],[-6.26453,53.35114]],[[-6.26453,53.35114],[-6.26439,53.3512]],[[-6.26439,53.3512],[-6.26418,53.35129]],[[-6.26418,53.35129],[-6.2638,53.35147]],[[-6.2638,53.35147],[-6.26358,53.35158]],[[-6.26358,53.35158],[-6.26346,53.35164]],[[-6.26346,53.35164],[-6.26323,53.35176]],[[-6.26323,53.35176],[-6.26316,53.3518]],[[-6.26316,53.3518],[-6.26305,53.35186]],[[-6.26305,53.35186],[-6.26295,53.35192]],[[-6.26295,53.35192],[-6.26281,53.35199]],[[-6.26281,53.35199],[-6.26264,53.35209]],[[-6.26264,53.35209],[-6.26252,53.35214]],[[-6.26252,53.35214],[-6.26192,53.35244]],[[-6.26192,53.35244],[-6.2618,53.3525]],[[-6.2618,53.3525],[-6.26167,53.35256]],[[-6.26167,53.35256],[-6.26164,53.35258]],[[-6.26164,53.35258],[-6.26163,53.35258]],[[-6.26163,53.35258],[-6.2616,53.35259]]]},"properties":{"id":"osm:way/548477024","mode":"luas","name":"Luas"}},{"type":"Feature","geometry":{"type":"MultiLineString","coordinates":[[[-6.26573,53.35142],[-6.26595,53.35155]],[[-6.26595,53.35155],[-6.26621,53.3517]],[[-6.26621,53.3517],[-6.26665,53.35195]],[[-6.26665,53.35195],[-6.26673,53.352]],[[-6.26673,53.352],[-6.26683,53.35205]],[[-6.26683,53.35205],[-6.2673,53.35232]],[[-6.2673,53.35232],[-6.26792,53.35267]],[[-6.26792,53.35267],[-6.26806,53.35275]],[[-6.26806,53.35275],[-6.26821,53.35281]],[[-6.26821,53.35281],[-6.26824,53.35283]],[[-6.26824,53.35283],[-6.26837,53.35289]],[[-6.26837,53.35289],[-6.26847,53.35293]],[[-6.26847,53.35293],[-6.26852,53.35295]],[[-6.26852,53.35295],[-6.2687,53.35304]],[[-6.2687,53.35304],[-6.2691,53.35321]],[[-6.2691,53.35321],[-6.26995,53.35357]],[[-6.26995,53.35357],[-6.27062,53.35385]],[[-6.27062,53.35385],[-6.27119,53.3541]],[[-6.27119,53.3541],[-6.27173,53.35433]],[[-6.27173,53.35433],[-6.27184,53.35437]],[[-6.27184,53.35437],[-6.27189,53.35439]],[[-6.27189,53.35439],[-6.27197,53.35441]],[[-6.27197,53.35441],[-6.27204,53.35442]],[[-6.27204,53.35442],[-6.27211,53.35443]],[[-6.27211,53.35443],[-6.27216,53.35443]],[[-6.27216,53.35443],[-6.27223,53.35442]],[[-6.27223,53.35442],[-6.2723,53.35441]],[[-6.2723,53.35441],[-6.27235,53.35441]],[[-6.27235,53.35441],[-6.27242,53.35439]],[[-6.27242,53.35439],[-6.27294,53.35426]],[[-6.27294,53.35426],[-6.27299,53.35425]],[[-6.27299,53.35425],[-6.27312,53.35422]],[[-6.27312,53.35422],[-6.27327,53.35418]],[[-6.27327,53.35418],[-6.27377,53.35406]],[[-6.27377,53.35406],[-6.27421,53.35394]],[[-6.27421,53.35394],[-6.27444,53.35389]],[[-6.27444,53.35389],[-6.27449,53.35388]]]},"properties":{"id":"osm:way/548477025","mode":"luas","name":"Luas"}},{"type":"Feature","geometry":{"type":"MultiLineString","coordinates":[[[-6.27449,53.35388],[-6.27456,53.35387]],[[-6.27456,53.35387],[-6.27464,53.35386]],[[-6.27464,53.35386],[-6.27471,53.35386]],[[-6.27471,53.35386],[-6.27478,53.35386]],[[-6.27478,53.35386],[-6.27488,53.35386]],[[-6.27488,53.35386],[-6.27496,53.35387]],[[-6.27496,53.35387],[-6.27503,53.35389]],[[-6.27503,53.35389],[-6.2751,53.3539]],[[-6.2751,53.3539],[-6.27516,53.35392]],[[-6.27516,53.35392],[-6.27524,53.35396]],[[-6.27524,53.35396],[-6.2753,53.35398]],[[-6.2753,53.35398],[-6.27535,53.35401]],[[-6.27535,53.35401],[-6.2754,53.35406]],[[-6.2754,53.35406],[-6.27545,53.3541]],[[-6.27545,53.3541],[-6.27551,53.35418]],[[-6.27551,53.35418],[-6.27561,53.3543]],[[-6.27561,53.3543],[-6.27591,53.35467]]]},"properties":{"id":"osm:way/548483303","mode":"luas","name":"Luas"}},{"type":"Feature","geometry":{"type":"MultiLineString","coordinates":[[[-6.27749,53.35857],[-6.27761,53.35873]],[[-6.27761,53.35873],[-6.27814,53.35941]],[[-6.27814,53.35941],[-6.27868,53.3601]],[[-6.27868,53.3601],[-6.27893,53.36042]],[[-6.27893,53.36042],[-6.27911,53.36065]],[[-6.27911,53.36065],[-6.27931,53.36091]],[[-6.27931,53.36091],[-6.27995,53.36174]],[[-6.27995,53.36174],[-6.28177,53.36406]],[[-6.28177,53.36406],[-6.28182,53.36412]],[[-6.28182,53.36412],[-6.2822,53.3646]],[[-6.2822,53.3646],[-6.28225,53.36467]]]},"properties":{"id":"osm:way/548654534","mode":"luas","name":"Luas"}},{"type":"Feature","geometry":{"type":"MultiLineString","coordinates":[[[-6.28154,53.36381],[-6.2799,53.36174]],[[-6.2799,53.36174],[-6.27926,53.3609]],[[-6.27926,53.3609],[-6.27908,53.36066]],[[-6.27908,53.36066],[-6.2789,53.36043]],[[-6.2789,53.36043],[-6.27864,53.36011]],[[-6.27864,53.36011],[-6.27817,53.35952]]]},"properties":{"id":"osm:way/548654552","mode":"luas","name":"Luas"}},{"type":"Feature","geometry":{"type":"LineString","coordinates":[[-6.08667,53.39089],[-6.08655,53.39088]]},"properties":{"id":"osm:way/548747716","mode":"rail","name":"Irish Rail"}},{"type":"Feature","geometry":{"type":"MultiLineString","coordinates":[[[-6.08655,53.39088],[-6.08616,53.39086]],[[-6.08616,53.39086],[-6.08541,53.39079]],[[-6.08541,53.39079],[-6.08486,53.39074]],[[-6.08486,53.39074],[-6.08445,53.39069]],[[-6.08445,53.39069],[-6.08443,53.39069]]]},"properties":{"id":"osm:way/548747721","mode":"rail","name":"Irish Rail"}},{"type":"Feature","geometry":{"type":"MultiLineString","coordinates":[[[-6.26007,53.35327],[-6.26003,53.35329]],[[-6.26003,53.35329],[-6.25999,53.3533]],[[-6.25999,53.3533],[-6.25995,53.35331]],[[-6.25995,53.35331],[-6.2599,53.35332]],[[-6.2599,53.35332],[-6.25985,53.35332]],[[-6.25985,53.35332],[-6.2598,53.35332]],[[-6.2598,53.35332],[-6.25974,53.35332]],[[-6.25974,53.35332],[-6.25968,53.3533]],[[-6.25968,53.3533],[-6.25963,53.35329]],[[-6.25963,53.35329],[-6.2596,53.35327]],[[-6.2596,53.35327],[-6.25957,53.35325]],[[-6.25957,53.35325],[-6.25952,53.35323]],[[-6.25952,53.35323],[-6.25949,53.3532]],[[-6.25949,53.3532],[-6.25948,53.35318]],[[-6.25948,53.35318],[-6.25946,53.35316]],[[-6.25946,53.35316],[-6.25911,53.35238]],[[-6.25911,53.35238],[-6.25907,53.35228]],[[-6.25907,53.35228],[-6.25888,53.35186]],[[-6.25888,53.35186],[-6.25875,53.35154]],[[-6.25875,53.35154],[-6.25862,53.35125]],[[-6.25862,53.35125],[-6.25828,53.35047]],[[-6.25828,53.35047],[-6.25817,53.3502]],[[-6.25817,53.3502],[-6.25815,53.35015]],[[-6.25815,53.35015],[-6.25799,53.34977]],[[-6.25799,53.34977],[-6.25776,53.34918]],[[-6.25776,53.34918],[-6.25766,53.34897]],[[-6.25766,53.34897],[-6.25762,53.34887]],[[-6.25762,53.34887],[-6.2576,53.34881]],[[-6.2576,53.34881],[-6.25759,53.34876]],[[-6.25759,53.34876],[-6.25759,53.34873]],[[-6.25759,53.34873],[-6.25759,53.3487]],[[-6.25759,53.3487],[-6.25759,53.34868]],[[-6.25759,53.34868],[-6.25759,53.34867]],[[-6.25759,53.34867],[-6.25759,53.34866]],[[-6.25759,53.34866],[-6.25759,53.34864]],[[-6.25759,53.34864],[-6.25759,53.34862]],[[-6.25759,53.34862],[-6.25759,53.34858]],[[-6.25759,53.34858],[-6.25758,53.34852]],[[-6.25758,53.34852],[-6.25756,53.34847]],[[-6.25756,53.34847],[-6.2575,53.34831]],[[-6.2575,53.34831],[-6.25742,53.34809]],[[-6.25742,53.34809],[-6.25741,53.34804]],[[-6.25741,53.34804],[-6.2574,53.34799]],[[-6.2574,53.34799],[-6.2574,53.34796]],[[-6.2574,53.34796],[-6.25739,53.3479]],[[-6.25739,53.3479],[-6.25738,53.34787]],[[-6.25738,53.34787],[-6.25737,53.34783]]]},"properties":{"id":"osm:way/548793703","mode":"luas","name":"Luas"}},{"type":"Feature","geometry":{"type":"LineString","coordinates":[[-6.23584,53.28559],[-6.23574,53.28554]]},"properties":{"id":"osm:way/548853756","mode":"luas","name":"Luas"}},{"type":"Feature","geometry":{"type":"MultiLineString","coordinates":[[[-6.20508,53.27777],[-6.2049,53.2777]],[[-6.2049,53.2777],[-6.20434,53.27752]]]},"properties":{"id":"osm:way/548853766","mode":"luas","name":"Luas"}},{"type":"Feature","geometry":{"type":"MultiLineString","coordinates":[[[-6.39491,53.37754],[-6.39454,53.37753]],[[-6.39454,53.37753],[-6.39417,53.37752]],[[-6.39417,53.37752],[-6.39381,53.37752]],[[-6.39381,53.37752],[-6.39345,53.37752]],[[-6.39345,53.37752],[-6.39309,53.37753]],[[-6.39309,53.37753],[-6.39266,53.37754]],[[-6.39266,53.37754],[-6.39233,53.37756]],[[-6.39233,53.37756],[-6.39227,53.37756]]]},"properties":{"id":"osm:way/548954799","mode":"rail","name":"Irish Rail"}},{"type":"Feature","geometry":{"type":"LineString","coordinates":[[-6.3741,53.38125],[-6.3734,53.38133]]},"properties":{"id":"osm:way/548954802","mode":"rail","name":"Irish Rail"}},{"type":"Feature","geometry":{"type":"MultiLineString","coordinates":[[[-6.27591,53.35467],[-6.2762,53.35502]],[[-6.2762,53.35502],[-6.27715,53.35619]],[[-6.27715,53.35619],[-6.27721,53.35628]],[[-6.27721,53.35628],[-6.27727,53.35638]],[[-6.27727,53.35638],[-6.27731,53.3565]],[[-6.27731,53.3565],[-6.27735,53.35663]],[[-6.27735,53.35663],[-6.27737,53.35678]],[[-6.27737,53.35678],[-6.27737,53.35688]],[[-6.27737,53.35688],[-6.27736,53.3571]],[[-6.27736,53.3571],[-6.27735,53.3575]],[[-6.27735,53.3575],[-6.27734,53.35759]],[[-6.27734,53.35759],[-6.27733,53.35795]],[[-6.27733,53.35795],[-6.27733,53.35806]],[[-6.27733,53.35806],[-6.27734,53.35817]],[[-6.27734,53.35817],[-6.27735,53.35825]],[[-6.27735,53.35825],[-6.27737,53.35831]],[[-6.27737,53.35831],[-6.27739,53.35838]],[[-6.27739,53.35838],[-6.27742,53.35846]],[[-6.27742,53.35846],[-6.27749,53.35857]]]},"properties":{"id":"osm:way/549411865","mode":"luas","name":"Luas"}},{"type":"Feature","geometry":{"type":"MultiLineString","coordinates":[[[-6.27587,53.35468],[-6.27572,53.3545]],[[-6.27572,53.3545],[-6.27554,53.35428]],[[-6.27554,53.35428],[-6.27543,53.35414]],[[-6.27543,53.35414],[-6.27539,53.3541]],[[-6.27539,53.3541],[-6.27535,53.35406]],[[-6.27535,53.35406],[-6.2753,53.35403]],[[-6.2753,53.35403],[-6.27525,53.354]],[[-6.27525,53.354],[-6.2752,53.35397]],[[-6.2752,53.35397],[-6.27514,53.35395]],[[-6.27514,53.35395],[-6.27508,53.35393]],[[-6.27508,53.35393],[-6.27501,53.35391]],[[-6.27501,53.35391],[-6.27494,53.3539]],[[-6.27494,53.3539],[-6.27487,53.35389]],[[-6.27487,53.35389],[-6.2748,53.35389]],[[-6.2748,53.35389],[-6.27473,53.35389]],[[-6.27473,53.35389],[-6.27466,53.35389]],[[-6.27466,53.35389],[-6.2746,53.35389]],[[-6.2746,53.35389],[-6.27455,53.3539]],[[-6.27455,53.3539],[-6.27451,53.35391]]]},"properties":{"id":"osm:way/549411866","mode":"luas","name":"Luas"}},{"type":"Feature","geometry":{"type":"MultiLineString","coordinates":[[[-6.27451,53.35391],[-6.27445,53.35392]],[[-6.27445,53.35392],[-6.27434,53.35395]],[[-6.27434,53.35395],[-6.27423,53.35397]],[[-6.27423,53.35397],[-6.27379,53.35408]],[[-6.27379,53.35408],[-6.27328,53.35421]],[[-6.27328,53.35421],[-6.27314,53.35425]],[[-6.27314,53.35425],[-6.27297,53.35429]],[[-6.27297,53.35429],[-6.27284,53.35432]],[[-6.27284,53.35432],[-6.27242,53.35442]],[[-6.27242,53.35442],[-6.27232,53.35444]],[[-6.27232,53.35444],[-6.27224,53.35445]],[[-6.27224,53.35445],[-6.27216,53.35446]],[[-6.27216,53.35446],[-6.27208,53.35445]],[[-6.27208,53.35445],[-6.27196,53.35444]],[[-6.27196,53.35444],[-6.27189,53.35443]],[[-6.27189,53.35443],[-6.27179,53.35439]],[[-6.27179,53.35439],[-6.27165,53.35433]],[[-6.27165,53.35433],[-6.27162,53.35432]],[[-6.27162,53.35432],[-6.27117,53.35412]],[[-6.27117,53.35412],[-6.27059,53.35388]],[[-6.27059,53.35388],[-6.26992,53.35359]],[[-6.26992,53.35359],[-6.26981,53.35355]],[[-6.26981,53.35355],[-6.26917,53.35328]],[[-6.26917,53.35328],[-6.26911,53.35325]],[[-6.26911,53.35325],[-6.26896,53.35319]],[[-6.26896,53.35319],[-6.26876,53.35311]],[[-6.26876,53.35311],[-6.26856,53.35303]],[[-6.26856,53.35303],[-6.26847,53.35299]],[[-6.26847,53.35299],[-6.26842,53.35298]],[[-6.26842,53.35298],[-6.26832,53.35293]],[[-6.26832,53.35293],[-6.26825,53.35289]],[[-6.26825,53.35289],[-6.26819,53.35286]],[[-6.26819,53.35286],[-6.26805,53.35278]],[[-6.26805,53.35278],[-6.26727,53.35234]],[[-6.26727,53.35234],[-6.26679,53.35207]],[[-6.26679,53.35207],[-6.2667,53.35202]],[[-6.2667,53.35202],[-6.26639,53.35184]]]},"properties":{"id":"osm:way/549411867","mode":"luas","name":"Luas"}},{"type":"Feature","geometry":{"type":"MultiLineString","coordinates":[[[-6.26045,53.35013],[-6.26048,53.35023]],[[-6.26048,53.35023],[-6.2605,53.35032]],[[-6.2605,53.35032],[-6.26053,53.35038]],[[-6.26053,53.35038],[-6.26054,53.35042]],[[-6.26054,53.35042],[-6.26087,53.35117]],[[-6.26087,53.35117],[-6.26097,53.35139]],[[-6.26097,53.35139],[-6.26106,53.35159]],[[-6.26106,53.35159],[-6.26122,53.35197]]]},"properties":{"id":"osm:way/560223961","mode":"luas","name":"Luas"}},{"type":"Feature","geometry":{"type":"MultiLineString","coordinates":[[[-6.26133,53.35222],[-6.26136,53.35227]],[[-6.26136,53.35227],[-6.2614,53.35232]],[[-6.2614,53.35232],[-6.26142,53.35234]],[[-6.26142,53.35234],[-6.26145,53.35236]],[[-6.26145,53.35236],[-6.26148,53.35238]],[[-6.26148,53.35238],[-6.26152,53.35239]],[[-6.26152,53.35239],[-6.26155,53.35241]],[[-6.26155,53.35241],[-6.26158,53.35241]],[[-6.26158,53.35241],[-6.26161,53.35242]],[[-6.26161,53.35242],[-6.26165,53.35243]],[[-6.26165,53.35243],[-6.26169,53.35243]],[[-6.26169,53.35243],[-6.26173,53.35243]],[[-6.26173,53.35243],[-6.26177,53.35243]],[[-6.26177,53.35243],[-6.26181,53.35243]],[[-6.26181,53.35243],[-6.26185,53.35242]],[[-6.26185,53.35242],[-6.26188,53.35241]],[[-6.26188,53.35241],[-6.26192,53.3524]],[[-6.26192,53.3524],[-6.26197,53.35238]],[[-6.26197,53.35238],[-6.26233,53.3522]],[[-6.26233,53.3522],[-6.26249,53.35212]],[[-6.26249,53.35212],[-6.26252,53.35211]],[[-6.26252,53.35211],[-6.2626,53.35206]],[[-6.2626,53.35206],[-6.26282,53.35195]],[[-6.26282,53.35195],[-6.26303,53.35183]],[[-6.26303,53.35183],[-6.26313,53.35178]],[[-6.26313,53.35178],[-6.2634,53.35163]],[[-6.2634,53.35163],[-6.26355,53.35155]],[[-6.26355,53.35155],[-6.26368,53.35148]],[[-6.26368,53.35148],[-6.26389,53.35139]],[[-6.26389,53.35139],[-6.26416,53.35126]],[[-6.26416,53.35126],[-6.26436,53.35118]],[[-6.26436,53.35118],[-6.26449,53.35112]],[[-6.26449,53.35112],[-6.26461,53.35107]],[[-6.26461,53.35107],[-6.26467,53.35105]],[[-6.26467,53.35105],[-6.26473,53.35104]],[[-6.26473,53.35104],[-6.26477,53.35103]],[[-6.26477,53.35103],[-6.26481,53.35102]],[[-6.26481,53.35102],[-6.26487,53.35102]],[[-6.26487,53.35102],[-6.26492,53.35103]],[[-6.26492,53.35103],[-6.26497,53.35103]],[[-6.26497,53.35103],[-6.26503,53.35104]],[[-6.26503,53.35104],[-6.26509,53.35107]],[[-6.26509,53.35107],[-6.26514,53.35108]],[[-6.26514,53.35108],[-6.26519,53.35111]],[[-6.26519,53.35111],[-6.26573,53.35142]]]},"properties":{"id":"osm:way/560223962","mode":"luas","name":"Luas"}},{"type":"Feature","geometry":{"type":"MultiLineString","coordinates":[[[-6.20225,53.27324],[-6.20248,53.27329]],[[-6.20248,53.27329],[-6.2026,53.27332]],[[-6.2026,53.27332],[-6.20293,53.2734]],[[-6.20293,53.2734],[-6.20323,53.27347]],[[-6.20323,53.27347],[-6.20348,53.27353]],[[-6.20348,53.27353],[-6.20354,53.27354]],[[-6.20354,53.27354],[-6.20359,53.27356]],[[-6.20359,53.27356],[-6.20364,53.27358]],[[-6.20364,53.27358],[-6.20369,53.2736]],[[-6.20369,53.2736],[-6.20374,53.27362]],[[-6.20374,53.27362],[-6.20379,53.27365]],[[-6.20379,53.27365],[-6.20384,53.27368]],[[-6.20384,53.27368],[-6.20389,53.27372]]]},"properties":{"id":"osm:way/584116882","mode":"luas","name":"Luas"}},{"type":"Feature","geometry":{"type":"MultiLineString","coordinates":[[[-6.20384,53.27374],[-6.2038,53.2737]],[[-6.2038,53.2737],[-6.2037,53.27365]],[[-6.2037,53.27365],[-6.20363,53.27361]],[[-6.20363,53.27361],[-6.20355,53.27358]],[[-6.20355,53.27358],[-6.20342,53.27355]],[[-6.20342,53.27355],[-6.20327,53.27351]],[[-6.20327,53.27351],[-6.2026,53.27335]],[[-6.2026,53.27335],[-6.20226,53.27328]]]},"properties":{"id":"osm:way/584116883","mode":"luas","name":"Luas"}},{"type":"Feature","geometry":{"type":"MultiLineString","coordinates":[[[-6.25786,53.34261],[-6.25786,53.34262]],[[-6.25786,53.34262],[-6.25783,53.3427]],[[-6.25783,53.3427],[-6.25782,53.34274]],[[-6.25782,53.34274],[-6.25782,53.34275]],[[-6.25782,53.34275],[-6.25782,53.34276]],[[-6.25782,53.34276],[-6.25782,53.34278]],[[-6.25782,53.34278],[-6.25782,53.3428]],[[-6.25782,53.3428],[-6.25784,53.34284]],[[-6.25784,53.34284],[-6.25785,53.34286]],[[-6.25785,53.34286],[-6.25787,53.34287]],[[-6.25787,53.34287],[-6.25788,53.34289]],[[-6.25788,53.34289],[-6.25792,53.34292]],[[-6.25792,53.34292],[-6.25794,53.34293]],[[-6.25794,53.34293],[-6.25796,53.34294]],[[-6.25796,53.34294],[-6.25802,53.34297]],[[-6.25802,53.34297],[-6.25809,53.34298]],[[-6.25809,53.34298],[-6.25812,53.34299]],[[-6.25812,53.34299],[-6.25897,53.34315]],[[-6.25897,53.34315],[-6.25904,53.34317]],[[-6.25904,53.34317],[-6.25909,53.34318]],[[-6.25909,53.34318],[-6.25913,53.3432]],[[-6.25913,53.3432],[-6.25918,53.34322]],[[-6.25918,53.34322],[-6.25922,53.34324]],[[-6.25922,53.34324],[-6.25925,53.34327]],[[-6.25925,53.34327],[-6.25928,53.3433]],[[-6.25928,53.3433],[-6.2593,53.34332]],[[-6.2593,53.34332],[-6.25932,53.34335]],[[-6.25932,53.34335],[-6.25933,53.34338]],[[-6.25933,53.34338],[-6.25933,53.3434]],[[-6.25933,53.3434],[-6.25933,53.34343]],[[-6.25933,53.34343],[-6.25933,53.34346]],[[-6.25933,53.34346],[-6.25931,53.3435]],[[-6.25931,53.3435],[-6.25929,53.34354]],[[-6.25929,53.34354],[-6.25927,53.34361]],[[-6.25927,53.34361],[-6.25925,53.34367]],[[-6.25925,53.34367],[-6.25923,53.34374]],[[-6.25923,53.34374],[-6.25923,53.34378]],[[-6.25923,53.34378],[-6.25922,53.34383]],[[-6.25922,53.34383],[-6.25922,53.34387]],[[-6.25922,53.34387],[-6.25922,53.34391]],[[-6.25922,53.34391],[-6.25922,53.34395]],[[-6.25922,53.34395],[-6.25923,53.34398]],[[-6.25923,53.34398],[-6.25924,53.34402]],[[-6.25924,53.34402],[-6.25926,53.34406]],[[-6.25926,53.34406],[-6.2593,53.34412]],[[-6.2593,53.34412],[-6.25939,53.34423]],[[-6.25939,53.34423],[-6.25945,53.3443]],[[-6.25945,53.3443],[-6.25948,53.34434]],[[-6.25948,53.34434],[-6.25951,53.34439]],[[-6.25951,53.34439],[-6.25952,53.34444]],[[-6.25952,53.34444],[-6.25953,53.34446]],[[-6.25953,53.34446],[-6.25952,53.3445]],[[-6.25952,53.3445],[-6.25952,53.34453]],[[-6.25952,53.34453],[-6.2595,53.34456]],[[-6.2595,53.34456],[-6.25948,53.3446]],[[-6.25948,53.3446],[-6.25945,53.34463]],[[-6.25945,53.34463],[-6.25944,53.34465]],[[-6.25944,53.34465],[-6.25939,53.34469]],[[-6.25939,53.34469],[-6.25931,53.34477]],[[-6.25931,53.34477],[-6.25927,53.34482]],[[-6.25927,53.34482],[-6.25924,53.34486]],[[-6.25924,53.34486],[-6.25919,53.34492]]]},"properties":{"id":"osm:way/585042210","mode":"luas","name":"Luas"}},{"type":"Feature","geometry":{"type":"MultiLineString","coordinates":[[[-6.25854,53.34019],[-6.25853,53.34024]],[[-6.25853,53.34024],[-6.25846,53.34049]],[[-6.25846,53.34049],[-6.25829,53.3411]],[[-6.25829,53.3411],[-6.25822,53.3413]],[[-6.25822,53.3413],[-6.25815,53.34158]],[[-6.25815,53.34158],[-6.25812,53.34169]],[[-6.25812,53.34169],[-6.25812,53.34171]],[[-6.25812,53.34171],[-6.25809,53.3418]],[[-6.25809,53.3418],[-6.25806,53.34194]],[[-6.25806,53.34194],[-6.25799,53.34217]],[[-6.25799,53.34217],[-6.25786,53.34261]]]},"properties":{"id":"osm:way/585042211","mode":"luas","name":"Luas"}},{"type":"Feature","geometry":{"type":"MultiLineString","coordinates":[[[-6.2594,53.34763],[-6.25948,53.34782]],[[-6.25948,53.34782],[-6.25958,53.34805]],[[-6.25958,53.34805],[-6.25962,53.34816]],[[-6.25962,53.34816],[-6.25967,53.34828]],[[-6.25967,53.34828],[-6.25971,53.34837]],[[-6.25971,53.34837],[-6.25971,53.34837]],[[-6.25971,53.34837],[-6.25972,53.34839]],[[-6.25972,53.34839],[-6.25976,53.34847]],[[-6.25976,53.34847],[-6.25992,53.34884]],[[-6.25992,53.34884],[-6.26005,53.34915]],[[-6.26005,53.34915],[-6.26024,53.34958]],[[-6.26024,53.34958],[-6.26033,53.3498]],[[-6.26033,53.3498],[-6.26039,53.34992]],[[-6.26039,53.34992],[-6.26041,53.34997]],[[-6.26041,53.34997],[-6.26045,53.35013]]]},"properties":{"id":"osm:way/585246539","mode":"luas","name":"Luas"}},{"type":"Feature","geometry":{"type":"MultiLineString","coordinates":[[[-6.2591,53.34704],[-6.25911,53.34705]],[[-6.25911,53.34705],[-6.25932,53.34744]],[[-6.25932,53.34744],[-6.25933,53.34745]]]},"properties":{"id":"osm:way/585255346","mode":"luas","name":"Luas"}},{"type":"Feature","geometry":{"type":"MultiLineString","coordinates":[[[-6.25933,53.34745],[-6.25935,53.34749]],[[-6.25935,53.34749],[-6.25936,53.34752]],[[-6.25936,53.34752],[-6.25938,53.34757]],[[-6.25938,53.34757],[-6.2594,53.34763]]]},"properties":{"id":"osm:way/585255347","mode":"luas","name":"Luas"}},{"type":"Feature","geometry":{"type":"MultiLineString","coordinates":[[[-6.25892,53.33948],[-6.25895,53.33947]],[[-6.25895,53.33947],[-6.25898,53.33947]],[[-6.25898,53.33947],[-6.25904,53.33947]],[[-6.25904,53.33947],[-6.25909,53.33947]],[[-6.25909,53.33947],[-6.25912,53.33947]],[[-6.25912,53.33947],[-6.25916,53.33947]],[[-6.25916,53.33947],[-6.25924,53.33949]],[[-6.25924,53.33949],[-6.2596,53.33958]],[[-6.2596,53.33958],[-6.2602,53.33974]],[[-6.2602,53.33974],[-6.26026,53.33976]],[[-6.26026,53.33976],[-6.26032,53.33977]],[[-6.26032,53.33977],[-6.26036,53.33978]],[[-6.26036,53.33978],[-6.2604,53.33978]],[[-6.2604,53.33978],[-6.26044,53.33979]],[[-6.26044,53.33979],[-6.26047,53.33979]],[[-6.26047,53.33979],[-6.2605,53.33979]],[[-6.2605,53.33979],[-6.26053,53.33979]],[[-6.26053,53.33979],[-6.26056,53.33979]],[[-6.26056,53.33979],[-6.26058,53.33978]],[[-6.26058,53.33978],[-6.26062,53.33977]],[[-6.26062,53.33977],[-6.26065,53.33977]],[[-6.26065,53.33977],[-6.26068,53.33976]],[[-6.26068,53.33976],[-6.26071,53.33975]],[[-6.26071,53.33975],[-6.26075,53.33972]],[[-6.26075,53.33972],[-6.26077,53.33971]],[[-6.26077,53.33971],[-6.2608,53.33969]],[[-6.2608,53.33969],[-6.26082,53.33967]],[[-6.26082,53.33967],[-6.26084,53.33965]]]},"properties":{"id":"osm:way/585278825","mode":"luas","name":"Luas"}},{"type":"Feature","geometry":{"type":"MultiLineString","coordinates":[[[-6.25989,53.33969],[-6.25981,53.33967]],[[-6.25981,53.33967],[-6.25943,53.33957]],[[-6.25943,53.33957],[-6.25925,53.33953]],[[-6.25925,53.33953],[-6.25922,53.33952]],[[-6.25922,53.33952],[-6.25919,53.33951]],[[-6.25919,53.33951],[-6.25916,53.33951]],[[-6.25916,53.33951],[-6.25913,53.33951]],[[-6.25913,53.33951],[-6.2591,53.3395]],[[-6.2591,53.3395],[-6.25906,53.3395]],[[-6.25906,53.3395],[-6.25902,53.33951]],[[-6.25902,53.33951],[-6.25899,53.33951]],[[-6.25899,53.33951],[-6.25894,53.33952]],[[-6.25894,53.33952],[-6.25891,53.33953]],[[-6.25891,53.33953],[-6.25889,53.33953]],[[-6.25889,53.33953],[-6.25886,53.33954]],[[-6.25886,53.33954],[-6.25883,53.33955]],[[-6.25883,53.33955],[-6.25881,53.33957]],[[-6.25881,53.33957],[-6.25879,53.33958]],[[-6.25879,53.33958],[-6.25877,53.3396]],[[-6.25877,53.3396],[-6.25873,53.33964]],[[-6.25873,53.33964],[-6.25871,53.33968]],[[-6.25871,53.33968],[-6.25869,53.33971]],[[-6.25869,53.33971],[-6.25868,53.33974]],[[-6.25868,53.33974],[-6.25863,53.33989]],[[-6.25863,53.33989],[-6.25858,53.34007]],[[-6.25858,53.34007],[-6.25854,53.34019]]]},"properties":{"id":"osm:way/585278826","mode":"luas","name":"Luas"}},{"type":"Feature","geometry":{"type":"MultiLineString","coordinates":[[[-6.32794,53.34096],[-6.3269,53.34116]],[[-6.3269,53.34116],[-6.32569,53.34139]],[[-6.32569,53.34139],[-6.32441,53.34164]]]},"properties":{"id":"osm:way/620797996","mode":"rail","name":"Irish Rail"}},{"type":"Feature","geometry":{"type":"MultiLineString","coordinates":[[[-6.25378,53.31762],[-6.25385,53.31788]],[[-6.25385,53.31788],[-6.25388,53.31799]],[[-6.25388,53.31799],[-6.25395,53.31823]],[[-6.25395,53.31823],[-6.254,53.31841]],[[-6.254,53.31841],[-6.25407,53.31866]],[[-6.25407,53.31866],[-6.25422,53.31922]],[[-6.25422,53.31922],[-6.2543,53.31949]],[[-6.2543,53.31949],[-6.25433,53.31959]],[[-6.25433,53.31959],[-6.2544,53.31984]],[[-6.2544,53.31984],[-6.25447,53.3201]],[[-6.25447,53.3201],[-6.25453,53.32033]],[[-6.25453,53.32033],[-6.25457,53.3205]],[[-6.25457,53.3205],[-6.25467,53.32084]],[[-6.25467,53.32084],[-6.25473,53.32108]],[[-6.25473,53.32108],[-6.25475,53.32113]],[[-6.25475,53.32113],[-6.25477,53.32119]],[[-6.25477,53.32119],[-6.2548,53.32129]],[[-6.2548,53.32129],[-6.25488,53.32164]],[[-6.25488,53.32164],[-6.25498,53.32197]]]},"properties":{"id":"osm:way/632039352","mode":"luas","name":"Luas"}},{"type":"Feature","geometry":{"type":"LineString","coordinates":[[-6.25577,53.3248],[-6.25573,53.32467]]},"properties":{"id":"osm:way/632039354","mode":"luas","name":"Luas"}},{"type":"Feature","geometry":{"type":"MultiLineString","coordinates":[[[-6.17134,53.30075],[-6.17202,53.30091]],[[-6.17202,53.30091],[-6.17418,53.30143]],[[-6.17418,53.30143],[-6.17494,53.30163]],[[-6.17494,53.30163],[-6.17566,53.30184]],[[-6.17566,53.30184],[-6.17614,53.30198]],[[-6.17614,53.30198],[-6.17736,53.30237]],[[-6.17736,53.30237],[-6.17805,53.3026]]]},"properties":{"id":"osm:way/636601087","mode":"rail","name":"Irish Rail"}},{"type":"Feature","geometry":{"type":"MultiLineString","coordinates":[[[-6.20493,53.31635],[-6.20497,53.31638]],[[-6.20497,53.31638],[-6.20504,53.31643]],[[-6.20504,53.31643],[-6.20667,53.3175]],[[-6.20667,53.3175],[-6.20877,53.31889]],[[-6.20877,53.31889],[-6.20978,53.31956]],[[-6.20978,53.31956],[-6.2107,53.32017]],[[-6.2107,53.32017],[-6.21157,53.32079]],[[-6.21157,53.32079],[-6.21177,53.32093]],[[-6.21177,53.32093],[-6.2123,53.3213]],[[-6.2123,53.3213],[-6.213,53.3218]],[[-6.213,53.3218],[-6.21396,53.3225]],[[-6.21396,53.3225],[-6.21522,53.32345]],[[-6.21522,53.32345],[-6.21664,53.32454]],[[-6.21664,53.32454],[-6.21807,53.32563]],[[-6.21807,53.32563],[-6.21885,53.32623]],[[-6.21885,53.32623],[-6.22087,53.32776]]]},"properties":{"id":"osm:way/636601089","mode":"rail","name":"Irish Rail"}},{"type":"Feature","geometry":{"type":"MultiLineString","coordinates":[[[-6.22087,53.32776],[-6.22102,53.32788]],[[-6.22102,53.32788],[-6.22452,53.33056]],[[-6.22452,53.33056],[-6.22632,53.33193]],[[-6.22632,53.33193],[-6.22728,53.33266]],[[-6.22728,53.33266],[-6.22781,53.33307]]]},"properties":{"id":"osm:way/636780438","mode":"rail","name":"Irish Rail"}},{"type":"Feature","geometry":{"type":"LineString","coordinates":[[-6.24534,53.35363],[-6.24517,53.35372]]},"properties":{"id":"osm:way/636864249","mode":"rail","name":"Irish Rail"}},{"type":"Feature","geometry":{"type":"LineString","coordinates":[[-6.22554,53.36389],[-6.22525,53.36404]]},"properties":{"id":"osm:way/636864252","mode":"rail","name":"Irish Rail"}},{"type":"Feature","geometry":{"type":"MultiLineString","coordinates":[[[-6.23514,53.35892],[-6.23498,53.359]],[[-6.23498,53.359],[-6.23416,53.35942]]]},"properties":{"id":"osm:way/638750204","mode":"rail","name":"Irish Rail"}},{"type":"Feature","geometry":{"type":"MultiLineString","coordinates":[[[-6.08126,53.38642],[-6.08117,53.38643]],[[-6.08117,53.38643],[-6.08108,53.38643]],[[-6.08108,53.38643],[-6.081,53.38643]],[[-6.081,53.38643],[-6.08093,53.38642]],[[-6.08093,53.38642],[-6.08086,53.3864]],[[-6.08086,53.3864],[-6.0808,53.38637]]]},"properties":{"id":"osm:way/657395403","mode":"luas","name":"Luas"}},{"type":"Feature","geometry":{"type":"MultiLineString","coordinates":[[[-6.22814,53.28345],[-6.22798,53.28343]],[[-6.22798,53.28343],[-6.22734,53.28335]],[[-6.22734,53.28335],[-6.22699,53.2833]],[[-6.22699,53.2833],[-6.22668,53.28326]],[[-6.22668,53.28326],[-6.2261,53.2832]],[[-6.2261,53.2832],[-6.22591,53.28318]],[[-6.22591,53.28318],[-6.22568,53.28315]],[[-6.22568,53.28315],[-6.22535,53.28312]],[[-6.22535,53.28312],[-6.22504,53.2831]]]},"properties":{"id":"osm:way/669281715","mode":"luas","name":"Luas"}},{"type":"Feature","geometry":{"type":"MultiLineString","coordinates":[[[-6.42279,53.38286],[-6.42239,53.38275]],[[-6.42239,53.38275],[-6.42202,53.38265]],[[-6.42202,53.38265],[-6.42108,53.3824]],[[-6.42108,53.3824],[-6.4207,53.3823]]]},"properties":{"id":"osm:way/672655165","mode":"rail","name":"Irish Rail"}},{"type":"Feature","geometry":{"type":"MultiLineString","coordinates":[[[-6.35798,53.33557],[-6.3587,53.33552]],[[-6.3587,53.33552],[-6.35916,53.33548]],[[-6.35916,53.33548],[-6.35951,53.33545]],[[-6.35951,53.33545],[-6.36076,53.33536]],[[-6.36076,53.33536],[-6.36219,53.33525]],[[-6.36219,53.33525],[-6.3639,53.33511]],[[-6.3639,53.33511],[-6.36491,53.33503]],[[-6.36491,53.33503],[-6.36706,53.33486]],[[-6.36706,53.33486],[-6.36855,53.33474]],[[-6.36855,53.33474],[-6.37017,53.33462]],[[-6.37017,53.33462],[-6.37208,53.33447]],[[-6.37208,53.33447],[-6.37395,53.33432]],[[-6.37395,53.33432],[-6.3754,53.3342]],[[-6.3754,53.3342],[-6.377,53.33407]],[[-6.377,53.33407],[-6.37897,53.33391]],[[-6.37897,53.33391],[-6.37996,53.33384]],[[-6.37996,53.33384],[-6.38048,53.3338]],[[-6.38048,53.3338],[-6.38222,53.33366]],[[-6.38222,53.33366],[-6.38267,53.33362]]]},"properties":{"id":"osm:way/673544465","mode":"rail","name":"Irish Rail"}},{"type":"Feature","geometry":{"type":"MultiLineString","coordinates":[[[-6.4295,53.33432],[-6.43223,53.33443]],[[-6.43223,53.33443],[-6.43389,53.3345]],[[-6.43389,53.3345],[-6.43543,53.33456]],[[-6.43543,53.33456],[-6.43706,53.33463]],[[-6.43706,53.33463],[-6.43921,53.33472]],[[-6.43921,53.33472],[-6.44068,53.33478]],[[-6.44068,53.33478],[-6.44222,53.33485]],[[-6.44222,53.33485],[-6.44397,53.33492]],[[-6.44397,53.33492],[-6.44564,53.33499]],[[-6.44564,53.33499],[-6.44696,53.33504]],[[-6.44696,53.33504],[-6.44868,53.33512]],[[-6.44868,53.33512],[-6.45062,53.33519]],[[-6.45062,53.33519],[-6.45206,53.33526]],[[-6.45206,53.33526],[-6.45348,53.33531]],[[-6.45348,53.33531],[-6.45543,53.3354]],[[-6.45543,53.3354],[-6.45705,53.33547]],[[-6.45705,53.33547],[-6.45858,53.33553]],[[-6.45858,53.33553],[-6.46004,53.33559]],[[-6.46004,53.33559],[-6.4617,53.33566]],[[-6.4617,53.33566],[-6.46404,53.33576]],[[-6.46404,53.33576],[-6.46688,53.33588]],[[-6.46688,53.33588],[-6.46881,53.33596]],[[-6.46881,53.33596],[-6.47061,53.33604]],[[-6.47061,53.33604],[-6.4718,53.33608]]]},"properties":{"id":"osm:way/673544467","mode":"rail","name":"Irish Rail"}},{"type":"Feature","geometry":{"type":"MultiLineString","coordinates":[[[-6.25962,53.34816],[-6.25967,53.34822]],[[-6.25967,53.34822],[-6.2597,53.34825]],[[-6.2597,53.34825],[-6.25973,53.34826]],[[-6.25973,53.34826],[-6.25974,53.34827]],[[-6.25974,53.34827],[-6.25976,53.34828]],[[-6.25976,53.34828],[-6.25979,53.34829]],[[-6.25979,53.34829],[-6.25983,53.34831]],[[-6.25983,53.34831],[-6.25986,53.34831]],[[-6.25986,53.34831],[-6.25992,53.34832]],[[-6.25992,53.34832],[-6.25997,53.34833]],[[-6.25997,53.34833],[-6.26006,53.34833]]]},"properties":{"id":"osm:way/677070825","mode":"luas","name":"Luas"}},{"type":"Feature","geometry":{"type":"MultiLineString","coordinates":[[[-6.2501,53.35063],[-6.25023,53.35044]],[[-6.25023,53.35044],[-6.2503,53.35031]],[[-6.2503,53.35031],[-6.25032,53.35028]],[[-6.25032,53.35028],[-6.25037,53.35019]],[[-6.25037,53.35019],[-6.25038,53.35016]],[[-6.25038,53.35016],[-6.2504,53.35014]],[[-6.2504,53.35014],[-6.25043,53.35011]],[[-6.25043,53.35011],[-6.25046,53.35008]],[[-6.25046,53.35008],[-6.25048,53.35006]],[[-6.25048,53.35006],[-6.2505,53.35005]],[[-6.2505,53.35005],[-6.25052,53.35003]],[[-6.25052,53.35003],[-6.25055,53.35002]],[[-6.25055,53.35002],[-6.25058,53.35001]],[[-6.25058,53.35001],[-6.2506,53.35]],[[-6.2506,53.35],[-6.25064,53.34998]],[[-6.25064,53.34998],[-6.25067,53.34997]],[[-6.25067,53.34997],[-6.2507,53.34996]],[[-6.2507,53.34996],[-6.25074,53.34995]],[[-6.25074,53.34995],[-6.25079,53.34995]],[[-6.25079,53.34995],[-6.25081,53.34994]],[[-6.25081,53.34994],[-6.25084,53.34994]],[[-6.25084,53.34994],[-6.25089,53.34994]],[[-6.25089,53.34994],[-6.2509,53.34994]],[[-6.2509,53.34994],[-6.25091,53.34994]],[[-6.25091,53.34994],[-6.25098,53.34995]],[[-6.25098,53.34995],[-6.25102,53.34995]],[[-6.25102,53.34995],[-6.25108,53.34996]]]},"properties":{"id":"osm:way/688013305","mode":"luas","name":"Luas"}},{"type":"Feature","geometry":{"type":"MultiLineString","coordinates":[[[-6.25014,53.35064],[-6.2501,53.35069]],[[-6.2501,53.35069],[-6.24996,53.35091]]]},"properties":{"id":"osm:way/688013309","mode":"luas","name":"Luas"}},{"type":"Feature","geometry":{"type":"MultiLineString","coordinates":[[[-6.37714,53.28758],[-6.37719,53.28762]],[[-6.37719,53.28762],[-6.37725,53.28766]],[[-6.37725,53.28766],[-6.37729,53.28769]],[[-6.37729,53.28769],[-6.37732,53.28771]],[[-6.37732,53.28771],[-6.37735,53.28774]],[[-6.37735,53.28774],[-6.3774,53.28778]],[[-6.3774,53.28778],[-6.37745,53.28784]],[[-6.37745,53.28784],[-6.37756,53.28796]],[[-6.37756,53.28796],[-6.37768,53.28812]],[[-6.37768,53.28812],[-6.37775,53.2882]],[[-6.37775,53.2882],[-6.37816,53.2887]],[[-6.37816,53.2887],[-6.37825,53.2888]],[[-6.37825,53.2888],[-6.37832,53.28888]],[[-6.37832,53.28888],[-6.37837,53.28893]],[[-6.37837,53.28893],[-6.37839,53.28896]],[[-6.37839,53.28896],[-6.37846,53.28902]],[[-6.37846,53.28902],[-6.37856,53.28911]],[[-6.37856,53.28911],[-6.37864,53.28918]],[[-6.37864,53.28918],[-6.37888,53.28938]],[[-6.37888,53.28938],[-6.37911,53.28957]],[[-6.37911,53.28957],[-6.37977,53.29013]],[[-6.37977,53.29013],[-6.38002,53.29032]],[[-6.38002,53.29032],[-6.38024,53.2905]],[[-6.38024,53.2905],[-6.38065,53.29081]],[[-6.38065,53.29081],[-6.3808,53.29092]],[[-6.3808,53.29092],[-6.38094,53.29102]],[[-6.38094,53.29102],[-6.38101,53.29107]],[[-6.38101,53.29107],[-6.38148,53.29141]],[[-6.38148,53.29141],[-6.38218,53.29189]],[[-6.38218,53.29189],[-6.38236,53.29202]],[[-6.38236,53.29202],[-6.38247,53.29209]],[[-6.38247,53.29209],[-6.38273,53.29228]],[[-6.38273,53.29228],[-6.38324,53.29264]],[[-6.38324,53.29264],[-6.38369,53.29297]],[[-6.38369,53.29297],[-6.38387,53.2931]],[[-6.38387,53.2931],[-6.38416,53.29331]],[[-6.38416,53.29331],[-6.38441,53.2935]],[[-6.38441,53.2935],[-6.38467,53.29368]],[[-6.38467,53.29368],[-6.38487,53.29384]],[[-6.38487,53.29384],[-6.38492,53.29388]],[[-6.38492,53.29388],[-6.38497,53.29392]],[[-6.38497,53.29392],[-6.38501,53.29397]],[[-6.38501,53.29397],[-6.38504,53.294]],[[-6.38504,53.294],[-6.38508,53.29406]],[[-6.38508,53.29406],[-6.3851,53.2941]],[[-6.3851,53.2941],[-6.38511,53.29412]],[[-6.38511,53.29412],[-6.38513,53.29416]],[[-6.38513,53.29416],[-6.38516,53.29422]],[[-6.38516,53.29422],[-6.38518,53.29426]],[[-6.38518,53.29426],[-6.38519,53.29432]],[[-6.38519,53.29432],[-6.3852,53.29436]],[[-6.3852,53.29436],[-6.3852,53.29441]],[[-6.3852,53.29441],[-6.38521,53.29448]],[[-6.38521,53.29448],[-6.3852,53.29453]],[[-6.3852,53.29453],[-6.38519,53.29457]],[[-6.38519,53.29457],[-6.38518,53.29462]],[[-6.38518,53.29462],[-6.38517,53.29465]],[[-6.38517,53.29465],[-6.38516,53.29469]],[[-6.38516,53.29469],[-6.38512,53.29477]],[[-6.38512,53.29477],[-6.38506,53.29489]],[[-6.38506,53.29489],[-6.385,53.29501]],[[-6.385,53.29501],[-6.38494,53.29514]],[[-6.38494,53.29514],[-6.38485,53.2953]],[[-6.38485,53.2953],[-6.38477,53.29546]],[[-6.38477,53.29546],[-6.38473,53.29555]],[[-6.38473,53.29555],[-6.38469,53.29562]],[[-6.38469,53.29562],[-6.38466,53.29567]],[[-6.38466,53.29567],[-6.38463,53.29571]],[[-6.38463,53.29571],[-6.3846,53.29575]],[[-6.3846,53.29575],[-6.38457,53.29579]],[[-6.38457,53.29579],[-6.38453,53.29583]],[[-6.38453,53.29583],[-6.38449,53.29587]],[[-6.38449,53.29587],[-6.38444,53.2959]],[[-6.38444,53.2959],[-6.3844,53.29594]],[[-6.3844,53.29594],[-6.38436,53.29597]],[[-6.38436,53.29597],[-6.3843,53.296]],[[-6.3843,53.296],[-6.38423,53.29605]],[[-6.38423,53.29605],[-6.38418,53.29607]],[[-6.38418,53.29607],[-6.38413,53.2961]],[[-6.38413,53.2961],[-6.38404,53.29614]],[[-6.38404,53.29614],[-6.38394,53.29618]],[[-6.38394,53.29618],[-6.38383,53.29621]],[[-6.38383,53.29621],[-6.38375,53.29624]],[[-6.38375,53.29624],[-6.38367,53.29626]],[[-6.38367,53.29626],[-6.38349,53.29629]],[[-6.38349,53.29629],[-6.38326,53.29634]],[[-6.38326,53.29634],[-6.3829,53.29641]]]},"properties":{"id":"osm:way/696523403","mode":"luas","name":"Luas"}},{"type":"Feature","geometry":{"type":"MultiLineString","coordinates":[[[-6.37693,53.28748],[-6.377,53.28751]],[[-6.377,53.28751],[-6.37707,53.28754]],[[-6.37707,53.28754],[-6.37714,53.28758]]]},"properties":{"id":"osm:way/696523405","mode":"luas","name":"Luas"}},{"type":"Feature","geometry":{"type":"MultiLineString","coordinates":[[[-6.37591,53.28726],[-6.37598,53.28727]],[[-6.37598,53.28727],[-6.37606,53.28727]],[[-6.37606,53.28727],[-6.37614,53.28728]],[[-6.37614,53.28728],[-6.37621,53.28728]]]},"properties":{"id":"osm:way/696523408","mode":"luas","name":"Luas"}},{"type":"Feature","geometry":{"type":"MultiLineString","coordinates":[[[-6.37621,53.28728],[-6.37626,53.28729]],[[-6.37626,53.28729],[-6.37635,53.2873]],[[-6.37635,53.2873],[-6.37644,53.28732]],[[-6.37644,53.28732],[-6.37651,53.28734]]]},"properties":{"id":"osm:way/696523410","mode":"luas","name":"Luas"}},{"type":"Feature","geometry":{"type":"MultiLineString","coordinates":[[[-6.37651,53.28734],[-6.37659,53.28735]],[[-6.37659,53.28735],[-6.37667,53.28738]],[[-6.37667,53.28738],[-6.37673,53.2874]]]},"properties":{"id":"osm:way/696523413","mode":"luas","name":"Luas"}},{"type":"Feature","geometry":{"type":"MultiLineString","coordinates":[[[-6.37673,53.2874],[-6.37679,53.28741]],[[-6.37679,53.28741],[-6.37687,53.28745]],[[-6.37687,53.28745],[-6.37693,53.28748]]]},"properties":{"id":"osm:way/696523416","mode":"luas","name":"Luas"}},{"type":"Feature","geometry":{"type":"MultiLineString","coordinates":[[[-6.12707,53.28822],[-6.12705,53.28826]],[[-6.12705,53.28826],[-6.12699,53.28838]],[[-6.12699,53.28838],[-6.12699,53.28841]]]},"properties":{"id":"osm:way/708947262","mode":"rail","name":"Irish Rail"}},{"type":"Feature","geometry":{"type":"MultiLineString","coordinates":[[[-6.12702,53.28821],[-6.12703,53.2882]],[[-6.12703,53.2882],[-6.12714,53.28799]],[[-6.12714,53.28799],[-6.12729,53.28771]],[[-6.12729,53.28771],[-6.12748,53.2873]],[[-6.12748,53.2873],[-6.12756,53.28708]],[[-6.12756,53.28708],[-6.1276,53.28689]],[[-6.1276,53.28689],[-6.12763,53.28661]],[[-6.12763,53.28661],[-6.12763,53.2865]],[[-6.12763,53.2865],[-6.12764,53.28629]],[[-6.12764,53.28629],[-6.12765,53.28592]],[[-6.12765,53.28592],[-6.12765,53.28567]],[[-6.12765,53.28567],[-6.12765,53.28541]]]},"properties":{"id":"osm:way/708947263","mode":"rail","name":"Irish Rail"}},{"type":"Feature","geometry":{"type":"MultiLineString","coordinates":[[[-6.12694,53.28839],[-6.12696,53.28835]],[[-6.12696,53.28835],[-6.12698,53.2883]],[[-6.12698,53.2883],[-6.12702,53.28821]]]},"properties":{"id":"osm:way/708947264","mode":"rail","name":"Irish Rail"}},{"type":"Feature","geometry":{"type":"MultiLineString","coordinates":[[[-6.12699,53.28841],[-6.12694,53.28855]],[[-6.12694,53.28855],[-6.1269,53.28875]],[[-6.1269,53.28875],[-6.12689,53.28898]],[[-6.12689,53.28898],[-6.12691,53.28913]],[[-6.12691,53.28913],[-6.12692,53.28925]],[[-6.12692,53.28925],[-6.12696,53.2894]],[[-6.12696,53.2894],[-6.12701,53.28953]],[[-6.12701,53.28953],[-6.12706,53.28963]],[[-6.12706,53.28963],[-6.12715,53.28979]],[[-6.12715,53.28979],[-6.12724,53.28994]],[[-6.12724,53.28994],[-6.12733,53.29004]],[[-6.12733,53.29004],[-6.12739,53.29011]],[[-6.12739,53.29011],[-6.12769,53.29042]],[[-6.12769,53.29042],[-6.12783,53.29054]]]},"properties":{"id":"osm:way/708947265","mode":"rail","name":"Irish Rail"}},{"type":"Feature","geometry":{"type":"LineString","coordinates":[[-6.29472,53.37148],[-6.29431,53.37135]]},"properties":{"id":"osm:way/724375544","mode":"luas","name":"Luas"}},{"type":"Feature","geometry":{"type":"MultiLineString","coordinates":[[[-6.2952,53.37164],[-6.29307,53.37119]],[[-6.29307,53.37119],[-6.29289,53.37115]],[[-6.29289,53.37115],[-6.29244,53.37108]],[[-6.29244,53.37108],[-6.29178,53.37098]],[[-6.29178,53.37098],[-6.29122,53.37089]],[[-6.29122,53.37089],[-6.29108,53.37087]],[[-6.29108,53.37087],[-6.29096,53.37084]],[[-6.29096,53.37084],[-6.29046,53.37074]],[[-6.29046,53.37074],[-6.29021,53.37068]],[[-6.29021,53.37068],[-6.29003,53.37063]],[[-6.29003,53.37063],[-6.28986,53.37058]],[[-6.28986,53.37058],[-6.2897,53.37053]],[[-6.2897,53.37053],[-6.28945,53.37044]],[[-6.28945,53.37044],[-6.28923,53.37036]],[[-6.28923,53.37036],[-6.28899,53.37025]],[[-6.28899,53.37025],[-6.28878,53.37015]],[[-6.28878,53.37015],[-6.28848,53.37]],[[-6.28848,53.37],[-6.28842,53.36996]],[[-6.28842,53.36996],[-6.28836,53.36991]],[[-6.28836,53.36991],[-6.28825,53.36981]],[[-6.28825,53.36981],[-6.2882,53.36976]],[[-6.2882,53.36976],[-6.28811,53.3697]]]},"properties":{"id":"osm:way/724379815","mode":"luas","name":"Luas"}},{"type":"Feature","geometry":{"type":"LineString","coordinates":[[-6.28689,53.36912],[-6.2866,53.36897]]},"properties":{"id":"osm:way/724389144","mode":"luas","name":"Luas"}},{"type":"Feature","geometry":{"type":"MultiLineString","coordinates":[[[-6.29074,53.37072],[-6.29054,53.37065]],[[-6.29054,53.37065],[-6.29046,53.37062]],[[-6.29046,53.37062],[-6.29039,53.3706]],[[-6.29039,53.3706],[-6.29025,53.37057]],[[-6.29025,53.37057],[-6.29009,53.37052]],[[-6.29009,53.37052],[-6.28986,53.37045]],[[-6.28986,53.37045],[-6.28959,53.37036]],[[-6.28959,53.37036],[-6.28934,53.37027]],[[-6.28934,53.37027],[-6.28916,53.37019]],[[-6.28916,53.37019],[-6.28894,53.37009]]]},"properties":{"id":"osm:way/724389145","mode":"luas","name":"Luas"}},{"type":"Feature","geometry":{"type":"MultiLineString","coordinates":[[[-6.30142,53.34607],[-6.30122,53.34609]],[[-6.30122,53.34609],[-6.30102,53.34611]],[[-6.30102,53.34611],[-6.30077,53.34613]]]},"properties":{"id":"osm:way/731719327","mode":"rail","name":"Irish Rail"}},{"type":"Feature","geometry":{"type":"LineString","coordinates":[[-6.30613,53.34414],[-6.30669,53.3439]]},"properties":{"id":"osm:way/731995469","mode":"rail","name":"Irish Rail"}},{"type":"Feature","geometry":{"type":"LineString","coordinates":[[-6.32719,53.34118],[-6.32699,53.34122]]},"properties":{"id":"osm:way/731995470","mode":"rail","name":"Irish Rail"}},{"type":"Feature","geometry":{"type":"LineString","coordinates":[[-6.3297,53.34066],[-6.32985,53.34063]]},"properties":{"id":"osm:way/731999400","mode":"rail","name":"Irish Rail"}},{"type":"Feature","geometry":{"type":"LineString","coordinates":[[-6.29344,53.34646],[-6.29402,53.34641]]},"properties":{"id":"osm:way/731999401","mode":"rail","name":"Irish Rail"}},{"type":"Feature","geometry":{"type":"MultiLineString","coordinates":[[[-6.3056,53.34434],[-6.30601,53.34415]],[[-6.30601,53.34415],[-6.30641,53.34396]]]},"properties":{"id":"osm:way/731999402","mode":"rail","name":"Irish Rail"}},{"type":"Feature","geometry":{"type":"MultiLineString","coordinates":[[[-6.29563,53.34635],[-6.29755,53.3462]],[[-6.29755,53.3462],[-6.29796,53.34616]],[[-6.29796,53.34616],[-6.29814,53.34615]],[[-6.29814,53.34615],[-6.29831,53.34613]],[[-6.29831,53.34613],[-6.29848,53.34611]],[[-6.29848,53.34611],[-6.29874,53.34608]]]},"properties":{"id":"osm:way/731999549","mode":"rail","name":"Irish Rail"}},{"type":"Feature","geometry":{"type":"MultiLineString","coordinates":[[[-6.33092,53.34036],[-6.33051,53.34044]],[[-6.33051,53.34044],[-6.32976,53.3406]],[[-6.32976,53.3406],[-6.32794,53.34096]]]},"properties":{"id":"osm:way/731999808","mode":"rail","name":"Irish Rail"}},{"type":"Feature","geometry":{"type":"LineString","coordinates":[[-6.24901,53.34963],[-6.24869,53.34961]]},"properties":{"id":"osm:way/746623879","mode":"luas","name":"Luas"}},{"type":"Feature","geometry":{"type":"LineString","coordinates":[[-6.24869,53.34961],[-6.24813,53.34958]]},"properties":{"id":"osm:way/746623880","mode":"luas","name":"Luas"}},{"type":"Feature","geometry":{"type":"MultiLineString","coordinates":[[[-6.2611,53.35279],[-6.26103,53.35283]],[[-6.26103,53.35283],[-6.26092,53.35288]],[[-6.26092,53.35288],[-6.26047,53.35308]],[[-6.26047,53.35308],[-6.26013,53.35324]],[[-6.26013,53.35324],[-6.26007,53.35327]]]},"properties":{"id":"osm:way/747008853","mode":"luas","name":"Luas"}},{"type":"Feature","geometry":{"type":"MultiLineString","coordinates":[[[-6.25887,53.34506],[-6.25902,53.34498]],[[-6.25902,53.34498],[-6.25907,53.34495]],[[-6.25907,53.34495],[-6.2591,53.34491]],[[-6.2591,53.34491],[-6.25913,53.34488]],[[-6.25913,53.34488],[-6.25935,53.34462]],[[-6.25935,53.34462],[-6.25937,53.34459]],[[-6.25937,53.34459],[-6.25939,53.34456]],[[-6.25939,53.34456],[-6.2594,53.34454]],[[-6.2594,53.34454],[-6.2594,53.34451]],[[-6.2594,53.34451],[-6.25941,53.34448]],[[-6.25941,53.34448],[-6.25941,53.34442]],[[-6.25941,53.34442],[-6.25939,53.34437]],[[-6.25939,53.34437],[-6.25939,53.34436]],[[-6.25939,53.34436],[-6.25937,53.34431]],[[-6.25937,53.34431],[-6.25934,53.34427]],[[-6.25934,53.34427],[-6.2593,53.34421]],[[-6.2593,53.34421],[-6.25923,53.3441]],[[-6.25923,53.3441],[-6.25921,53.34406]],[[-6.25921,53.34406],[-6.25919,53.34402]],[[-6.25919,53.34402],[-6.25917,53.34398]],[[-6.25917,53.34398],[-6.25917,53.34394]],[[-6.25917,53.34394],[-6.25917,53.3439]],[[-6.25917,53.3439],[-6.25917,53.34386]],[[-6.25917,53.34386],[-6.25918,53.34378]],[[-6.25918,53.34378],[-6.25919,53.34374]],[[-6.25919,53.34374],[-6.2592,53.34368]],[[-6.2592,53.34368],[-6.25922,53.34361]],[[-6.25922,53.34361],[-6.25925,53.34351]],[[-6.25925,53.34351],[-6.25927,53.34345]],[[-6.25927,53.34345],[-6.25927,53.3434]],[[-6.25927,53.3434],[-6.25927,53.34339]],[[-6.25927,53.34339],[-6.25926,53.34336]],[[-6.25926,53.34336],[-6.25925,53.34334]],[[-6.25925,53.34334],[-6.25923,53.34331]],[[-6.25923,53.34331],[-6.25921,53.34329]],[[-6.25921,53.34329],[-6.25918,53.34327]],[[-6.25918,53.34327],[-6.25914,53.34325]],[[-6.25914,53.34325],[-6.25909,53.34323]],[[-6.25909,53.34323],[-6.25904,53.34321]],[[-6.25904,53.34321],[-6.25897,53.34319]],[[-6.25897,53.34319],[-6.2581,53.34302]],[[-6.2581,53.34302],[-6.25804,53.34301]],[[-6.25804,53.34301],[-6.25799,53.34299]],[[-6.25799,53.34299],[-6.25794,53.34298]],[[-6.25794,53.34298],[-6.25792,53.34297]],[[-6.25792,53.34297],[-6.2579,53.34296]],[[-6.2579,53.34296],[-6.25786,53.34293]],[[-6.25786,53.34293],[-6.25782,53.34291]],[[-6.25782,53.34291],[-6.25779,53.34287]],[[-6.25779,53.34287],[-6.25778,53.34285]],[[-6.25778,53.34285],[-6.25777,53.34285]],[[-6.25777,53.34285],[-6.25776,53.34282]],[[-6.25776,53.34282],[-6.25775,53.34279]],[[-6.25775,53.34279],[-6.25775,53.34277]],[[-6.25775,53.34277],[-6.25776,53.34275]],[[-6.25776,53.34275],[-6.25776,53.34272]],[[-6.25776,53.34272],[-6.25795,53.34207]],[[-6.25795,53.34207],[-6.25804,53.34177]],[[-6.25804,53.34177],[-6.25806,53.34169]],[[-6.25806,53.34169],[-6.2581,53.34157]],[[-6.2581,53.34157],[-6.25818,53.34131]],[[-6.25818,53.34131],[-6.25824,53.34109]],[[-6.25824,53.34109],[-6.25841,53.34048]],[[-6.25841,53.34048],[-6.25848,53.34024]],[[-6.25848,53.34024],[-6.2585,53.34018]],[[-6.2585,53.34018],[-6.25859,53.33989]],[[-6.25859,53.33989],[-6.25864,53.33969]],[[-6.25864,53.33969],[-6.25865,53.33966]],[[-6.25865,53.33966],[-6.25867,53.33963]],[[-6.25867,53.33963],[-6.2587,53.33959]],[[-6.2587,53.33959],[-6.25871,53.33957]],[[-6.25871,53.33957],[-6.25872,53.33956]],[[-6.25872,53.33956],[-6.25875,53.33955]],[[-6.25875,53.33955],[-6.25876,53.33954]],[[-6.25876,53.33954],[-6.25879,53.33952]],[[-6.25879,53.33952],[-6.25881,53.33951]],[[-6.25881,53.33951],[-6.25882,53.3395]],[[-6.25882,53.3395],[-6.25887,53.33949]],[[-6.25887,53.33949],[-6.25889,53.33949]],[[-6.25889,53.33949],[-6.25889,53.33948]],[[-6.25889,53.33948],[-6.25892,53.33948]]]},"properties":{"id":"osm:way/747008854","mode":"luas","name":"Luas"}},{"type":"Feature","geometry":{"type":"MultiLineString","coordinates":[[[-6.25919,53.34492],[-6.25915,53.34498]],[[-6.25915,53.34498],[-6.25912,53.34504]],[[-6.25912,53.34504],[-6.25909,53.34509]],[[-6.25909,53.34509],[-6.25907,53.34514]],[[-6.25907,53.34514],[-6.25904,53.34522]],[[-6.25904,53.34522],[-6.25903,53.34525]],[[-6.25903,53.34525],[-6.25902,53.3453]],[[-6.25902,53.3453],[-6.25902,53.34532]],[[-6.25902,53.34532],[-6.25901,53.34538]],[[-6.25901,53.34538],[-6.259,53.34543]],[[-6.259,53.34543],[-6.259,53.34586]],[[-6.259,53.34586],[-6.25901,53.34594]],[[-6.25901,53.34594],[-6.25902,53.34633]],[[-6.25902,53.34633],[-6.25902,53.34671]],[[-6.25902,53.34671],[-6.25902,53.34679]],[[-6.25902,53.34679],[-6.25903,53.34685]],[[-6.25903,53.34685],[-6.25904,53.34688]],[[-6.25904,53.34688],[-6.25905,53.34691]],[[-6.25905,53.34691],[-6.25906,53.34694]],[[-6.25906,53.34694],[-6.25908,53.34699]],[[-6.25908,53.34699],[-6.25909,53.34701]],[[-6.25909,53.34701],[-6.2591,53.34704]]]},"properties":{"id":"osm:way/747008855","mode":"luas","name":"Luas"}},{"type":"Feature","geometry":{"type":"MultiLineString","coordinates":[[[-6.30759,53.34354],[-6.30776,53.34349]],[[-6.30776,53.34349],[-6.30793,53.34345]]]},"properties":{"id":"osm:way/768687223","mode":"rail","name":"Irish Rail"}},{"type":"Feature","geometry":{"type":"MultiLineString","coordinates":[[[-6.22174,53.35105],[-6.22184,53.35107]],[[-6.22184,53.35107],[-6.22195,53.35108]],[[-6.22195,53.35108],[-6.22203,53.35108]]]},"properties":{"id":"osm:way/770982691","mode":"rail","name":"Irish Rail"}},{"type":"Feature","geometry":{"type":"MultiLineString","coordinates":[[[-6.22117,53.35094],[-6.22126,53.35097]],[[-6.22126,53.35097],[-6.22135,53.35099]],[[-6.22135,53.35099],[-6.22144,53.35101]],[[-6.22144,53.35101],[-6.22157,53.35103]],[[-6.22157,53.35103],[-6.22174,53.35105]]]},"properties":{"id":"osm:way/770982692","mode":"rail","name":"Irish Rail"}},{"type":"Feature","geometry":{"type":"MultiLineString","coordinates":[[[-6.22101,53.35093],[-6.22113,53.35098]],[[-6.22113,53.35098],[-6.22122,53.351]],[[-6.22122,53.351],[-6.22131,53.35102]],[[-6.22131,53.35102],[-6.22141,53.35104]],[[-6.22141,53.35104],[-6.2215,53.35105]],[[-6.2215,53.35105],[-6.22158,53.35106]],[[-6.22158,53.35106],[-6.22168,53.35107]]]},"properties":{"id":"osm:way/770982693","mode":"rail","name":"Irish Rail"}},{"type":"Feature","geometry":{"type":"LineString","coordinates":[[-6.22058,53.34964],[-6.22056,53.34984]]},"properties":{"id":"osm:way/770982694","mode":"rail","name":"Irish Rail"}},{"type":"Feature","geometry":{"type":"LineString","coordinates":[[-6.22051,53.34964],[-6.22049,53.34984]]},"properties":{"id":"osm:way/770982695","mode":"rail","name":"Irish Rail"}},{"type":"Feature","geometry":{"type":"MultiLineString","coordinates":[[[-6.24061,53.35417],[-6.24072,53.35429]],[[-6.24072,53.35429],[-6.24083,53.35439]],[[-6.24083,53.35439],[-6.24097,53.35451]],[[-6.24097,53.35451],[-6.24116,53.35465]],[[-6.24116,53.35465],[-6.24142,53.35483]],[[-6.24142,53.35483],[-6.2418,53.35508]],[[-6.2418,53.35508],[-6.24198,53.35521]],[[-6.24198,53.35521],[-6.24237,53.35549]]]},"properties":{"id":"osm:way/775406417","mode":"rail","name":"Irish Rail"}},{"type":"Feature","geometry":{"type":"MultiLineString","coordinates":[[[-6.24014,53.3536],[-6.24004,53.35349]],[[-6.24004,53.35349],[-6.23995,53.35338]],[[-6.23995,53.35338],[-6.23989,53.35328]],[[-6.23989,53.35328],[-6.23984,53.35319]],[[-6.23984,53.35319],[-6.23977,53.35306]]]},"properties":{"id":"osm:way/775406418","mode":"rail","name":"Irish Rail"}},{"type":"Feature","geometry":{"type":"MultiLineString","coordinates":[[[-6.2442,53.3567],[-6.24393,53.35653]],[[-6.24393,53.35653],[-6.2436,53.35634]],[[-6.2436,53.35634],[-6.24342,53.35622]],[[-6.24342,53.35622],[-6.24325,53.35611]],[[-6.24325,53.35611],[-6.24305,53.35596]]]},"properties":{"id":"osm:way/775406419","mode":"rail","name":"Irish Rail"}},{"type":"Feature","geometry":{"type":"MultiLineString","coordinates":[[[-6.24237,53.35549],[-6.243,53.35598]],[[-6.243,53.35598],[-6.2433,53.35621]],[[-6.2433,53.35621],[-6.24347,53.35633]],[[-6.24347,53.35633],[-6.24369,53.35647]],[[-6.24369,53.35647],[-6.24387,53.35658]],[[-6.24387,53.35658],[-6.24415,53.35673]]]},"properties":{"id":"osm:way/775406420","mode":"rail","name":"Irish Rail"}},{"type":"Feature","geometry":{"type":"LineString","coordinates":[[-6.43292,53.38494],[-6.43483,53.38532]]},"properties":{"id":"osm:way/775414783","mode":"rail","name":"Irish Rail"}},{"type":"Feature","geometry":{"type":"LineString","coordinates":[[-6.14898,53.40688],[-6.14896,53.40678]]},"properties":{"id":"osm:way/801956768","mode":"rail","name":"Irish Rail"}},{"type":"Feature","geometry":{"type":"MultiLineString","coordinates":[[[-6.14896,53.40678],[-6.14891,53.40653]],[[-6.14891,53.40653],[-6.14882,53.40608]],[[-6.14882,53.40608],[-6.14877,53.40574]]]},"properties":{"id":"osm:way/801956769","mode":"rail","name":"Irish Rail"}},{"type":"Feature","geometry":{"type":"LineString","coordinates":[[-6.33666,53.33929],[-6.33527,53.33957]]},"properties":{"id":"osm:way/834188661","mode":"rail","name":"Irish Rail"}},{"type":"Feature","geometry":{"type":"MultiLineString","coordinates":[[[-6.43825,53.28475],[-6.43815,53.28474]],[[-6.43815,53.28474],[-6.43773,53.2847]]]},"properties":{"id":"osm:way/904892818","mode":"luas","name":"Luas"}},{"type":"Feature","geometry":{"type":"MultiLineString","coordinates":[[[-6.43773,53.28467],[-6.43816,53.28471]],[[-6.43816,53.28471],[-6.43825,53.28472]]]},"properties":{"id":"osm:way/904892819","mode":"luas","name":"Luas"}},{"type":"Feature","geometry":{"type":"MultiLineString","coordinates":[[[-6.37468,53.2875],[-6.37423,53.28761]],[[-6.37423,53.28761],[-6.37411,53.28764]]]},"properties":{"id":"osm:way/904893346","mode":"luas","name":"Luas"}},{"type":"Feature","geometry":{"type":"LineString","coordinates":[[-6.2498,53.35108],[-6.24992,53.3509]]},"properties":{"id":"osm:way/904893348","mode":"luas","name":"Luas"}},{"type":"Feature","geometry":{"type":"LineString","coordinates":[[-6.24996,53.35091],[-6.24984,53.35108]]},"properties":{"id":"osm:way/904893349","mode":"luas","name":"Luas"}},{"type":"Feature","geometry":{"type":"MultiLineString","coordinates":[[[-6.37373,53.28771],[-6.37396,53.28765]],[[-6.37396,53.28765],[-6.37409,53.28762]],[[-6.37409,53.28762],[-6.37421,53.28759]],[[-6.37421,53.28759],[-6.37465,53.28747]]]},"properties":{"id":"osm:way/904893350","mode":"luas","name":"Luas"}},{"type":"Feature","geometry":{"type":"LineString","coordinates":[[-6.30465,53.34498],[-6.3042,53.34528]]},"properties":{"id":"osm:way/905243745","mode":"rail","name":"Irish Rail"}},{"type":"Feature","geometry":{"type":"LineString","coordinates":[[-6.30508,53.34469],[-6.30465,53.34498]]},"properties":{"id":"osm:way/905243746","mode":"rail","name":"Irish Rail"}},{"type":"Feature","geometry":{"type":"MultiLineString","coordinates":[[[-6.2616,53.35259],[-6.26155,53.35261]],[[-6.26155,53.35261],[-6.2615,53.35263]],[[-6.2615,53.35263],[-6.26138,53.35268]],[[-6.26138,53.35268],[-6.2613,53.35271]],[[-6.2613,53.35271],[-6.26124,53.35273]],[[-6.26124,53.35273],[-6.26117,53.35276]],[[-6.26117,53.35276],[-6.2611,53.35279]]]},"properties":{"id":"osm:way/913333120","mode":"luas","name":"Luas"}},{"type":"Feature","geometry":{"type":"MultiLineString","coordinates":[[[-6.38288,53.29638],[-6.38296,53.29637]],[[-6.38296,53.29637],[-6.38303,53.29636]],[[-6.38303,53.29636],[-6.38309,53.29636]],[[-6.38309,53.29636],[-6.38326,53.29634]],[[-6.38326,53.29634],[-6.38338,53.29633]],[[-6.38338,53.29633],[-6.38349,53.29632]],[[-6.38349,53.29632],[-6.38355,53.29631]],[[-6.38355,53.29631],[-6.38363,53.2963]],[[-6.38363,53.2963],[-6.38376,53.29627]],[[-6.38376,53.29627],[-6.38389,53.29624]],[[-6.38389,53.29624],[-6.38429,53.29613]],[[-6.38429,53.29613],[-6.38446,53.29609]],[[-6.38446,53.29609],[-6.38464,53.29604]],[[-6.38464,53.29604],[-6.38486,53.29599]],[[-6.38486,53.29599],[-6.38522,53.29591]],[[-6.38522,53.29591],[-6.38565,53.29581]],[[-6.38565,53.29581],[-6.38597,53.29574]],[[-6.38597,53.29574],[-6.38628,53.29568]],[[-6.38628,53.29568],[-6.38652,53.29562]],[[-6.38652,53.29562],[-6.38675,53.29557]],[[-6.38675,53.29557],[-6.38723,53.29546]],[[-6.38723,53.29546],[-6.38732,53.29544]],[[-6.38732,53.29544],[-6.38742,53.29542]],[[-6.38742,53.29542],[-6.38756,53.29539]],[[-6.38756,53.29539],[-6.38768,53.29536]]]},"properties":{"id":"osm:way/917628058","mode":"luas","name":"Luas"}},{"type":"Feature","geometry":{"type":"MultiLineString","coordinates":[[[-6.25297,53.31488],[-6.25295,53.3148]],[[-6.25295,53.3148],[-6.25284,53.31441]],[[-6.25284,53.31441],[-6.25273,53.31402]],[[-6.25273,53.31402],[-6.25255,53.31336]],[[-6.25255,53.31336],[-6.25247,53.31308]],[[-6.25247,53.31308],[-6.25229,53.31243]],[[-6.25229,53.31243],[-6.25226,53.31232]]]},"properties":{"id":"osm:way/922765433","mode":"luas","name":"Luas"}},{"type":"Feature","geometry":{"type":"LineString","coordinates":[[-6.08159,53.38642],[-6.08126,53.38642]]},"properties":{"id":"osm:way/969540620","mode":"luas","name":"Luas"}},{"type":"Feature","geometry":{"type":"MultiLineString","coordinates":[[[-6.16901,53.38349],[-6.16834,53.38372]],[[-6.16834,53.38372],[-6.16731,53.38414]]]},"properties":{"id":"osm:way/1019645828","mode":"rail","name":"Irish Rail"}},{"type":"Feature","geometry":{"type":"MultiLineString","coordinates":[[[-6.1503,53.39796],[-6.15026,53.39808]],[[-6.15026,53.39808],[-6.15019,53.39832]],[[-6.15019,53.39832],[-6.15007,53.39874]],[[-6.15007,53.39874],[-6.14975,53.39985]],[[-6.14975,53.39985],[-6.14969,53.40003]]]},"properties":{"id":"osm:way/1019694591","mode":"rail","name":"Irish Rail"}},{"type":"Feature","geometry":{"type":"MultiLineString","coordinates":[[[-6.30407,53.34545],[-6.30426,53.34528]],[[-6.30426,53.34528],[-6.30445,53.34513]],[[-6.30445,53.34513],[-6.30465,53.34498]]]},"properties":{"id":"osm:way/1121780828","mode":"rail","name":"Irish Rail"}},{"type":"Feature","geometry":{"type":"LineString","coordinates":[[-6.29183,53.34728],[-6.29189,53.34765]]},"properties":{"id":"osm:way/1125052320","mode":"luas","name":"Luas"}},{"type":"Feature","geometry":{"type":"MultiLineString","coordinates":[[[-6.29164,53.34596],[-6.29166,53.34605]],[[-6.29166,53.34605],[-6.29167,53.34609]],[[-6.29167,53.34609],[-6.29168,53.34613]],[[-6.29168,53.34613],[-6.29169,53.34615]],[[-6.29169,53.34615],[-6.2917,53.34617]],[[-6.2917,53.34617],[-6.29171,53.34621]],[[-6.29171,53.34621],[-6.29172,53.34624]],[[-6.29172,53.34624],[-6.29173,53.34627]]]},"properties":{"id":"osm:way/1125052321","mode":"luas","name":"Luas"}},{"type":"Feature","geometry":{"type":"MultiLineString","coordinates":[[[-6.17601,53.25566],[-6.17573,53.25557]],[[-6.17573,53.25557],[-6.17564,53.25554]],[[-6.17564,53.25554],[-6.17518,53.25539]],[[-6.17518,53.25539],[-6.17476,53.25524]],[[-6.17476,53.25524],[-6.17453,53.25517]],[[-6.17453,53.25517],[-6.17434,53.2551]],[[-6.17434,53.2551],[-6.17418,53.25505]],[[-6.17418,53.25505],[-6.17394,53.25498]],[[-6.17394,53.25498],[-6.1736,53.25488]],[[-6.1736,53.25488],[-6.17332,53.25481]],[[-6.17332,53.25481],[-6.17307,53.25475]],[[-6.17307,53.25475],[-6.17289,53.2547]],[[-6.17289,53.2547],[-6.1727,53.25465]],[[-6.1727,53.25465],[-6.17263,53.25464]],[[-6.17263,53.25464],[-6.1724,53.25459]]]},"properties":{"id":"osm:way/1140207873","mode":"luas","name":"Luas"}},{"type":"Feature","geometry":{"type":"LineString","coordinates":[[-6.20742,53.37199],[-6.20775,53.37189]]},"properties":{"id":"osm:way/1147865185","mode":"rail","name":"Irish Rail"}},{"type":"Feature","geometry":{"type":"LineString","coordinates":[[-6.32776,53.34107],[-6.32719,53.34118]]},"properties":{"id":"osm:way/1148150871","mode":"rail","name":"Irish Rail"}},{"type":"Feature","geometry":{"type":"MultiLineString","coordinates":[[[-6.22524,53.35122],[-6.22563,53.35124]],[[-6.22563,53.35124],[-6.22574,53.35125]],[[-6.22574,53.35125],[-6.22598,53.35126]],[[-6.22598,53.35126],[-6.2261,53.35126]],[[-6.2261,53.35126],[-6.22613,53.35127]]]},"properties":{"id":"osm:way/1151594920","mode":"rail","name":"Irish Rail"}},{"type":"Feature","geometry":{"type":"LineString","coordinates":[[-6.24411,53.3541],[-6.24363,53.3544]]},"properties":{"id":"osm:way/1151617230","mode":"rail","name":"Irish Rail"}},{"type":"Feature","geometry":{"type":"MultiLineString","coordinates":[[[-6.24509,53.35366],[-6.24499,53.35371]],[[-6.24499,53.35371],[-6.24486,53.35377]],[[-6.24486,53.35377],[-6.24471,53.35385]]]},"properties":{"id":"osm:way/1151617231","mode":"rail","name":"Irish Rail"}},{"type":"Feature","geometry":{"type":"MultiLineString","coordinates":[[[-6.28019,53.36894],[-6.28036,53.36899]],[[-6.28036,53.36899],[-6.28051,53.36904]],[[-6.28051,53.36904],[-6.28079,53.36912]],[[-6.28079,53.36912],[-6.28117,53.3692]],[[-6.28117,53.3692],[-6.28149,53.36926]],[[-6.28149,53.36926],[-6.28174,53.36929]],[[-6.28174,53.36929],[-6.28204,53.36932]],[[-6.28204,53.36932],[-6.28234,53.36933]],[[-6.28234,53.36933],[-6.28258,53.36933]],[[-6.28258,53.36933],[-6.2828,53.36933]],[[-6.2828,53.36933],[-6.28305,53.36932]],[[-6.28305,53.36932],[-6.28328,53.36929]],[[-6.28328,53.36929],[-6.28348,53.36927]],[[-6.28348,53.36927],[-6.28368,53.36924]],[[-6.28368,53.36924],[-6.28401,53.36918]]]},"properties":{"id":"osm:way/1151644122","mode":"rail","name":"Irish Rail"}},{"type":"Feature","geometry":{"type":"MultiLineString","coordinates":[[[-6.28017,53.36897],[-6.28007,53.36894]],[[-6.28007,53.36894],[-6.27981,53.36883]],[[-6.27981,53.36883],[-6.27956,53.36872]],[[-6.27956,53.36872],[-6.27913,53.36848]],[[-6.27913,53.36848],[-6.27874,53.36818]],[[-6.27874,53.36818],[-6.27786,53.36732]]]},"properties":{"id":"osm:way/1151644123","mode":"rail","name":"Irish Rail"}},{"type":"Feature","geometry":{"type":"MultiLineString","coordinates":[[[-6.19947,53.2755],[-6.20024,53.27576]],[[-6.20024,53.27576],[-6.2003,53.27578]],[[-6.2003,53.27578],[-6.20034,53.2758]],[[-6.20034,53.2758],[-6.20039,53.27583]],[[-6.20039,53.27583],[-6.20044,53.27585]],[[-6.20044,53.27585],[-6.20057,53.27591]]]},"properties":{"id":"osm:way/1155900390","mode":"luas","name":"Luas"}},{"type":"Feature","geometry":{"type":"LineString","coordinates":[[-6.19944,53.27553],[-6.20037,53.27584]]},"properties":{"id":"osm:way/1155900391","mode":"luas","name":"Luas"}},{"type":"Feature","geometry":{"type":"LineString","coordinates":[[-6.20016,53.27607],[-6.20035,53.27613]]},"properties":{"id":"osm:way/1155900392","mode":"luas","name":"Luas"}},{"type":"Feature","geometry":{"type":"LineString","coordinates":[[-6.20063,53.27556],[-6.20139,53.27581]]},"properties":{"id":"osm:way/1155904603","mode":"luas","name":"Luas"}},{"type":"Feature","geometry":{"type":"MultiLineString","coordinates":[[[-6.20056,53.27564],[-6.20013,53.2755]],[[-6.20013,53.2755],[-6.19998,53.27544]],[[-6.19998,53.27544],[-6.19994,53.27543]],[[-6.19994,53.27543],[-6.1999,53.27541]],[[-6.1999,53.27541],[-6.19982,53.27539]]]},"properties":{"id":"osm:way/1155904604","mode":"luas","name":"Luas"}},{"type":"Feature","geometry":{"type":"MultiLineString","coordinates":[[[-6.20013,53.2755],[-6.20019,53.27553]],[[-6.20019,53.27553],[-6.20024,53.27558]],[[-6.20024,53.27558],[-6.2003,53.27561]],[[-6.2003,53.27561],[-6.20034,53.27564]],[[-6.20034,53.27564],[-6.20038,53.27565]],[[-6.20038,53.27565],[-6.20044,53.27568]],[[-6.20044,53.27568],[-6.2005,53.2757]]]},"properties":{"id":"osm:way/1155904605","mode":"luas","name":"Luas"}},{"type":"Feature","geometry":{"type":"MultiLineString","coordinates":[[[-6.19998,53.27544],[-6.20003,53.27547]],[[-6.20003,53.27547],[-6.20008,53.27551]],[[-6.20008,53.27551],[-6.2002,53.27562]],[[-6.2002,53.27562],[-6.20024,53.27565]],[[-6.20024,53.27565],[-6.20028,53.27568]],[[-6.20028,53.27568],[-6.20035,53.27572]],[[-6.20035,53.27572],[-6.20048,53.27576]],[[-6.20048,53.27576],[-6.20068,53.27583]]]},"properties":{"id":"osm:way/1155904606","mode":"luas","name":"Luas"}},{"type":"Feature","geometry":{"type":"LineString","coordinates":[[-6.20108,53.27597],[-6.20133,53.27605]]},"properties":{"id":"osm:way/1155904607","mode":"luas","name":"Luas"}},{"type":"Feature","geometry":{"type":"LineString","coordinates":[[-6.20133,53.27605],[-6.20219,53.27634]]},"properties":{"id":"osm:way/1155904608","mode":"luas","name":"Luas"}},{"type":"Feature","geometry":{"type":"MultiLineString","coordinates":[[[-6.20224,53.27629],[-6.2026,53.27641]],[[-6.2026,53.27641],[-6.20268,53.27644]],[[-6.20268,53.27644],[-6.20275,53.27647]],[[-6.20275,53.27647],[-6.2028,53.27652]],[[-6.2028,53.27652],[-6.20285,53.27657]],[[-6.20285,53.27657],[-6.20291,53.27664]],[[-6.20291,53.27664],[-6.20295,53.27668]],[[-6.20295,53.27668],[-6.20299,53.27673]]]},"properties":{"id":"osm:way/1155904609","mode":"luas","name":"Luas"}},{"type":"Feature","geometry":{"type":"MultiLineString","coordinates":[[[-6.20311,53.27698],[-6.20308,53.27692]],[[-6.20308,53.27692],[-6.20306,53.27688]],[[-6.20306,53.27688],[-6.20304,53.27684]],[[-6.20304,53.27684],[-6.20299,53.27673]],[[-6.20299,53.27673],[-6.20288,53.27651]],[[-6.20288,53.27651],[-6.20285,53.27646]],[[-6.20285,53.27646],[-6.20281,53.27643]],[[-6.20281,53.27643],[-6.20278,53.2764]],[[-6.20278,53.2764],[-6.20274,53.27638]],[[-6.20274,53.27638],[-6.20265,53.27635]],[[-6.20265,53.27635],[-6.2023,53.27623]]]},"properties":{"id":"osm:way/1155904610","mode":"luas","name":"Luas"}},{"type":"Feature","geometry":{"type":"LineString","coordinates":[[-6.20068,53.27583],[-6.20108,53.27597]]},"properties":{"id":"osm:way/1155904611","mode":"luas","name":"Luas"}},{"type":"Feature","geometry":{"type":"LineString","coordinates":[[-6.14948,53.40063],[-6.14938,53.40116]]},"properties":{"id":"osm:way/1195195518","mode":"rail","name":"Irish Rail"}},{"type":"Feature","geometry":{"type":"LineString","coordinates":[[-6.24136,53.35924],[-6.24152,53.35942]]},"properties":{"id":"osm:way/1203171559","mode":"rail","name":"Irish Rail"}},{"type":"Feature","geometry":{"type":"LineString","coordinates":[[-6.24812,53.36149],[-6.24796,53.36147]]},"properties":{"id":"osm:way/1203171560","mode":"rail","name":"Irish Rail"}},{"type":"Feature","geometry":{"type":"LineString","coordinates":[[-6.24781,53.36145],[-6.24723,53.36137]]},"properties":{"id":"osm:way/1203171561","mode":"rail","name":"Irish Rail"}},{"type":"Feature","geometry":{"type":"LineString","coordinates":[[-6.27889,53.36666],[-6.27986,53.36695]]},"properties":{"id":"osm:way/1203273877","mode":"rail","name":"Irish Rail"}},{"type":"Feature","geometry":{"type":"LineString","coordinates":[[-6.30014,53.37287],[-6.30058,53.37295]]},"properties":{"id":"osm:way/1203273880","mode":"rail","name":"Irish Rail"}},{"type":"Feature","geometry":{"type":"LineString","coordinates":[[-6.34558,53.37761],[-6.34569,53.37766]]},"properties":{"id":"osm:way/1203520147","mode":"rail","name":"Irish Rail"}},{"type":"Feature","geometry":{"type":"MultiLineString","coordinates":[[[-6.38103,53.37996],[-6.38316,53.37941]],[[-6.38316,53.37941],[-6.38399,53.37919]],[[-6.38399,53.37919],[-6.38453,53.37906]],[[-6.38453,53.37906],[-6.3851,53.37891]],[[-6.3851,53.37891],[-6.38566,53.37876]],[[-6.38566,53.37876],[-6.38603,53.37867]]]},"properties":{"id":"osm:way/1203536053","mode":"rail","name":"Irish Rail"}},{"type":"Feature","geometry":{"type":"MultiLineString","coordinates":[[[-6.38146,53.37989],[-6.38106,53.37999]],[[-6.38106,53.37999],[-6.38065,53.38008]],[[-6.38065,53.38008],[-6.38017,53.3802]],[[-6.38017,53.3802],[-6.37967,53.38031]],[[-6.37967,53.38031],[-6.37915,53.38042]]]},"properties":{"id":"osm:way/1203536054","mode":"rail","name":"Irish Rail"}},{"type":"Feature","geometry":{"type":"MultiLineString","coordinates":[[[-6.39778,53.37781],[-6.39738,53.37776]],[[-6.39738,53.37776],[-6.39719,53.37773]],[[-6.39719,53.37773],[-6.39669,53.37767]],[[-6.39669,53.37767],[-6.39597,53.3776]],[[-6.39597,53.3776],[-6.39533,53.37755]],[[-6.39533,53.37755],[-6.39491,53.37754]]]},"properties":{"id":"osm:way/1203536057","mode":"rail","name":"Irish Rail"}},{"type":"Feature","geometry":{"type":"MultiLineString","coordinates":[[[-6.39227,53.37753],[-6.39233,53.37753]],[[-6.39233,53.37753],[-6.39264,53.37751]],[[-6.39264,53.37751],[-6.39312,53.37749]],[[-6.39312,53.37749],[-6.39351,53.37749]],[[-6.39351,53.37749],[-6.39381,53.37749]],[[-6.39381,53.37749],[-6.39417,53.37749]],[[-6.39417,53.37749],[-6.39457,53.37749]],[[-6.39457,53.37749],[-6.39527,53.37752]],[[-6.39527,53.37752],[-6.39582,53.37755]],[[-6.39582,53.37755],[-6.3963,53.37759]],[[-6.3963,53.37759],[-6.39687,53.37765]],[[-6.39687,53.37765],[-6.39753,53.37774]],[[-6.39753,53.37774],[-6.39779,53.37778]]]},"properties":{"id":"osm:way/1203536058","mode":"rail","name":"Irish Rail"}},{"type":"Feature","geometry":{"type":"MultiLineString","coordinates":[[[-6.43984,53.38367],[-6.43952,53.38378]],[[-6.43952,53.38378],[-6.43915,53.3839]],[[-6.43915,53.3839],[-6.4388,53.38401]],[[-6.4388,53.38401],[-6.43842,53.38412]],[[-6.43842,53.38412],[-6.43821,53.38417]]]},"properties":{"id":"osm:way/1203549891","mode":"rail","name":"Irish Rail"}},{"type":"Feature","geometry":{"type":"MultiLineString","coordinates":[[[-6.4322,53.38464],[-6.43275,53.38468]],[[-6.43275,53.38468],[-6.43331,53.38469]],[[-6.43331,53.38469],[-6.43376,53.3847]],[[-6.43376,53.3847],[-6.43412,53.38469]],[[-6.43412,53.38469],[-6.4345,53.38468]],[[-6.4345,53.38468],[-6.43487,53.38466]],[[-6.43487,53.38466],[-6.43528,53.38462]],[[-6.43528,53.38462],[-6.43575,53.38457]],[[-6.43575,53.38457],[-6.43617,53.38452]],[[-6.43617,53.38452],[-6.43673,53.38444]],[[-6.43673,53.38444],[-6.43705,53.38438]],[[-6.43705,53.38438],[-6.43727,53.38434]],[[-6.43727,53.38434],[-6.43754,53.38429]],[[-6.43754,53.38429],[-6.43791,53.38421]],[[-6.43791,53.38421],[-6.43818,53.38414]]]},"properties":{"id":"osm:way/1203549892","mode":"rail","name":"Irish Rail"}},{"type":"Feature","geometry":{"type":"MultiLineString","coordinates":[[[-6.43818,53.38414],[-6.43845,53.38407]],[[-6.43845,53.38407],[-6.43877,53.38398]],[[-6.43877,53.38398],[-6.43909,53.38389]],[[-6.43909,53.38389],[-6.43951,53.38375]],[[-6.43951,53.38375],[-6.43982,53.38364]],[[-6.43982,53.38364],[-6.44043,53.38339]],[[-6.44043,53.38339],[-6.44068,53.38329]],[[-6.44068,53.38329],[-6.44082,53.38323]],[[-6.44082,53.38323],[-6.44107,53.38311]],[[-6.44107,53.38311],[-6.44146,53.38291]],[[-6.44146,53.38291],[-6.44172,53.38277]],[[-6.44172,53.38277],[-6.44195,53.38265]],[[-6.44195,53.38265],[-6.44233,53.38242]],[[-6.44233,53.38242],[-6.44289,53.38205]],[[-6.44289,53.38205],[-6.44312,53.38189]],[[-6.44312,53.38189],[-6.44388,53.38133]],[[-6.44388,53.38133],[-6.44449,53.38089]],[[-6.44449,53.38089],[-6.44497,53.38051]],[[-6.44497,53.38051],[-6.44541,53.38017]],[[-6.44541,53.38017],[-6.44591,53.37977]],[[-6.44591,53.37977],[-6.44659,53.3792]],[[-6.44659,53.3792],[-6.44798,53.37799]],[[-6.44798,53.37799],[-6.44829,53.37772]],[[-6.44829,53.37772],[-6.44868,53.37738]],[[-6.44868,53.37738],[-6.44914,53.37698]],[[-6.44914,53.37698],[-6.44964,53.37655]],[[-6.44964,53.37655],[-6.45002,53.37621]],[[-6.45002,53.37621],[-6.45045,53.37584]],[[-6.45045,53.37584],[-6.45081,53.37553]],[[-6.45081,53.37553],[-6.45123,53.37517]],[[-6.45123,53.37517],[-6.45167,53.37479]],[[-6.45167,53.37479],[-6.45214,53.37437]],[[-6.45214,53.37437],[-6.45347,53.37323]]]},"properties":{"id":"osm:way/1203549894","mode":"rail","name":"Irish Rail"}},{"type":"Feature","geometry":{"type":"MultiLineString","coordinates":[[[-6.45352,53.37324],[-6.45219,53.37439]],[[-6.45219,53.37439],[-6.45162,53.37488]],[[-6.45162,53.37488],[-6.45127,53.37519]],[[-6.45127,53.37519],[-6.45087,53.37555]],[[-6.45087,53.37555],[-6.4505,53.37586]],[[-6.4505,53.37586],[-6.45007,53.37624]],[[-6.45007,53.37624],[-6.44968,53.37657]],[[-6.44968,53.37657],[-6.44918,53.377]],[[-6.44918,53.377],[-6.44873,53.37739]],[[-6.44873,53.37739],[-6.44835,53.37772]],[[-6.44835,53.37772],[-6.44802,53.37801]],[[-6.44802,53.37801],[-6.44664,53.37922]],[[-6.44664,53.37922],[-6.44606,53.37969]],[[-6.44606,53.37969],[-6.44546,53.38019]],[[-6.44546,53.38019],[-6.44502,53.38053]],[[-6.44502,53.38053],[-6.44452,53.38091]],[[-6.44452,53.38091],[-6.44392,53.38135]],[[-6.44392,53.38135],[-6.44314,53.38192]],[[-6.44314,53.38192],[-6.44294,53.38207]],[[-6.44294,53.38207],[-6.4424,53.38243]],[[-6.4424,53.38243],[-6.44225,53.38252]],[[-6.44225,53.38252],[-6.442,53.38267]],[[-6.442,53.38267],[-6.44176,53.3828]],[[-6.44176,53.3828],[-6.4415,53.38294]],[[-6.4415,53.38294],[-6.44111,53.38313]],[[-6.44111,53.38313],[-6.44072,53.38331]],[[-6.44072,53.38331],[-6.44047,53.38342]],[[-6.44047,53.38342],[-6.43984,53.38367]]]},"properties":{"id":"osm:way/1203549895","mode":"rail","name":"Irish Rail"}},{"type":"Feature","geometry":{"type":"MultiLineString","coordinates":[[[-6.45347,53.37323],[-6.45379,53.37293]],[[-6.45379,53.37293],[-6.45404,53.37273]],[[-6.45404,53.37273],[-6.45421,53.3726]],[[-6.45421,53.3726],[-6.45442,53.37244]],[[-6.45442,53.37244],[-6.45465,53.37229]],[[-6.45465,53.37229],[-6.45488,53.37214]],[[-6.45488,53.37214],[-6.45513,53.372]],[[-6.45513,53.372],[-6.45539,53.37187]],[[-6.45539,53.37187],[-6.4556,53.37177]],[[-6.4556,53.37177],[-6.45577,53.37171]],[[-6.45577,53.37171],[-6.45601,53.37161]],[[-6.45601,53.37161],[-6.45624,53.37154]],[[-6.45624,53.37154],[-6.45654,53.37144]],[[-6.45654,53.37144],[-6.45675,53.37138]],[[-6.45675,53.37138],[-6.457,53.37131]],[[-6.457,53.37131],[-6.45715,53.37127]],[[-6.45715,53.37127],[-6.45745,53.37119]],[[-6.45745,53.37119],[-6.45776,53.37114]],[[-6.45776,53.37114],[-6.45809,53.37107]],[[-6.45809,53.37107],[-6.45836,53.37103]],[[-6.45836,53.37103],[-6.45863,53.37099]],[[-6.45863,53.37099],[-6.45902,53.37093]],[[-6.45902,53.37093],[-6.4594,53.37089]],[[-6.4594,53.37089],[-6.45978,53.37087]],[[-6.45978,53.37087],[-6.46006,53.37085]],[[-6.46006,53.37085],[-6.46029,53.37084]],[[-6.46029,53.37084],[-6.46061,53.37084]],[[-6.46061,53.37084],[-6.46097,53.37084]],[[-6.46097,53.37084],[-6.46138,53.37085]],[[-6.46138,53.37085],[-6.46176,53.37087]],[[-6.46176,53.37087],[-6.46204,53.37089]],[[-6.46204,53.37089],[-6.46232,53.37092]],[[-6.46232,53.37092],[-6.46264,53.37095]],[[-6.46264,53.37095],[-6.46295,53.37099]],[[-6.46295,53.37099],[-6.46324,53.37104]],[[-6.46324,53.37104],[-6.46357,53.3711]],[[-6.46357,53.3711],[-6.46381,53.37115]],[[-6.46381,53.37115],[-6.46412,53.37122]]]},"properties":{"id":"osm:way/1203549896","mode":"rail","name":"Irish Rail"}},{"type":"Feature","geometry":{"type":"MultiLineString","coordinates":[[[-6.48145,53.37382],[-6.48353,53.37397]],[[-6.48353,53.37397],[-6.48456,53.37406]],[[-6.48456,53.37406],[-6.4852,53.37412]],[[-6.4852,53.37412],[-6.48579,53.37418]],[[-6.48579,53.37418],[-6.48632,53.37424]]]},"properties":{"id":"osm:way/1203549897","mode":"rail","name":"Irish Rail"}},{"type":"Feature","geometry":{"type":"MultiLineString","coordinates":[[[-6.49723,53.3755],[-6.49648,53.37543]],[[-6.49648,53.37543],[-6.49602,53.37537]],[[-6.49602,53.37537],[-6.49536,53.3753]]]},"properties":{"id":"osm:way/1203586353","mode":"rail","name":"Irish Rail"}},{"type":"Feature","geometry":{"type":"MultiLineString","coordinates":[[[-6.48527,53.37416],[-6.48455,53.37409]],[[-6.48455,53.37409],[-6.48352,53.374]],[[-6.48352,53.374],[-6.48144,53.37385]]]},"properties":{"id":"osm:way/1203960811","mode":"rail","name":"Irish Rail"}},{"type":"Feature","geometry":{"type":"MultiLineString","coordinates":[[[-6.46448,53.37135],[-6.4641,53.37125]],[[-6.4641,53.37125],[-6.46377,53.37118]],[[-6.46377,53.37118],[-6.46355,53.37113]],[[-6.46355,53.37113],[-6.46326,53.37108]],[[-6.46326,53.37108],[-6.46295,53.37103]],[[-6.46295,53.37103],[-6.46265,53.37099]],[[-6.46265,53.37099],[-6.46232,53.37095]],[[-6.46232,53.37095],[-6.46203,53.37092]],[[-6.46203,53.37092],[-6.46176,53.3709]],[[-6.46176,53.3709],[-6.46138,53.37088]],[[-6.46138,53.37088],[-6.46098,53.37087]],[[-6.46098,53.37087],[-6.46061,53.37087]],[[-6.46061,53.37087],[-6.46029,53.37088]],[[-6.46029,53.37088],[-6.45979,53.3709]],[[-6.45979,53.3709],[-6.45941,53.37093]],[[-6.45941,53.37093],[-6.45904,53.37096]],[[-6.45904,53.37096],[-6.45866,53.37102]],[[-6.45866,53.37102],[-6.45837,53.37106]],[[-6.45837,53.37106],[-6.4581,53.3711]],[[-6.4581,53.3711],[-6.45778,53.37117]],[[-6.45778,53.37117],[-6.45746,53.37123]],[[-6.45746,53.37123],[-6.45718,53.3713]],[[-6.45718,53.3713],[-6.45702,53.37134]],[[-6.45702,53.37134],[-6.45673,53.37142]],[[-6.45673,53.37142],[-6.45655,53.37147]],[[-6.45655,53.37147],[-6.45624,53.37157]],[[-6.45624,53.37157],[-6.45604,53.37164]],[[-6.45604,53.37164],[-6.4558,53.37173]],[[-6.4558,53.37173],[-6.45564,53.3718]],[[-6.45564,53.3718],[-6.45543,53.37189]],[[-6.45543,53.37189],[-6.45518,53.37202]],[[-6.45518,53.37202],[-6.45492,53.37216]],[[-6.45492,53.37216],[-6.45468,53.37231]],[[-6.45468,53.37231],[-6.45447,53.37246]],[[-6.45447,53.37246],[-6.45426,53.37262]],[[-6.45426,53.37262],[-6.45408,53.37275]],[[-6.45408,53.37275],[-6.45385,53.37294]],[[-6.45385,53.37294],[-6.45352,53.37324]]]},"properties":{"id":"osm:way/1203960812","mode":"rail","name":"Irish Rail"}},{"type":"Feature","geometry":{"type":"LineString","coordinates":[[-6.4207,53.3823],[-6.41982,53.38206]]},"properties":{"id":"osm:way/1203962644","mode":"rail","name":"Irish Rail"}},{"type":"Feature","geometry":{"type":"LineString","coordinates":[[-6.30083,53.37304],[-6.30012,53.3729]]},"properties":{"id":"osm:way/1203975432","mode":"rail","name":"Irish Rail"}},{"type":"Feature","geometry":{"type":"LineString","coordinates":[[-6.24878,53.36155],[-6.24812,53.36149]]},"properties":{"id":"osm:way/1203975433","mode":"rail","name":"Irish Rail"}},{"type":"Feature","geometry":{"type":"LineString","coordinates":[[-6.24288,53.35502],[-6.24309,53.35491]]},"properties":{"id":"osm:way/1203975434","mode":"rail","name":"Irish Rail"}},{"type":"Feature","geometry":{"type":"LineString","coordinates":[[-6.2431,53.35496],[-6.24292,53.35505]]},"properties":{"id":"osm:way/1203975435","mode":"rail","name":"Irish Rail"}},{"type":"Feature","geometry":{"type":"LineString","coordinates":[[-6.24294,53.35489],[-6.2428,53.35496]]},"properties":{"id":"osm:way/1203975436","mode":"rail","name":"Irish Rail"}},{"type":"Feature","geometry":{"type":"LineString","coordinates":[[-6.24275,53.35492],[-6.2429,53.35485]]},"properties":{"id":"osm:way/1203975437","mode":"rail","name":"Irish Rail"}},{"type":"Feature","geometry":{"type":"LineString","coordinates":[[-6.24264,53.35491],[-6.24266,53.3549]]},"properties":{"id":"osm:way/1203975438","mode":"rail","name":"Irish Rail"}},{"type":"Feature","geometry":{"type":"LineString","coordinates":[[-6.24551,53.3537],[-6.24527,53.3538]]},"properties":{"id":"osm:way/1203975440","mode":"rail","name":"Irish Rail"}},{"type":"Feature","geometry":{"type":"LineString","coordinates":[[-6.24517,53.35372],[-6.24493,53.35384]]},"properties":{"id":"osm:way/1203975442","mode":"rail","name":"Irish Rail"}},{"type":"Feature","geometry":{"type":"MultiLineString","coordinates":[[[-6.24493,53.35384],[-6.24508,53.35377]],[[-6.24508,53.35377],[-6.24517,53.35373]]]},"properties":{"id":"osm:way/1203975443","mode":"rail","name":"Irish Rail"}},{"type":"Feature","geometry":{"type":"MultiLineString","coordinates":[[[-6.24513,53.35369],[-6.24504,53.35373]],[[-6.24504,53.35373],[-6.24474,53.35389]]]},"properties":{"id":"osm:way/1203975444","mode":"rail","name":"Irish Rail"}},{"type":"Feature","geometry":{"type":"MultiLineString","coordinates":[[[-6.2451,53.35368],[-6.24489,53.35381]],[[-6.24489,53.35381],[-6.24474,53.35389]]]},"properties":{"id":"osm:way/1203975445","mode":"rail","name":"Irish Rail"}},{"type":"Feature","geometry":{"type":"LineString","coordinates":[[-6.2453,53.35356],[-6.24509,53.35366]]},"properties":{"id":"osm:way/1203975446","mode":"rail","name":"Irish Rail"}},{"type":"Feature","geometry":{"type":"MultiLineString","coordinates":[[[-6.24471,53.35385],[-6.24488,53.35375]],[[-6.24488,53.35375],[-6.24506,53.35364]]]},"properties":{"id":"osm:way/1203975447","mode":"rail","name":"Irish Rail"}},{"type":"Feature","geometry":{"type":"MultiLineString","coordinates":[[[-6.24501,53.3536],[-6.24489,53.35367]],[[-6.24489,53.35367],[-6.24474,53.35375]],[[-6.24474,53.35375],[-6.24456,53.35384]],[[-6.24456,53.35384],[-6.2444,53.35393]],[[-6.2444,53.35393],[-6.24426,53.354]],[[-6.24426,53.354],[-6.24418,53.35405]],[[-6.24418,53.35405],[-6.24411,53.3541]]]},"properties":{"id":"osm:way/1203975448","mode":"rail","name":"Irish Rail"}},{"type":"Feature","geometry":{"type":"LineString","coordinates":[[-6.24511,53.35342],[-6.24493,53.35355]]},"properties":{"id":"osm:way/1203975449","mode":"rail","name":"Irish Rail"}},{"type":"Feature","geometry":{"type":"LineString","coordinates":[[-6.24508,53.35339],[-6.24491,53.35354]]},"properties":{"id":"osm:way/1203975450","mode":"rail","name":"Irish Rail"}},{"type":"Feature","geometry":{"type":"LineString","coordinates":[[-6.24521,53.35335],[-6.24511,53.35342]]},"properties":{"id":"osm:way/1203975451","mode":"rail","name":"Irish Rail"}},{"type":"Feature","geometry":{"type":"LineString","coordinates":[[-6.24518,53.3533],[-6.24508,53.35339]]},"properties":{"id":"osm:way/1203975452","mode":"rail","name":"Irish Rail"}},{"type":"Feature","geometry":{"type":"LineString","coordinates":[[-6.24504,53.35336],[-6.24487,53.3535]]},"properties":{"id":"osm:way/1203975453","mode":"rail","name":"Irish Rail"}},{"type":"Feature","geometry":{"type":"MultiLineString","coordinates":[[[-6.2452,53.35348],[-6.2451,53.35354]],[[-6.2451,53.35354],[-6.24501,53.3536]]]},"properties":{"id":"osm:way/1203975454","mode":"rail","name":"Irish Rail"}},{"type":"Feature","geometry":{"type":"LineString","coordinates":[[-6.24506,53.35364],[-6.24525,53.35352]]},"properties":{"id":"osm:way/1203975455","mode":"rail","name":"Irish Rail"}},{"type":"Feature","geometry":{"type":"LineString","coordinates":[[-6.24547,53.35364],[-6.24575,53.35353]]},"properties":{"id":"osm:way/1203975456","mode":"rail","name":"Irish Rail"}},{"type":"Feature","geometry":{"type":"LineString","coordinates":[[-6.24517,53.35373],[-6.2454,53.35363]]},"properties":{"id":"osm:way/1203975457","mode":"rail","name":"Irish Rail"}},{"type":"Feature","geometry":{"type":"LineString","coordinates":[[-6.24538,53.35361],[-6.24534,53.35363]]},"properties":{"id":"osm:way/1203975458","mode":"rail","name":"Irish Rail"}},{"type":"Feature","geometry":{"type":"LineString","coordinates":[[-6.24534,53.35358],[-6.24513,53.35369]]},"properties":{"id":"osm:way/1203975459","mode":"rail","name":"Irish Rail"}},{"type":"Feature","geometry":{"type":"LineString","coordinates":[[-6.24531,53.35356],[-6.2451,53.35368]]},"properties":{"id":"osm:way/1203975460","mode":"rail","name":"Irish Rail"}},{"type":"Feature","geometry":{"type":"LineString","coordinates":[[-6.24538,53.35352],[-6.2453,53.35356]]},"properties":{"id":"osm:way/1203975461","mode":"rail","name":"Irish Rail"}},{"type":"Feature","geometry":{"type":"MultiLineString","coordinates":[[[-6.2407,53.35724],[-6.24069,53.35732]],[[-6.24069,53.35732],[-6.24068,53.35751]]]},"properties":{"id":"osm:way/1203975462","mode":"rail","name":"Irish Rail"}},{"type":"Feature","geometry":{"type":"LineString","coordinates":[[-6.24068,53.35751],[-6.24071,53.35725]]},"properties":{"id":"osm:way/1203975463","mode":"rail","name":"Irish Rail"}},{"type":"Feature","geometry":{"type":"MultiLineString","coordinates":[[[-6.23833,53.35715],[-6.23788,53.35738]],[[-6.23788,53.35738],[-6.23775,53.35745]]]},"properties":{"id":"osm:way/1203975464","mode":"rail","name":"Irish Rail"}},{"type":"Feature","geometry":{"type":"LineString","coordinates":[[-6.24575,53.3536],[-6.24551,53.3537]]},"properties":{"id":"osm:way/1203975465","mode":"rail","name":"Irish Rail"}},{"type":"Feature","geometry":{"type":"LineString","coordinates":[[-6.24575,53.3536],[-6.24551,53.35371]]},"properties":{"id":"osm:way/1203975466","mode":"rail","name":"Irish Rail"}},{"type":"Feature","geometry":{"type":"LineString","coordinates":[[-6.24916,53.35163],[-6.24906,53.35169]]},"properties":{"id":"osm:way/1203977778","mode":"rail","name":"Irish Rail"}},{"type":"Feature","geometry":{"type":"MultiLineString","coordinates":[[[-6.25002,53.35194],[-6.25014,53.35188]],[[-6.25014,53.35188],[-6.25036,53.35177]]]},"properties":{"id":"osm:way/1204392038","mode":"rail","name":"Irish Rail"}},{"type":"Feature","geometry":{"type":"MultiLineString","coordinates":[[[-6.24148,53.35564],[-6.24184,53.35545]],[[-6.24184,53.35545],[-6.24192,53.35541]]]},"properties":{"id":"osm:way/1204392039","mode":"rail","name":"Irish Rail"}},{"type":"Feature","geometry":{"type":"MultiLineString","coordinates":[[[-6.2454,53.35363],[-6.24571,53.3535]],[[-6.24571,53.3535],[-6.24588,53.35343]]]},"properties":{"id":"osm:way/1204392040","mode":"rail","name":"Irish Rail"}},{"type":"Feature","geometry":{"type":"LineString","coordinates":[[-6.24583,53.35357],[-6.24575,53.3536]]},"properties":{"id":"osm:way/1204392041","mode":"rail","name":"Irish Rail"}},{"type":"Feature","geometry":{"type":"LineString","coordinates":[[-6.25111,53.35142],[-6.25091,53.35152]]},"properties":{"id":"osm:way/1210145506","mode":"rail","name":"Irish Rail"}},{"type":"Feature","geometry":{"type":"LineString","coordinates":[[-6.1724,53.25459],[-6.17228,53.25456]]},"properties":{"id":"osm:way/1232488012","mode":"luas","name":"Luas"}},{"type":"Feature","geometry":{"type":"MultiLineString","coordinates":[[[-6.30094,53.34609],[-6.30109,53.34609]],[[-6.30109,53.34609],[-6.30123,53.34608]],[[-6.30123,53.34608],[-6.30142,53.34607]]]},"properties":{"id":"osm:way/1255425528","mode":"rail","name":"Irish Rail"}},{"type":"Feature","geometry":{"type":"LineString","coordinates":[[-6.3077,53.34356],[-6.30764,53.34358]]},"properties":{"id":"osm:way/1255798819","mode":"rail","name":"Irish Rail"}},{"type":"Feature","geometry":{"type":"MultiLineString","coordinates":[[[-6.1344,53.39145],[-6.13488,53.39146]],[[-6.13488,53.39146],[-6.13536,53.39147]],[[-6.13536,53.39147],[-6.13598,53.39147]],[[-6.13598,53.39147],[-6.13688,53.3915]],[[-6.13688,53.3915],[-6.13714,53.39151]],[[-6.13714,53.39151],[-6.13773,53.39155]],[[-6.13773,53.39155],[-6.1383,53.3916]],[[-6.1383,53.3916],[-6.14031,53.39169]],[[-6.14031,53.39169],[-6.14085,53.39171]],[[-6.14085,53.39171],[-6.1415,53.39173]],[[-6.1415,53.39173],[-6.14261,53.39178]]]},"properties":{"id":"osm:way/1272545336","mode":"rail","name":"Irish Rail"}},{"type":"Feature","geometry":{"type":"MultiLineString","coordinates":[[[-6.14261,53.39178],[-6.14344,53.39182]],[[-6.14344,53.39182],[-6.14458,53.39187]],[[-6.14458,53.39187],[-6.1454,53.39191]],[[-6.1454,53.39191],[-6.14623,53.39193]],[[-6.14623,53.39193],[-6.14723,53.39198]],[[-6.14723,53.39198],[-6.14774,53.392]],[[-6.14774,53.392],[-6.14831,53.39202]],[[-6.14831,53.39202],[-6.14897,53.39205]],[[-6.14897,53.39205],[-6.1496,53.39208]],[[-6.1496,53.39208],[-6.14975,53.39209]]]},"properties":{"id":"osm:way/1272545337","mode":"rail","name":"Irish Rail"}},{"type":"Feature","geometry":{"type":"MultiLineString","coordinates":[[[-6.29121,53.37122],[-6.29152,53.37122]],[[-6.29152,53.37122],[-6.29181,53.37123]],[[-6.29181,53.37123],[-6.292,53.37124]],[[-6.292,53.37124],[-6.29218,53.37125]],[[-6.29218,53.37125],[-6.29239,53.37127]],[[-6.29239,53.37127],[-6.29251,53.37129]],[[-6.29251,53.37129],[-6.29254,53.37129]],[[-6.29254,53.37129],[-6.29281,53.37132]],[[-6.29281,53.37132],[-6.293,53.37135]],[[-6.293,53.37135],[-6.2932,53.37139]]]},"properties":{"id":"osm:way/1273546610","mode":"rail","name":"Irish Rail"}},{"type":"Feature","geometry":{"type":"MultiLineString","coordinates":[[[-6.28962,53.37062],[-6.28984,53.37068]],[[-6.28984,53.37068],[-6.29005,53.37074]],[[-6.29005,53.37074],[-6.29032,53.37079]],[[-6.29032,53.37079],[-6.29073,53.37086]],[[-6.29073,53.37086],[-6.29104,53.37091]]]},"properties":{"id":"osm:way/1275040637","mode":"luas","name":"Luas"}},{"type":"Feature","geometry":{"type":"MultiLineString","coordinates":[[[-6.28961,53.37065],[-6.28935,53.37056]],[[-6.28935,53.37056],[-6.2892,53.3705]],[[-6.2892,53.3705],[-6.28906,53.37045]],[[-6.28906,53.37045],[-6.28893,53.37039]],[[-6.28893,53.37039],[-6.28879,53.37032]],[[-6.28879,53.37032],[-6.28866,53.37025]],[[-6.28866,53.37025],[-6.28852,53.37017]],[[-6.28852,53.37017],[-6.28838,53.37009]],[[-6.28838,53.37009],[-6.28675,53.36907]],[[-6.28675,53.36907],[-6.2866,53.36897]],[[-6.2866,53.36897],[-6.28636,53.36882]],[[-6.28636,53.36882],[-6.28611,53.36865]],[[-6.28611,53.36865],[-6.28592,53.36852]],[[-6.28592,53.36852],[-6.28544,53.36816]],[[-6.28544,53.36816],[-6.28508,53.36787]],[[-6.28508,53.36787],[-6.28482,53.36764]],[[-6.28482,53.36764],[-6.28456,53.36741]],[[-6.28456,53.36741],[-6.28426,53.36712]],[[-6.28426,53.36712],[-6.28394,53.3668]],[[-6.28394,53.3668],[-6.28374,53.36658]]]},"properties":{"id":"osm:way/1275040639","mode":"luas","name":"Luas"}},{"type":"Feature","geometry":{"type":"MultiLineString","coordinates":[[[-6.27817,53.35952],[-6.27795,53.35924]],[[-6.27795,53.35924],[-6.27774,53.35896]],[[-6.27774,53.35896],[-6.27745,53.35858]]]},"properties":{"id":"osm:way/1275040640","mode":"luas","name":"Luas"}},{"type":"Feature","geometry":{"type":"MultiLineString","coordinates":[[[-6.3366,53.3371],[-6.3367,53.33711]],[[-6.3367,53.33711],[-6.33744,53.33724]]]},"properties":{"id":"osm:way/1275049244","mode":"rail","name":"Irish Rail"}},{"type":"Feature","geometry":{"type":"MultiLineString","coordinates":[[[-6.33769,53.33767],[-6.33737,53.33762]],[[-6.33737,53.33762],[-6.33686,53.33754]]]},"properties":{"id":"osm:way/1275049245","mode":"rail","name":"Irish Rail"}},{"type":"Feature","geometry":{"type":"MultiLineString","coordinates":[[[-6.25446,53.34736],[-6.25454,53.34751]],[[-6.25454,53.34751],[-6.25456,53.34758]],[[-6.25456,53.34758],[-6.2546,53.34767]]]},"properties":{"id":"osm:way/1278547066","mode":"rail","name":"Irish Rail"}},{"type":"Feature","geometry":{"type":"MultiLineString","coordinates":[[[-6.25452,53.34766],[-6.25449,53.34754]],[[-6.25449,53.34754],[-6.25441,53.34737]]]},"properties":{"id":"osm:way/1278547067","mode":"rail","name":"Irish Rail"}},{"type":"Feature","geometry":{"type":"MultiLineString","coordinates":[[[-6.46809,53.43123],[-6.468,53.43087]],[[-6.468,53.43087],[-6.46771,53.42965]],[[-6.46771,53.42965],[-6.4676,53.42918]],[[-6.4676,53.42918],[-6.46752,53.42887]],[[-6.46752,53.42887],[-6.46749,53.42872]]]},"properties":{"id":"osm:way/1279516094","mode":"rail","name":"Irish Rail"}},{"type":"Feature","geometry":{"type":"MultiLineString","coordinates":[[[-6.46675,53.42546],[-6.46694,53.42619]],[[-6.46694,53.42619],[-6.46701,53.4265]],[[-6.46701,53.4265],[-6.46708,53.42679]],[[-6.46708,53.42679],[-6.46716,53.42712]],[[-6.46716,53.42712],[-6.46722,53.42738]],[[-6.46722,53.42738],[-6.46732,53.42779]],[[-6.46732,53.42779],[-6.46742,53.42821]],[[-6.46742,53.42821],[-6.46754,53.42872]]]},"properties":{"id":"osm:way/1279516095","mode":"rail","name":"Irish Rail"}},{"type":"Feature","geometry":{"type":"MultiLineString","coordinates":[[[-6.46754,53.42872],[-6.46776,53.42964]],[[-6.46776,53.42964],[-6.46798,53.43057]],[[-6.46798,53.43057],[-6.46799,53.43062]]]},"properties":{"id":"osm:way/1279516096","mode":"rail","name":"Irish Rail"}},{"type":"Feature","geometry":{"type":"MultiLineString","coordinates":[[[-6.25104,53.35002],[-6.25098,53.35]],[[-6.25098,53.35],[-6.25089,53.34998]],[[-6.25089,53.34998],[-6.25087,53.34998]],[[-6.25087,53.34998],[-6.25081,53.34997]],[[-6.25081,53.34997],[-6.2508,53.34997]],[[-6.2508,53.34997],[-6.25076,53.34997]],[[-6.25076,53.34997],[-6.2507,53.34996]],[[-6.2507,53.34996],[-6.25064,53.34996]],[[-6.25064,53.34996],[-6.25058,53.34996]],[[-6.25058,53.34996],[-6.25051,53.34997]],[[-6.25051,53.34997],[-6.25044,53.34998]],[[-6.25044,53.34998],[-6.2504,53.34998]],[[-6.2504,53.34998],[-6.25036,53.34998]],[[-6.25036,53.34998],[-6.25031,53.34998]],[[-6.25031,53.34998],[-6.25027,53.34998]],[[-6.25027,53.34998],[-6.25024,53.34998]],[[-6.25024,53.34998],[-6.2502,53.34998]],[[-6.2502,53.34998],[-6.25015,53.34997]],[[-6.25015,53.34997],[-6.25011,53.34997]],[[-6.25011,53.34997],[-6.25006,53.34996]],[[-6.25006,53.34996],[-6.25,53.34994]]]},"properties":{"id":"osm:way/1284250472","mode":"luas","name":"Luas"}},{"type":"Feature","geometry":{"type":"MultiLineString","coordinates":[[[-6.25003,53.3499],[-6.25009,53.34991]],[[-6.25009,53.34991],[-6.25017,53.34993]],[[-6.25017,53.34993],[-6.25022,53.34993]],[[-6.25022,53.34993],[-6.25027,53.34994]],[[-6.25027,53.34994],[-6.25032,53.34994]],[[-6.25032,53.34994],[-6.25038,53.34993]],[[-6.25038,53.34993],[-6.25042,53.34993]],[[-6.25042,53.34993],[-6.25051,53.34992]],[[-6.25051,53.34992],[-6.25062,53.34991]],[[-6.25062,53.34991],[-6.25071,53.34991]],[[-6.25071,53.34991],[-6.25077,53.34991]],[[-6.25077,53.34991],[-6.25082,53.34991]],[[-6.25082,53.34991],[-6.25083,53.34991]],[[-6.25083,53.34991],[-6.25087,53.34992]],[[-6.25087,53.34992],[-6.25091,53.34993]],[[-6.25091,53.34993],[-6.25092,53.34993]],[[-6.25092,53.34993],[-6.25102,53.34995]],[[-6.25102,53.34995],[-6.25108,53.34996]]]},"properties":{"id":"osm:way/1284250473","mode":"luas","name":"Luas"}},{"type":"Feature","geometry":{"type":"MultiLineString","coordinates":[[[-6.23021,53.34837],[-6.23066,53.3484]],[[-6.23066,53.3484],[-6.23071,53.34841]]]},"properties":{"id":"osm:way/1284250474","mode":"luas","name":"Luas"}},{"type":"Feature","geometry":{"type":"MultiLineString","coordinates":[[[-6.23087,53.34845],[-6.23066,53.34843]],[[-6.23066,53.34843],[-6.23021,53.3484]],[[-6.23021,53.3484],[-6.23011,53.34839]]]},"properties":{"id":"osm:way/1284250475","mode":"luas","name":"Luas"}},{"type":"Feature","geometry":{"type":"LineString","coordinates":[[-6.26122,53.35197],[-6.26133,53.35222]]},"properties":{"id":"osm:way/1297446351","mode":"luas","name":"Luas"}},{"type":"Feature","geometry":{"type":"MultiLineString","coordinates":[[[-6.37409,53.28762],[-6.37394,53.28767]],[[-6.37394,53.28767],[-6.37381,53.28772]]]},"properties":{"id":"osm:way/1323691863","mode":"luas","name":"Luas"}},{"type":"Feature","geometry":{"type":"MultiLineString","coordinates":[[[-6.29779,53.34596],[-6.29894,53.34589]],[[-6.29894,53.34589],[-6.29962,53.34583]],[[-6.29962,53.34583],[-6.29989,53.3458]]]},"properties":{"id":"osm:way/1327791460","mode":"rail","name":"Irish Rail"}},{"type":"Feature","geometry":{"type":"MultiLineString","coordinates":[[[-6.31008,53.3431],[-6.3105,53.34307]],[[-6.3105,53.34307],[-6.31108,53.34303]],[[-6.31108,53.34303],[-6.31164,53.34299]]]},"properties":{"id":"osm:way/1327791461","mode":"rail","name":"Irish Rail"}},{"type":"Feature","geometry":{"type":"MultiLineString","coordinates":[[[-6.3113,53.34306],[-6.31089,53.34309]],[[-6.31089,53.34309],[-6.31023,53.34313]],[[-6.31023,53.34313],[-6.30978,53.34317]]]},"properties":{"id":"osm:way/1327791462","mode":"rail","name":"Irish Rail"}},{"type":"Feature","geometry":{"type":"MultiLineString","coordinates":[[[-6.30962,53.34319],[-6.30922,53.34325]],[[-6.30922,53.34325],[-6.30893,53.3433]],[[-6.30893,53.3433],[-6.30856,53.34336]],[[-6.30856,53.34336],[-6.30829,53.34341]]]},"properties":{"id":"osm:way/1327791463","mode":"rail","name":"Irish Rail"}},{"type":"Feature","geometry":{"type":"MultiLineString","coordinates":[[[-6.30827,53.34338],[-6.30869,53.34331]],[[-6.30869,53.34331],[-6.30916,53.34323]],[[-6.30916,53.34323],[-6.30941,53.34319]],[[-6.30941,53.34319],[-6.30961,53.34315]]]},"properties":{"id":"osm:way/1327791464","mode":"rail","name":"Irish Rail"}},{"type":"Feature","geometry":{"type":"MultiLineString","coordinates":[[[-6.30816,53.3434],[-6.30827,53.34338]],[[-6.30827,53.34338],[-6.309,53.34327]],[[-6.309,53.34327],[-6.30962,53.34319]],[[-6.30962,53.34319],[-6.30978,53.34317]]]},"properties":{"id":"osm:way/1327791465","mode":"rail","name":"Irish Rail"}},{"type":"Feature","geometry":{"type":"MultiLineString","coordinates":[[[-6.32678,53.34126],[-6.32635,53.34134]],[[-6.32635,53.34134],[-6.32604,53.34139]],[[-6.32604,53.34139],[-6.3253,53.34152]],[[-6.3253,53.34152],[-6.32503,53.34157]],[[-6.32503,53.34157],[-6.32463,53.34164]]]},"properties":{"id":"osm:way/1327791467","mode":"rail","name":"Irish Rail"}},{"type":"Feature","geometry":{"type":"LineString","coordinates":[[-6.30601,53.34415],[-6.30659,53.3439]]},"properties":{"id":"osm:way/1327791468","mode":"rail","name":"Irish Rail"}},{"type":"Feature","geometry":{"type":"MultiLineString","coordinates":[[[-6.30628,53.34411],[-6.30586,53.34434]],[[-6.30586,53.34434],[-6.30572,53.34442]],[[-6.30572,53.34442],[-6.30558,53.34449]]]},"properties":{"id":"osm:way/1327791478","mode":"rail","name":"Irish Rail"}},{"type":"Feature","geometry":{"type":"MultiLineString","coordinates":[[[-6.23977,53.35306],[-6.23973,53.35295]],[[-6.23973,53.35295],[-6.2397,53.35285]],[[-6.2397,53.35285],[-6.23968,53.35275]],[[-6.23968,53.35275],[-6.23967,53.35266]],[[-6.23967,53.35266],[-6.23966,53.35261]]]},"properties":{"id":"osm:way/1328501397","mode":"rail","name":"Irish Rail"}},{"type":"Feature","geometry":{"type":"MultiLineString","coordinates":[[[-6.23949,53.35257],[-6.2395,53.35267]],[[-6.2395,53.35267],[-6.23953,53.35277]],[[-6.23953,53.35277],[-6.23957,53.35288]],[[-6.23957,53.35288],[-6.23963,53.35301]],[[-6.23963,53.35301],[-6.23968,53.35309]]]},"properties":{"id":"osm:way/1328501398","mode":"rail","name":"Irish Rail"}},{"type":"Feature","geometry":{"type":"LineString","coordinates":[[-6.24544,53.35366],[-6.24547,53.35364]]},"properties":{"id":"osm:way/1328501399","mode":"rail","name":"Irish Rail"}},{"type":"Feature","geometry":{"type":"LineString","coordinates":[[-6.24547,53.35364],[-6.24544,53.35366]]},"properties":{"id":"osm:way/1328501400","mode":"rail","name":"Irish Rail"}},{"type":"Feature","geometry":{"type":"MultiLineString","coordinates":[[[-6.24521,53.35347],[-6.24521,53.35347]],[[-6.24521,53.35347],[-6.2452,53.35348]]]},"properties":{"id":"osm:way/1328501401","mode":"rail","name":"Irish Rail"}},{"type":"Feature","geometry":{"type":"LineString","coordinates":[[-6.24504,53.35336],[-6.24486,53.35349]]},"properties":{"id":"osm:way/1328501402","mode":"rail","name":"Irish Rail"}},{"type":"Feature","geometry":{"type":"MultiLineString","coordinates":[[[-6.24544,53.35366],[-6.24531,53.35371]],[[-6.24531,53.35371],[-6.24522,53.35376]]]},"properties":{"id":"osm:way/1328501403","mode":"rail","name":"Irish Rail"}},{"type":"Feature","geometry":{"type":"LineString","coordinates":[[-6.24521,53.35375],[-6.24544,53.35366]]},"properties":{"id":"osm:way/1328501404","mode":"rail","name":"Irish Rail"}},{"type":"Feature","geometry":{"type":"LineString","coordinates":[[-6.24538,53.35378],[-6.2453,53.35382]]},"properties":{"id":"osm:way/1328501405","mode":"rail","name":"Irish Rail"}},{"type":"Feature","geometry":{"type":"LineString","coordinates":[[-6.2453,53.35382],[-6.24538,53.35378]]},"properties":{"id":"osm:way/1328501406","mode":"rail","name":"Irish Rail"}},{"type":"Feature","geometry":{"type":"MultiLineString","coordinates":[[[-6.24583,53.35338],[-6.24568,53.35345]],[[-6.24568,53.35345],[-6.24554,53.35351]],[[-6.24554,53.35351],[-6.24535,53.35359]]]},"properties":{"id":"osm:way/1328501408","mode":"rail","name":"Irish Rail"}},{"type":"Feature","geometry":{"type":"MultiLineString","coordinates":[[[-6.24535,53.35359],[-6.24521,53.35365]],[[-6.24521,53.35365],[-6.24513,53.35369]]]},"properties":{"id":"osm:way/1328501409","mode":"rail","name":"Irish Rail"}},{"type":"Feature","geometry":{"type":"MultiLineString","coordinates":[[[-6.23766,53.35756],[-6.23784,53.35746]],[[-6.23784,53.35746],[-6.23798,53.35737]],[[-6.23798,53.35737],[-6.23816,53.35724]],[[-6.23816,53.35724],[-6.23833,53.35715]]]},"properties":{"id":"osm:way/1328501412","mode":"rail","name":"Irish Rail"}},{"type":"Feature","geometry":{"type":"MultiLineString","coordinates":[[[-6.24538,53.35352],[-6.24536,53.35353]],[[-6.24536,53.35353],[-6.24531,53.35356]]]},"properties":{"id":"osm:way/1328501416","mode":"rail","name":"Irish Rail"}},{"type":"Feature","geometry":{"type":"MultiLineString","coordinates":[[[-6.23315,53.36001],[-6.23305,53.36007]],[[-6.23305,53.36007],[-6.23296,53.36012]],[[-6.23296,53.36012],[-6.23276,53.36026]],[[-6.23276,53.36026],[-6.23262,53.36035]],[[-6.23262,53.36035],[-6.23253,53.36041]],[[-6.23253,53.36041],[-6.2324,53.36049]]]},"properties":{"id":"osm:way/1328501417","mode":"rail","name":"Irish Rail"}},{"type":"Feature","geometry":{"type":"MultiLineString","coordinates":[[[-6.23498,53.359],[-6.2347,53.35913]],[[-6.2347,53.35913],[-6.23406,53.35943]],[[-6.23406,53.35943],[-6.23388,53.35952]]]},"properties":{"id":"osm:way/1328507953","mode":"rail","name":"Irish Rail"}},{"type":"Feature","geometry":{"type":"LineString","coordinates":[[-6.22584,53.36373],[-6.22573,53.36378]]},"properties":{"id":"osm:way/1328507962","mode":"rail","name":"Irish Rail"}},{"type":"Feature","geometry":{"type":"LineString","coordinates":[[-6.22585,53.36373],[-6.22573,53.36378]]},"properties":{"id":"osm:way/1328507963","mode":"rail","name":"Irish Rail"}},{"type":"Feature","geometry":{"type":"LineString","coordinates":[[-6.22577,53.36372],[-6.22651,53.36334]]},"properties":{"id":"osm:way/1328507964","mode":"rail","name":"Irish Rail"}},{"type":"Feature","geometry":{"type":"LineString","coordinates":[[-6.29341,53.3463],[-6.29392,53.34626]]},"properties":{"id":"osm:way/1328695519","mode":"rail","name":"Irish Rail"}},{"type":"Feature","geometry":{"type":"MultiLineString","coordinates":[[[-6.37557,53.29872],[-6.37566,53.29867]],[[-6.37566,53.29867],[-6.37576,53.29861]],[[-6.37576,53.29861],[-6.37584,53.29857]],[[-6.37584,53.29857],[-6.3759,53.29854]],[[-6.3759,53.29854],[-6.37598,53.29851]],[[-6.37598,53.29851],[-6.37604,53.29849]],[[-6.37604,53.29849],[-6.3761,53.29847]],[[-6.3761,53.29847],[-6.3762,53.29842]]]},"properties":{"id":"osm:way/1355088383","mode":"luas","name":"Luas"}},{"type":"Feature","geometry":{"type":"MultiLineString","coordinates":[[[-6.37459,53.29945],[-6.37464,53.29941]],[[-6.37464,53.29941],[-6.37467,53.29939]],[[-6.37467,53.29939],[-6.37469,53.29936]],[[-6.37469,53.29936],[-6.37472,53.29933]],[[-6.37472,53.29933],[-6.37475,53.2993]],[[-6.37475,53.2993],[-6.37477,53.29927]],[[-6.37477,53.29927],[-6.37481,53.29921]],[[-6.37481,53.29921],[-6.37484,53.29918]],[[-6.37484,53.29918],[-6.3749,53.29913]],[[-6.3749,53.29913],[-6.37494,53.29911]],[[-6.37494,53.29911],[-6.37501,53.29906]]]},"properties":{"id":"osm:way/1355088384","mode":"luas","name":"Luas"}},{"type":"Feature","geometry":{"type":"MultiLineString","coordinates":[[[-6.37565,53.29876],[-6.37573,53.29871]],[[-6.37573,53.29871],[-6.37578,53.29868]],[[-6.37578,53.29868],[-6.37583,53.29864]],[[-6.37583,53.29864],[-6.3759,53.2986]],[[-6.3759,53.2986],[-6.37594,53.29858]],[[-6.37594,53.29858],[-6.376,53.29854]],[[-6.376,53.29854],[-6.37606,53.2985]],[[-6.37606,53.2985],[-6.3761,53.29847]],[[-6.3761,53.29847],[-6.3762,53.29842]]]},"properties":{"id":"osm:way/1355088385","mode":"luas","name":"Luas"}},{"type":"Feature","geometry":{"type":"MultiLineString","coordinates":[[[-6.37463,53.29946],[-6.37469,53.29942]],[[-6.37469,53.29942],[-6.37472,53.29939]],[[-6.37472,53.29939],[-6.37475,53.29937]],[[-6.37475,53.29937],[-6.37477,53.29934]],[[-6.37477,53.29934],[-6.3748,53.29931]],[[-6.3748,53.29931],[-6.37483,53.29928]],[[-6.37483,53.29928],[-6.37485,53.29925]],[[-6.37485,53.29925],[-6.3749,53.29922]],[[-6.3749,53.29922],[-6.37494,53.29919]],[[-6.37494,53.29919],[-6.37501,53.29915]],[[-6.37501,53.29915],[-6.37508,53.29911]]]},"properties":{"id":"osm:way/1355088386","mode":"luas","name":"Luas"}},{"type":"Feature","geometry":{"type":"MultiLineString","coordinates":[[[-6.37515,53.29914],[-6.37507,53.29919]],[[-6.37507,53.29919],[-6.37493,53.29928]],[[-6.37493,53.29928],[-6.37463,53.29946]]]},"properties":{"id":"osm:way/1355088387","mode":"luas","name":"Luas"}},{"type":"Feature","geometry":{"type":"MultiLineString","coordinates":[[[-6.3762,53.2985],[-6.37604,53.2986]],[[-6.37604,53.2986],[-6.37579,53.29875]],[[-6.37579,53.29875],[-6.37571,53.2988]]]},"properties":{"id":"osm:way/1355088388","mode":"luas","name":"Luas"}},{"type":"Feature","geometry":{"type":"MultiLineString","coordinates":[[[-6.24135,53.34114],[-6.24117,53.34106]],[[-6.24117,53.34106],[-6.24101,53.34097]],[[-6.24101,53.34097],[-6.2408,53.34084]]]},"properties":{"id":"osm:way/1362412918","mode":"rail","name":"Irish Rail"}},{"type":"Feature","geometry":{"type":"MultiLineString","coordinates":[[[-6.15565,53.39158],[-6.15548,53.3917]],[[-6.15548,53.3917],[-6.15492,53.39212]],[[-6.15492,53.39212],[-6.15438,53.39254]]]},"properties":{"id":"osm:way/1381073586","mode":"rail","name":"Irish Rail"}},{"type":"Feature","geometry":{"type":"MultiLineString","coordinates":[[[-6.21402,53.34897],[-6.2139,53.34897]],[[-6.2139,53.34897],[-6.21363,53.34897]],[[-6.21363,53.34897],[-6.21339,53.34898]],[[-6.21339,53.34898],[-6.21323,53.34897]]]},"properties":{"id":"osm:way/1391559101","mode":"rail","name":"Irish Rail"}},{"type":"Feature","geometry":{"type":"MultiLineString","coordinates":[[[-6.21323,53.34894],[-6.21338,53.34895]],[[-6.21338,53.34895],[-6.21363,53.34897]],[[-6.21363,53.34897],[-6.21388,53.349]],[[-6.21388,53.349],[-6.21403,53.34901]]]},"properties":{"id":"osm:way/1391559102","mode":"rail","name":"Irish Rail"}},{"type":"Feature","geometry":{"type":"LineString","coordinates":[[-6.33629,53.33776],[-6.3364,53.33778]]},"properties":{"id":"osm:way/1411624062","mode":"rail","name":"Irish Rail"}},{"type":"Feature","geometry":{"type":"LineString","coordinates":[[-6.3364,53.33778],[-6.33683,53.33785]]},"properties":{"id":"osm:way/1411624063","mode":"rail","name":"Irish Rail"}},{"type":"Feature","geometry":{"type":"LineString","coordinates":[[-6.33665,53.33698],[-6.33687,53.33701]]},"properties":{"id":"osm:way/1413868057","mode":"rail","name":"Irish Rail"}},{"type":"Feature","geometry":{"type":"LineString","coordinates":[[-6.24896,53.35233],[-6.24907,53.3523]]},"properties":{"id":"osm:way/1425917002","mode":"rail","name":"Irish Rail"}},{"type":"Feature","geometry":{"type":"LineString","coordinates":[[-6.23545,53.28537],[-6.23509,53.28524]]},"properties":{"id":"osm:way/1435646049","mode":"luas","name":"Luas"}},{"type":"Feature","geometry":{"type":"MultiLineString","coordinates":[[[-6.24086,53.34104],[-6.24062,53.34092]],[[-6.24062,53.34092],[-6.24017,53.34071]]]},"properties":{"id":"osm:way/1441715860","mode":"rail","name":"Irish Rail"}},{"type":"Feature","geometry":{"type":"MultiLineString","coordinates":[[[-6.46445,53.33585],[-6.46419,53.33585]],[[-6.46419,53.33585],[-6.46359,53.33584]],[[-6.46359,53.33584],[-6.46277,53.33584]]]},"properties":{"id":"osm:way/1442039050","mode":"rail","name":"Irish Rail"}},{"type":"Feature","geometry":{"type":"LineString","coordinates":[[-6.28729,53.36929],[-6.287,53.36914]]},"properties":{"id":"osm:way/1446967688","mode":"luas","name":"Luas"}},{"type":"Feature","geometry":{"type":"LineString","coordinates":[[-6.22798,53.35112],[-6.22724,53.35114]]},"properties":{"id":"osm:way/1447236315","mode":"rail","name":"Irish Rail"}},{"type":"Feature","geometry":{"type":"MultiLineString","coordinates":[[[-6.23039,53.35134],[-6.23004,53.35132]],[[-6.23004,53.35132],[-6.22978,53.35131]],[[-6.22978,53.35131],[-6.22933,53.3513]],[[-6.22933,53.3513],[-6.22872,53.35128]],[[-6.22872,53.35128],[-6.2282,53.35127]],[[-6.2282,53.35127],[-6.22763,53.35125]],[[-6.22763,53.35125],[-6.22719,53.35123]],[[-6.22719,53.35123],[-6.22679,53.3512]],[[-6.22679,53.3512],[-6.22654,53.35117]]]},"properties":{"id":"osm:way/1447236316","mode":"rail","name":"Irish Rail"}},{"type":"Feature","geometry":{"type":"LineString","coordinates":[[-6.24909,53.35233],[-6.24897,53.35236]]},"properties":{"id":"osm:way/1448263060","mode":"rail","name":"Irish Rail"}},{"type":"Feature","geometry":{"type":"LineString","coordinates":[[-6.24909,53.35233],[-6.24898,53.35238]]},"properties":{"id":"osm:way/1448263061","mode":"rail","name":"Irish Rail"}},{"type":"Feature","geometry":{"type":"LineString","coordinates":[[-6.24796,53.36147],[-6.24781,53.36145]]},"properties":{"id":"osm:way/1448307333","mode":"rail","name":"Irish Rail"}},{"type":"Feature","geometry":{"type":"LineString","coordinates":[[-6.34938,53.33678],[-6.34797,53.33709]]},"properties":{"id":"osm:way/1448727636","mode":"rail","name":"Irish Rail"}},{"type":"Feature","geometry":{"type":"MultiLineString","coordinates":[[[-6.33195,53.33782],[-6.3322,53.33777]],[[-6.3322,53.33777],[-6.33233,53.33775]],[[-6.33233,53.33775],[-6.33245,53.33774]],[[-6.33245,53.33774],[-6.33258,53.33774]]]},"properties":{"id":"osm:way/1457211513","mode":"rail","name":"Irish Rail"}},{"type":"Feature","geometry":{"type":"MultiLineString","coordinates":[[[-6.33232,53.33946],[-6.33277,53.33937]],[[-6.33277,53.33937],[-6.33316,53.33929]],[[-6.33316,53.33929],[-6.33368,53.33919]]]},"properties":{"id":"osm:way/1457906945","mode":"rail","name":"Irish Rail"}},{"type":"Feature","geometry":{"type":"MultiLineString","coordinates":[[[-6.29874,53.34608],[-6.2991,53.34602]],[[-6.2991,53.34602],[-6.30011,53.34589]]]},"properties":{"id":"osm:way/1457912129","mode":"rail","name":"Irish Rail"}},{"type":"Feature","geometry":{"type":"LineString","coordinates":[[-6.29392,53.34626],[-6.29559,53.34613]]},"properties":{"id":"osm:way/1459840659","mode":"rail","name":"Irish Rail"}},{"type":"Feature","geometry":{"type":"MultiLineString","coordinates":[[[-6.29603,53.34642],[-6.29621,53.3464]],[[-6.29621,53.3464],[-6.2977,53.34627]]]},"properties":{"id":"osm:way/1459846329","mode":"rail","name":"Irish Rail"}},{"type":"Feature","geometry":{"type":"MultiLineString","coordinates":[[[-6.29606,53.34647],[-6.29622,53.34645]],[[-6.29622,53.34645],[-6.29773,53.34632]]]},"properties":{"id":"osm:way/1459846330","mode":"rail","name":"Irish Rail"}},{"type":"Feature","geometry":{"type":"MultiLineString","coordinates":[[[-6.29776,53.3464],[-6.29625,53.34653]],[[-6.29625,53.34653],[-6.29606,53.34655]]]},"properties":{"id":"osm:way/1459846331","mode":"rail","name":"Irish Rail"}},{"type":"Feature","geometry":{"type":"LineString","coordinates":[[-6.29402,53.34641],[-6.29562,53.34627]]},"properties":{"id":"osm:way/1459846332","mode":"rail","name":"Irish Rail"}},{"type":"Feature","geometry":{"type":"MultiLineString","coordinates":[[[-6.24137,53.34125],[-6.24102,53.34111]],[[-6.24102,53.34111],[-6.24086,53.34104]]]},"properties":{"id":"osm:way/1463601329","mode":"rail","name":"Irish Rail"}},{"type":"Feature","geometry":{"type":"LineString","coordinates":[[-6.24141,53.34117],[-6.24155,53.34123]]},"properties":{"id":"osm:way/1463601330","mode":"rail","name":"Irish Rail"}},{"type":"Feature","geometry":{"type":"LineString","coordinates":[[-6.23795,53.33971],[-6.23897,53.34017]]},"properties":{"id":"osm:way/1463846219","mode":"rail","name":"Irish Rail"}},{"type":"Feature","geometry":{"type":"LineString","coordinates":[[-6.24389,53.34208],[-6.24398,53.34211]]},"properties":{"id":"osm:way/1491519902","mode":"rail","name":"Irish Rail"}},{"type":"Feature","geometry":{"type":"LineString","coordinates":[[-6.24398,53.34211],[-6.24411,53.34216]]},"properties":{"id":"osm:way/1491519903","mode":"rail","name":"Irish Rail"}},{"type":"Feature","geometry":{"type":"LineString","coordinates":[[-6.25106,53.35002],[-6.25104,53.35002]]},"properties":{"id":"osm:way/1508136360","mode":"luas","name":"Luas"}},{"type":"Feature","geometry":{"type":"LineString","coordinates":[[-6.24525,53.35352],[-6.24527,53.3535]]},"properties":{"id":"osm:way/1508243836","mode":"rail","name":"Irish Rail"}},{"type":"Feature","geometry":{"type":"MultiLineString","coordinates":[[[-6.12841,53.291],[-6.1284,53.291]],[[-6.1284,53.291],[-6.12817,53.29077]]]},"properties":{"id":"osm:way/1543097373","mode":"luas","name":"Luas"}},{"type":"Feature","geometry":{"type":"LineString","coordinates":[[-6.24893,53.35164],[-6.24886,53.35168]]},"properties":{"id":"osm:way/1543215885","mode":"rail","name":"Irish Rail"}},{"type":"Feature","geometry":{"type":"LineString","coordinates":[[-6.24902,53.35171],[-6.24891,53.35176]]},"properties":{"id":"osm:way/1543215886","mode":"rail","name":"Irish Rail"}},{"type":"Feature","geometry":{"type":"MultiLineString","coordinates":[[[-6.2476,53.35268],[-6.24777,53.35262]],[[-6.24777,53.35262],[-6.24798,53.35256]],[[-6.24798,53.35256],[-6.24821,53.3525]],[[-6.24821,53.3525],[-6.24859,53.35242]],[[-6.24859,53.35242],[-6.24873,53.35239]],[[-6.24873,53.35239],[-6.24881,53.35238]],[[-6.24881,53.35238],[-6.24896,53.35233]]]},"properties":{"id":"osm:way/1543215887","mode":"rail","name":"Irish Rail"}},{"type":"Feature","geometry":{"type":"MultiLineString","coordinates":[[[-6.07436,53.38912],[-6.0734,53.38898]],[[-6.0734,53.38898],[-6.07325,53.38895]]]},"properties":{"id":"osm:way/1543215890","mode":"rail","name":"Irish Rail"}},{"type":"Feature","geometry":{"type":"MultiLineString","coordinates":[[[-6.07326,53.38892],[-6.07342,53.38895]],[[-6.07342,53.38895],[-6.07437,53.3891]]]},"properties":{"id":"osm:way/1543215891","mode":"rail","name":"Irish Rail"}},{"type":"Feature","geometry":{"type":"Point","coordinates":[-6.25341,53.31648]},"properties":{"id":"osm:station/665844","mode":"station","name":"Unnamed station"}},{"type":"Feature","geometry":{"type":"Point","coordinates":[-6.25171,53.30991]},"properties":{"id":"osm:station/666663","mode":"station","name":"Unnamed station"}},{"type":"Feature","geometry":{"type":"Point","coordinates":[-6.25069,53.30159]},"properties":{"id":"osm:station/19223931","mode":"station","name":"Unnamed station"}},{"type":"Feature","geometry":{"type":"Point","coordinates":[-6.23669,53.28607]},"properties":{"id":"osm:station/51452792","mode":"station","name":"Unnamed station"}},{"type":"Feature","geometry":{"type":"Point","coordinates":[-6.21015,53.27941]},"properties":{"id":"osm:station/51452839","mode":"station","name":"Unnamed station"}},{"type":"Feature","geometry":{"type":"Point","coordinates":[-6.26259,53.33337]},"properties":{"id":"osm:station/51452916","mode":"station","name":"Unnamed station"}},{"type":"Feature","geometry":{"type":"Point","coordinates":[-6.26132,53.33906]},"properties":{"id":"osm:station/51452944","mode":"station","name":"Unnamed station"}},{"type":"Feature","geometry":{"type":"Point","coordinates":[-6.25868,53.33072]},"properties":{"id":"osm:station/60475466","mode":"station","name":"Unnamed station"}},{"type":"Feature","geometry":{"type":"Point","coordinates":[-6.22391,53.28303]},"properties":{"id":"osm:station/60939192","mode":"station","name":"Unnamed station"}},{"type":"Feature","geometry":{"type":"Point","coordinates":[-6.30728,53.33664]},"properties":{"id":"osm:station/247700851","mode":"station","name":"Unnamed station"}},{"type":"Feature","geometry":{"type":"Point","coordinates":[-6.25462,53.32085]},"properties":{"id":"osm:station/247702675","mode":"station","name":"Unnamed station"}},{"type":"Feature","geometry":{"type":"Point","coordinates":[-6.31358,53.33592]},"properties":{"id":"osm:station/247857993","mode":"station","name":"Unnamed station"}},{"type":"Feature","geometry":{"type":"Point","coordinates":[-6.32742,53.33427]},"properties":{"id":"osm:station/247857995","mode":"station","name":"Unnamed station"}},{"type":"Feature","geometry":{"type":"Point","coordinates":[-6.20999,53.26628]},"properties":{"id":"osm:station/250292908","mode":"station","name":"Unnamed station"}},{"type":"Feature","geometry":{"type":"Point","coordinates":[-6.20593,53.26115]},"properties":{"id":"osm:station/250292914","mode":"station","name":"Unnamed station"}},{"type":"Feature","geometry":{"type":"Point","coordinates":[-6.16995,53.25405]},"properties":{"id":"osm:station/250292927","mode":"station","name":"Unnamed station"}},{"type":"Feature","geometry":{"type":"Point","coordinates":[-6.46923,53.336]},"properties":{"id":"osm:station/252821911","mode":"station","name":"Unnamed station"}},{"type":"Feature","geometry":{"type":"Point","coordinates":[-6.37864,53.33403]},"properties":{"id":"osm:station/281197288","mode":"station","name":"Unnamed station"}},{"type":"Feature","geometry":{"type":"Point","coordinates":[-6.4064,53.33335]},"properties":{"id":"osm:station/310182680","mode":"station","name":"Unnamed station"}},{"type":"Feature","geometry":{"type":"Point","coordinates":[-6.37888,53.28938]},"properties":{"id":"osm:station/312656638","mode":"station","name":"Unnamed station"}},{"type":"Feature","geometry":{"type":"Point","coordinates":[-6.38441,53.2935]},"properties":{"id":"osm:station/312656643","mode":"station","name":"Unnamed station"}},{"type":"Feature","geometry":{"type":"Point","coordinates":[-6.14586,53.24536]},"properties":{"id":"osm:station/412184068","mode":"station","name":"Unnamed station"}},{"type":"Feature","geometry":{"type":"Point","coordinates":[-6.14285,53.24206]},"properties":{"id":"osm:station/412184074","mode":"station","name":"Unnamed station"}},{"type":"Feature","geometry":{"type":"Point","coordinates":[-6.15499,53.25062]},"properties":{"id":"osm:station/412184586","mode":"station","name":"Unnamed station"}},{"type":"Feature","geometry":{"type":"Point","coordinates":[-6.22926,53.34831]},"properties":{"id":"osm:station/566891066","mode":"station","name":"Unnamed station"}},{"type":"Feature","geometry":{"type":"Point","coordinates":[-6.44205,53.38701]},"properties":{"id":"osm:station/614241268","mode":"station","name":"Unnamed station"}},{"type":"Feature","geometry":{"type":"Point","coordinates":[-6.18442,53.25504]},"properties":{"id":"osm:station/702028282","mode":"station","name":"Unnamed station"}},{"type":"Feature","geometry":{"type":"Point","coordinates":[-6.41895,53.28784]},"properties":{"id":"osm:station/719041779","mode":"station","name":"Unnamed station"}},{"type":"Feature","geometry":{"type":"Point","coordinates":[-6.39553,53.29355]},"properties":{"id":"osm:station/719041781","mode":"station","name":"Unnamed station"}},{"type":"Feature","geometry":{"type":"Point","coordinates":[-6.42458,53.28427]},"properties":{"id":"osm:station/719041785","mode":"station","name":"Unnamed station"}},{"type":"Feature","geometry":{"type":"Point","coordinates":[-6.43022,53.33443]},"properties":{"id":"osm:station/827777186","mode":"station","name":"Unnamed station"}},{"type":"Feature","geometry":{"type":"Point","coordinates":[-6.19837,53.25828]},"properties":{"id":"osm:station/954731669","mode":"station","name":"Unnamed station"}},{"type":"Feature","geometry":{"type":"Point","coordinates":[-6.20383,53.2701]},"properties":{"id":"osm:station/954886380","mode":"station","name":"Unnamed station"}},{"type":"Feature","geometry":{"type":"Point","coordinates":[-6.24511,53.2924]},"properties":{"id":"osm:station/1221182127","mode":"station","name":"Unnamed station"}},{"type":"Feature","geometry":{"type":"Point","coordinates":[-6.25119,53.35005]},"properties":{"id":"osm:station/1294004355","mode":"station","name":"Unnamed station"}},{"type":"Feature","geometry":{"type":"Point","coordinates":[-6.43773,53.2847]},"properties":{"id":"osm:station/1317861954","mode":"station","name":"Unnamed station"}},{"type":"Feature","geometry":{"type":"Point","coordinates":[-6.40685,53.291]},"properties":{"id":"osm:station/1329822333","mode":"station","name":"Unnamed station"}},{"type":"Feature","geometry":{"type":"Point","coordinates":[-6.28673,53.34789]},"properties":{"id":"osm:station/1396867040","mode":"station","name":"Unnamed station"}},{"type":"Feature","geometry":{"type":"Point","coordinates":[-6.29335,53.34189]},"properties":{"id":"osm:station/1396871412","mode":"station","name":"Unnamed station"}},{"type":"Feature","geometry":{"type":"Point","coordinates":[-6.34358,53.32665]},"properties":{"id":"osm:station/1396874422","mode":"station","name":"Unnamed station"}},{"type":"Feature","geometry":{"type":"Point","coordinates":[-6.29252,53.33846]},"properties":{"id":"osm:station/1396878999","mode":"station","name":"Unnamed station"}},{"type":"Feature","geometry":{"type":"Point","coordinates":[-6.29722,53.33794]},"properties":{"id":"osm:station/1396885859","mode":"station","name":"Unnamed station"}},{"type":"Feature","geometry":{"type":"Point","coordinates":[-6.31808,53.33539]},"properties":{"id":"osm:station/1396888181","mode":"station","name":"Unnamed station"}},{"type":"Feature","geometry":{"type":"Point","coordinates":[-6.36985,53.31685]},"properties":{"id":"osm:station/1396891181","mode":"station","name":"Unnamed station"}},{"type":"Feature","geometry":{"type":"Point","coordinates":[-6.33388,53.32929]},"properties":{"id":"osm:station/1396896492","mode":"station","name":"Unnamed station"}},{"type":"Feature","geometry":{"type":"Point","coordinates":[-6.37465,53.28747]},"properties":{"id":"osm:station/1396932782","mode":"station","name":"Unnamed station"}},{"type":"Feature","geometry":{"type":"Point","coordinates":[-6.29181,53.34665]},"properties":{"id":"osm:station/1422018946","mode":"station","name":"Unnamed station"}},{"type":"Feature","geometry":{"type":"Point","coordinates":[-6.23715,53.34883]},"properties":{"id":"osm:station/1422062053","mode":"station","name":"Unnamed station"}},{"type":"Feature","geometry":{"type":"Point","coordinates":[-6.36531,53.3037]},"properties":{"id":"osm:station/1424006124","mode":"station","name":"Unnamed station"}},{"type":"Feature","geometry":{"type":"Point","coordinates":[-6.27362,53.27332]},"properties":{"id":"osm:station/1902288302","mode":"station","name":"Unnamed station"}},{"type":"Feature","geometry":{"type":"Point","coordinates":[-6.27893,53.36042]},"properties":{"id":"osm:station/2363501445","mode":"station","name":"Unnamed station"}},{"type":"Feature","geometry":{"type":"Point","coordinates":[-6.20497,53.27763]},"properties":{"id":"osm:station/2368752999","mode":"station","name":"Unnamed station"}},{"type":"Feature","geometry":{"type":"Point","coordinates":[-6.2745,53.27338]},"properties":{"id":"osm:station/2390150255","mode":"station","name":"Unnamed station"}},{"type":"Feature","geometry":{"type":"Point","coordinates":[-6.25817,53.34861]},"properties":{"id":"osm:station/2418681423","mode":"station","name":"Unnamed station"}},{"type":"Feature","geometry":{"type":"Point","coordinates":[-6.24339,53.34925]},"properties":{"id":"osm:station/2685561297","mode":"station","name":"Unnamed station"}},{"type":"Feature","geometry":{"type":"Point","coordinates":[-6.24996,53.35091]},"properties":{"id":"osm:station/2801660621","mode":"station","name":"Unnamed station"}},{"type":"Feature","geometry":{"type":"Point","coordinates":[-6.24758,53.34954]},"properties":{"id":"osm:station/3257148989","mode":"station","name":"Unnamed station"}},{"type":"Feature","geometry":{"type":"Point","coordinates":[-6.37543,53.29897]},"properties":{"id":"osm:station/3265722896","mode":"station","name":"Unnamed station"}},{"type":"Feature","geometry":{"type":"Point","coordinates":[-6.26585,53.34764]},"properties":{"id":"osm:station/3451120785","mode":"station","name":"Unnamed station"}},{"type":"Feature","geometry":{"type":"Point","coordinates":[-6.27366,53.3469]},"properties":{"id":"osm:station/3451159931","mode":"station","name":"Unnamed station"}},{"type":"Feature","geometry":{"type":"Point","coordinates":[-6.26268,53.33336]},"properties":{"id":"osm:station/3451213775","mode":"station","name":"Unnamed station"}},{"type":"Feature","geometry":{"type":"Point","coordinates":[-6.26523,53.3477]},"properties":{"id":"osm:station/3451318404","mode":"station","name":"Unnamed station"}},{"type":"Feature","geometry":{"type":"Point","coordinates":[-6.27368,53.34687]},"properties":{"id":"osm:station/3451318438","mode":"station","name":"Unnamed station"}},{"type":"Feature","geometry":{"type":"Point","coordinates":[-6.25871,53.3307]},"properties":{"id":"osm:station/3451722881","mode":"station","name":"Unnamed station"}},{"type":"Feature","geometry":{"type":"Point","coordinates":[-6.24516,53.29238]},"properties":{"id":"osm:station/3451767974","mode":"station","name":"Unnamed station"}},{"type":"Feature","geometry":{"type":"Point","coordinates":[-6.14589,53.24534]},"properties":{"id":"osm:station/3451853433","mode":"station","name":"Unnamed station"}},{"type":"Feature","geometry":{"type":"Point","coordinates":[-6.1429,53.24205]},"properties":{"id":"osm:station/3451853453","mode":"station","name":"Unnamed station"}},{"type":"Feature","geometry":{"type":"Point","coordinates":[-6.25776,53.34918]},"properties":{"id":"osm:station/3451922903","mode":"station","name":"Unnamed station"}},{"type":"Feature","geometry":{"type":"Point","coordinates":[-6.25902,53.34633]},"properties":{"id":"osm:station/3452011330","mode":"station","name":"Unnamed station"}},{"type":"Feature","geometry":{"type":"Point","coordinates":[-6.27736,53.3571]},"properties":{"id":"osm:station/3452114231","mode":"station","name":"Unnamed station"}},{"type":"Feature","geometry":{"type":"Point","coordinates":[-6.24339,53.34923]},"properties":{"id":"osm:station/3452394401","mode":"station","name":"Unnamed station"}},{"type":"Feature","geometry":{"type":"Point","coordinates":[-6.27379,53.35408]},"properties":{"id":"osm:station/3452492564","mode":"station","name":"Unnamed station"}},{"type":"Feature","geometry":{"type":"Point","coordinates":[-6.26553,53.35139]},"properties":{"id":"osm:station/3452492565","mode":"station","name":"Unnamed station"}},{"type":"Feature","geometry":{"type":"Point","coordinates":[-6.25799,53.34217]},"properties":{"id":"osm:station/3452493714","mode":"station","name":"Unnamed station"}},{"type":"Feature","geometry":{"type":"Point","coordinates":[-6.37468,53.2875]},"properties":{"id":"osm:station/3452698951","mode":"station","name":"Unnamed station"}},{"type":"Feature","geometry":{"type":"Point","coordinates":[-6.2933,53.34189]},"properties":{"id":"osm:station/3453079242","mode":"station","name":"Unnamed station"}},{"type":"Feature","geometry":{"type":"Point","coordinates":[-6.38436,53.29352]},"properties":{"id":"osm:station/3454032673","mode":"station","name":"Unnamed station"}},{"type":"Feature","geometry":{"type":"Point","coordinates":[-6.4189,53.28782]},"properties":{"id":"osm:station/3454077676","mode":"station","name":"Unnamed station"}},{"type":"Feature","geometry":{"type":"Point","coordinates":[-6.25827,53.34533]},"properties":{"id":"osm:station/3459902186","mode":"station","name":"Unnamed station"}},{"type":"Feature","geometry":{"type":"Point","coordinates":[-6.25992,53.34884]},"properties":{"id":"osm:station/3459902187","mode":"station","name":"Unnamed station"}},{"type":"Feature","geometry":{"type":"Point","coordinates":[-6.26106,53.35159]},"properties":{"id":"osm:station/3459902189","mode":"station","name":"Unnamed station"}},{"type":"Feature","geometry":{"type":"Point","coordinates":[-6.26047,53.35308]},"properties":{"id":"osm:station/3459902190","mode":"station","name":"Unnamed station"}},{"type":"Feature","geometry":{"type":"Point","coordinates":[-6.46889,53.43453]},"properties":{"id":"osm:station/3581474993","mode":"station","name":"Unnamed station"}},{"type":"Feature","geometry":{"type":"Point","coordinates":[-6.27778,53.34715]},"properties":{"id":"osm:station/3709896536","mode":"station","name":"Unnamed station"}},{"type":"Feature","geometry":{"type":"Point","coordinates":[-6.25614,53.3263]},"properties":{"id":"osm:station/4009942996","mode":"station","name":"Unnamed station"}},{"type":"Feature","geometry":{"type":"Point","coordinates":[-6.2049,53.2777]},"properties":{"id":"osm:station/4010198395","mode":"station","name":"Unnamed station"}},{"type":"Feature","geometry":{"type":"Point","coordinates":[-6.48582,53.3742]},"properties":{"id":"osm:station/4109805560","mode":"station","name":"Unnamed station"}},{"type":"Feature","geometry":{"type":"Point","coordinates":[-6.27731,53.35711]},"properties":{"id":"osm:station/4392909450","mode":"station","name":"Unnamed station"}},{"type":"Feature","geometry":{"type":"Point","coordinates":[-6.28182,53.36412]},"properties":{"id":"osm:station/4669407702","mode":"station","name":"Unnamed station"}},{"type":"Feature","geometry":{"type":"Point","coordinates":[-6.37884,53.2894]},"properties":{"id":"osm:station/4683372263","mode":"station","name":"Unnamed station"}},{"type":"Feature","geometry":{"type":"Point","coordinates":[-6.22924,53.3484]},"properties":{"id":"osm:station/4683372264","mode":"station","name":"Unnamed station"}},{"type":"Feature","geometry":{"type":"Point","coordinates":[-6.22925,53.34834]},"properties":{"id":"osm:station/4683372265","mode":"station","name":"Unnamed station"}},{"type":"Feature","geometry":{"type":"Point","coordinates":[-6.23716,53.3488]},"properties":{"id":"osm:station/4683372266","mode":"station","name":"Unnamed station"}},{"type":"Feature","geometry":{"type":"Point","coordinates":[-6.24759,53.34951]},"properties":{"id":"osm:station/4683372267","mode":"station","name":"Unnamed station"}},{"type":"Feature","geometry":{"type":"Point","coordinates":[-6.24992,53.3509]},"properties":{"id":"osm:station/4683372268","mode":"station","name":"Unnamed station"}},{"type":"Feature","geometry":{"type":"Point","coordinates":[-6.25184,53.35015]},"properties":{"id":"osm:station/4683372269","mode":"station","name":"Unnamed station"}},{"type":"Feature","geometry":{"type":"Point","coordinates":[-6.25817,53.34859]},"properties":{"id":"osm:station/4683372270","mode":"station","name":"Unnamed station"}},{"type":"Feature","geometry":{"type":"Point","coordinates":[-6.27779,53.34713]},"properties":{"id":"osm:station/4683372272","mode":"station","name":"Unnamed station"}},{"type":"Feature","geometry":{"type":"Point","coordinates":[-6.28673,53.34786]},"properties":{"id":"osm:station/4683372273","mode":"station","name":"Unnamed station"}},{"type":"Feature","geometry":{"type":"Point","coordinates":[-6.29167,53.34666]},"properties":{"id":"osm:station/4683372274","mode":"station","name":"Unnamed station"}},{"type":"Feature","geometry":{"type":"Point","coordinates":[-6.29172,53.34666]},"properties":{"id":"osm:station/4683372275","mode":"station","name":"Unnamed station"}},{"type":"Feature","geometry":{"type":"Point","coordinates":[-6.29251,53.33843]},"properties":{"id":"osm:station/4683372276","mode":"station","name":"Unnamed station"}},{"type":"Feature","geometry":{"type":"Point","coordinates":[-6.29723,53.33791]},"properties":{"id":"osm:station/4683372277","mode":"station","name":"Unnamed station"}},{"type":"Feature","geometry":{"type":"Point","coordinates":[-6.30728,53.33661]},"properties":{"id":"osm:station/4683372278","mode":"station","name":"Unnamed station"}},{"type":"Feature","geometry":{"type":"Point","coordinates":[-6.39552,53.29351]},"properties":{"id":"osm:station/4683372279","mode":"station","name":"Unnamed station"}},{"type":"Feature","geometry":{"type":"Point","coordinates":[-6.31356,53.33589]},"properties":{"id":"osm:station/4683372280","mode":"station","name":"Unnamed station"}},{"type":"Feature","geometry":{"type":"Point","coordinates":[-6.31808,53.33537]},"properties":{"id":"osm:station/4683372281","mode":"station","name":"Unnamed station"}},{"type":"Feature","geometry":{"type":"Point","coordinates":[-6.32741,53.33425]},"properties":{"id":"osm:station/4683372282","mode":"station","name":"Unnamed station"}},{"type":"Feature","geometry":{"type":"Point","coordinates":[-6.33386,53.32927]},"properties":{"id":"osm:station/4683372283","mode":"station","name":"Unnamed station"}},{"type":"Feature","geometry":{"type":"Point","coordinates":[-6.34355,53.32662]},"properties":{"id":"osm:station/4683372284","mode":"station","name":"Unnamed station"}},{"type":"Feature","geometry":{"type":"Point","coordinates":[-6.3699,53.31685]},"properties":{"id":"osm:station/4683372285","mode":"station","name":"Unnamed station"}},{"type":"Feature","geometry":{"type":"Point","coordinates":[-6.36528,53.30368]},"properties":{"id":"osm:station/4683372286","mode":"station","name":"Unnamed station"}},{"type":"Feature","geometry":{"type":"Point","coordinates":[-6.37531,53.29889]},"properties":{"id":"osm:station/4683372287","mode":"station","name":"Unnamed station"}},{"type":"Feature","geometry":{"type":"Point","coordinates":[-6.40683,53.29097]},"properties":{"id":"osm:station/4683372288","mode":"station","name":"Unnamed station"}},{"type":"Feature","geometry":{"type":"Point","coordinates":[-6.42459,53.28424]},"properties":{"id":"osm:station/4683373589","mode":"station","name":"Unnamed station"}},{"type":"Feature","geometry":{"type":"Point","coordinates":[-6.43773,53.28467]},"properties":{"id":"osm:station/4683373590","mode":"station","name":"Unnamed station"}},{"type":"Feature","geometry":{"type":"Point","coordinates":[-6.20492,53.27768]},"properties":{"id":"osm:station/4683697859","mode":"station","name":"Unnamed station"}},{"type":"Feature","geometry":{"type":"Point","coordinates":[-6.15502,53.2506]},"properties":{"id":"osm:station/4683697860","mode":"station","name":"Unnamed station"}},{"type":"Feature","geometry":{"type":"Point","coordinates":[-6.16996,53.25402]},"properties":{"id":"osm:station/4683697861","mode":"station","name":"Unnamed station"}},{"type":"Feature","geometry":{"type":"Point","coordinates":[-6.18444,53.25501]},"properties":{"id":"osm:station/4683697862","mode":"station","name":"Unnamed station"}},{"type":"Feature","geometry":{"type":"Point","coordinates":[-6.1984,53.25826]},"properties":{"id":"osm:station/4683697863","mode":"station","name":"Unnamed station"}},{"type":"Feature","geometry":{"type":"Point","coordinates":[-6.20595,53.26112]},"properties":{"id":"osm:station/4683697864","mode":"station","name":"Unnamed station"}},{"type":"Feature","geometry":{"type":"Point","coordinates":[-6.21004,53.26629]},"properties":{"id":"osm:station/4683697865","mode":"station","name":"Unnamed station"}},{"type":"Feature","geometry":{"type":"Point","coordinates":[-6.20387,53.27012]},"properties":{"id":"osm:station/4683697866","mode":"station","name":"Unnamed station"}},{"type":"Feature","geometry":{"type":"Point","coordinates":[-6.21019,53.27939]},"properties":{"id":"osm:station/4683697867","mode":"station","name":"Unnamed station"}},{"type":"Feature","geometry":{"type":"Point","coordinates":[-6.22391,53.28299]},"properties":{"id":"osm:station/4683697868","mode":"station","name":"Unnamed station"}},{"type":"Feature","geometry":{"type":"Point","coordinates":[-6.23673,53.28605]},"properties":{"id":"osm:station/4683697869","mode":"station","name":"Unnamed station"}},{"type":"Feature","geometry":{"type":"Point","coordinates":[-6.25074,53.30159]},"properties":{"id":"osm:station/4683697870","mode":"station","name":"Unnamed station"}},{"type":"Feature","geometry":{"type":"Point","coordinates":[-6.25176,53.30991]},"properties":{"id":"osm:station/4683697871","mode":"station","name":"Unnamed station"}},{"type":"Feature","geometry":{"type":"Point","coordinates":[-6.25347,53.31648]},"properties":{"id":"osm:station/4683697872","mode":"station","name":"Unnamed station"}},{"type":"Feature","geometry":{"type":"Point","coordinates":[-6.25467,53.32084]},"properties":{"id":"osm:station/4683697873","mode":"station","name":"Unnamed station"}},{"type":"Feature","geometry":{"type":"Point","coordinates":[-6.25618,53.32628]},"properties":{"id":"osm:station/4683697874","mode":"station","name":"Unnamed station"}},{"type":"Feature","geometry":{"type":"Point","coordinates":[-6.26136,53.33907]},"properties":{"id":"osm:station/4683697875","mode":"station","name":"Unnamed station"}},{"type":"Feature","geometry":{"type":"Point","coordinates":[-6.37536,53.29893]},"properties":{"id":"osm:station/4951245050","mode":"station","name":"Unnamed station"}},{"type":"Feature","geometry":{"type":"Point","coordinates":[-6.29808,53.37234]},"properties":{"id":"osm:station/5290694070","mode":"station","name":"Unnamed station"}},{"type":"Feature","geometry":{"type":"Point","coordinates":[-6.26573,53.35142]},"properties":{"id":"osm:station/5298637240","mode":"station","name":"Unnamed station"}},{"type":"Feature","geometry":{"type":"Point","coordinates":[-6.29809,53.37232]},"properties":{"id":"osm:station/5300294494","mode":"station","name":"Unnamed station"}},{"type":"Feature","geometry":{"type":"Point","coordinates":[-6.13679,53.39154]},"properties":{"id":"osm:station/5403835845","mode":"station","name":"Unnamed station"}},{"type":"Feature","geometry":{"type":"Point","coordinates":[-6.14895,53.4027]},"properties":{"id":"osm:station/5403851242","mode":"station","name":"Unnamed station"}},{"type":"Feature","geometry":{"type":"Point","coordinates":[-6.22686,53.36307]},"properties":{"id":"osm:station/5403851296","mode":"station","name":"Unnamed station"}},{"type":"Feature","geometry":{"type":"Point","coordinates":[-6.23933,53.35067]},"properties":{"id":"osm:station/5403871877","mode":"station","name":"Unnamed station"}},{"type":"Feature","geometry":{"type":"Point","coordinates":[-6.4648,53.41727]},"properties":{"id":"osm:station/5403886243","mode":"station","name":"Unnamed station"}},{"type":"Feature","geometry":{"type":"Point","coordinates":[-6.1924,53.37836]},"properties":{"id":"osm:station/5403904825","mode":"station","name":"Unnamed station"}},{"type":"Feature","geometry":{"type":"Point","coordinates":[-6.17613,53.38161]},"properties":{"id":"osm:station/5519210321","mode":"station","name":"Unnamed station"}},{"type":"Feature","geometry":{"type":"Point","coordinates":[-6.16148,53.38728]},"properties":{"id":"osm:station/5519213828","mode":"station","name":"Unnamed station"}},{"type":"Feature","geometry":{"type":"Point","coordinates":[-6.07437,53.38911]},"properties":{"id":"osm:station/5519218141","mode":"station","name":"Unnamed station"}},{"type":"Feature","geometry":{"type":"Point","coordinates":[-6.15132,53.41766]},"properties":{"id":"osm:station/5519221177","mode":"station","name":"Unnamed station"}},{"type":"Feature","geometry":{"type":"Point","coordinates":[-6.29297,53.3465]},"properties":{"id":"osm:station/6854406241","mode":"station","name":"Unnamed station"}},{"type":"Feature","geometry":{"type":"Point","coordinates":[-6.28178,53.36413]},"properties":{"id":"osm:station/7176331796","mode":"station","name":"Unnamed station"}},{"type":"Feature","geometry":{"type":"Point","coordinates":[-6.2789,53.36043]},"properties":{"id":"osm:station/7176331797","mode":"station","name":"Unnamed station"}},{"type":"Feature","geometry":{"type":"Point","coordinates":[-6.25795,53.34207]},"properties":{"id":"osm:station/7176331798","mode":"station","name":"Unnamed station"}},{"type":"Feature","geometry":{"type":"Point","coordinates":[-6.15242,53.29539]},"properties":{"id":"osm:station/7176421917","mode":"station","name":"Unnamed station"}},{"type":"Feature","geometry":{"type":"Point","coordinates":[-6.22105,53.32793]},"properties":{"id":"osm:station/7176421918","mode":"station","name":"Unnamed station"}},{"type":"Feature","geometry":{"type":"Point","coordinates":[-6.20492,53.3728]},"properties":{"id":"osm:station/7176421919","mode":"station","name":"Unnamed station"}},{"type":"Feature","geometry":{"type":"Point","coordinates":[-6.24846,53.34333]},"properties":{"id":"osm:station/7176421920","mode":"station","name":"Unnamed station"}},{"type":"Feature","geometry":{"type":"Point","coordinates":[-6.22871,53.33377]},"properties":{"id":"osm:station/7176421921","mode":"station","name":"Unnamed station"}},{"type":"Feature","geometry":{"type":"Point","coordinates":[-6.21155,53.32079]},"properties":{"id":"osm:station/7176421922","mode":"station","name":"Unnamed station"}},{"type":"Feature","geometry":{"type":"Point","coordinates":[-6.1952,53.30999]},"properties":{"id":"osm:station/7176421923","mode":"station","name":"Unnamed station"}},{"type":"Feature","geometry":{"type":"Point","coordinates":[-6.1787,53.30284]},"properties":{"id":"osm:station/7176421924","mode":"station","name":"Unnamed station"}},{"type":"Feature","geometry":{"type":"Point","coordinates":[-6.16521,53.29916]},"properties":{"id":"osm:station/7176421925","mode":"station","name":"Unnamed station"}},{"type":"Feature","geometry":{"type":"Point","coordinates":[-6.12716,53.288]},"properties":{"id":"osm:station/7176421926","mode":"station","name":"Unnamed station"}},{"type":"Feature","geometry":{"type":"Point","coordinates":[-6.11608,53.39201]},"properties":{"id":"osm:station/7176421928","mode":"station","name":"Unnamed station"}},{"type":"Feature","geometry":{"type":"Point","coordinates":[-6.15659,53.4507]},"properties":{"id":"osm:station/7176421929","mode":"station","name":"Unnamed station"}},{"type":"Feature","geometry":{"type":"Point","coordinates":[-6.15582,53.39131]},"properties":{"id":"osm:station/7176421930","mode":"station","name":"Unnamed station"}},{"type":"Feature","geometry":{"type":"Point","coordinates":[-6.13474,53.295]},"properties":{"id":"osm:station/7184996489","mode":"station","name":"Unnamed station"}},{"type":"Feature","geometry":{"type":"Point","coordinates":[-6.11304,53.25538]},"properties":{"id":"osm:station/7184996490","mode":"station","name":"Unnamed station"}},{"type":"Feature","geometry":{"type":"Point","coordinates":[-6.11704,53.2367]},"properties":{"id":"osm:station/7184996491","mode":"station","name":"Unnamed station"}},{"type":"Feature","geometry":{"type":"Point","coordinates":[-6.12311,53.28124]},"properties":{"id":"osm:station/7184996492","mode":"station","name":"Unnamed station"}},{"type":"Feature","geometry":{"type":"Point","coordinates":[-6.23819,53.33982]},"properties":{"id":"osm:station/7184996494","mode":"station","name":"Unnamed station"}},{"type":"Feature","geometry":{"type":"Point","coordinates":[-6.29882,53.37262]},"properties":{"id":"osm:station/7198243013","mode":"station","name":"Unnamed station"}},{"type":"Feature","geometry":{"type":"Point","coordinates":[-6.34543,53.37755]},"properties":{"id":"osm:station/7198261238","mode":"station","name":"Unnamed station"}},{"type":"Feature","geometry":{"type":"Point","coordinates":[-6.42319,53.38294]},"properties":{"id":"osm:station/7198309240","mode":"station","name":"Unnamed station"}},{"type":"Feature","geometry":{"type":"Point","coordinates":[-6.33181,53.37541]},"properties":{"id":"osm:station/7198335545","mode":"station","name":"Unnamed station"}},{"type":"Feature","geometry":{"type":"Point","coordinates":[-6.37142,53.38153]},"properties":{"id":"osm:station/7198337979","mode":"station","name":"Unnamed station"}},{"type":"Feature","geometry":{"type":"Point","coordinates":[-6.24714,53.35272]},"properties":{"id":"osm:station/7198337980","mode":"station","name":"Unnamed station"}},{"type":"Feature","geometry":{"type":"Point","coordinates":[-6.39065,53.37769]},"properties":{"id":"osm:station/7198349811","mode":"station","name":"Unnamed station"}},{"type":"Feature","geometry":{"type":"Point","coordinates":[-6.27377,53.35406]},"properties":{"id":"osm:station/8398652317","mode":"station","name":"Unnamed station"}},{"type":"Feature","geometry":{"type":"Point","coordinates":[-6.31428,53.3752]},"properties":{"id":"osm:station/9123967004","mode":"station","name":"Unnamed station"}},{"type":"Feature","geometry":{"type":"Point","coordinates":[-6.25875,53.36309]},"properties":{"id":"osm:station/10800545157","mode":"station","name":"Unnamed station"}},{"type":"Feature","geometry":{"type":"Point","coordinates":[-6.25431,53.34713]},"properties":{"id":"osm:station/10803352579","mode":"station","name":"Unnamed station"}},{"type":"Feature","geometry":{"type":"Point","coordinates":[-6.1034,53.27572]},"properties":{"id":"osm:station/10803390567","mode":"station","name":"Unnamed station"}},{"type":"Feature","geometry":{"type":"Point","coordinates":[-6.11084,53.22176]},"properties":{"id":"osm:station/13062324067","mode":"station","name":"Unnamed station"}}]}