{"type":"FeatureCollection","features":[{"type":"Feature","geometry":{"type":"Point","coordinates":[-6.2563,53.33691]},"properties":{"school_id":"osm:616479730","name":"Loreto College Junior School","level":"secondary","enrolment":592,"projected_new_pupils":30,"pressure_ratio":0.938}},{"type":"Feature","geometry":{"type":"Point","coordinates":[-6.22357,53.33218]},"properties":{"school_id":"osm:1603816530","name":"Walk n' Talk English","level":"primary","enrolment":414,"projected_new_pupils":30,"pressure_ratio":0.958}},{"type":"Feature","geometry":{"type":"Point","coordinates":[-6.26215,53.35358]},"properties":{"school_id":"osm:2103399810","name":"Gaelscoil Choláiste Mhuire","level":"primary","enrolment":547,"projected_new_pupils":7,"pressure_ratio":0.904}},{"type":"Feature","geometry":{"type":"Point","coordinates":[-6.24308,53.36082]},"properties":{"school_id":"osm:3675653527","name":"The Larkin Early Education Service","level":"primary","enrolment":452,"projected_new_pupils":0,"pressure_ratio":0.893}},{"type":"Feature","geometry":{"type":"Point","coordinates":[-6.13751,53.43173]},"properties":{"school_id":"osm:3869168995","name":"H5 computer lab","level":"primary","enrolment":234,"projected_new_pupils":0,"pressure_ratio":0.893}},{"type":"Feature","geometry":{"type":"Point","coordinates":[-6.40288,53.32394]},"properties":{"school_id":"osm:4310122325","name":"Coláiste Chilliain","level":"secondary","enrolment":584,"projected_new_pupils":46,"pressure_ratio":0.963}},{"type":"Feature","geometry":{"type":"Point","coordinates":[-6.40208,53.32351]},"properties":{"school_id":"osm:4310122328","name":"Gaelscoil Chluain Dolcáin","level":"primary","enrolment":372,"projected_new_pupils":38,"pressure_ratio":0.984}},{"type":"Feature","geometry":{"type":"Point","coordinates":[-6.41375,53.32622]},"properties":{"school_id":"osm:4420684271","name":"Talbot Senior National School","level":"primary","enrolment":506,"projected_new_pupils":65,"pressure_ratio":1.008}},{"type":"Feature","geometry":{"type":"Point","coordinates":[-6.413,53.32618]},"properties":{"school_id":"osm:4420684272","name":"Scoil Nano Nagle","level":"primary","enrolment":403,"projected_new_pupils":65,"pressure_ratio":1.037}},{"type":"Feature","geometry":{"type":"Point","coordinates":[-6.27077,53.40106]},"properties":{"school_id":"osm:5262079721","name":"St. Joseph's Senior & Junior Co-ed National School","level":"primary","enrolment":249,"projected_new_pupils":0,"pressure_ratio":0.893}},{"type":"Feature","geometry":{"type":"Point","coordinates":[-6.26478,53.39145]},"properties":{"school_id":"osm:5337558048","name":"Scoil an tSeachtar Laoch","level":"primary","enrolment":376,"projected_new_pupils":0,"pressure_ratio":0.893}},{"type":"Feature","geometry":{"type":"Point","coordinates":[-6.17614,53.27921]},"properties":{"school_id":"osm:5801753353","name":"Lycée Français d'Irlande","level":"primary","enrolment":365,"projected_new_pupils":0,"pressure_ratio":0.893}},{"type":"Feature","geometry":{"type":"Point","coordinates":[-6.27219,53.3392]},"properties":{"school_id":"osm:6223902788","name":"Saint Patrick's Choir School","level":"primary","enrolment":311,"projected_new_pupils":7,"pressure_ratio":0.913}},{"type":"Feature","geometry":{"type":"Point","coordinates":[-6.23945,53.28672]},"properties":{"school_id":"osm:6958681671","name":"Ashfield College","level":"secondary","enrolment":666,"projected_new_pupils":6,"pressure_ratio":0.901}},{"type":"Feature","geometry":{"type":"Point","coordinates":[-6.22601,53.38734]},"properties":{"school_id":"osm:8068766918","name":"St. Fiachra's Junior National School","level":"primary","enrolment":599,"projected_new_pupils":0,"pressure_ratio":0.893}},{"type":"Feature","geometry":{"type":"Point","coordinates":[-6.25612,53.39826]},"properties":{"school_id":"osm:9420801164","name":"Gaelscoil Bhaile Munna","level":"primary","enrolment":231,"projected_new_pupils":0,"pressure_ratio":0.893}},{"type":"Feature","geometry":{"type":"Point","coordinates":[-6.15442,53.28724]},"properties":{"school_id":"osm:10614580122","name":"Dún Laoghaire Educate Together","level":"primary","enrolment":414,"projected_new_pupils":0,"pressure_ratio":0.893}},{"type":"Feature","geometry":{"type":"Point","coordinates":[-6.24965,53.33874]},"properties":{"school_id":"osm:12012352251","name":"Hedley Park Montessori School","level":"primary","enrolment":313,"projected_new_pupils":0,"pressure_ratio":0.893}},{"type":"Feature","geometry":{"type":"Point","coordinates":[-6.2477,53.37144]},"properties":{"school_id":"osm:12260783883","name":"Rosmini Community School","level":"secondary","enrolment":493,"projected_new_pupils":6,"pressure_ratio":0.904}},{"type":"Feature","geometry":{"type":"Point","coordinates":[-6.20454,53.28836]},"properties":{"school_id":"osm:12318441330","name":"Wise Little Owls","level":"primary","enrolment":150,"projected_new_pupils":0,"pressure_ratio":0.893}},{"type":"Feature","geometry":{"type":"Point","coordinates":[-6.26403,53.37329]},"properties":{"school_id":"osm:13127959247","name":"Gaelscoil Áine","level":"primary","enrolment":539,"projected_new_pupils":0,"pressure_ratio":0.893}},{"type":"Feature","geometry":{"type":"Point","coordinates":[-6.19849,53.28838]},"properties":{"school_id":"osm:13570527014","name":"The Dublin Academy of Education","level":"primary","enrolment":526,"projected_new_pupils":0,"pressure_ratio":0.893}},{"type":"Feature","geometry":{"type":"Point","coordinates":[-6.2487,53.34299]},"properties":{"school_id":"osm:13922852201","name":"CBS Westland Row","level":"secondary","enrolment":697,"projected_new_pupils":30,"pressure_ratio":0.931}},{"type":"Feature","geometry":{"type":"Point","coordinates":[-6.38151,53.27735]},"properties":{"school_id":"osm:14161712143","name":"Sacred Heart Senior National School","level":"primary","enrolment":525,"projected_new_pupils":9,"pressure_ratio":0.908}},{"type":"Feature","geometry":{"type":"Point","coordinates":[-6.38314,53.38292]},"properties":{"school_id":"osm:4491082","name":"Saint Francis Xavier National Schools","level":"primary","enrolment":578,"projected_new_pupils":0,"pressure_ratio":0.893}},{"type":"Feature","geometry":{"type":"Point","coordinates":[-6.32835,53.29773]},"properties":{"school_id":"osm:7839824","name":"Saint Mac Dara's Community College","level":"secondary","enrolment":924,"projected_new_pupils":20,"pressure_ratio":0.912}},{"type":"Feature","geometry":{"type":"Point","coordinates":[-6.34901,53.30102]},"properties":{"school_id":"osm:8053294","name":"Coláiste de hÍde","level":"secondary","enrolment":660,"projected_new_pupils":31,"pressure_ratio":0.935}},{"type":"Feature","geometry":{"type":"Point","coordinates":[-6.23986,53.28211]},"properties":{"school_id":"osm:8584472","name":"St Tiernans Community School","level":"secondary","enrolment":466,"projected_new_pupils":6,"pressure_ratio":0.904}},{"type":"Feature","geometry":{"type":"Point","coordinates":[-6.22589,53.27673]},"properties":{"school_id":"osm:8590201","name":"Queen of Angels Primary School","level":"primary","enrolment":242,"projected_new_pupils":0,"pressure_ratio":0.893}},{"type":"Feature","geometry":{"type":"Point","coordinates":[-6.22639,53.28233]},"properties":{"school_id":"osm:8590214","name":"St Olaf's National School","level":"primary","enrolment":170,"projected_new_pupils":0,"pressure_ratio":0.893}},{"type":"Feature","geometry":{"type":"Point","coordinates":[-6.3182,53.29842]},"properties":{"school_id":"osm:9828150","name":"Bishop Galvin National School","level":"primary","enrolment":165,"projected_new_pupils":9,"pressure_ratio":0.942}},{"type":"Feature","geometry":{"type":"Point","coordinates":[-6.31849,53.29802]},"properties":{"school_id":"osm:9828151","name":"Bishop Shanahan National School","level":"primary","enrolment":294,"projected_new_pupils":9,"pressure_ratio":0.92}},{"type":"Feature","geometry":{"type":"Point","coordinates":[-6.33571,53.30738]},"properties":{"school_id":"osm:11842089","name":"Greenhills College","level":"secondary","enrolment":746,"projected_new_pupils":25,"pressure_ratio":0.923}},{"type":"Feature","geometry":{"type":"Point","coordinates":[-6.39746,53.38695]},"properties":{"school_id":"osm:12208787","name":"Scoil Oilibhéir","level":"primary","enrolment":442,"projected_new_pupils":0,"pressure_ratio":0.893}},{"type":"Feature","geometry":{"type":"Point","coordinates":[-6.39592,53.38783]},"properties":{"school_id":"osm:12208794","name":"Coolmine Community School","level":"secondary","enrolment":942,"projected_new_pupils":0,"pressure_ratio":0.893}},{"type":"Feature","geometry":{"type":"Point","coordinates":[-6.12172,53.23614]},"properties":{"school_id":"osm:20654009","name":"Scoil Mhuire","level":"primary","enrolment":503,"projected_new_pupils":0,"pressure_ratio":0.893}},{"type":"Feature","geometry":{"type":"Point","coordinates":[-6.12859,53.23413]},"properties":{"school_id":"osm:21263216","name":"St Anne's National School","level":"primary","enrolment":568,"projected_new_pupils":0,"pressure_ratio":0.893}},{"type":"Feature","geometry":{"type":"Point","coordinates":[-6.20474,53.29186]},"properties":{"school_id":"osm:22484988","name":"Oatlands College","level":"secondary","enrolment":920,"projected_new_pupils":6,"pressure_ratio":0.899}},{"type":"Feature","geometry":{"type":"Point","coordinates":[-6.22497,53.29188]},"properties":{"school_id":"osm:22516182","name":"Mount Anville School","level":"primary","enrolment":299,"projected_new_pupils":23,"pressure_ratio":0.962}},{"type":"Feature","geometry":{"type":"Point","coordinates":[-6.25173,53.2935]},"properties":{"school_id":"osm:22673351","name":"Notre Dame Des Missions","level":"primary","enrolment":254,"projected_new_pupils":23,"pressure_ratio":0.974}},{"type":"Feature","geometry":{"type":"Point","coordinates":[-6.21756,53.28947]},"properties":{"school_id":"osm:22704065","name":"Mount Anville National School","level":"primary","enrolment":569,"projected_new_pupils":0,"pressure_ratio":0.893}},{"type":"Feature","geometry":{"type":"Point","coordinates":[-6.12736,53.23589]},"properties":{"school_id":"osm:22724922","name":"Rathmichael National School","level":"primary","enrolment":200,"projected_new_pupils":0,"pressure_ratio":0.893}},{"type":"Feature","geometry":{"type":"Point","coordinates":[-6.26396,53.29751]},"properties":{"school_id":"osm:22962787","name":"De La Salle College Churchtown","level":"secondary","enrolment":410,"projected_new_pupils":6,"pressure_ratio":0.906}},{"type":"Feature","geometry":{"type":"Point","coordinates":[-6.24125,53.27632]},"properties":{"school_id":"osm:23015925","name":"Wesley College","level":"secondary","enrolment":955,"projected_new_pupils":6,"pressure_ratio":0.898}},{"type":"Feature","geometry":{"type":"Point","coordinates":[-6.21447,53.45808]},"properties":{"school_id":"osm:23386084","name":"Saint Colmcille's National Schools","level":"primary","enrolment":185,"projected_new_pupils":0,"pressure_ratio":0.893}},{"type":"Feature","geometry":{"type":"Point","coordinates":[-6.2844,53.29275]},"properties":{"school_id":"osm:23565039","name":"Loreto High School Beaufort","level":"secondary","enrolment":923,"projected_new_pupils":8,"pressure_ratio":0.901}},{"type":"Feature","geometry":{"type":"Point","coordinates":[-6.28407,53.29503]},"properties":{"school_id":"osm:23565040","name":"Saint Mary's Boys National School","level":"primary","enrolment":592,"projected_new_pupils":0,"pressure_ratio":0.893}},{"type":"Feature","geometry":{"type":"Point","coordinates":[-6.27486,53.29173]},"properties":{"school_id":"osm:23565045","name":"Rathfarnham Educate Together National School","level":"primary","enrolment":269,"projected_new_pupils":0,"pressure_ratio":0.893}},{"type":"Feature","geometry":{"type":"Point","coordinates":[-6.26963,53.31087]},"properties":{"school_id":"osm:23594606","name":"St Peter's School","level":"primary","enrolment":331,"projected_new_pupils":0,"pressure_ratio":0.893}},{"type":"Feature","geometry":{"type":"Point","coordinates":[-6.23774,53.28836]},"properties":{"school_id":"osm:23645985","name":"Taney National School","level":"primary","enrolment":248,"projected_new_pupils":23,"pressure_ratio":0.976}},{"type":"Feature","geometry":{"type":"Point","coordinates":[-6.25006,53.31085]},"properties":{"school_id":"osm:23815465","name":"Alexandra College","level":"secondary","enrolment":555,"projected_new_pupils":6,"pressure_ratio":0.903}},{"type":"Feature","geometry":{"type":"Point","coordinates":[-6.24765,53.31522]},"properties":{"school_id":"osm:23977323","name":"Saint Joseph's Junior Education Centre","level":"primary","enrolment":288,"projected_new_pupils":0,"pressure_ratio":0.893}},{"type":"Feature","geometry":{"type":"Point","coordinates":[-6.24043,53.32812]},"properties":{"school_id":"osm:23977325","name":"Saint Conleth's College","level":"secondary","enrolment":456,"projected_new_pupils":28,"pressure_ratio":0.948}},{"type":"Feature","geometry":{"type":"Point","coordinates":[-6.24488,53.31803]},"properties":{"school_id":"osm:23983784","name":"Milltown Park","level":"primary","enrolment":358,"projected_new_pupils":0,"pressure_ratio":0.893}},{"type":"Feature","geometry":{"type":"Point","coordinates":[-6.25003,53.32205]},"properties":{"school_id":"osm:23983786","name":"Sandford Park School","level":"primary","enrolment":482,"projected_new_pupils":0,"pressure_ratio":0.893}},{"type":"Feature","geometry":{"type":"Point","coordinates":[-6.23564,53.30073]},"properties":{"school_id":"osm:23997652","name":"Our Lady's Grove","level":"primary","enrolment":598,"projected_new_pupils":23,"pressure_ratio":0.927}},{"type":"Feature","geometry":{"type":"Point","coordinates":[-6.22289,53.28442]},"properties":{"school_id":"osm:24003628","name":"St Benildus College","level":"secondary","enrolment":686,"projected_new_pupils":6,"pressure_ratio":0.901}},{"type":"Feature","geometry":{"type":"Point","coordinates":[-6.28878,53.27902]},"properties":{"school_id":"osm:24033774","name":"St Mary's National School","level":"primary","enrolment":269,"projected_new_pupils":0,"pressure_ratio":0.893}},{"type":"Feature","geometry":{"type":"Point","coordinates":[-6.24915,53.30167]},"properties":{"school_id":"osm:24034361","name":"Our Lady's National School","level":"primary","enrolment":407,"projected_new_pupils":23,"pressure_ratio":0.943}},{"type":"Feature","geometry":{"type":"Point","coordinates":[-6.20854,53.44461]},"properties":{"school_id":"osm:25411073","name":"Holywell Educate Together National School","level":"primary","enrolment":312,"projected_new_pupils":0,"pressure_ratio":0.893}},{"type":"Feature","geometry":{"type":"Point","coordinates":[-6.31536,53.27793]},"properties":{"school_id":"osm:25939649","name":"St Colmcille's Community School","level":"secondary","enrolment":688,"projected_new_pupils":34,"pressure_ratio":0.937}},{"type":"Feature","geometry":{"type":"Point","coordinates":[-6.3163,53.28425]},"properties":{"school_id":"osm:25940283","name":"Saint Colmcille's National School","level":"primary","enrolment":207,"projected_new_pupils":0,"pressure_ratio":0.893}},{"type":"Feature","geometry":{"type":"Point","coordinates":[-6.29442,53.28633]},"properties":{"school_id":"osm:25941747","name":"Ballyroan Boys National School","level":"primary","enrolment":466,"projected_new_pupils":0,"pressure_ratio":0.893}},{"type":"Feature","geometry":{"type":"Point","coordinates":[-6.29833,53.28541]},"properties":{"school_id":"osm:25941762","name":"Coláiste Éanna C.B.S.","level":"secondary","enrolment":615,"projected_new_pupils":13,"pressure_ratio":0.912}},{"type":"Feature","geometry":{"type":"Point","coordinates":[-6.34801,53.27267]},"properties":{"school_id":"osm:26163533","name":"Holy Rosary National School","level":"primary","enrolment":366,"projected_new_pupils":26,"pressure_ratio":0.956}},{"type":"Feature","geometry":{"type":"Point","coordinates":[-6.2069,53.28856]},"properties":{"school_id":"osm:26472640","name":"St Laurence O'Toole National School","level":"primary","enrolment":346,"projected_new_pupils":0,"pressure_ratio":0.893}},{"type":"Feature","geometry":{"type":"Point","coordinates":[-6.22934,53.30319]},"properties":{"school_id":"osm:26840629","name":"St. Kilian's German School","level":"primary","enrolment":290,"projected_new_pupils":23,"pressure_ratio":0.964}},{"type":"Feature","geometry":{"type":"Point","coordinates":[-6.2461,53.3856]},"properties":{"school_id":"osm:27205609","name":"Holy Child National School","level":"primary","enrolment":299,"projected_new_pupils":0,"pressure_ratio":0.893}},{"type":"Feature","geometry":{"type":"Point","coordinates":[-6.28296,53.34161]},"properties":{"school_id":"osm:27220217","name":"Saint Catherine's Primary School","level":"primary","enrolment":589,"projected_new_pupils":7,"pressure_ratio":0.903}},{"type":"Feature","geometry":{"type":"Point","coordinates":[-6.2419,53.45218]},"properties":{"school_id":"osm:27395852","name":"Holy Family National School","level":"primary","enrolment":460,"projected_new_pupils":0,"pressure_ratio":0.893}},{"type":"Feature","geometry":{"type":"Point","coordinates":[-6.38747,53.36919]},"properties":{"school_id":"osm:27428580","name":"Saint Patrick's National School, Diswellstown","level":"primary","enrolment":156,"projected_new_pupils":0,"pressure_ratio":0.893}},{"type":"Feature","geometry":{"type":"Point","coordinates":[-6.37774,53.37818]},"properties":{"school_id":"osm:27428622","name":"Scoil Thomáis","level":"primary","enrolment":421,"projected_new_pupils":0,"pressure_ratio":0.893}},{"type":"Feature","geometry":{"type":"Point","coordinates":[-6.39126,53.37183]},"properties":{"school_id":"osm:27428782","name":"Castleknock Community College","level":"secondary","enrolment":771,"projected_new_pupils":0,"pressure_ratio":0.893}},{"type":"Feature","geometry":{"type":"Point","coordinates":[-6.40746,53.39003]},"properties":{"school_id":"osm:27823981","name":"Saint Philip's National Schools","level":"primary","enrolment":179,"projected_new_pupils":0,"pressure_ratio":0.893}},{"type":"Feature","geometry":{"type":"Point","coordinates":[-6.33739,53.28512]},"properties":{"school_id":"osm:28574689","name":"Scoil Carmel National School","level":"primary","enrolment":266,"projected_new_pupils":0,"pressure_ratio":0.893}},{"type":"Feature","geometry":{"type":"Point","coordinates":[-6.24487,53.45385]},"properties":{"school_id":"osm:32228237","name":"Loreto College","level":"secondary","enrolment":874,"projected_new_pupils":0,"pressure_ratio":0.893}},{"type":"Feature","geometry":{"type":"Point","coordinates":[-6.25784,53.32679]},"properties":{"school_id":"osm:32744490","name":"Ranelagh Multi-Denominational School","level":"primary","enrolment":478,"projected_new_pupils":0,"pressure_ratio":0.893}},{"type":"Feature","geometry":{"type":"Point","coordinates":[-6.10039,53.38718]},"properties":{"school_id":"osm:33125876","name":"Santa Sabina Dominican College","level":"secondary","enrolment":671,"projected_new_pupils":0,"pressure_ratio":0.893}},{"type":"Feature","geometry":{"type":"Point","coordinates":[-6.19082,53.3735]},"properties":{"school_id":"osm:33756644","name":"St. Paul's College","level":"secondary","enrolment":464,"projected_new_pupils":0,"pressure_ratio":0.893}},{"type":"Feature","geometry":{"type":"Point","coordinates":[-6.19769,53.36017]},"properties":{"school_id":"osm:33968148","name":"Holy Faith Clontarf","level":"primary","enrolment":438,"projected_new_pupils":0,"pressure_ratio":0.893}},{"type":"Feature","geometry":{"type":"Point","coordinates":[-6.1721,53.37811]},"properties":{"school_id":"osm:34000206","name":"Manor House School","level":"primary","enrolment":279,"projected_new_pupils":0,"pressure_ratio":0.893}},{"type":"Feature","geometry":{"type":"Point","coordinates":[-6.49781,53.37262]},"properties":{"school_id":"osm:35694272","name":"Confey College","level":"secondary","enrolment":761,"projected_new_pupils":33,"pressure_ratio":0.932}},{"type":"Feature","geometry":{"type":"Point","coordinates":[-6.49475,53.36587]},"properties":{"school_id":"osm:35694297","name":"Scoil Chearbhaill Uí Dhálaigh","level":"primary","enrolment":508,"projected_new_pupils":18,"pressure_ratio":0.924}},{"type":"Feature","geometry":{"type":"Point","coordinates":[-6.2266,53.33326]},"properties":{"school_id":"osm:36933600","name":"Marian College","level":"secondary","enrolment":438,"projected_new_pupils":24,"pressure_ratio":0.942}},{"type":"Feature","geometry":{"type":"Point","coordinates":[-6.30744,53.37017]},"properties":{"school_id":"osm:37710530","name":"Saint Catherine's National School","level":"primary","enrolment":434,"projected_new_pupils":0,"pressure_ratio":0.893}},{"type":"Feature","geometry":{"type":"Point","coordinates":[-6.30892,53.37059]},"properties":{"school_id":"osm:37791696","name":"Saint Dominic's College","level":"secondary","enrolment":925,"projected_new_pupils":0,"pressure_ratio":0.893}},{"type":"Feature","geometry":{"type":"Point","coordinates":[-6.36829,53.36903]},"properties":{"school_id":"osm:38553163","name":"Castleknock College","level":"secondary","enrolment":685,"projected_new_pupils":0,"pressure_ratio":0.893}},{"type":"Feature","geometry":{"type":"Point","coordinates":[-6.37104,53.28323]},"properties":{"school_id":"osm:41455651","name":"Old Bawn Community School","level":"secondary","enrolment":845,"projected_new_pupils":37,"pressure_ratio":0.932}},{"type":"Feature","geometry":{"type":"Point","coordinates":[-6.37164,53.27498]},"properties":{"school_id":"osm:41522871","name":"Saint Martin de Porres N.S","level":"primary","enrolment":390,"projected_new_pupils":9,"pressure_ratio":0.913}},{"type":"Feature","geometry":{"type":"Point","coordinates":[-6.36262,53.27772]},"properties":{"school_id":"osm:41522876","name":"Scoil Naomh Maelruan","level":"primary","enrolment":475,"projected_new_pupils":35,"pressure_ratio":0.959}},{"type":"Feature","geometry":{"type":"Point","coordinates":[-6.34742,53.28428]},"properties":{"school_id":"osm:41526255","name":"Scoil Santain","level":"primary","enrolment":439,"projected_new_pupils":19,"pressure_ratio":0.932}},{"type":"Feature","geometry":{"type":"Point","coordinates":[-6.20577,53.28246]},"properties":{"school_id":"osm:42879548","name":"St Raphaela's","level":"primary","enrolment":507,"projected_new_pupils":0,"pressure_ratio":0.893}},{"type":"Feature","geometry":{"type":"Point","coordinates":[-6.39356,53.45064]},"properties":{"school_id":"osm:43720720","name":"Scoil Bhríde, Kilbride","level":"primary","enrolment":252,"projected_new_pupils":0,"pressure_ratio":0.893}},{"type":"Feature","geometry":{"type":"Point","coordinates":[-6.27013,53.32167]},"properties":{"school_id":"osm:44387162","name":"Saint Louis High School","level":"primary","enrolment":207,"projected_new_pupils":0,"pressure_ratio":0.893}},{"type":"Feature","geometry":{"type":"Point","coordinates":[-6.26235,53.31832]},"properties":{"school_id":"osm:44491163","name":"Alexandra College Residence","level":"secondary","enrolment":856,"projected_new_pupils":6,"pressure_ratio":0.899}},{"type":"Feature","geometry":{"type":"Point","coordinates":[-6.26657,53.32723]},"properties":{"school_id":"osm:44582147","name":"Saint Mary's College C.S.Sp.","level":"secondary","enrolment":409,"projected_new_pupils":6,"pressure_ratio":0.906}},{"type":"Feature","geometry":{"type":"Point","coordinates":[-6.44896,53.34736]},"properties":{"school_id":"osm:46427939","name":"Lucan Community College","level":"secondary","enrolment":838,"projected_new_pupils":121,"pressure_ratio":1.022}},{"type":"Feature","geometry":{"type":"Point","coordinates":[-6.43314,53.34133]},"properties":{"school_id":"osm:46769580","name":"Griffeen Valley Educate Together National School","level":"primary","enrolment":278,"projected_new_pupils":44,"pressure_ratio":1.034}},{"type":"Feature","geometry":{"type":"Point","coordinates":[-6.14715,53.38956]},"properties":{"school_id":"osm:47016688","name":"Bayside National School","level":"primary","enrolment":537,"projected_new_pupils":0,"pressure_ratio":0.893}},{"type":"Feature","geometry":{"type":"Point","coordinates":[-6.14891,53.29091]},"properties":{"school_id":"osm:47912637","name":"CBC Monkstown","level":"primary","enrolment":223,"projected_new_pupils":0,"pressure_ratio":0.893}},{"type":"Feature","geometry":{"type":"Point","coordinates":[-6.1381,53.29224]},"properties":{"school_id":"osm:47975915","name":"Dominican Convent","level":"primary","enrolment":374,"projected_new_pupils":0,"pressure_ratio":0.893}},{"type":"Feature","geometry":{"type":"Point","coordinates":[-6.27486,53.36807]},"properties":{"school_id":"osm:48204015","name":"Saint Vincent's Secondary School","level":"secondary","enrolment":791,"projected_new_pupils":6,"pressure_ratio":0.9}},{"type":"Feature","geometry":{"type":"Point","coordinates":[-6.1014,53.28036]},"properties":{"school_id":"osm:49339144","name":"Loreto Primary School","level":"secondary","enrolment":656,"projected_new_pupils":0,"pressure_ratio":0.893}},{"type":"Feature","geometry":{"type":"Point","coordinates":[-6.36623,53.2916]},"properties":{"school_id":"osm:49870835","name":"Dublin West Education Centre","level":"primary","enrolment":426,"projected_new_pupils":30,"pressure_ratio":0.956}},{"type":"Feature","geometry":{"type":"Point","coordinates":[-6.47131,53.41894]},"properties":{"school_id":"osm:50638572","name":"Dunboyne National School","level":"primary","enrolment":542,"projected_new_pupils":140,"pressure_ratio":1.123}},{"type":"Feature","geometry":{"type":"Point","coordinates":[-6.46864,53.41927]},"properties":{"school_id":"osm:50638573","name":"Saint Peter's College","level":"secondary","enrolment":700,"projected_new_pupils":291,"pressure_ratio":1.264}},{"type":"Feature","geometry":{"type":"Point","coordinates":[-6.21717,53.31914]},"properties":{"school_id":"osm:51179789","name":"St Michael's College","level":"secondary","enrolment":977,"projected_new_pupils":24,"pressure_ratio":0.915}},{"type":"Feature","geometry":{"type":"Point","coordinates":[-6.23596,53.45896]},"properties":{"school_id":"osm:51343339","name":"Saint Cronan's National Schools","level":"primary","enrolment":265,"projected_new_pupils":0,"pressure_ratio":0.893}},{"type":"Feature","geometry":{"type":"Point","coordinates":[-6.15377,53.28641]},"properties":{"school_id":"osm:51487552","name":"Holy Family National School","level":"primary","enrolment":349,"projected_new_pupils":0,"pressure_ratio":0.893}},{"type":"Feature","geometry":{"type":"Point","coordinates":[-6.13759,53.43132]},"properties":{"school_id":"osm:51514496","name":"Portmarnock Community School","level":"secondary","enrolment":942,"projected_new_pupils":5,"pressure_ratio":0.898}},{"type":"Feature","geometry":{"type":"Point","coordinates":[-6.1356,53.4393]},"properties":{"school_id":"osm:51516638","name":"St. Helen's National School","level":"primary","enrolment":355,"projected_new_pupils":0,"pressure_ratio":0.893}},{"type":"Feature","geometry":{"type":"Point","coordinates":[-6.26732,53.37269]},"properties":{"school_id":"osm:51547233","name":"Glasnevin National School","level":"primary","enrolment":454,"projected_new_pupils":0,"pressure_ratio":0.893}},{"type":"Feature","geometry":{"type":"Point","coordinates":[-6.16917,53.45411]},"properties":{"school_id":"osm:51707142","name":"Pope John Paul II School","level":"primary","enrolment":194,"projected_new_pupils":0,"pressure_ratio":0.893}},{"type":"Feature","geometry":{"type":"Point","coordinates":[-6.26638,53.32447]},"properties":{"school_id":"osm:51733554","name":"Harcourt Terrace Educate Together National School","level":"primary","enrolment":374,"projected_new_pupils":0,"pressure_ratio":0.893}},{"type":"Feature","geometry":{"type":"Point","coordinates":[-6.2268,53.45224]},"properties":{"school_id":"osm:51832195","name":"Colaiste Choilm Swords","level":"primary","enrolment":540,"projected_new_pupils":0,"pressure_ratio":0.893}},{"type":"Feature","geometry":{"type":"Point","coordinates":[-6.11811,53.39005]},"properties":{"school_id":"osm:51909260","name":"St Fintan's High School","level":"primary","enrolment":358,"projected_new_pupils":0,"pressure_ratio":0.893}},{"type":"Feature","geometry":{"type":"Point","coordinates":[-6.31789,53.33022]},"properties":{"school_id":"osm:52067552","name":"Our Lady of Good Counsel School","level":"primary","enrolment":444,"projected_new_pupils":12,"pressure_ratio":0.917}},{"type":"Feature","geometry":{"type":"Point","coordinates":[-6.40589,53.35277]},"properties":{"school_id":"osm:52117339","name":"Saint Kevins Community College","level":"secondary","enrolment":801,"projected_new_pupils":40,"pressure_ratio":0.937}},{"type":"Feature","geometry":{"type":"Point","coordinates":[-6.11479,53.25213]},"properties":{"school_id":"osm:52172979","name":"Holy Child Killiney Girls School","level":"primary","enrolment":468,"projected_new_pupils":0,"pressure_ratio":0.893}},{"type":"Feature","geometry":{"type":"Point","coordinates":[-6.0954,53.3806]},"properties":{"school_id":"osm:52175969","name":"St Fintan's National School","level":"primary","enrolment":592,"projected_new_pupils":0,"pressure_ratio":0.893}},{"type":"Feature","geometry":{"type":"Point","coordinates":[-6.09347,53.37673]},"properties":{"school_id":"osm:52249534","name":"Sutton Park School","level":"primary","enrolment":553,"projected_new_pupils":0,"pressure_ratio":0.893}},{"type":"Feature","geometry":{"type":"Point","coordinates":[-6.15284,53.43854]},"properties":{"school_id":"osm:52358555","name":"Malahide Community School","level":"secondary","enrolment":810,"projected_new_pupils":5,"pressure_ratio":0.898}},{"type":"Feature","geometry":{"type":"Point","coordinates":[-6.13788,53.27641]},"properties":{"school_id":"osm:52577033","name":"Saint Kevins Primary School","level":"primary","enrolment":453,"projected_new_pupils":0,"pressure_ratio":0.893}},{"type":"Feature","geometry":{"type":"Point","coordinates":[-6.48724,53.37055]},"properties":{"school_id":"osm:52586451","name":"Scoil San Carlo (Junior)","level":"primary","enrolment":159,"projected_new_pupils":18,"pressure_ratio":0.994}},{"type":"Feature","geometry":{"type":"Point","coordinates":[-6.4884,53.37031]},"properties":{"school_id":"osm:52586454","name":"Scoil San Carlo (Senior)","level":"primary","enrolment":381,"projected_new_pupils":18,"pressure_ratio":0.935}},{"type":"Feature","geometry":{"type":"Point","coordinates":[-6.1335,53.27503]},"properties":{"school_id":"osm:52674370","name":"Dalkey School Project National School","level":"primary","enrolment":504,"projected_new_pupils":0,"pressure_ratio":0.893}},{"type":"Feature","geometry":{"type":"Point","coordinates":[-6.22411,53.46535]},"properties":{"school_id":"osm:52825446","name":"Saint Finian's Community College","level":"secondary","enrolment":748,"projected_new_pupils":0,"pressure_ratio":0.893}},{"type":"Feature","geometry":{"type":"Point","coordinates":[-6.37165,53.30574]},"properties":{"school_id":"osm:53115553","name":"Kingswood Community College","level":"secondary","enrolment":531,"projected_new_pupils":32,"pressure_ratio":0.947}},{"type":"Feature","geometry":{"type":"Point","coordinates":[-6.12689,53.24704]},"properties":{"school_id":"osm:53348949","name":"Saint Columbanus National School","level":"primary","enrolment":232,"projected_new_pupils":16,"pressure_ratio":0.954}},{"type":"Feature","geometry":{"type":"Point","coordinates":[-6.14642,53.26233]},"properties":{"school_id":"osm:53361665","name":"Cabinteely Community School","level":"secondary","enrolment":449,"projected_new_pupils":13,"pressure_ratio":0.919}},{"type":"Feature","geometry":{"type":"Point","coordinates":[-6.1386,53.26434]},"properties":{"school_id":"osm:53361676","name":"Our Lady of Good Counsel Schools","level":"primary","enrolment":179,"projected_new_pupils":12,"pressure_ratio":0.953}},{"type":"Feature","geometry":{"type":"Point","coordinates":[-6.26163,53.2823]},"properties":{"school_id":"osm:53780556","name":"Scoil Naithí","level":"primary","enrolment":272,"projected_new_pupils":0,"pressure_ratio":0.893}},{"type":"Feature","geometry":{"type":"Point","coordinates":[-6.13127,53.29201]},"properties":{"school_id":"osm:53799445","name":"St. Nicholas Montessori","level":"primary","enrolment":371,"projected_new_pupils":0,"pressure_ratio":0.893}},{"type":"Feature","geometry":{"type":"Point","coordinates":[-6.17695,53.27305]},"properties":{"school_id":"osm:54242896","name":"Loreto College Foxrock","level":"secondary","enrolment":414,"projected_new_pupils":4,"pressure_ratio":0.901}},{"type":"Feature","geometry":{"type":"Point","coordinates":[-6.38563,53.29823]},"properties":{"school_id":"osm:54774070","name":"Solas Chríost National School","level":"primary","enrolment":458,"projected_new_pupils":7,"pressure_ratio":0.907}},{"type":"Feature","geometry":{"type":"Point","coordinates":[-6.19239,53.30472]},"properties":{"school_id":"osm:54850837","name":"Blackrock College","level":"secondary","enrolment":596,"projected_new_pupils":0,"pressure_ratio":0.893}},{"type":"Feature","geometry":{"type":"Point","coordinates":[-6.22952,53.26426]},"properties":{"school_id":"osm:55239670","name":"Saint Mary's National School","level":"primary","enrolment":172,"projected_new_pupils":0,"pressure_ratio":0.893}},{"type":"Feature","geometry":{"type":"Point","coordinates":[-6.37967,53.4017]},"properties":{"school_id":"osm:55384051","name":"Rath Dara Community College","level":"secondary","enrolment":728,"projected_new_pupils":0,"pressure_ratio":0.893}},{"type":"Feature","geometry":{"type":"Point","coordinates":[-6.2622,53.37365]},"properties":{"school_id":"osm:56007678","name":"Scoil Chaitríona","level":"primary","enrolment":348,"projected_new_pupils":0,"pressure_ratio":0.893}},{"type":"Feature","geometry":{"type":"Point","coordinates":[-6.33949,53.29434]},"properties":{"school_id":"osm:57706549","name":"Tallaght Community School","level":"secondary","enrolment":463,"projected_new_pupils":35,"pressure_ratio":0.96}},{"type":"Feature","geometry":{"type":"Point","coordinates":[-6.34034,53.29512]},"properties":{"school_id":"osm:57706554","name":"Saint Joseph's Special School","level":"primary","enrolment":280,"projected_new_pupils":14,"pressure_ratio":0.937}},{"type":"Feature","geometry":{"type":"Point","coordinates":[-6.34718,53.29905]},"properties":{"school_id":"osm:57706556","name":"Scoil Iosa","level":"primary","enrolment":154,"projected_new_pupils":14,"pressure_ratio":0.974}},{"type":"Feature","geometry":{"type":"Point","coordinates":[-6.3455,53.29283]},"properties":{"school_id":"osm:57706558","name":"Scoil Aonghusa","level":"primary","enrolment":411,"projected_new_pupils":14,"pressure_ratio":0.923}},{"type":"Feature","geometry":{"type":"Point","coordinates":[-6.40294,53.39589]},"properties":{"school_id":"osm:57805541","name":"Blakestown Community School","level":"secondary","enrolment":405,"projected_new_pupils":0,"pressure_ratio":0.893}},{"type":"Feature","geometry":{"type":"Point","coordinates":[-6.16499,53.29659]},"properties":{"school_id":"osm:58095321","name":"Scoil Lorcáin","level":"primary","enrolment":206,"projected_new_pupils":0,"pressure_ratio":0.893}},{"type":"Feature","geometry":{"type":"Point","coordinates":[-6.1089,53.28337]},"properties":{"school_id":"osm:58408286","name":"Castle Park School","level":"primary","enrolment":342,"projected_new_pupils":0,"pressure_ratio":0.893}},{"type":"Feature","geometry":{"type":"Point","coordinates":[-6.46678,53.3514]},"properties":{"school_id":"osm:58698009","name":"Scoil Mhuire","level":"primary","enrolment":566,"projected_new_pupils":141,"pressure_ratio":1.115}},{"type":"Feature","geometry":{"type":"Point","coordinates":[-6.20486,53.30195]},"properties":{"school_id":"osm:60205313","name":"Coláiste Eoin / Coláiste Íosagáin","level":"secondary","enrolment":511,"projected_new_pupils":6,"pressure_ratio":0.903}},{"type":"Feature","geometry":{"type":"Point","coordinates":[-6.20026,53.24277]},"properties":{"school_id":"osm:60798865","name":"Kilternan Church of Ireland National School","level":"primary","enrolment":193,"projected_new_pupils":0,"pressure_ratio":0.893}},{"type":"Feature","geometry":{"type":"Point","coordinates":[-6.19564,53.23574]},"properties":{"school_id":"osm:60798874","name":"Our Lady of the Wayside National School","level":"primary","enrolment":372,"projected_new_pupils":0,"pressure_ratio":0.893}},{"type":"Feature","geometry":{"type":"Point","coordinates":[-6.28577,53.31709]},"properties":{"school_id":"osm:61786712","name":"Harolds Cross Primary School / Scoil Mológa","level":"primary","enrolment":280,"projected_new_pupils":0,"pressure_ratio":0.893}},{"type":"Feature","geometry":{"type":"Point","coordinates":[-6.29933,53.26878]},"properties":{"school_id":"osm:63799813","name":"Edmondstown National School","level":"primary","enrolment":524,"projected_new_pupils":33,"pressure_ratio":0.949}},{"type":"Feature","geometry":{"type":"Point","coordinates":[-6.17481,53.42093]},"properties":{"school_id":"osm:68233669","name":"Saint Nicholas of Myra National School","level":"primary","enrolment":509,"projected_new_pupils":0,"pressure_ratio":0.893}},{"type":"Feature","geometry":{"type":"Point","coordinates":[-6.20019,53.44677]},"properties":{"school_id":"osm:68451820","name":"Scoil an Duinnínigh","level":"primary","enrolment":513,"projected_new_pupils":0,"pressure_ratio":0.893}},{"type":"Feature","geometry":{"type":"Point","coordinates":[-6.22043,53.36855]},"properties":{"school_id":"osm:70799689","name":"Mount Temple Comprehensive School","level":"secondary","enrolment":895,"projected_new_pupils":6,"pressure_ratio":0.899}},{"type":"Feature","geometry":{"type":"Point","coordinates":[-6.37603,53.34839]},"properties":{"school_id":"osm:71330738","name":"Pobalscoil Iosolde - Palmerstown Community School","level":"secondary","enrolment":485,"projected_new_pupils":19,"pressure_ratio":0.928}},{"type":"Feature","geometry":{"type":"Point","coordinates":[-6.3697,53.35204]},"properties":{"school_id":"osm:71330740","name":"St Bridget's Girls' National School","level":"primary","enrolment":577,"projected_new_pupils":0,"pressure_ratio":0.893}},{"type":"Feature","geometry":{"type":"Point","coordinates":[-6.36854,53.35257]},"properties":{"school_id":"osm:71418387","name":"St Lorcan's Boys' National School","level":"primary","enrolment":407,"projected_new_pupils":0,"pressure_ratio":0.893}},{"type":"Feature","geometry":{"type":"Point","coordinates":[-6.24927,53.31656]},"properties":{"school_id":"osm:71811845","name":"Gonzaga College","level":"secondary","enrolment":723,"projected_new_pupils":6,"pressure_ratio":0.9}},{"type":"Feature","geometry":{"type":"Point","coordinates":[-6.37228,53.38917]},"properties":{"school_id":"osm:72472891","name":"Edmund Rice College","level":"secondary","enrolment":713,"projected_new_pupils":0,"pressure_ratio":0.893}},{"type":"Feature","geometry":{"type":"Point","coordinates":[-6.3622,53.37411]},"properties":{"school_id":"osm:72693714","name":"Castleknock National School","level":"primary","enrolment":338,"projected_new_pupils":0,"pressure_ratio":0.893}},{"type":"Feature","geometry":{"type":"Point","coordinates":[-6.36203,53.37511]},"properties":{"school_id":"osm:72693717","name":"Saint Brigid's National School","level":"primary","enrolment":206,"projected_new_pupils":0,"pressure_ratio":0.893}},{"type":"Feature","geometry":{"type":"Point","coordinates":[-6.44223,53.36025]},"properties":{"school_id":"osm:73496957","name":"St. Mary's BNS","level":"primary","enrolment":339,"projected_new_pupils":0,"pressure_ratio":0.893}},{"type":"Feature","geometry":{"type":"Point","coordinates":[-6.37328,53.38443]},"properties":{"school_id":"osm:73575270","name":"Saint Brigid's National Schools","level":"primary","enrolment":499,"projected_new_pupils":0,"pressure_ratio":0.893}},{"type":"Feature","geometry":{"type":"Point","coordinates":[-6.3576,53.24543]},"properties":{"school_id":"osm:77817065","name":"Glenasmole National School","level":"primary","enrolment":471,"projected_new_pupils":0,"pressure_ratio":0.893}},{"type":"Feature","geometry":{"type":"Point","coordinates":[-6.16372,53.44971]},"properties":{"school_id":"osm:80955955","name":"Saint Sylvesters Infant School","level":"primary","enrolment":557,"projected_new_pupils":0,"pressure_ratio":0.893}},{"type":"Feature","geometry":{"type":"Point","coordinates":[-6.44271,53.39354]},"properties":{"school_id":"osm:81604318","name":"Castaheany Educate Together National School","level":"primary","enrolment":172,"projected_new_pupils":0,"pressure_ratio":0.893}},{"type":"Feature","geometry":{"type":"Point","coordinates":[-6.44047,53.39334]},"properties":{"school_id":"osm:81604352","name":"St. Benedict's National School","level":"primary","enrolment":415,"projected_new_pupils":0,"pressure_ratio":0.893}},{"type":"Feature","geometry":{"type":"Point","coordinates":[-6.41571,53.34051]},"properties":{"school_id":"osm:81796961","name":"Archbishop Ryan National School","level":"primary","enrolment":294,"projected_new_pupils":61,"pressure_ratio":1.078}},{"type":"Feature","geometry":{"type":"Point","coordinates":[-6.40502,53.38191]},"properties":{"school_id":"osm:82236066","name":"Saint Mochta's National School","level":"primary","enrolment":580,"projected_new_pupils":0,"pressure_ratio":0.893}},{"type":"Feature","geometry":{"type":"Point","coordinates":[-6.19634,53.28517]},"properties":{"school_id":"osm:84895290","name":"St Brigid's National School","level":"primary","enrolment":325,"projected_new_pupils":0,"pressure_ratio":0.893}},{"type":"Feature","geometry":{"type":"Point","coordinates":[-6.17247,53.28931]},"properties":{"school_id":"osm:84901246","name":"Newpark Comprehensive Secondary School","level":"secondary","enrolment":499,"projected_new_pupils":0,"pressure_ratio":0.893}},{"type":"Feature","geometry":{"type":"Point","coordinates":[-6.18855,53.25645]},"properties":{"school_id":"osm:89663349","name":"Gaelscoil Shliabh Rua","level":"primary","enrolment":576,"projected_new_pupils":0,"pressure_ratio":0.893}},{"type":"Feature","geometry":{"type":"Point","coordinates":[-6.19651,53.2621]},"properties":{"school_id":"osm:89663428","name":"Holy Trinity National School","level":"primary","enrolment":239,"projected_new_pupils":0,"pressure_ratio":0.893}},{"type":"Feature","geometry":{"type":"Point","coordinates":[-6.16131,53.26132]},"properties":{"school_id":"osm:93268056","name":"Saint Brigid's Girls National School","level":"primary","enrolment":455,"projected_new_pupils":12,"pressure_ratio":0.916}},{"type":"Feature","geometry":{"type":"Point","coordinates":[-6.43699,53.39745]},"properties":{"school_id":"osm:97219818","name":"Scoil Gráinne","level":"primary","enrolment":484,"projected_new_pupils":0,"pressure_ratio":0.893}},{"type":"Feature","geometry":{"type":"Point","coordinates":[-6.13766,53.398]},"properties":{"school_id":"osm:100167814","name":"St Laurence's Junior National School","level":"primary","enrolment":237,"projected_new_pupils":0,"pressure_ratio":0.893}},{"type":"Feature","geometry":{"type":"Point","coordinates":[-6.21512,53.25993]},"properties":{"school_id":"osm:103284064","name":"Gaelscoil Thaobh Na Coille","level":"primary","enrolment":427,"projected_new_pupils":0,"pressure_ratio":0.893}},{"type":"Feature","geometry":{"type":"Point","coordinates":[-6.27191,53.2658]},"properties":{"school_id":"osm:103655346","name":"Saint Columba's College","level":"secondary","enrolment":430,"projected_new_pupils":0,"pressure_ratio":0.893}},{"type":"Feature","geometry":{"type":"Point","coordinates":[-6.29686,53.3003]},"properties":{"school_id":"osm:106056167","name":"Our Lady's Secondary School","level":"secondary","enrolment":561,"projected_new_pupils":1,"pressure_ratio":0.894}},{"type":"Feature","geometry":{"type":"Point","coordinates":[-6.12444,53.24832]},"properties":{"school_id":"osm:106398472","name":"Scoil Phadraig","level":"primary","enrolment":284,"projected_new_pupils":0,"pressure_ratio":0.893}},{"type":"Feature","geometry":{"type":"Point","coordinates":[-6.12833,53.25613]},"properties":{"school_id":"osm:106450395","name":"St John's National School","level":"primary","enrolment":382,"projected_new_pupils":0,"pressure_ratio":0.893}},{"type":"Feature","geometry":{"type":"Point","coordinates":[-6.1346,53.25458]},"properties":{"school_id":"osm:106649058","name":"Scoil Cholmcille","level":"primary","enrolment":527,"projected_new_pupils":27,"pressure_ratio":0.939}},{"type":"Feature","geometry":{"type":"Point","coordinates":[-6.38938,53.41443]},"properties":{"school_id":"osm:106926737","name":"Gaelscoil an Chuilinn","level":"primary","enrolment":322,"projected_new_pupils":0,"pressure_ratio":0.893}},{"type":"Feature","geometry":{"type":"Point","coordinates":[-6.39165,53.41449]},"properties":{"school_id":"osm:106926739","name":"Powerstown Educate Together National School","level":"primary","enrolment":405,"projected_new_pupils":0,"pressure_ratio":0.893}},{"type":"Feature","geometry":{"type":"Point","coordinates":[-6.42547,53.35124]},"properties":{"school_id":"osm:110776101","name":"Lucan Educate Together National School","level":"primary","enrolment":541,"projected_new_pupils":0,"pressure_ratio":0.893}},{"type":"Feature","geometry":{"type":"Point","coordinates":[-6.46113,53.33637]},"properties":{"school_id":"osm:110801123","name":"Saint John the Evangelist National School","level":"primary","enrolment":382,"projected_new_pupils":128,"pressure_ratio":1.192}},{"type":"Feature","geometry":{"type":"Point","coordinates":[-6.39682,53.34124]},"properties":{"school_id":"osm:111218825","name":"Collinstown Park Community College","level":"secondary","enrolment":534,"projected_new_pupils":46,"pressure_ratio":0.97}},{"type":"Feature","geometry":{"type":"Point","coordinates":[-6.44897,53.34921]},"properties":{"school_id":"osm:111243909","name":"Scoil Áine Naofa","level":"primary","enrolment":364,"projected_new_pupils":6,"pressure_ratio":0.908}},{"type":"Feature","geometry":{"type":"Point","coordinates":[-6.24166,53.3223]},"properties":{"school_id":"osm:112791879","name":"Muckross Park College","level":"secondary","enrolment":796,"projected_new_pupils":30,"pressure_ratio":0.927}},{"type":"Feature","geometry":{"type":"Point","coordinates":[-6.22864,53.31525]},"properties":{"school_id":"osm:115104368","name":"The Teresian School","level":"primary","enrolment":575,"projected_new_pupils":0,"pressure_ratio":0.893}},{"type":"Feature","geometry":{"type":"Point","coordinates":[-6.11541,53.26943]},"properties":{"school_id":"osm:115883741","name":"Glenageary Killiney National School","level":"primary","enrolment":585,"projected_new_pupils":0,"pressure_ratio":0.893}},{"type":"Feature","geometry":{"type":"Point","coordinates":[-6.2004,53.30637]},"properties":{"school_id":"osm:116697754","name":"Saint Andrew's College","level":"secondary","enrolment":710,"projected_new_pupils":6,"pressure_ratio":0.9}},{"type":"Feature","geometry":{"type":"Point","coordinates":[-6.27359,53.30601]},"properties":{"school_id":"osm:116718080","name":"The High School Dublin","level":"primary","enrolment":177,"projected_new_pupils":0,"pressure_ratio":0.893}},{"type":"Feature","geometry":{"type":"Point","coordinates":[-6.29651,53.3051]},"properties":{"school_id":"osm:119046747","name":"Terenure College","level":"secondary","enrolment":946,"projected_new_pupils":7,"pressure_ratio":0.899}},{"type":"Feature","geometry":{"type":"Point","coordinates":[-6.24806,53.32087]},"properties":{"school_id":"osm:119460273","name":"Sandford Parish National School","level":"primary","enrolment":591,"projected_new_pupils":0,"pressure_ratio":0.893}},{"type":"Feature","geometry":{"type":"Point","coordinates":[-6.33539,53.3255]},"properties":{"school_id":"osm:119895891","name":"Drimnagh Castle Secondary School","level":"secondary","enrolment":436,"projected_new_pupils":14,"pressure_ratio":0.922}},{"type":"Feature","geometry":{"type":"Point","coordinates":[-6.41573,53.39612]},"properties":{"school_id":"osm:121284657","name":"Hartstown Community School","level":"secondary","enrolment":420,"projected_new_pupils":0,"pressure_ratio":0.893}},{"type":"Feature","geometry":{"type":"Point","coordinates":[-6.22547,53.34344]},"properties":{"school_id":"osm:121392322","name":"Saint Patrick's Girls National School","level":"primary","enrolment":368,"projected_new_pupils":48,"pressure_ratio":1.009}},{"type":"Feature","geometry":{"type":"Point","coordinates":[-6.33251,53.3231]},"properties":{"school_id":"osm:122817901","name":"Assumption Primary School","level":"primary","enrolment":167,"projected_new_pupils":57,"pressure_ratio":1.198}},{"type":"Feature","geometry":{"type":"Point","coordinates":[-6.3316,53.32226]},"properties":{"school_id":"osm:122817902","name":"Assumption Secondary School","level":"secondary","enrolment":902,"projected_new_pupils":15,"pressure_ratio":0.908}},{"type":"Feature","geometry":{"type":"Point","coordinates":[-6.39184,53.28262]},"properties":{"school_id":"osm:123090923","name":"Saint Maelruans National School","level":"primary","enrolment":272,"projected_new_pupils":4,"pressure_ratio":0.906}},{"type":"Feature","geometry":{"type":"Point","coordinates":[-6.41097,53.27896]},"properties":{"school_id":"osm:124180540","name":"Mount Seskin Community College","level":"secondary","enrolment":970,"projected_new_pupils":98,"pressure_ratio":0.983}},{"type":"Feature","geometry":{"type":"Point","coordinates":[-6.24931,53.37371]},"properties":{"school_id":"osm:126264333","name":"Dominican College of Eccles Street","level":"secondary","enrolment":612,"projected_new_pupils":0,"pressure_ratio":0.893}},{"type":"Feature","geometry":{"type":"Point","coordinates":[-6.16314,53.28692]},"properties":{"school_id":"osm:128516758","name":"Rockford Manor Secondary School","level":"secondary","enrolment":557,"projected_new_pupils":0,"pressure_ratio":0.893}},{"type":"Feature","geometry":{"type":"Point","coordinates":[-6.389,53.29145]},"properties":{"school_id":"osm:128974705","name":"Saint Mark's Community School","level":"secondary","enrolment":533,"projected_new_pupils":32,"pressure_ratio":0.946}},{"type":"Feature","geometry":{"type":"Point","coordinates":[-6.38772,53.28705]},"properties":{"school_id":"osm:128974706","name":"Saint Mark's National School","level":"primary","enrolment":368,"projected_new_pupils":16,"pressure_ratio":0.932}},{"type":"Feature","geometry":{"type":"Point","coordinates":[-6.39215,53.2759]},"properties":{"school_id":"osm:128974707","name":"Cnoc Mhuire National School","level":"primary","enrolment":468,"projected_new_pupils":4,"pressure_ratio":0.9}},{"type":"Feature","geometry":{"type":"Point","coordinates":[-6.18246,53.29714]},"properties":{"school_id":"osm:129207210","name":"Carysfort National School","level":"primary","enrolment":488,"projected_new_pupils":0,"pressure_ratio":0.893}},{"type":"Feature","geometry":{"type":"Point","coordinates":[-6.21178,53.32782]},"properties":{"school_id":"osm:129211845","name":"Scoil Mhuire Girls National School, Lakelands","level":"primary","enrolment":439,"projected_new_pupils":30,"pressure_ratio":0.954}},{"type":"Feature","geometry":{"type":"Point","coordinates":[-6.45208,53.23498]},"properties":{"school_id":"osm:129744251","name":"Martin’s National School","level":"primary","enrolment":366,"projected_new_pupils":0,"pressure_ratio":0.893}},{"type":"Feature","geometry":{"type":"Point","coordinates":[-6.29638,53.32944]},"properties":{"school_id":"osm:129750591","name":"Loreto College","level":"secondary","enrolment":820,"projected_new_pupils":10,"pressure_ratio":0.904}},{"type":"Feature","geometry":{"type":"Point","coordinates":[-6.21708,53.38285]},"properties":{"school_id":"osm:129924277","name":"Artane School of Music","level":"primary","enrolment":232,"projected_new_pupils":0,"pressure_ratio":0.893}},{"type":"Feature","geometry":{"type":"Point","coordinates":[-6.21611,53.38044]},"properties":{"school_id":"osm:129924309","name":"St David's CBS","level":"secondary","enrolment":451,"projected_new_pupils":0,"pressure_ratio":0.893}},{"type":"Feature","geometry":{"type":"Point","coordinates":[-6.20182,53.37889]},"properties":{"school_id":"osm:129924315","name":"Saint Mary's Holy Faith","level":"primary","enrolment":577,"projected_new_pupils":0,"pressure_ratio":0.893}},{"type":"Feature","geometry":{"type":"Point","coordinates":[-6.26327,53.36687]},"properties":{"school_id":"osm:130281588","name":"St Columba's School","level":"primary","enrolment":239,"projected_new_pupils":0,"pressure_ratio":0.893}},{"type":"Feature","geometry":{"type":"Point","coordinates":[-6.35755,53.36051]},"properties":{"school_id":"osm:131450162","name":"Mount Sackville Secondary School","level":"secondary","enrolment":432,"projected_new_pupils":0,"pressure_ratio":0.893}},{"type":"Feature","geometry":{"type":"Point","coordinates":[-6.26343,53.37365]},"properties":{"school_id":"osm:131755104","name":"Scoil Mobhi","level":"primary","enrolment":500,"projected_new_pupils":0,"pressure_ratio":0.893}},{"type":"Feature","geometry":{"type":"Point","coordinates":[-6.2573,53.37506]},"properties":{"school_id":"osm:132426687","name":"Corpus Christi National Schools","level":"primary","enrolment":403,"projected_new_pupils":0,"pressure_ratio":0.893}},{"type":"Feature","geometry":{"type":"Point","coordinates":[-6.26816,53.38192]},"properties":{"school_id":"osm:132547431","name":"North Dublin National School Project","level":"primary","enrolment":167,"projected_new_pupils":0,"pressure_ratio":0.893}},{"type":"Feature","geometry":{"type":"Point","coordinates":[-6.25199,53.38354]},"properties":{"school_id":"osm:132764334","name":"Saint Aidans CBS","level":"secondary","enrolment":638,"projected_new_pupils":0,"pressure_ratio":0.893}},{"type":"Feature","geometry":{"type":"Point","coordinates":[-6.10379,53.27846]},"properties":{"school_id":"osm:133729936","name":"Harold Boys National School Dalkey","level":"primary","enrolment":317,"projected_new_pupils":0,"pressure_ratio":0.893}},{"type":"Feature","geometry":{"type":"Point","coordinates":[-6.10364,53.28121]},"properties":{"school_id":"osm:133729938","name":"St Patrick's National School","level":"primary","enrolment":358,"projected_new_pupils":0,"pressure_ratio":0.893}},{"type":"Feature","geometry":{"type":"Point","coordinates":[-6.32835,53.30526]},"properties":{"school_id":"osm:136754300","name":"Riverview Educate Together National School","level":"primary","enrolment":241,"projected_new_pupils":32,"pressure_ratio":1.011}},{"type":"Feature","geometry":{"type":"Point","coordinates":[-6.32877,53.3084]},"properties":{"school_id":"osm:136754644","name":"Holy Spirit Primary School","level":"primary","enrolment":529,"projected_new_pupils":24,"pressure_ratio":0.933}},{"type":"Feature","geometry":{"type":"Point","coordinates":[-6.16933,53.26903]},"properties":{"school_id":"osm:137929830","name":"Saint Brigid's Boys National School","level":"primary","enrolment":352,"projected_new_pupils":0,"pressure_ratio":0.893}},{"type":"Feature","geometry":{"type":"Point","coordinates":[-6.15603,53.26875]},"properties":{"school_id":"osm:137931866","name":"Clonkeen College","level":"secondary","enrolment":910,"projected_new_pupils":13,"pressure_ratio":0.906}},{"type":"Feature","geometry":{"type":"Point","coordinates":[-6.18178,53.28838]},"properties":{"school_id":"osm:138112403","name":"St Augustine's School","level":"primary","enrolment":439,"projected_new_pupils":0,"pressure_ratio":0.893}},{"type":"Feature","geometry":{"type":"Point","coordinates":[-6.20504,53.28923]},"properties":{"school_id":"osm:138304659","name":"The Children's House","level":"primary","enrolment":247,"projected_new_pupils":0,"pressure_ratio":0.893}},{"type":"Feature","geometry":{"type":"Point","coordinates":[-6.29001,53.38755]},"properties":{"school_id":"osm:139562543","name":"Gaelscoil Uí Earcáin","level":"primary","enrolment":452,"projected_new_pupils":0,"pressure_ratio":0.893}},{"type":"Feature","geometry":{"type":"Point","coordinates":[-6.21725,53.38578]},"properties":{"school_id":"osm:139589328","name":"Saint Davids Boys' National School","level":"primary","enrolment":283,"projected_new_pupils":0,"pressure_ratio":0.893}},{"type":"Feature","geometry":{"type":"Point","coordinates":[-6.13155,53.39227]},"properties":{"school_id":"osm:139627650","name":"Saint Nessan's Community School","level":"secondary","enrolment":925,"projected_new_pupils":5,"pressure_ratio":0.898}},{"type":"Feature","geometry":{"type":"Point","coordinates":[-6.13452,53.4222]},"properties":{"school_id":"osm:140309358","name":"Saint Marnock's National School","level":"primary","enrolment":440,"projected_new_pupils":39,"pressure_ratio":0.972}},{"type":"Feature","geometry":{"type":"Point","coordinates":[-6.21469,53.45851]},"properties":{"school_id":"osm:146228944","name":"Saint Colmcille's Boys' National School","level":"primary","enrolment":223,"projected_new_pupils":0,"pressure_ratio":0.893}},{"type":"Feature","geometry":{"type":"Point","coordinates":[-6.34334,53.3485]},"properties":{"school_id":"osm:156355094","name":"St Patrick's National School","level":"primary","enrolment":477,"projected_new_pupils":0,"pressure_ratio":0.893}},{"type":"Feature","geometry":{"type":"Point","coordinates":[-6.23836,53.36459]},"properties":{"school_id":"osm:157327559","name":"Saint Mary's National School","level":"primary","enrolment":279,"projected_new_pupils":0,"pressure_ratio":0.893}},{"type":"Feature","geometry":{"type":"Point","coordinates":[-6.23355,53.36443]},"properties":{"school_id":"osm:157621730","name":"Saint Joseph's Christian Brothers Secondary School","level":"secondary","enrolment":863,"projected_new_pupils":6,"pressure_ratio":0.899}},{"type":"Feature","geometry":{"type":"Point","coordinates":[-6.23225,53.37093]},"properties":{"school_id":"osm:159676961","name":"Schoil Mhuire","level":"primary","enrolment":476,"projected_new_pupils":0,"pressure_ratio":0.893}},{"type":"Feature","geometry":{"type":"Point","coordinates":[-6.23042,53.37026]},"properties":{"school_id":"osm:159676963","name":"Saint Vincent de Paul National School","level":"primary","enrolment":551,"projected_new_pupils":0,"pressure_ratio":0.893}},{"type":"Feature","geometry":{"type":"Point","coordinates":[-6.22692,53.36975]},"properties":{"school_id":"osm:159677466","name":"Ardscoil Rís","level":"primary","enrolment":445,"projected_new_pupils":0,"pressure_ratio":0.893}},{"type":"Feature","geometry":{"type":"Point","coordinates":[-6.36358,53.37964]},"properties":{"school_id":"osm:164361076","name":"Castleknock Educate Together National School","level":"primary","enrolment":529,"projected_new_pupils":0,"pressure_ratio":0.893}},{"type":"Feature","geometry":{"type":"Point","coordinates":[-6.25798,53.27531]},"properties":{"school_id":"osm:168689246","name":"Our Lady's Boys School","level":"primary","enrolment":509,"projected_new_pupils":0,"pressure_ratio":0.893}},{"type":"Feature","geometry":{"type":"Point","coordinates":[-6.25827,53.27491]},"properties":{"school_id":"osm:168690870","name":"Our Lady's Girls School","level":"primary","enrolment":549,"projected_new_pupils":0,"pressure_ratio":0.893}},{"type":"Feature","geometry":{"type":"Point","coordinates":[-6.34577,53.32512]},"properties":{"school_id":"osm:170319229","name":"Saint Cillian's","level":"primary","enrolment":562,"projected_new_pupils":57,"pressure_ratio":0.983}},{"type":"Feature","geometry":{"type":"Point","coordinates":[-6.26218,53.39303]},"properties":{"school_id":"osm:176822606","name":"Trinity Comprehensive School","level":"secondary","enrolment":910,"projected_new_pupils":0,"pressure_ratio":0.893}},{"type":"Feature","geometry":{"type":"Point","coordinates":[-6.41952,53.32434]},"properties":{"school_id":"osm:187406455","name":"Deansrath Community College","level":"secondary","enrolment":988,"projected_new_pupils":46,"pressure_ratio":0.934}},{"type":"Feature","geometry":{"type":"Point","coordinates":[-6.34761,53.34334]},"properties":{"school_id":"osm:192994877","name":"St. Michaels Primary School","level":"primary","enrolment":401,"projected_new_pupils":0,"pressure_ratio":0.893}},{"type":"Feature","geometry":{"type":"Point","coordinates":[-6.1567,53.38716]},"properties":{"school_id":"osm:197888697","name":"Scoil Eoin","level":"primary","enrolment":372,"projected_new_pupils":0,"pressure_ratio":0.893}},{"type":"Feature","geometry":{"type":"Point","coordinates":[-6.15289,53.38552]},"properties":{"school_id":"osm:197889487","name":"Gaelscoile Mide","level":"primary","enrolment":468,"projected_new_pupils":0,"pressure_ratio":0.893}},{"type":"Feature","geometry":{"type":"Point","coordinates":[-6.28584,53.36332]},"properties":{"school_id":"osm:206822543","name":"Christ the King National School","level":"primary","enrolment":180,"projected_new_pupils":0,"pressure_ratio":0.893}},{"type":"Feature","geometry":{"type":"Point","coordinates":[-6.15248,53.44893]},"properties":{"school_id":"osm:219685318","name":"Saint Andrew’s National School","level":"primary","enrolment":401,"projected_new_pupils":0,"pressure_ratio":0.893}},{"type":"Feature","geometry":{"type":"Point","coordinates":[-6.15095,53.44673]},"properties":{"school_id":"osm:219703865","name":"Saint Oliver Plunkett School","level":"primary","enrolment":230,"projected_new_pupils":0,"pressure_ratio":0.893}},{"type":"Feature","geometry":{"type":"Point","coordinates":[-6.21467,53.45764]},"properties":{"school_id":"osm:228287407","name":"Saint Colmcille's Girls' National School","level":"primary","enrolment":589,"projected_new_pupils":0,"pressure_ratio":0.893}},{"type":"Feature","geometry":{"type":"Point","coordinates":[-6.23417,53.30397]},"properties":{"school_id":"osm:231240080","name":"Muslim National School","level":"primary","enrolment":506,"projected_new_pupils":23,"pressure_ratio":0.933}},{"type":"Feature","geometry":{"type":"Point","coordinates":[-6.29367,53.36893]},"properties":{"school_id":"osm:231652925","name":"Cabra Community College","level":"secondary","enrolment":991,"projected_new_pupils":6,"pressure_ratio":0.898}},{"type":"Feature","geometry":{"type":"Point","coordinates":[-6.29793,53.36936]},"properties":{"school_id":"osm:231652926","name":"St Finbarr’s Boys National School","level":"primary","enrolment":577,"projected_new_pupils":0,"pressure_ratio":0.893}},{"type":"Feature","geometry":{"type":"Point","coordinates":[-6.26773,53.33354]},"properties":{"school_id":"osm:233844310","name":"Synge Street Christian Brothers School","level":"primary","enrolment":323,"projected_new_pupils":0,"pressure_ratio":0.893}},{"type":"Feature","geometry":{"type":"Point","coordinates":[-6.09967,53.2793]},"properties":{"school_id":"osm:237301081","name":"Loreto Abbey Dalkey","level":"secondary","enrolment":654,"projected_new_pupils":0,"pressure_ratio":0.893}},{"type":"Feature","geometry":{"type":"Point","coordinates":[-6.18877,53.28241]},"properties":{"school_id":"osm:238499105","name":"Setanta School","level":"primary","enrolment":162,"projected_new_pupils":0,"pressure_ratio":0.893}},{"type":"Feature","geometry":{"type":"Point","coordinates":[-6.20524,53.29128]},"properties":{"school_id":"osm:238952690","name":"Oatlands Primary School","level":"primary","enrolment":511,"projected_new_pupils":0,"pressure_ratio":0.893}},{"type":"Feature","geometry":{"type":"Point","coordinates":[-6.40801,53.37609]},"properties":{"school_id":"osm:250369417","name":"Scoil Choilm Community National School","level":"primary","enrolment":568,"projected_new_pupils":0,"pressure_ratio":0.893}},{"type":"Feature","geometry":{"type":"Point","coordinates":[-6.35964,53.34858]},"properties":{"school_id":"osm:255440286","name":"Caritas College","level":"secondary","enrolment":786,"projected_new_pupils":4,"pressure_ratio":0.897}},{"type":"Feature","geometry":{"type":"Point","coordinates":[-6.35457,53.34482]},"properties":{"school_id":"osm:255440397","name":"St John's College","level":"secondary","enrolment":623,"projected_new_pupils":9,"pressure_ratio":0.906}},{"type":"Feature","geometry":{"type":"Point","coordinates":[-6.37451,53.33694]},"properties":{"school_id":"osm:262922251","name":"Saint Ultan’s School","level":"primary","enrolment":307,"projected_new_pupils":0,"pressure_ratio":0.893}},{"type":"Feature","geometry":{"type":"Point","coordinates":[-6.44047,53.35805]},"properties":{"school_id":"osm:264032663","name":"St. Joseph's College Lucan","level":"secondary","enrolment":427,"projected_new_pupils":50,"pressure_ratio":0.997}},{"type":"Feature","geometry":{"type":"Point","coordinates":[-6.43989,53.35897]},"properties":{"school_id":"osm:264032664","name":"Scoil Mhuire GNS Lucan","level":"primary","enrolment":178,"projected_new_pupils":0,"pressure_ratio":0.893}},{"type":"Feature","geometry":{"type":"Point","coordinates":[-6.29219,53.38892]},"properties":{"school_id":"osm:265939026","name":"Saint Canice's Boys National School","level":"primary","enrolment":184,"projected_new_pupils":0,"pressure_ratio":0.893}},{"type":"Feature","geometry":{"type":"Point","coordinates":[-6.27527,53.31404]},"properties":{"school_id":"osm:272167371","name":"Rathgar National School","level":"primary","enrolment":593,"projected_new_pupils":0,"pressure_ratio":0.893}},{"type":"Feature","geometry":{"type":"Point","coordinates":[-6.27595,53.32661]},"properties":{"school_id":"osm:273005826","name":"St. Clare's School","level":"primary","enrolment":463,"projected_new_pupils":0,"pressure_ratio":0.893}},{"type":"Feature","geometry":{"type":"Point","coordinates":[-6.23869,53.3212]},"properties":{"school_id":"osm:273033143","name":"St. Marys School","level":"primary","enrolment":405,"projected_new_pupils":0,"pressure_ratio":0.893}},{"type":"Feature","geometry":{"type":"Point","coordinates":[-6.29289,53.32608]},"properties":{"school_id":"osm:273193859","name":"Marist National School","level":"primary","enrolment":413,"projected_new_pupils":0,"pressure_ratio":0.893}},{"type":"Feature","geometry":{"type":"Point","coordinates":[-6.28721,53.31083]},"properties":{"school_id":"osm:273449429","name":"Presentation Primary School","level":"primary","enrolment":330,"projected_new_pupils":0,"pressure_ratio":0.893}},{"type":"Feature","geometry":{"type":"Point","coordinates":[-6.30844,53.32135]},"properties":{"school_id":"osm:274464423","name":"Scoil Colm","level":"primary","enrolment":317,"projected_new_pupils":0,"pressure_ratio":0.893}},{"type":"Feature","geometry":{"type":"Point","coordinates":[-6.30693,53.31964]},"properties":{"school_id":"osm:274464424","name":"St. Agnes' Primary School","level":"primary","enrolment":302,"projected_new_pupils":0,"pressure_ratio":0.893}},{"type":"Feature","geometry":{"type":"Point","coordinates":[-6.25709,53.32197]},"properties":{"school_id":"osm:274709193","name":"Scoile Bhríde","level":"primary","enrolment":425,"projected_new_pupils":0,"pressure_ratio":0.893}},{"type":"Feature","geometry":{"type":"Point","coordinates":[-6.3309,53.32481]},"properties":{"school_id":"osm:276356071","name":"Drimnagh Castle Primary School","level":"primary","enrolment":437,"projected_new_pupils":57,"pressure_ratio":1.009}},{"type":"Feature","geometry":{"type":"Point","coordinates":[-6.24336,53.33258]},"properties":{"school_id":"osm:277177969","name":"International School of Dublin","level":"primary","enrolment":505,"projected_new_pupils":0,"pressure_ratio":0.893}},{"type":"Feature","geometry":{"type":"Point","coordinates":[-6.26895,53.32459]},"properties":{"school_id":"osm:278459197","name":"St. Louis Infant School","level":"primary","enrolment":514,"projected_new_pupils":0,"pressure_ratio":0.893}},{"type":"Feature","geometry":{"type":"Point","coordinates":[-6.26789,53.32471]},"properties":{"school_id":"osm:278459198","name":"St. Louis Senior Primary School","level":"primary","enrolment":337,"projected_new_pupils":0,"pressure_ratio":0.893}},{"type":"Feature","geometry":{"type":"Point","coordinates":[-6.38869,53.31768]},"properties":{"school_id":"osm:285234752","name":"Coláiste Bríde","level":"secondary","enrolment":414,"projected_new_pupils":42,"pressure_ratio":0.983}},{"type":"Feature","geometry":{"type":"Point","coordinates":[-6.32183,53.33677]},"properties":{"school_id":"osm:285824683","name":"Mercy Secondary School","level":"secondary","enrolment":673,"projected_new_pupils":14,"pressure_ratio":0.911}},{"type":"Feature","geometry":{"type":"Point","coordinates":[-6.25145,53.35859]},"properties":{"school_id":"osm:289868576","name":"O'Connell Secondary School","level":"secondary","enrolment":415,"projected_new_pupils":12,"pressure_ratio":0.919}},{"type":"Feature","geometry":{"type":"Point","coordinates":[-6.26703,53.35469]},"properties":{"school_id":"osm:290553359","name":"Paradise Place ETNS","level":"primary","enrolment":294,"projected_new_pupils":7,"pressure_ratio":0.914}},{"type":"Feature","geometry":{"type":"Point","coordinates":[-6.16991,53.38931]},"properties":{"school_id":"osm:290677140","name":"Ardscoil La Salle","level":"primary","enrolment":312,"projected_new_pupils":0,"pressure_ratio":0.893}},{"type":"Feature","geometry":{"type":"Point","coordinates":[-6.27089,53.31946]},"properties":{"school_id":"osm:292815179","name":"Rathgar Junior School & Kindergarten","level":"primary","enrolment":442,"projected_new_pupils":0,"pressure_ratio":0.893}},{"type":"Feature","geometry":{"type":"Point","coordinates":[-6.25608,53.3512]},"properties":{"school_id":"osm:292900330","name":"The Model School","level":"primary","enrolment":412,"projected_new_pupils":7,"pressure_ratio":0.908}},{"type":"Feature","geometry":{"type":"Point","coordinates":[-6.26724,53.38877]},"properties":{"school_id":"osm:295248448","name":"Our Lady of Victories Primary Schools","level":"primary","enrolment":332,"projected_new_pupils":0,"pressure_ratio":0.893}},{"type":"Feature","geometry":{"type":"Point","coordinates":[-6.26763,53.38011]},"properties":{"school_id":"osm:295249930","name":"St Michael's House","level":"primary","enrolment":214,"projected_new_pupils":0,"pressure_ratio":0.893}},{"type":"Feature","geometry":{"type":"Point","coordinates":[-6.26829,53.35208]},"properties":{"school_id":"osm:295383496","name":"Mount Carmel Secondary School","level":"secondary","enrolment":665,"projected_new_pupils":12,"pressure_ratio":0.909}},{"type":"Feature","geometry":{"type":"Point","coordinates":[-6.28192,53.35251]},"properties":{"school_id":"osm:297740089","name":"St. Joseph’s Secondary School","level":"secondary","enrolment":915,"projected_new_pupils":6,"pressure_ratio":0.899}},{"type":"Feature","geometry":{"type":"Point","coordinates":[-6.27646,53.35036]},"properties":{"school_id":"osm:297740092","name":"St. Paul's CBS","level":"secondary","enrolment":459,"projected_new_pupils":6,"pressure_ratio":0.905}},{"type":"Feature","geometry":{"type":"Point","coordinates":[-6.12546,53.28649]},"properties":{"school_id":"osm:298932563","name":"Harold National School","level":"primary","enrolment":323,"projected_new_pupils":0,"pressure_ratio":0.893}},{"type":"Feature","geometry":{"type":"Point","coordinates":[-6.31434,53.36828]},"properties":{"school_id":"osm:302294800","name":"St John Bosco Junior Boys' School","level":"primary","enrolment":160,"projected_new_pupils":0,"pressure_ratio":0.893}},{"type":"Feature","geometry":{"type":"Point","coordinates":[-6.31514,53.36786]},"properties":{"school_id":"osm:302294802","name":"Mary, Help of Christians Girls’ School","level":"primary","enrolment":519,"projected_new_pupils":0,"pressure_ratio":0.893}},{"type":"Feature","geometry":{"type":"Point","coordinates":[-6.44501,53.39202]},"properties":{"school_id":"osm:304435337","name":"Hansfield Educate Together National School","level":"primary","enrolment":328,"projected_new_pupils":0,"pressure_ratio":0.893}},{"type":"Feature","geometry":{"type":"Point","coordinates":[-6.28202,53.27206]},"properties":{"school_id":"osm:305008847","name":"Whitechurch National School","level":"primary","enrolment":227,"projected_new_pupils":0,"pressure_ratio":0.893}},{"type":"Feature","geometry":{"type":"Point","coordinates":[-6.30072,53.26236]},"properties":{"school_id":"osm:307639213","name":"Rockbrook Park School","level":"primary","enrolment":420,"projected_new_pupils":0,"pressure_ratio":0.893}},{"type":"Feature","geometry":{"type":"Point","coordinates":[-6.28908,53.34039]},"properties":{"school_id":"osm:307879638","name":"Christian Brothers' School James' Street","level":"primary","enrolment":211,"projected_new_pupils":7,"pressure_ratio":0.922}},{"type":"Feature","geometry":{"type":"Point","coordinates":[-6.28924,53.34005]},"properties":{"school_id":"osm:307879669","name":"Canal Way Educate Together National School","level":"primary","enrolment":212,"projected_new_pupils":7,"pressure_ratio":0.922}},{"type":"Feature","geometry":{"type":"Point","coordinates":[-6.45965,53.33633]},"properties":{"school_id":"osm:315141607","name":"Adamstown Castle Educate Together National School","level":"primary","enrolment":556,"projected_new_pupils":110,"pressure_ratio":1.07}},{"type":"Feature","geometry":{"type":"Point","coordinates":[-6.27978,53.33113]},"properties":{"school_id":"osm:315141609","name":"Griffith Barracks Multi-Denominational School","level":"primary","enrolment":254,"projected_new_pupils":0,"pressure_ratio":0.893}},{"type":"Feature","geometry":{"type":"Point","coordinates":[-6.43714,53.35056]},"properties":{"school_id":"osm:315141610","name":"Esker Educate Together National School","level":"primary","enrolment":237,"projected_new_pupils":6,"pressure_ratio":0.915}},{"type":"Feature","geometry":{"type":"Point","coordinates":[-6.4364,53.34815]},"properties":{"school_id":"osm:315141611","name":"Gaelscoil Eiscir Riada","level":"primary","enrolment":558,"projected_new_pupils":13,"pressure_ratio":0.914}},{"type":"Feature","geometry":{"type":"Point","coordinates":[-6.43267,53.33856]},"properties":{"school_id":"osm:315141612","name":"Lucan East Educate Together National School","level":"primary","enrolment":426,"projected_new_pupils":44,"pressure_ratio":0.985}},{"type":"Feature","geometry":{"type":"Point","coordinates":[-6.20007,53.30848]},"properties":{"school_id":"osm:316527692","name":"St Mary's Boys' National School","level":"primary","enrolment":521,"projected_new_pupils":0,"pressure_ratio":0.893}},{"type":"Feature","geometry":{"type":"Point","coordinates":[-6.39215,53.40554]},"properties":{"school_id":"osm:316650748","name":"Lady's Well National School","level":"primary","enrolment":302,"projected_new_pupils":0,"pressure_ratio":0.893}},{"type":"Feature","geometry":{"type":"Point","coordinates":[-6.21512,53.37382]},"properties":{"school_id":"osm:319619250","name":"Scoil Chiaráin C.B.S.","level":"primary","enrolment":518,"projected_new_pupils":0,"pressure_ratio":0.893}},{"type":"Feature","geometry":{"type":"Point","coordinates":[-6.31893,53.33087]},"properties":{"school_id":"osm:319648024","name":"Our Lady of Mercy Secondary School","level":"secondary","enrolment":509,"projected_new_pupils":14,"pressure_ratio":0.917}},{"type":"Feature","geometry":{"type":"Point","coordinates":[-6.19557,53.37488]},"properties":{"school_id":"osm:319714132","name":"St Brigid's Primary School","level":"primary","enrolment":583,"projected_new_pupils":0,"pressure_ratio":0.893}},{"type":"Feature","geometry":{"type":"Point","coordinates":[-6.3007,53.286]},"properties":{"school_id":"osm:320014015","name":"Saint Patrick's Girls' National School","level":"primary","enrolment":300,"projected_new_pupils":0,"pressure_ratio":0.893}},{"type":"Feature","geometry":{"type":"Point","coordinates":[-6.30286,53.28424]},"properties":{"school_id":"osm:320014017","name":"Sancta Maria College","level":"secondary","enrolment":787,"projected_new_pupils":13,"pressure_ratio":0.908}},{"type":"Feature","geometry":{"type":"Point","coordinates":[-6.15206,53.38481]},"properties":{"school_id":"osm:320681773","name":"North Bay Educate Together National School","level":"primary","enrolment":447,"projected_new_pupils":0,"pressure_ratio":0.893}},{"type":"Feature","geometry":{"type":"Point","coordinates":[-6.21767,53.22268]},"properties":{"school_id":"osm:326224503","name":"Saint Patrick's National School","level":"primary","enrolment":281,"projected_new_pupils":0,"pressure_ratio":0.893}},{"type":"Feature","geometry":{"type":"Point","coordinates":[-6.26688,53.34035]},"properties":{"school_id":"osm:336394732","name":"St. Enda's Primary School","level":"primary","enrolment":205,"projected_new_pupils":7,"pressure_ratio":0.923}},{"type":"Feature","geometry":{"type":"Point","coordinates":[-6.13021,53.2487]},"properties":{"school_id":"osm:338900317","name":"Ballyowen Meadows Special School","level":"primary","enrolment":333,"projected_new_pupils":16,"pressure_ratio":0.936}},{"type":"Feature","geometry":{"type":"Point","coordinates":[-6.43558,53.39742]},"properties":{"school_id":"osm:340498689","name":"Coláiste Pobail Setanta","level":"secondary","enrolment":878,"projected_new_pupils":21,"pressure_ratio":0.914}},{"type":"Feature","geometry":{"type":"Point","coordinates":[-6.17718,53.37819]},"properties":{"school_id":"osm:341599684","name":"Scoil Áine Girl's National School","level":"primary","enrolment":238,"projected_new_pupils":0,"pressure_ratio":0.893}},{"type":"Feature","geometry":{"type":"Point","coordinates":[-6.2819,53.30955]},"properties":{"school_id":"osm:350637336","name":"St. Joseph's Boys National School","level":"primary","enrolment":437,"projected_new_pupils":0,"pressure_ratio":0.893}},{"type":"Feature","geometry":{"type":"Point","coordinates":[-6.43547,53.34942]},"properties":{"school_id":"osm:361450517","name":"Colaiste Cois Life","level":"primary","enrolment":262,"projected_new_pupils":6,"pressure_ratio":0.913}},{"type":"Feature","geometry":{"type":"Point","coordinates":[-6.18397,53.30233]},"properties":{"school_id":"osm:362089726","name":"Benincasa","level":"primary","enrolment":269,"projected_new_pupils":0,"pressure_ratio":0.893}},{"type":"Feature","geometry":{"type":"Point","coordinates":[-6.29245,53.45253]},"properties":{"school_id":"osm:367451704","name":"Mary Queen of Ireland National School","level":"primary","enrolment":577,"projected_new_pupils":0,"pressure_ratio":0.893}},{"type":"Feature","geometry":{"type":"Point","coordinates":[-6.2583,53.37025]},"properties":{"school_id":"osm:373215934","name":"Saint Patrick's Junior School","level":"primary","enrolment":305,"projected_new_pupils":0,"pressure_ratio":0.893}},{"type":"Feature","geometry":{"type":"Point","coordinates":[-6.21687,53.46053]},"properties":{"school_id":"osm:374101318","name":"Fingal Community College","level":"secondary","enrolment":777,"projected_new_pupils":0,"pressure_ratio":0.893}},{"type":"Feature","geometry":{"type":"Point","coordinates":[-6.30949,53.38785]},"properties":{"school_id":"osm:376300212","name":"Coláiste Eoin","level":"secondary","enrolment":532,"projected_new_pupils":10,"pressure_ratio":0.91}},{"type":"Feature","geometry":{"type":"Point","coordinates":[-6.30724,53.38762]},"properties":{"school_id":"osm:376303989","name":"Saint Fergal's Boys National School","level":"primary","enrolment":180,"projected_new_pupils":0,"pressure_ratio":0.893}},{"type":"Feature","geometry":{"type":"Point","coordinates":[-6.2003,53.30518]},"properties":{"school_id":"osm:386380114","name":"Our Lady of Mercy Convent School","level":"secondary","enrolment":415,"projected_new_pupils":6,"pressure_ratio":0.906}},{"type":"Feature","geometry":{"type":"Point","coordinates":[-6.32019,53.34121]},"properties":{"school_id":"osm:389700482","name":"Inchicore National School","level":"primary","enrolment":264,"projected_new_pupils":0,"pressure_ratio":0.893}},{"type":"Feature","geometry":{"type":"Point","coordinates":[-6.43513,53.36069]},"properties":{"school_id":"osm:396333740","name":"St. Andrew's National School","level":"primary","enrolment":338,"projected_new_pupils":0,"pressure_ratio":0.893}},{"type":"Feature","geometry":{"type":"Point","coordinates":[-6.34475,53.35027]},"properties":{"school_id":"osm:397840443","name":"St Laurence's National School","level":"primary","enrolment":363,"projected_new_pupils":0,"pressure_ratio":0.893}},{"type":"Feature","geometry":{"type":"Point","coordinates":[-6.28658,53.38869]},"properties":{"school_id":"osm:399343347","name":"Beneavin De La Salle College","level":"secondary","enrolment":917,"projected_new_pupils":10,"pressure_ratio":0.903}},{"type":"Feature","geometry":{"type":"Point","coordinates":[-6.29934,53.38237]},"properties":{"school_id":"osm:400576437","name":"St. Malachy's Senior Mixed National School","level":"primary","enrolment":365,"projected_new_pupils":0,"pressure_ratio":0.893}},{"type":"Feature","geometry":{"type":"Point","coordinates":[-6.2992,53.38176]},"properties":{"school_id":"osm:400576438","name":"St. Malachy's National School","level":"primary","enrolment":295,"projected_new_pupils":0,"pressure_ratio":0.893}},{"type":"Feature","geometry":{"type":"Point","coordinates":[-6.246,53.33627]},"properties":{"school_id":"osm:402642510","name":"Scoil Chaitríona","level":"primary","enrolment":185,"projected_new_pupils":0,"pressure_ratio":0.893}},{"type":"Feature","geometry":{"type":"Point","coordinates":[-6.47599,53.28025]},"properties":{"school_id":"osm:426792671","name":"Holy Family National School","level":"primary","enrolment":384,"projected_new_pupils":0,"pressure_ratio":0.893}},{"type":"Feature","geometry":{"type":"Point","coordinates":[-6.48002,53.2763]},"properties":{"school_id":"osm:426792693","name":"Holy Family Community School","level":"secondary","enrolment":725,"projected_new_pupils":13,"pressure_ratio":0.909}},{"type":"Feature","geometry":{"type":"Point","coordinates":[-6.40192,53.33691]},"properties":{"school_id":"osm:434333643","name":"Saint Peter the Apostle National School","level":"primary","enrolment":342,"projected_new_pupils":38,"pressure_ratio":0.992}},{"type":"Feature","geometry":{"type":"Point","coordinates":[-6.27548,53.30958]},"properties":{"school_id":"osm:436027886","name":"Stratford College","level":"secondary","enrolment":537,"projected_new_pupils":8,"pressure_ratio":0.906}},{"type":"Feature","geometry":{"type":"Point","coordinates":[-6.27926,53.33434]},"properties":{"school_id":"osm:436375785","name":"Scoil Treasa Naofa","level":"primary","enrolment":540,"projected_new_pupils":5,"pressure_ratio":0.901}},{"type":"Feature","geometry":{"type":"Point","coordinates":[-6.42586,53.32308]},"properties":{"school_id":"osm:440879155","name":"St. Ronan's National School Deansrath","level":"primary","enrolment":183,"projected_new_pupils":44,"pressure_ratio":1.108}},{"type":"Feature","geometry":{"type":"Point","coordinates":[-6.41777,53.2839]},"properties":{"school_id":"osm:441909998","name":"Scoil Aoife Community National School","level":"primary","enrolment":253,"projected_new_pupils":93,"pressure_ratio":1.221}},{"type":"Feature","geometry":{"type":"Point","coordinates":[-6.15659,53.4003]},"properties":{"school_id":"osm:445316220","name":"Grange Community College","level":"secondary","enrolment":547,"projected_new_pupils":5,"pressure_ratio":0.901}},{"type":"Feature","geometry":{"type":"Point","coordinates":[-6.16419,53.3885]},"properties":{"school_id":"osm:445706886","name":"Saint Benedict's and Saint Mary's National School","level":"primary","enrolment":394,"projected_new_pupils":0,"pressure_ratio":0.893}},{"type":"Feature","geometry":{"type":"Point","coordinates":[-6.3931,53.3236]},"properties":{"school_id":"osm:447906284","name":"Gaelscoil na Camóige","level":"primary","enrolment":280,"projected_new_pupils":24,"pressure_ratio":0.969}},{"type":"Feature","geometry":{"type":"Point","coordinates":[-6.39711,53.27653]},"properties":{"school_id":"osm:448097139","name":"Killinarden Community School","level":"secondary","enrolment":488,"projected_new_pupils":91,"pressure_ratio":1.059}},{"type":"Feature","geometry":{"type":"Point","coordinates":[-6.42311,53.31959]},"properties":{"school_id":"osm:448741493","name":"CRC Scoil Mochua.","level":"primary","enrolment":235,"projected_new_pupils":24,"pressure_ratio":0.984}},{"type":"Feature","geometry":{"type":"Point","coordinates":[-6.39569,53.34289]},"properties":{"school_id":"osm:448943397","name":"Saint Mary National School","level":"primary","enrolment":572,"projected_new_pupils":17,"pressure_ratio":0.919}},{"type":"Feature","geometry":{"type":"Point","coordinates":[-6.22002,53.39523]},"properties":{"school_id":"osm:449108225","name":"Scoil Fhursa","level":"primary","enrolment":456,"projected_new_pupils":0,"pressure_ratio":0.893}},{"type":"Feature","geometry":{"type":"Point","coordinates":[-6.22636,53.38745]},"properties":{"school_id":"osm:449108893","name":"St. Fiachra's Senior National School","level":"primary","enrolment":538,"projected_new_pupils":0,"pressure_ratio":0.893}},{"type":"Feature","geometry":{"type":"Point","coordinates":[-6.44524,53.39032]},"properties":{"school_id":"osm:450356448","name":"Hansfield Educate Together Secondary School","level":"secondary","enrolment":563,"projected_new_pupils":21,"pressure_ratio":0.926}},{"type":"Feature","geometry":{"type":"Point","coordinates":[-6.31082,53.34409]},"properties":{"school_id":"osm:454470873","name":"St. John of God School","level":"primary","enrolment":294,"projected_new_pupils":0,"pressure_ratio":0.893}},{"type":"Feature","geometry":{"type":"Point","coordinates":[-6.32782,53.36839]},"properties":{"school_id":"osm:456135936","name":"Phoenix Park School","level":"primary","enrolment":275,"projected_new_pupils":0,"pressure_ratio":0.893}},{"type":"Feature","geometry":{"type":"Point","coordinates":[-6.36111,53.34649]},"properties":{"school_id":"osm:458618558","name":"Mary Queen of Angels 1","level":"primary","enrolment":217,"projected_new_pupils":0,"pressure_ratio":0.893}},{"type":"Feature","geometry":{"type":"Point","coordinates":[-6.27645,53.33568]},"properties":{"school_id":"osm:466918390","name":"Presentation Primary School, Warrenmount","level":"primary","enrolment":581,"projected_new_pupils":7,"pressure_ratio":0.904}},{"type":"Feature","geometry":{"type":"Point","coordinates":[-6.2488,53.46661]},"properties":{"school_id":"osm:471085539","name":"Swords Community College","level":"secondary","enrolment":872,"projected_new_pupils":0,"pressure_ratio":0.893}},{"type":"Feature","geometry":{"type":"Point","coordinates":[-6.2049,53.40353]},"properties":{"school_id":"osm:471666561","name":"St Francis Senior NS","level":"primary","enrolment":411,"projected_new_pupils":0,"pressure_ratio":0.893}},{"type":"Feature","geometry":{"type":"Point","coordinates":[-6.33788,53.33159]},"properties":{"school_id":"osm:471680556","name":"Our Lady of the Wayside National School","level":"primary","enrolment":450,"projected_new_pupils":34,"pressure_ratio":0.96}},{"type":"Feature","geometry":{"type":"Point","coordinates":[-6.31936,53.33667]},"properties":{"school_id":"osm:471683957","name":"Our Lady of Lourdes National School","level":"primary","enrolment":301,"projected_new_pupils":0,"pressure_ratio":0.893}},{"type":"Feature","geometry":{"type":"Point","coordinates":[-6.24064,53.33435]},"properties":{"school_id":"osm:479956743","name":"Saint Mary's Boys' National School","level":"primary","enrolment":495,"projected_new_pupils":0,"pressure_ratio":0.893}},{"type":"Feature","geometry":{"type":"Point","coordinates":[-6.2552,53.33549]},"properties":{"school_id":"osm:480973857","name":"Catholic University School","level":"primary","enrolment":552,"projected_new_pupils":0,"pressure_ratio":0.893}},{"type":"Feature","geometry":{"type":"Point","coordinates":[-6.25494,53.33513]},"properties":{"school_id":"osm:480973859","name":"Institute of Education","level":"primary","enrolment":487,"projected_new_pupils":0,"pressure_ratio":0.893}},{"type":"Feature","geometry":{"type":"Point","coordinates":[-6.4677,53.28183]},"properties":{"school_id":"osm:486230597","name":"Scoil Chronain","level":"primary","enrolment":356,"projected_new_pupils":0,"pressure_ratio":0.893}},{"type":"Feature","geometry":{"type":"Point","coordinates":[-6.331,53.30816]},"properties":{"school_id":"osm:489403428","name":"Saint Paul's Secondary School","level":"secondary","enrolment":666,"projected_new_pupils":23,"pressure_ratio":0.924}},{"type":"Feature","geometry":{"type":"Point","coordinates":[-6.46263,53.33633]},"properties":{"school_id":"osm:493240130","name":"Adamstown Community College","level":"secondary","enrolment":515,"projected_new_pupils":112,"pressure_ratio":1.087}},{"type":"Feature","geometry":{"type":"Point","coordinates":[-6.14909,53.39819]},"properties":{"school_id":"osm:494844362","name":"Stapolin Educate Together National School","level":"primary","enrolment":417,"projected_new_pupils":0,"pressure_ratio":0.893}},{"type":"Feature","geometry":{"type":"Point","coordinates":[-6.19939,53.3638]},"properties":{"school_id":"osm:496306581","name":"Belgrove Girls School","level":"primary","enrolment":499,"projected_new_pupils":0,"pressure_ratio":0.893}},{"type":"Feature","geometry":{"type":"Point","coordinates":[-6.19741,53.36341]},"properties":{"school_id":"osm:496306582","name":"Belgrove Boy's School","level":"primary","enrolment":544,"projected_new_pupils":0,"pressure_ratio":0.893}},{"type":"Feature","geometry":{"type":"Point","coordinates":[-6.18948,53.36534]},"properties":{"school_id":"osm:497859589","name":"Greenlanes National School","level":"primary","enrolment":422,"projected_new_pupils":0,"pressure_ratio":0.893}},{"type":"Feature","geometry":{"type":"Point","coordinates":[-6.27327,53.38328]},"properties":{"school_id":"osm:497962484","name":"Scoil Chiarain","level":"primary","enrolment":253,"projected_new_pupils":0,"pressure_ratio":0.893}},{"type":"Feature","geometry":{"type":"Point","coordinates":[-6.30751,53.31872]},"properties":{"school_id":"osm:498131349","name":"Rosary College","level":"secondary","enrolment":479,"projected_new_pupils":15,"pressure_ratio":0.921}},{"type":"Feature","geometry":{"type":"Point","coordinates":[-6.17328,53.39292]},"properties":{"school_id":"osm:503177556","name":"Donahies Community School","level":"secondary","enrolment":532,"projected_new_pupils":0,"pressure_ratio":0.893}},{"type":"Feature","geometry":{"type":"Point","coordinates":[-6.40937,53.40253]},"properties":{"school_id":"osm:509940559","name":"Sacred Heart of Jesus Primary School (Huntstown)","level":"primary","enrolment":544,"projected_new_pupils":0,"pressure_ratio":0.893}},{"type":"Feature","geometry":{"type":"Point","coordinates":[-6.40935,53.37445]},"properties":{"school_id":"osm:517692288","name":"Luttrellstown Community College","level":"secondary","enrolment":926,"projected_new_pupils":0,"pressure_ratio":0.893}},{"type":"Feature","geometry":{"type":"Point","coordinates":[-6.38549,53.42426]},"properties":{"school_id":"osm:518340487","name":"Le Chéile Secondary School","level":"secondary","enrolment":510,"projected_new_pupils":0,"pressure_ratio":0.893}},{"type":"Feature","geometry":{"type":"Point","coordinates":[-6.38281,53.42362]},"properties":{"school_id":"osm:518376815","name":"St. Lukes National School","level":"primary","enrolment":266,"projected_new_pupils":0,"pressure_ratio":0.893}},{"type":"Feature","geometry":{"type":"Point","coordinates":[-6.12407,53.27057]},"properties":{"school_id":"osm:519770821","name":"St. Joseph of Cluny Secondary School","level":"secondary","enrolment":564,"projected_new_pupils":13,"pressure_ratio":0.913}},{"type":"Feature","geometry":{"type":"Point","coordinates":[-6.38981,53.3592]},"properties":{"school_id":"osm:521472308","name":"The King's Hospital","level":"primary","enrolment":521,"projected_new_pupils":0,"pressure_ratio":0.893}},{"type":"Feature","geometry":{"type":"Point","coordinates":[-6.2545,53.33638]},"properties":{"school_id":"osm:523444980","name":"Loreto College","level":"secondary","enrolment":524,"projected_new_pupils":30,"pressure_ratio":0.944}},{"type":"Feature","geometry":{"type":"Point","coordinates":[-6.25127,53.34668]},"properties":{"school_id":"osm:523452304","name":"City Quay National School","level":"primary","enrolment":460,"projected_new_pupils":25,"pressure_ratio":0.941}},{"type":"Feature","geometry":{"type":"Point","coordinates":[-6.32472,53.33745]},"properties":{"school_id":"osm:523470042","name":"Scoil Mhuire Gan Smál (Oblates)","level":"primary","enrolment":167,"projected_new_pupils":0,"pressure_ratio":0.893}},{"type":"Feature","geometry":{"type":"Point","coordinates":[-6.2737,53.34141]},"properties":{"school_id":"osm:523487845","name":"Francis Street School","level":"primary","enrolment":578,"projected_new_pupils":7,"pressure_ratio":0.904}},{"type":"Feature","geometry":{"type":"Point","coordinates":[-6.27492,53.33863]},"properties":{"school_id":"osm:523496984","name":"St. Brigid's National School","level":"primary","enrolment":340,"projected_new_pupils":7,"pressure_ratio":0.911}},{"type":"Feature","geometry":{"type":"Point","coordinates":[-6.2561,53.28099]},"properties":{"school_id":"osm:525124732","name":"Saint Attracta's School","level":"primary","enrolment":326,"projected_new_pupils":0,"pressure_ratio":0.893}},{"type":"Feature","geometry":{"type":"Point","coordinates":[-6.3007,53.42995]},"properties":{"school_id":"osm:526266696","name":"St. Margaret's National School","level":"primary","enrolment":396,"projected_new_pupils":0,"pressure_ratio":0.893}},{"type":"Feature","geometry":{"type":"Point","coordinates":[-6.32281,53.39224]},"properties":{"school_id":"osm:530551957","name":"New Cross College","level":"secondary","enrolment":816,"projected_new_pupils":10,"pressure_ratio":0.904}},{"type":"Feature","geometry":{"type":"Point","coordinates":[-6.26347,53.31875]},"properties":{"school_id":"osm:531557900","name":"Kildare Place School","level":"primary","enrolment":459,"projected_new_pupils":0,"pressure_ratio":0.893}},{"type":"Feature","geometry":{"type":"Point","coordinates":[-6.2942,53.37098]},"properties":{"school_id":"osm:546370581","name":"Broombridge Educate Together National School","level":"primary","enrolment":408,"projected_new_pupils":0,"pressure_ratio":0.893}},{"type":"Feature","geometry":{"type":"Point","coordinates":[-6.30773,53.3731]},"properties":{"school_id":"osm:546380161","name":"Marian Primary School","level":"primary","enrolment":354,"projected_new_pupils":0,"pressure_ratio":0.893}},{"type":"Feature","geometry":{"type":"Point","coordinates":[-6.28251,53.35211]},"properties":{"school_id":"osm:549611604","name":"Stanhope Street Primary School","level":"primary","enrolment":329,"projected_new_pupils":7,"pressure_ratio":0.912}},{"type":"Feature","geometry":{"type":"Point","coordinates":[-6.23012,53.38732]},"properties":{"school_id":"osm:551536125","name":"Our Lady of Mercy College","level":"secondary","enrolment":445,"projected_new_pupils":0,"pressure_ratio":0.893}},{"type":"Feature","geometry":{"type":"Point","coordinates":[-6.23124,53.38981]},"properties":{"school_id":"osm:551536126","name":"St Paul's Special School","level":"primary","enrolment":486,"projected_new_pupils":0,"pressure_ratio":0.893}},{"type":"Feature","geometry":{"type":"Point","coordinates":[-6.13881,53.25046]},"properties":{"school_id":"osm:554300649","name":"St. Laurence College","level":"secondary","enrolment":963,"projected_new_pupils":13,"pressure_ratio":0.905}},{"type":"Feature","geometry":{"type":"Point","coordinates":[-6.21794,53.33609]},"properties":{"school_id":"osm:554985279","name":"Star of the Sea Boys National School","level":"primary","enrolment":440,"projected_new_pupils":30,"pressure_ratio":0.954}},{"type":"Feature","geometry":{"type":"Point","coordinates":[-6.24052,53.38394]},"properties":{"school_id":"osm:559473875","name":"Margaret Aylward Community College","level":"secondary","enrolment":667,"projected_new_pupils":0,"pressure_ratio":0.893}},{"type":"Feature","geometry":{"type":"Point","coordinates":[-6.21758,53.39013]},"properties":{"school_id":"osm:581658500","name":"St. John of God Girls Primary School","level":"primary","enrolment":558,"projected_new_pupils":0,"pressure_ratio":0.893}},{"type":"Feature","geometry":{"type":"Point","coordinates":[-6.21742,53.33051]},"properties":{"school_id":"osm:588378995","name":"Enable Ireland Sandymount School","level":"primary","enrolment":201,"projected_new_pupils":30,"pressure_ratio":1.026}},{"type":"Feature","geometry":{"type":"Point","coordinates":[-6.46712,53.28258]},"properties":{"school_id":"osm:593941156","name":"Scoil Chronain - Prefabs","level":"primary","enrolment":502,"projected_new_pupils":0,"pressure_ratio":0.893}},{"type":"Feature","geometry":{"type":"Point","coordinates":[-6.13316,53.39635]},"properties":{"school_id":"osm:597109715","name":"St Laurence's Senior National School","level":"primary","enrolment":495,"projected_new_pupils":0,"pressure_ratio":0.893}},{"type":"Feature","geometry":{"type":"Point","coordinates":[-6.47412,53.41548]},"properties":{"school_id":"osm:613578096","name":"Gaelscoil Thulach na nÓg","level":"primary","enrolment":572,"projected_new_pupils":140,"pressure_ratio":1.111}},{"type":"Feature","geometry":{"type":"Point","coordinates":[-6.31182,53.34402]},"properties":{"school_id":"osm:619386704","name":"Gaelscoil Inse Chór","level":"primary","enrolment":196,"projected_new_pupils":0,"pressure_ratio":0.893}},{"type":"Feature","geometry":{"type":"Point","coordinates":[-6.23143,53.39618]},"properties":{"school_id":"osm:641749602","name":"Gaelscoil Cholmcille","level":"primary","enrolment":537,"projected_new_pupils":0,"pressure_ratio":0.893}},{"type":"Feature","geometry":{"type":"Point","coordinates":[-6.33828,53.27665]},"properties":{"school_id":"osm:642983434","name":"Gaelscoil na Giúise","level":"primary","enrolment":251,"projected_new_pupils":60,"pressure_ratio":1.106}},{"type":"Feature","geometry":{"type":"Point","coordinates":[-6.27568,53.37682]},"properties":{"school_id":"osm:650232344","name":"Saint Brigid's Girls' National School","level":"primary","enrolment":180,"projected_new_pupils":0,"pressure_ratio":0.893}},{"type":"Feature","geometry":{"type":"Point","coordinates":[-6.26243,53.35576]},"properties":{"school_id":"osm:657665884","name":"Belvedere College","level":"secondary","enrolment":433,"projected_new_pupils":12,"pressure_ratio":0.918}},{"type":"Feature","geometry":{"type":"Point","coordinates":[-6.33171,53.26806]},"properties":{"school_id":"osm:664237036","name":"Firhouse Educate Together Secondary School","level":"secondary","enrolment":508,"projected_new_pupils":33,"pressure_ratio":0.951}},{"type":"Feature","geometry":{"type":"Point","coordinates":[-6.27114,53.40128]},"properties":{"school_id":"osm:664548995","name":"St. Joseph's Senior National School","level":"primary","enrolment":334,"projected_new_pupils":0,"pressure_ratio":0.893}},{"type":"Feature","geometry":{"type":"Point","coordinates":[-6.26516,53.39166]},"properties":{"school_id":"osm:668062409","name":"Ballymun Anseo","level":"primary","enrolment":344,"projected_new_pupils":0,"pressure_ratio":0.893}},{"type":"Feature","geometry":{"type":"Point","coordinates":[-6.26478,53.39275]},"properties":{"school_id":"osm:668062410","name":"scoil an tseachtair laoch","level":"primary","enrolment":305,"projected_new_pupils":0,"pressure_ratio":0.893}},{"type":"Feature","geometry":{"type":"Point","coordinates":[-6.42472,53.3362]},"properties":{"school_id":"osm:672028343","name":"Kishoge Community College","level":"secondary","enrolment":540,"projected_new_pupils":58,"pressure_ratio":0.989}},{"type":"Feature","geometry":{"type":"Point","coordinates":[-6.4201,53.39402]},"properties":{"school_id":"osm:675219950","name":"Saint Ciaran's Primary School","level":"primary","enrolment":306,"projected_new_pupils":0,"pressure_ratio":0.893}},{"type":"Feature","geometry":{"type":"Point","coordinates":[-6.24265,53.35087]},"properties":{"school_id":"osm:676382216","name":"St Laurence O'Toole's National School","level":"primary","enrolment":469,"projected_new_pupils":18,"pressure_ratio":0.927}},{"type":"Feature","geometry":{"type":"Point","coordinates":[-6.21691,53.26004]},"properties":{"school_id":"osm:679076690","name":"Stepaside Educate Together National School","level":"primary","enrolment":191,"projected_new_pupils":0,"pressure_ratio":0.893}},{"type":"Feature","geometry":{"type":"Point","coordinates":[-6.29643,53.38938]},"properties":{"school_id":"osm:687847238","name":"St. Canice's Girls National School","level":"primary","enrolment":420,"projected_new_pupils":0,"pressure_ratio":0.893}},{"type":"Feature","geometry":{"type":"Point","coordinates":[-6.30607,53.32011]},"properties":{"school_id":"osm:699773875","name":"Scoil Eoin / Coláiste Eoin","level":"secondary","enrolment":447,"projected_new_pupils":15,"pressure_ratio":0.923}},{"type":"Feature","geometry":{"type":"Point","coordinates":[-6.26481,53.36482]},"properties":{"school_id":"osm:708047105","name":"Lindsay Road National School","level":"primary","enrolment":243,"projected_new_pupils":0,"pressure_ratio":0.893}},{"type":"Feature","geometry":{"type":"Point","coordinates":[-6.10019,53.39107]},"properties":{"school_id":"osm:709226646","name":"Burrow National School","level":"primary","enrolment":263,"projected_new_pupils":0,"pressure_ratio":0.893}},{"type":"Feature","geometry":{"type":"Point","coordinates":[-6.06877,53.38465]},"properties":{"school_id":"osm:709250220","name":"Howth Primary School, Scoil Mhuire","level":"primary","enrolment":592,"projected_new_pupils":0,"pressure_ratio":0.893}},{"type":"Feature","geometry":{"type":"Point","coordinates":[-6.42733,53.33759]},"properties":{"school_id":"osm:726997628","name":"Carline Learning Centre","level":"primary","enrolment":572,"projected_new_pupils":61,"pressure_ratio":0.988}},{"type":"Feature","geometry":{"type":"Point","coordinates":[-6.18408,53.39447]},"properties":{"school_id":"osm:738374812","name":"Saint Paul's","level":"primary","enrolment":572,"projected_new_pupils":0,"pressure_ratio":0.893}},{"type":"Feature","geometry":{"type":"Point","coordinates":[-6.24127,53.28902]},"properties":{"school_id":"osm:743430158","name":"Holy Cross School","level":"primary","enrolment":563,"projected_new_pupils":23,"pressure_ratio":0.929}},{"type":"Feature","geometry":{"type":"Point","coordinates":[-6.27437,53.34443]},"properties":{"school_id":"osm:746745217","name":"St Audoen's National School","level":"primary","enrolment":545,"projected_new_pupils":7,"pressure_ratio":0.904}},{"type":"Feature","geometry":{"type":"Point","coordinates":[-6.19828,53.26631]},"properties":{"school_id":"osm:754959750","name":"Nord Anglia International School Dublin","level":"primary","enrolment":322,"projected_new_pupils":0,"pressure_ratio":0.893}},{"type":"Feature","geometry":{"type":"Point","coordinates":[-6.12811,53.39833]},"properties":{"school_id":"osm:775331008","name":"St Michael's House","level":"primary","enrolment":259,"projected_new_pupils":0,"pressure_ratio":0.893}},{"type":"Feature","geometry":{"type":"Point","coordinates":[-6.34471,53.46359]},"properties":{"school_id":"osm:775341333","name":"Kilcoskan National School","level":"primary","enrolment":207,"projected_new_pupils":0,"pressure_ratio":0.893}},{"type":"Feature","geometry":{"type":"Point","coordinates":[-6.2032,53.39804]},"properties":{"school_id":"osm:781660563","name":"Saint Joseph's National School, Coolock","level":"primary","enrolment":229,"projected_new_pupils":0,"pressure_ratio":0.893}},{"type":"Feature","geometry":{"type":"Point","coordinates":[-6.25134,53.4667]},"properties":{"school_id":"osm:788241567","name":"Broadmeadow Community National School","level":"primary","enrolment":285,"projected_new_pupils":0,"pressure_ratio":0.893}},{"type":"Feature","geometry":{"type":"Point","coordinates":[-6.17566,53.42219]},"properties":{"school_id":"osm:791494506","name":"Malahide Portmarnock Educate Together National School","level":"primary","enrolment":301,"projected_new_pupils":0,"pressure_ratio":0.893}},{"type":"Feature","geometry":{"type":"Point","coordinates":[-6.37457,53.42332]},"properties":{"school_id":"osm:798630293","name":"Tyrrelstown Educate Together National School","level":"primary","enrolment":337,"projected_new_pupils":0,"pressure_ratio":0.893}},{"type":"Feature","geometry":{"type":"Point","coordinates":[-6.26922,53.37855]},"properties":{"school_id":"osm:803803788","name":"Glasnevin Educate Together National School","level":"primary","enrolment":582,"projected_new_pupils":0,"pressure_ratio":0.893}},{"type":"Feature","geometry":{"type":"Point","coordinates":[-6.16961,53.40515]},"properties":{"school_id":"osm:831941581","name":"St. Francis of Assisi Primary School","level":"primary","enrolment":592,"projected_new_pupils":0,"pressure_ratio":0.893}},{"type":"Feature","geometry":{"type":"Point","coordinates":[-6.16866,53.40475]},"properties":{"school_id":"osm:831941582","name":"Belmayne Educate Together National School","level":"primary","enrolment":380,"projected_new_pupils":0,"pressure_ratio":0.893}},{"type":"Feature","geometry":{"type":"Point","coordinates":[-6.4783,53.41868]},"properties":{"school_id":"osm:852235655","name":"St. Peter's National School Dunboyne","level":"primary","enrolment":357,"projected_new_pupils":140,"pressure_ratio":1.243}},{"type":"Feature","geometry":{"type":"Point","coordinates":[-6.24617,53.37025]},"properties":{"school_id":"osm:865406661","name":"Childvision","level":"primary","enrolment":491,"projected_new_pupils":0,"pressure_ratio":0.893}},{"type":"Feature","geometry":{"type":"Point","coordinates":[-6.24701,53.3572]},"properties":{"school_id":"osm:867302959","name":"St. Vincents Boy's Primary School","level":"primary","enrolment":496,"projected_new_pupils":0,"pressure_ratio":0.893}},{"type":"Feature","geometry":{"type":"Point","coordinates":[-6.24681,53.35748]},"properties":{"school_id":"osm:867302960","name":"St. Vincent's Primary School","level":"primary","enrolment":356,"projected_new_pupils":0,"pressure_ratio":0.893}},{"type":"Feature","geometry":{"type":"Point","coordinates":[-6.41936,53.3402]},"properties":{"school_id":"osm:878047917","name":"Lucan Community National School","level":"primary","enrolment":378,"projected_new_pupils":61,"pressure_ratio":1.037}},{"type":"Feature","geometry":{"type":"Point","coordinates":[-6.22307,53.45736]},"properties":{"school_id":"osm:879263392","name":"The Old Borough School","level":"primary","enrolment":336,"projected_new_pupils":0,"pressure_ratio":0.893}},{"type":"Feature","geometry":{"type":"Point","coordinates":[-6.33625,53.27701]},"properties":{"school_id":"osm:881447600","name":"Firhouse Educate Together National School","level":"primary","enrolment":236,"projected_new_pupils":60,"pressure_ratio":1.12}},{"type":"Feature","geometry":{"type":"Point","coordinates":[-6.24779,53.37243]},"properties":{"school_id":"osm:923157681","name":"Grace Park Educate Together National School","level":"primary","enrolment":316,"projected_new_pupils":0,"pressure_ratio":0.893}},{"type":"Feature","geometry":{"type":"Point","coordinates":[-6.19487,53.26124]},"properties":{"school_id":"osm:931967062","name":"Stepaside Educate Together Secondary School","level":"secondary","enrolment":564,"projected_new_pupils":4,"pressure_ratio":0.899}},{"type":"Feature","geometry":{"type":"Point","coordinates":[-6.17952,53.38231]},"properties":{"school_id":"osm:959720572","name":"Springdale National School","level":"primary","enrolment":384,"projected_new_pupils":0,"pressure_ratio":0.893}},{"type":"Feature","geometry":{"type":"Point","coordinates":[-6.4011,53.32645]},"properties":{"school_id":"osm:962008130","name":"Our Lady Queen of Apostles","level":"primary","enrolment":232,"projected_new_pupils":38,"pressure_ratio":1.039}},{"type":"Feature","geometry":{"type":"Point","coordinates":[-6.13635,53.27634]},"properties":{"school_id":"osm:962020567","name":"Holy Child Community School","level":"secondary","enrolment":988,"projected_new_pupils":4,"pressure_ratio":0.896}},{"type":"Feature","geometry":{"type":"Point","coordinates":[-6.22169,53.45489]},"properties":{"school_id":"osm:965458708","name":"River Valley Community National School","level":"primary","enrolment":410,"projected_new_pupils":0,"pressure_ratio":0.893}},{"type":"Feature","geometry":{"type":"Point","coordinates":[-6.40192,53.31455]},"properties":{"school_id":"osm:971202266","name":"Sacred Heart National School","level":"primary","enrolment":305,"projected_new_pupils":12,"pressure_ratio":0.928}},{"type":"Feature","geometry":{"type":"Point","coordinates":[-6.27644,53.36171]},"properties":{"school_id":"osm:971909454","name":"St Peter's National School","level":"primary","enrolment":250,"projected_new_pupils":2,"pressure_ratio":0.9}},{"type":"Feature","geometry":{"type":"Point","coordinates":[-6.28915,53.36482]},"properties":{"school_id":"osm:976564146","name":"Gaelscoil Bharra","level":"primary","enrolment":202,"projected_new_pupils":0,"pressure_ratio":0.893}},{"type":"Feature","geometry":{"type":"Point","coordinates":[-6.29059,53.35382]},"properties":{"school_id":"osm:979758317","name":"St. Gabriel's National School","level":"primary","enrolment":278,"projected_new_pupils":7,"pressure_ratio":0.915}},{"type":"Feature","geometry":{"type":"Point","coordinates":[-6.30033,53.38111]},"properties":{"school_id":"osm:981024069","name":"St. Oliver Plunkett's School","level":"primary","enrolment":427,"projected_new_pupils":0,"pressure_ratio":0.893}},{"type":"Feature","geometry":{"type":"Point","coordinates":[-6.31186,53.38027]},"properties":{"school_id":"osm:981024072","name":"St. Finian's National School","level":"primary","enrolment":361,"projected_new_pupils":0,"pressure_ratio":0.893}},{"type":"Feature","geometry":{"type":"Point","coordinates":[-6.32659,53.2849]},"properties":{"school_id":"osm:999486450","name":"Gaelscoil Chnoc Liamhna","level":"primary","enrolment":273,"projected_new_pupils":0,"pressure_ratio":0.893}},{"type":"Feature","geometry":{"type":"Point","coordinates":[-6.44414,53.27868]},"properties":{"school_id":"osm:1006524109","name":"Saint Mary's National School","level":"primary","enrolment":216,"projected_new_pupils":66,"pressure_ratio":1.166}},{"type":"Feature","geometry":{"type":"Point","coordinates":[-6.16173,53.27809]},"properties":{"school_id":"osm:1009214304","name":"Kill O' The Grange National School","level":"primary","enrolment":296,"projected_new_pupils":0,"pressure_ratio":0.893}},{"type":"Feature","geometry":{"type":"Point","coordinates":[-6.25897,53.35793]},"properties":{"school_id":"osm:1009214930","name":"Gardiner Street School","level":"primary","enrolment":563,"projected_new_pupils":7,"pressure_ratio":0.904}},{"type":"Feature","geometry":{"type":"Point","coordinates":[-6.22089,53.33734]},"properties":{"school_id":"osm:1011911952","name":"St Matthew's National School","level":"primary","enrolment":285,"projected_new_pupils":48,"pressure_ratio":1.043}},{"type":"Feature","geometry":{"type":"Point","coordinates":[-6.12516,53.27733]},"properties":{"school_id":"osm:1022639156","name":"Sharavogue Junior School","level":"primary","enrolment":317,"projected_new_pupils":0,"pressure_ratio":0.893}},{"type":"Feature","geometry":{"type":"Point","coordinates":[-6.13436,53.28025]},"properties":{"school_id":"osm:1032606694","name":"Carmona School","level":"primary","enrolment":316,"projected_new_pupils":0,"pressure_ratio":0.893}},{"type":"Feature","geometry":{"type":"Point","coordinates":[-6.4337,53.28756]},"properties":{"school_id":"osm:1034273767","name":"Citywest Educate Together National School","level":"primary","enrolment":248,"projected_new_pupils":93,"pressure_ratio":1.228}},{"type":"Feature","geometry":{"type":"Point","coordinates":[-6.43393,53.28646]},"properties":{"school_id":"osm:1034273768","name":"Citywest & Saggart Community National School","level":"primary","enrolment":228,"projected_new_pupils":93,"pressure_ratio":1.257}},{"type":"Feature","geometry":{"type":"Point","coordinates":[-6.20558,53.37855]},"properties":{"school_id":"osm:1074004760","name":"Saint Brigid's Girls National School","level":"primary","enrolment":162,"projected_new_pupils":0,"pressure_ratio":0.893}},{"type":"Feature","geometry":{"type":"Point","coordinates":[-6.13941,53.28643]},"properties":{"school_id":"osm:1074878077","name":"St. Joseph's National School","level":"primary","enrolment":380,"projected_new_pupils":0,"pressure_ratio":0.893}},{"type":"Feature","geometry":{"type":"Point","coordinates":[-6.35748,53.28565]},"properties":{"school_id":"osm:1076889682","name":"St. Dominic's National School","level":"primary","enrolment":297,"projected_new_pupils":30,"pressure_ratio":0.983}},{"type":"Feature","geometry":{"type":"Point","coordinates":[-6.12744,53.39689]},"properties":{"school_id":"osm:1085009178","name":"St Mary's Secondary School","level":"secondary","enrolment":570,"projected_new_pupils":5,"pressure_ratio":0.901}},{"type":"Feature","geometry":{"type":"Point","coordinates":[-6.23582,53.37578]},"properties":{"school_id":"osm:1086073728","name":"Maryfield College","level":"secondary","enrolment":980,"projected_new_pupils":0,"pressure_ratio":0.893}},{"type":"Feature","geometry":{"type":"Point","coordinates":[-6.22876,53.35429]},"properties":{"school_id":"osm:1113176528","name":"St. Joseph’s Co-ed. Primary School","level":"primary","enrolment":282,"projected_new_pupils":18,"pressure_ratio":0.95}},{"type":"Feature","geometry":{"type":"Point","coordinates":[-6.34988,53.37595]},"properties":{"school_id":"osm:1120672163","name":"Edmund Rice College","level":"secondary","enrolment":568,"projected_new_pupils":0,"pressure_ratio":0.893}},{"type":"Feature","geometry":{"type":"Point","coordinates":[-6.13787,53.21835]},"properties":{"school_id":"osm:1120799264","name":"John Scottus Secondary School","level":"secondary","enrolment":471,"projected_new_pupils":0,"pressure_ratio":0.893}},{"type":"Feature","geometry":{"type":"Point","coordinates":[-6.44848,53.35577]},"properties":{"school_id":"osm:1123927526","name":"Lucan Education Centre","level":"primary","enrolment":511,"projected_new_pupils":6,"pressure_ratio":0.903}},{"type":"Feature","geometry":{"type":"Point","coordinates":[-6.28012,53.35681]},"properties":{"school_id":"osm:1126160313","name":"Dublin 7 Educate Together National School","level":"primary","enrolment":466,"projected_new_pupils":7,"pressure_ratio":0.906}},{"type":"Feature","geometry":{"type":"Point","coordinates":[-6.25502,53.35361]},"properties":{"school_id":"osm:1126381127","name":"Lourdes Parish Schools","level":"primary","enrolment":255,"projected_new_pupils":7,"pressure_ratio":0.917}},{"type":"Feature","geometry":{"type":"Point","coordinates":[-6.27176,53.33898]},"properties":{"school_id":"osm:1136839257","name":"St Patrick's Cathedral Grammar School","level":"primary","enrolment":327,"projected_new_pupils":7,"pressure_ratio":0.912}},{"type":"Feature","geometry":{"type":"Point","coordinates":[-6.15474,53.28708]},"properties":{"school_id":"osm:1138727481","name":"The Red Door School","level":"primary","enrolment":169,"projected_new_pupils":0,"pressure_ratio":0.893}},{"type":"Feature","geometry":{"type":"Point","coordinates":[-6.15406,53.29257]},"properties":{"school_id":"osm:1153614059","name":"St Oliver Plunkett National School","level":"primary","enrolment":386,"projected_new_pupils":0,"pressure_ratio":0.893}},{"type":"Feature","geometry":{"type":"Point","coordinates":[-6.4169,53.34005]},"properties":{"school_id":"osm:1185809481","name":"Divine Mercy Senior National School","level":"secondary","enrolment":647,"projected_new_pupils":51,"pressure_ratio":0.963}},{"type":"Feature","geometry":{"type":"Point","coordinates":[-6.25964,53.28176]},"properties":{"school_id":"osm:1185943549","name":"Ballinteer Community School","level":"secondary","enrolment":664,"projected_new_pupils":6,"pressure_ratio":0.901}},{"type":"Feature","geometry":{"type":"Point","coordinates":[-6.14039,53.29237]},"properties":{"school_id":"osm:1206233110","name":"Alternative Learning Programme","level":"primary","enrolment":584,"projected_new_pupils":0,"pressure_ratio":0.893}},{"type":"Feature","geometry":{"type":"Point","coordinates":[-6.35692,53.29055]},"properties":{"school_id":"osm:1216116510","name":"St Mary's National School","level":"primary","enrolment":572,"projected_new_pupils":26,"pressure_ratio":0.933}},{"type":"Feature","geometry":{"type":"Point","coordinates":[-6.15415,53.2452]},"properties":{"school_id":"osm:1243224457","name":"Cherrywood Educate Together National School","level":"primary","enrolment":447,"projected_new_pupils":27,"pressure_ratio":0.947}},{"type":"Feature","geometry":{"type":"Point","coordinates":[-6.24653,53.35753]},"properties":{"school_id":"osm:1262977385","name":"St. Vincent's Primary School","level":"primary","enrolment":521,"projected_new_pupils":0,"pressure_ratio":0.893}},{"type":"Feature","geometry":{"type":"Point","coordinates":[-6.24031,53.33504]},"properties":{"school_id":"osm:1269214222","name":"St Christoper's Primary School","level":"primary","enrolment":360,"projected_new_pupils":0,"pressure_ratio":0.893}},{"type":"Feature","geometry":{"type":"Point","coordinates":[-6.32624,53.36973]},"properties":{"school_id":"osm:1280970865","name":"Saint Vincent's National School","level":"primary","enrolment":472,"projected_new_pupils":0,"pressure_ratio":0.893}},{"type":"Feature","geometry":{"type":"Point","coordinates":[-6.28109,53.29254]},"properties":{"school_id":"osm:1319732454","name":"Gaelcholáiste an Phiarsaigh","level":"secondary","enrolment":623,"projected_new_pupils":8,"pressure_ratio":0.904}},{"type":"Feature","geometry":{"type":"Point","coordinates":[-6.35578,53.35614]},"properties":{"school_id":"osm:1332637540","name":"Saint Michael's School Holy Angels","level":"primary","enrolment":507,"projected_new_pupils":0,"pressure_ratio":0.893}},{"type":"Feature","geometry":{"type":"Point","coordinates":[-6.21256,53.33274]},"properties":{"school_id":"osm:1344901563","name":"Shellybanks Educate Together NS","level":"primary","enrolment":409,"projected_new_pupils":30,"pressure_ratio":0.958}},{"type":"Feature","geometry":{"type":"Point","coordinates":[-6.24228,53.35872]},"properties":{"school_id":"osm:1392725342","name":"St. Columba's National School","level":"primary","enrolment":199,"projected_new_pupils":18,"pressure_ratio":0.974}},{"type":"Feature","geometry":{"type":"Point","coordinates":[-6.24614,53.38488]},"properties":{"school_id":"osm:1393055697","name":"Holy Child Boys' National School","level":"primary","enrolment":493,"projected_new_pupils":0,"pressure_ratio":0.893}},{"type":"Feature","geometry":{"type":"Point","coordinates":[-6.24716,53.37952]},"properties":{"school_id":"osm:1393981226","name":"Clonturk Community College","level":"secondary","enrolment":593,"projected_new_pupils":0,"pressure_ratio":0.893}},{"type":"Feature","geometry":{"type":"Point","coordinates":[-6.27775,53.336]},"properties":{"school_id":"osm:1454943533","name":"Presentation Secondary School Warrenmount","level":"secondary","enrolment":620,"projected_new_pupils":6,"pressure_ratio":0.901}},{"type":"Feature","geometry":{"type":"Point","coordinates":[-6.30345,53.29338]},"properties":{"school_id":"osm:1491851504","name":"Rathfarnham Parish National School","level":"primary","enrolment":393,"projected_new_pupils":9,"pressure_ratio":0.913}},{"type":"Feature","geometry":{"type":"Point","coordinates":[-6.25715,53.33166]},"properties":{"school_id":"osm:1499003535","name":"Harcourt Terrace Educate Together National School","level":"primary","enrolment":573,"projected_new_pupils":0,"pressure_ratio":0.893}},{"type":"Feature","geometry":{"type":"Point","coordinates":[-6.32107,53.37853]},"properties":{"school_id":"osm:1523610000","name":"Pelletstown Educate Together National School","level":"primary","enrolment":485,"projected_new_pupils":0,"pressure_ratio":0.893}},{"type":"Feature","geometry":{"type":"Point","coordinates":[-6.31763,53.33034]},"properties":{"school_id":"osm:1535798956","name":"elavated grounds","level":"primary","enrolment":259,"projected_new_pupils":12,"pressure_ratio":0.934}},{"type":"Feature","geometry":{"type":"Point","coordinates":[-6.31734,53.33011]},"properties":{"school_id":"osm:1535798958","name":"elavated grounds","level":"primary","enrolment":388,"projected_new_pupils":12,"pressure_ratio":0.92}}]}